subject_id,channel_index,chromophore,hrf_peak_s,beta_main,beta_comfort,beta_richness
P40,1,HbO,5,-2.0438011218832348e-4,-0.007957162874178799,-0.003837680658765225
P40,1,HbR,5,-6.719185950894588e-4,0.0013411706039667248,-0.0037984999432545317
P40,2,HbO,5,-0.0019776491664538825,-0.012204561010531587,-0.00870641715361915
P40,2,HbR,5,8.315513297155833e-4,0.007634783052618944,0.001522983413934082
P40,3,HbO,5,0.001749257131727268,-0.002635287056332411,-0.0012633223571501448
P40,3,HbR,5,-0.0010956917296868545,0.001744712939957585,-0.0026281550509593705
P40,4,HbO,5,3.8975303742574643e-4,0.00471468211519857,-0.0021659730522328876
P40,4,HbR,5,4.2279662255400186e-4,2.3697843709309988e-4,0.0029238059900639013
P40,5,HbO,5,-3.7408326799027975e-4,9.784916712439395e-4,-0.001300039224883258
P40,5,HbR,5,-0.0010917834451016643,0.0018511932086716651,-3.6596239995391103e-4
P40,7,HbO,5,-0.0023305917268341227,-0.001163879142480325,-0.008081589843078621
P40,7,HbR,5,-7.450769415451055e-4,-8.66961766945976e-4,-0.002438804868278071
P40,8,HbO,5,-0.0023272891652262396,0.00574640435119402,0.0036991394642050006
P40,8,HbR,5,-0.0012832185042617197,0.0026905232015561695,0.0010922871734083705
P40,9,HbO,5,-0.004246856373301131,0.0027167015045260986,-0.0019027366542675153
P40,9,HbR,5,-1.1618525713798461e-4,-6.495328434007015e-4,4.714004524290644e-4
P40,10,HbO,5,-0.0036402076662177406,-9.889747827535043e-4,-0.006299262233358946
P40,10,HbR,5,-6.892933774760134e-4,-6.622256622133687e-4,-4.8583494969389274e-4
P40,11,HbO,5,-1.6945818891737124e-4,0.002444954951674544,-9.479734938055264e-5
P40,11,HbR,5,-0.002537383517328095,-0.0018719762734053646,-3.6765158315317926e-4
P40,12,HbO,5,-6.899023447134478e-4,0.0032666445403830863,-0.005205919208647162
P40,12,HbR,5,-2.4497232967844626e-4,9.933574136972855e-4,0.0019109332837830147
P40,14,HbO,5,-0.0026613943255689174,-0.00273884652705367,-0.0047363789364280534
P40,14,HbR,5,-3.537959570899699e-4,0.0028162326767010035,0.0019386715249333298
P40,15,HbO,5,-0.0012688693759072987,-0.0027512600078655426,-0.004116547245830067
P40,15,HbR,5,1.860255784550458e-4,0.004702004487257383,-0.0012046765354608619
P40,16,HbO,5,-6.717048873167838e-4,-0.0022057545706748176,-0.0015653501618770299
P40,16,HbR,5,7.711111991624703e-5,4.192717888102931e-4,-0.0013090106728016263
P40,17,HbO,5,2.838327526168194e-4,6.534418169770546e-4,-5.778828181612431e-4
P40,17,HbR,5,-5.84145349176817e-4,-0.0011474518883756535,9.848301484276051e-5
P40,18,HbO,5,-3.7769823287224974e-6,2.50196448414823e-6,-7.5139850542877385e-6
P40,18,HbR,5,-3.860341258126289e-6,3.908723251537758e-6,3.973989485433447e-8
P40,19,HbO,5,-1.5492047699085478e-6,3.779626833043586e-6,-1.1181068819028252e-5
P40,19,HbR,5,-1.3606548459391333e-6,6.05457086862215e-6,4.678795088858383e-6
P40,20,HbO,5,2.9341159283543684e-7,-8.620056808699653e-7,2.148248427135425e-6
P40,20,HbR,5,-2.5363749534974356e-7,1.1780836899415544e-6,-2.0047881405149392e-8
P40,21,HbO,5,1.4460159450501324e-6,8.914026851860689e-6,1.8469106878637658e-6
P40,21,HbR,5,-9.82051674149936e-7,-9.27459248082384e-7,-8.631286680599559e-7
P40,22,HbO,5,-0.002750269075680654,-0.004354695167824833,-0.0030860612148893326
P40,22,HbR,5,0.0010595943978747731,0.003867308103016867,3.477636094679404e-4
P40,23,HbO,5,0.00201874310852114,8.149625986036785e-4,0.00411768235875451
P40,23,HbR,5,-0.001688991937521261,-0.0023544632575680713,-0.0029188897928842904
P40,1,HbO,8,-4.827026555595623e-4,-0.005355283338744694,-0.0053877092084178525
P40,2,HbO,8,-0.002672399149805658,-0.009261874573966685,-0.007718209552611296
P40,3,HbO,8,0.0011919045923696316,-0.0015904196940433517,-0.0034347705621572302
P40,4,HbO,8,8.659091238251827e-5,0.0037505918520988773,-9.943883392310412e-4
P40,5,HbO,8,-4.8870924491215e-4,0.0034898437674543478,-0.00227885598165465
P40,7,HbO,8,-0.0016576244562363097,-5.522904062306546e-4,-0.006360975033798908
P40,8,HbO,8,-0.0014313464691050157,0.004915232018561703,0.0025368982610394918
P40,9,HbO,8,-0.003229756578547929,0.003655686856625645,-5.06510720529053e-4
P40,10,HbO,8,-0.0026266775459508245,7.322771874798078e-4,-0.00678376039528512
P40,11,HbO,8,-4.3904217166265336e-5,0.0029484416208588053,3.747389557664803e-6
P40,12,HbO,8,-0.0010921929063995332,0.0038119460921792144,-0.004083694664988818
P40,14,HbO,8,-0.002071138004701383,-0.0011577898228380614,-0.004585922023498565
P40,15,HbO,8,-0.0010118249975142341,3.229294054590255e-4,-0.004292489394889094
P40,16,HbO,8,-7.324319556712365e-4,-0.0016853220682618518,-0.0012185679711350856
P40,17,HbO,8,3.394075643732136e-4,1.9741514387260138e-4,-9.752987785865608e-4
P40,18,HbO,8,-1.4705723148860296e-6,5.279578227208178e-6,-1.1649140965783442e-5
P40,19,HbO,8,-7.288206032568027e-7,3.7343252169135788e-6,-1.1864905685689321e-5
P40,20,HbO,8,2.8687281504422792e-8,-7.443635801126299e-7,5.638783380333059e-7
P40,21,HbO,8,1.4735567189916758e-6,5.693133976349482e-6,1.5283382133132756e-6
P40,22,HbO,8,-0.002658021835637099,-0.0031100363288670964,-0.0029903575568557576
P40,23,HbO,8,0.002006332798605244,-1.1544862058680843e-4,0.0010411072288886642
P40,1,HbO,11,-6.202210177492965e-4,-0.0029985767321884134,-0.006477320682649732
P40,2,HbO,11,-0.002891115587837175,-0.007758395298050166,-0.00738589813270595
P40,3,HbO,11,8.042175806177081e-4,-3.992732269431419e-4,-0.0048313203273342015
P40,4,HbO,11,-5.624571540240516e-5,0.0025082914145453127,1.602963700466001e-4
P40,5,HbO,11,-2.838368525241251e-4,0.004977498065621956,-0.0028097599987322833
P40,7,HbO,11,-9.530721199014131e-4,5.489190803854964e-4,-0.004242049145738594
P40,8,HbO,11,-6.711664872455931e-4,0.004052538145168672,0.0019384790745664534
P40,9,HbO,11,-0.0022690502209700572,0.0043989570625155155,0.001386722577495451
P40,10,HbO,11,-0.0016109144797996006,0.002107387234825358,-0.006339036034355722
P40,11,HbO,11,1.5201921476420502e-4,0.003049935556064862,1.3203739832082074e-4
P40,12,HbO,11,-0.0012662821598701387,0.0033625976340430873,-0.0035344717443916403
P40,14,HbO,11,-0.0015997954563884821,-3.9497670483580437e-4,-0.004259843319541121
P40,15,HbO,11,-6.411217612234154e-4,0.002605969725804302,-0.004266437097226151
P40,16,HbO,11,-7.422355293355517e-4,-0.0012859429629894547,-0.0011367566898711138
P40,17,HbO,11,3.087635972351651e-4,7.009777176112143e-5,-9.729622344651841e-4
P40,18,HbO,11,-9.227452744302763e-8,7.757693955736242e-6,-9.71677649587614e-6
P40,19,HbO,11,-3.3487917493488187e-7,4.439345702388198e-6,-9.221293098985444e-6
P40,20,HbO,11,-2.738573021439255e-7,-9.506198204960452e-7,-1.2691969191051179e-7
P40,21,HbO,11,1.165143776113373e-6,2.663396713248256e-6,8.376176031372924e-7
P40,22,HbO,11,-0.0025447177818809226,-0.0020141519287692872,-0.002722917846155464
P40,23,HbO,11,0.0018070844771558296,-2.6772624506217593e-4,-7.348869761194292e-4
P40,1,HbO,14,-6.204667748544112e-4,-9.063264483680594e-4,-0.006902830510051562
P40,2,HbO,14,-0.0027857291141786655,-0.0067068465213847815,-0.0064459601452001684
P40,3,HbO,14,4.5417857202038024e-4,6.876693763868056e-4,-0.0055637408681053595
P40,4,HbO,14,-8.13770500998314e-5,0.0013256925149812053,0.0010416816764473509
P40,5,HbO,14,-8.877542823102211e-5,0.005230287760330815,-0.003049360456279001
P40,7,HbO,14,-4.5268317179860334e-4,0.0013294781095412617,-0.0022747105174363343
P40,8,HbO,14,-2.0771651618621892e-4,0.0026948803831781313,0.0013884802538092615
P40,9,HbO,14,-0.0015720281303819189,0.004196903994135349,0.0029684645333835826
P40,10,HbO,14,-8.573058508629536e-4,0.0023362364726343546,-0.0055796845616857965
P40,11,HbO,14,1.9248386176327442e-4,0.0025343023906715775,1.678057346145604e-4
P40,12,HbO,14,-0.0014352411652638676,0.0020361858375597145,-0.0033430254987656585
P40,14,HbO,14,-0.0012070395754088326,-9.852731574092211e-5,-0.003665589504057064
P40,15,HbO,14,-3.2846075236704733e-4,0.004078959360537023,-0.003969167843988826
P40,16,HbO,14,-7.138353949746439e-4,-8.877478974570517e-4,-0.0010237191356885914
P40,17,HbO,14,2.3963191884782635e-4,1.1044512987141126e-4,-7.370864068120911e-4
P40,18,HbO,14,1.000194676853745e-6,9.343049393388988e-6,-2.9884983408199395e-6
P40,19,HbO,14,1.4804710694677207e-7,4.852745550879819e-6,-3.982149497057224e-6
P40,20,HbO,14,-5.698488074203792e-7,-7.671323443258875e-7,-1.6281630679880852e-7
P40,21,HbO,14,7.008757215856453e-7,4.009759067071941e-7,1.1026049332512776e-7
P40,22,HbO,14,-0.0023669366746425125,-0.0011992970079910323,-0.002528742327562931
P40,23,HbO,14,0.0015136689459565166,2.708380120254788e-4,-0.0013383915087867603
P40,1,HbO,17,-5.24340526364073e-4,8.287848057878715e-4,-0.006494790889178612
P40,2,HbO,17,-0.0024659424364735423,-0.00555959302876181,-0.004889145718800188
P40,3,HbO,17,8.668786059645156e-5,0.0014891944988087921,-0.005520348093022819
P40,4,HbO,17,1.8917101419893814e-5,4.33739278252156e-4,0.001563646101621383
P40,5,HbO,17,-1.294829340146063e-4,0.004361494031967078,-0.0031240136457752607
P40,7,HbO,17,-3.212400239660006e-4,0.0012520886636451616,-8.772686168475984e-4
P40,8,HbO,17,-1.521839636945996e-4,9.86612508348265e-4,5.538193777988873e-4
P40,9,HbO,17,-0.001312838050157765,0.0029940340503010776,0.003539107059642443
P40,10,HbO,17,-5.254153372770202e-4,0.0014501342795769524,-0.004892933564667019
P40,11,HbO,17,-2.613586275020034e-5,0.0016143616595515737,1.3348126058319927e-4
P40,12,HbO,17,-0.0017047683367421562,3.888181477964749e-4,-0.0032545745208478597
P40,14,HbO,17,-8.922979090596553e-4,1.0349403166037096e-4,-0.00279841806841746
P40,15,HbO,17,-2.0256225157836604e-4,0.00471462435180611,-0.0033744734698277646
P40,16,HbO,17,-6.480212006382807e-4,-5.266760494449234e-4,-8.47848169215223e-4
P40,17,HbO,17,1.5047692472857234e-4,2.043690964873527e-4,-4.193005778333005e-4
P40,18,HbO,17,1.869848874648469e-6,9.49127374824621e-6,3.7207852524892715e-6
P40,19,HbO,17,7.740924624264513e-7,3.970806581847227e-6,1.3815196435394738e-6
P40,20,HbO,17,-7.994586520223652e-7,-2.349854752253045e-8,6.24573902009383e-9
P40,21,HbO,17,3.1257857565134285e-7,-8.875126958541831e-7,-2.149118724486874e-7
P40,22,HbO,17,-0.0020812805125455867,-9.405618935386889e-4,-0.0027837221531575823
P40,23,HbO,17,0.001124019318928115,0.001341837923162004,-0.0011515614733157687
P18,1,HbO,5,-0.005604603898504797,-0.007888061141962346,0.004041499488997708
P18,1,HbR,5,-0.0010459580436241083,-0.0016578347040857144,0.0015378626329982446
P18,2,HbO,5,-0.004784937247865874,-0.01945004588176486,0.010584580412204687
P18,2,HbR,5,-0.0021448200369681572,-0.002685742339820674,0.0013071140003378284
P18,3,HbO,5,-0.005453802546215242,-0.008934959268395501,0.00469976243637033
P18,3,HbR,5,-8.106223980253165e-4,-2.3456075076323755e-4,6.030456082650527e-4
P18,4,HbO,5,-0.005635847308451004,-0.01964791169329141,0.009927817304817914
P18,4,HbR,5,-6.869812673105263e-4,0.0015954773034328965,-4.965042967684397e-4
P18,5,HbO,5,-0.0021999688795819937,-0.006743469043331199,0.00337322406496956
P18,5,HbR,5,-8.344187736627111e-4,-4.953259695101584e-4,0.001323748580185296
P18,7,HbO,5,-0.0030061016549487885,-0.009346834545317538,0.006520398909105554
P18,7,HbR,5,1.798644273374553e-4,0.0014336668606679949,-7.88273937320488e-4
P18,8,HbO,5,-0.0029460603251024926,-0.009562114302422462,0.003984947538919311
P18,8,HbR,5,-3.027273784438143e-4,0.002187770316404526,1.4580786892840275e-4
P18,9,HbO,5,-0.0038793560648185043,-0.0129310245052892,0.005216865048206664
P18,9,HbR,5,-6.312888031739842e-4,4.124857620418236e-4,1.0871246557424243e-4
P18,10,HbO,5,-0.00648067807201829,-0.019686392075317735,0.008253578072654205
P18,10,HbR,5,-0.001147940779875752,-4.72217645403956e-4,0.0014079253519509898
P18,11,HbO,5,-0.004497000221793934,-0.019490700816079506,0.007086237583590032
P18,11,HbR,5,-0.0012619066567828216,-8.009241081499607e-4,2.6380107199387736e-4
P18,12,HbO,5,-0.003350641594331927,-0.016571292175574532,0.005292613121987659
P18,12,HbR,5,-8.27573954304461e-4,-7.126189566938646e-4,-1.1585524583266718e-4
P18,14,HbO,5,-0.001085450741121596,-0.005650476529432621,0.0029183518110827427
P18,14,HbR,5,5.476649721342747e-4,0.0013884778055300656,0.0010388660941556274
P18,15,HbO,5,-0.0012637748192340622,-0.009053375268971741,0.0025473160933035047
P18,15,HbR,5,1.5806892560672535e-5,0.0013680389816985662,0.0020162246068281204
P18,16,HbO,5,-0.0018465535348748856,-0.01739032523315779,-0.0015488292316961842
P18,16,HbR,5,-0.0016717445035376395,-7.419022930431814e-4,2.5124222390035035e-4
P18,17,HbO,5,-0.002737151194623237,-0.013722134324278075,-1.6444655632366414e-4
P18,17,HbR,5,-5.669868199676383e-4,0.0014001401100879661,3.973785395798156e-4
P18,18,HbO,5,1.1771516985870229e-6,5.181761130151888e-6,-3.6459905527369316e-7
P18,18,HbR,5,1.8445297295401582e-6,6.0015841362060385e-6,1.011852091590913e-5
P18,19,HbO,5,-4.908039836516928e-7,6.728941412005082e-6,1.0922687781852073e-7
P18,19,HbR,5,1.2601661980655758e-6,2.458878064070869e-6,-1.1001577340229894e-6
P18,20,HbO,5,-7.42506897408246e-7,4.532184939805802e-6,4.8664156744895296e-6
P18,20,HbR,5,3.9927608115381333e-7,-9.853789592320444e-7,4.5206076924257665e-7
P18,21,HbO,5,1.6777132151975265e-7,-3.0377829817210566e-6,-2.6805660926327608e-6
P18,21,HbR,5,-3.4003266159949003e-7,2.002635797274832e-6,1.1534840673277227e-6
P18,22,HbO,5,-0.001883748049799193,-0.012889716524122125,0.006892300832001766
P18,22,HbR,5,-2.428087918577598e-4,9.850324799684387e-4,1.6427110629154277e-4
P18,23,HbO,5,-0.0024660036923956374,-0.010771293554976113,3.787811034153138e-4
P18,23,HbR,5,-3.23257612111435e-4,0.0010296886015825522,0.001054778297182913
P18,1,HbO,8,-0.005696405709741668,-0.008728696653657253,0.002564605061176515
P18,2,HbO,8,-0.004982154632704245,-0.017386670620542232,0.008813319434904703
P18,3,HbO,8,-0.005622043624625236,-0.01148309380234467,0.005159430224842813
P18,4,HbO,8,-0.00656212475740991,-0.019755660742279482,0.009241083201262752
P18,5,HbO,8,-0.002909997284895138,-0.008915786105940047,0.005495847516738142
P18,7,HbO,8,-0.0037689905298339717,-0.008611338904342214,0.006467432557627968
P18,8,HbO,8,-0.00319741729326461,-0.008185361256672895,0.0038650829981201965
P18,9,HbO,8,-0.0037062086788108174,-0.011015004106907384,0.006416042772420916
P18,10,HbO,8,-0.005817800829510154,-0.019461899804887894,0.009223349737758995
P18,11,HbO,8,-0.0045537183085325485,-0.0180190525604248,0.0063762341368574825
P18,12,HbO,8,-0.003586817283104191,-0.013895901529744402,0.004879858941760585
P18,14,HbO,8,-0.0014283827965144978,-0.005718112034792613,0.002098150077590507
P18,15,HbO,8,-0.0016033113242611625,-0.009129046000102713,0.0015443074466098318
P18,16,HbO,8,-0.0027306350651545726,-0.014516230922084978,-9.270703091182036e-4
P18,17,HbO,8,-0.0036713940503082195,-0.010290879535923595,-3.374472937422611e-4
P18,18,HbO,8,2.156742696907908e-7,4.55322537821546e-6,-4.837841250624574e-6
P18,19,HbO,8,1.6080304669392623e-7,6.574230710276283e-6,-2.0257990036083089e-7
P18,20,HbO,8,-7.037234473446738e-7,2.8220408183798772e-6,1.5121687837408473e-6
P18,21,HbO,8,1.4264446064489033e-7,-2.28614950841542e-6,-7.907815438381613e-7
P18,22,HbO,8,-0.0025324963975762367,-0.010961672022880722,0.005749325890569042
P18,23,HbO,8,-0.0028888847590399338,-0.008435379649728904,0.0015117182132154583
P18,1,HbO,11,-0.0054182770780198545,-0.008298231802795302,9.5218637895539e-4
P18,2,HbO,11,-0.004799175480298449,-0.0140963758234607,0.00667185292381536
P18,3,HbO,11,-0.005367122945679183,-0.012502662529896428,0.004886729382264208
P18,4,HbO,11,-0.006753860082349483,-0.018011082595696365,0.007531376927910083
P18,5,HbO,11,-0.0029709204561165123,-0.00916746841148183,0.006198959811091166
P18,7,HbO,11,-0.003963309098996981,-0.006802593981871067,0.0058889725086274675
P18,8,HbO,11,-0.00314574469318806,-0.006345609557295393,0.0034170180621286616
P18,9,HbO,11,-0.0032593239620731544,-0.008455161848149602,0.0062484589802092394
P18,10,HbO,11,-0.004835798420300311,-0.017682261582043925,0.00788904526121245
P18,11,HbO,11,-0.0042240767245762525,-0.015405890154927597,0.004597014562814379
P18,12,HbO,11,-0.003478133356057586,-0.010534606584878188,0.003837384260691362
P18,14,HbO,11,-0.0015579491059996913,-0.005030555310303972,0.0011813529561376728
P18,15,HbO,11,-0.0017391017385720402,-0.008375155103271635,4.393358701178564e-4
P18,16,HbO,11,-0.00306834660130806,-0.010979874241060766,-7.76487956159838e-4
P18,17,HbO,11,-0.003959978617375105,-0.006333387747815283,-7.699545652364083e-4
P18,18,HbO,11,-8.195406474829489e-7,3.6738034165136497e-6,-7.474558926939904e-6
P18,19,HbO,11,4.554268132239451e-7,5.641904939663971e-6,1.5275648085873244e-6
P18,20,HbO,11,-5.323897363509135e-7,4.762750042129265e-7,-1.165406119785655e-6
P18,21,HbO,11,-5.71901269442531e-8,-1.4989506955685005e-6,-1.6903950765719047e-7
P18,22,HbO,11,-0.002800529295054084,-0.00839387043054292,0.004299824020789478
P18,23,HbO,11,-0.0030987238822514952,-0.005885879521130921,0.0018082772976773694
P18,1,HbO,14,-0.004894245304449198,-0.007288416049623869,-3.366331596589988e-4
P18,2,HbO,14,-0.004473306849048718,-0.010408708602962809,0.004639812392769978
P18,3,HbO,14,-0.004915644402044259,-0.012298461057225117,0.004491516082426232
P18,4,HbO,14,-0.006486105123321953,-0.015324204609387215,0.0058162261069452876
P18,5,HbO,14,-0.002699788910251781,-0.008157664361619327,0.006445434162107648
P18,7,HbO,14,-0.0038598429176142186,-0.004825322349607618,0.005085713669257312
P18,8,HbO,14,-0.002967618777205916,-0.0045740427073333615,0.0028217738093945692
P18,9,HbO,14,-0.002759357956552966,-0.005637242840545745,0.0054222111315253944
P18,10,HbO,14,-0.003883477158052176,-0.014591719771069754,0.005731242665311585
P18,11,HbO,14,-0.003652451198018824,-0.012091572043439306,0.0027853360239683345
P18,12,HbO,14,-0.003192122117840533,-0.007070863303987974,0.002724043602758692
P18,14,HbO,14,-0.0015467247477215893,-0.003934303403821349,5.02031841582703e-4
P18,15,HbO,14,-0.0017480514270444194,-0.006928068659789051,-3.5970421067263767e-4
P18,16,HbO,14,-0.003119393878595723,-0.0073630509677037725,-5.698024789772684e-4
P18,17,HbO,14,-0.0038830455543601983,-0.0024741337829282013,-9.538834938747911e-4
P18,18,HbO,14,-1.3786297645474135e-6,2.78260144207316e-6,-8.383332333469283e-6
P18,19,HbO,14,6.92505394611104e-7,4.202924254199809e-6,3.5664968706252026e-6
P18,20,HbO,14,-3.949505927412867e-7,-1.045723567852398e-6,-2.6472480257460318e-6
P18,21,HbO,14,-3.0789660136373697e-7,-5.571407131062328e-7,-2.453606210637763e-7
P18,22,HbO,14,-0.0029071152747014795,-0.0054253369493155535,0.002844259462290075
P18,23,HbO,14,-0.0031119306521320816,-0.0035783909910338434,0.0015446455552689377
P18,1,HbO,17,-0.004209298431799346,-0.006166267202411212,-0.0011701159602017376
P18,2,HbO,17,-0.004078987192370843,-0.007144726258579592,0.0029139406537635384
P18,3,HbO,17,-0.004363070846029782,-0.011234288134055824,0.004136320205442812
P18,4,HbO,17,-0.005919960866089562,-0.012526974023502446,0.004500068225436754
P18,5,HbO,17,-0.002300305929191839,-0.006706888522977605,0.006580727022704491
P18,7,HbO,17,-0.0035812273033483466,-0.0033571735377058596,0.004154873065324958
P18,8,HbO,17,-0.0026930192042182713,-0.003253577025263102,0.0021536567975492535
P18,9,HbO,17,-0.0022399395257075394,-0.0031185002722210935,0.004424907575586353
P18,10,HbO,17,-0.003079902471251371,-0.010884874848650902,0.0039128712811833275
P18,11,HbO,17,-0.002935490072995995,-0.008736167793615579,0.0014684429455083896
P18,12,HbO,17,-0.0027737518615260064,-0.004149905898011281,0.0017707035165515936
P18,14,HbO,17,-0.0013973659271382761,-0.0027931243556903337,1.9042709081027647e-4
P18,15,HbO,17,-0.0016580509417932247,-0.0051268891225988164,-6.672291876901373e-4
P18,16,HbO,17,-0.002921556174253905,-0.004277763461224783,-1.358887135436983e-4
P18,17,HbO,17,-0.003539674913571706,5.22307373453005e-4,-7.631333840181639e-4
P18,18,HbO,17,-1.3714112736455181e-6,2.3579718766882267e-6,-7.707104390298361e-6
P18,19,HbO,17,8.83974310309649e-7,2.913014871828315e-6,4.463650182143192e-6
P18,20,HbO,17,-3.7894769372457505e-7,-1.1813577852005343e-6,-2.9627198239383868e-6
P18,21,HbO,17,-5.047088386973363e-7,2.990339386364986e-7,-5.513678326225265e-7
P18,22,HbO,17,-0.0028897206192903635,-0.0026252163345264093,0.0016871991249281858
P18,23,HbO,17,-0.002961225272879958,-0.0019086289155703928,8.844840634244923e-4
P44,1,HbO,5,-4.550798168563698e-4,-0.006836304327291161,0.001954418788942648
P44,1,HbR,5,-0.0017546375497907462,0.006843575621751926,-0.0037431722383520208
P44,2,HbO,5,-0.00450546164836774,-0.02495530247055063,0.011121876542404355
P44,2,HbR,5,-0.0012384522410351475,-0.0014614519296662443,-7.489610104341303e-4
P44,3,HbO,5,0.0030300252554229645,-0.016920847841123986,0.008899607129343979
P44,3,HbR,5,-0.002447007819962805,0.00865970705111398,-0.005952690877997603
P44,4,HbO,5,-0.002533385375959123,-0.026419688490878064,0.013928321212560563
P44,4,HbR,5,-0.001821169861709011,6.100365977879579e-4,-0.0011254331489747242
P44,5,HbO,5,-4.395690568890353e-4,-0.017024222435970363,0.010611047081511315
P44,5,HbR,5,-0.002455869698639238,0.003209536076724428,-0.0031331187714035095
P44,7,HbO,5,-0.010188284056241644,-0.021048271836110504,0.0038927812237052168
P44,7,HbR,5,-1.6302587079260517e-4,0.002082195339045927,6.933322569965397e-4
P44,8,HbO,5,-0.0018576298735203964,-0.007651363468071184,0.0012909536659692369
P44,8,HbR,5,0.0011584171914946371,0.013583829135396392,-0.007930576514822122
P44,9,HbO,5,-0.007989089595493406,-0.007517083600300936,-0.0035174117453831036
P44,9,HbR,5,0.002629951509004551,-6.981323209491045e-5,0.003303953946308951
P44,10,HbO,5,-0.008288697700991906,-8.064342934945553e-4,-0.0024502259671056767
P44,10,HbR,5,0.0010841169948664284,-0.006484438538211477,0.003907418951065055
P44,11,HbO,5,-0.005877601150191812,-0.030516771806249798,0.014132129682476012
P44,11,HbR,5,5.749512460318615e-4,0.00842972948348992,-0.005358081202397217
P44,12,HbO,5,-0.00746193669382107,-0.027057300852017577,0.011911089917653534
P44,12,HbR,5,-0.0013218819073919472,-0.0025531617662743014,2.1148626937506814e-4
P44,14,HbO,5,-0.0020413375768818355,-0.016536781307416162,0.005198361565242452
P44,14,HbR,5,-0.0017983555369201316,-2.453752701356297e-4,8.803589583351865e-4
P44,15,HbO,5,-9.413053215132384e-4,-0.019860640728937215,0.004265761172145381
P44,15,HbR,5,-0.002875988464027185,-3.91544404466171e-5,0.0016050466830479738
P44,16,HbO,5,-0.002523608164612375,-0.007410050469707132,0.0038866728371744455
P44,16,HbR,5,-0.0013927703476731058,0.003362386825159947,-0.0025870992228584455
P44,17,HbO,5,-9.916167229927873e-5,-4.0066607827014296e-4,-8.267411299851981e-4
P44,17,HbR,5,-0.00165976661115167,0.004143858669359164,-0.002083271677089136
P44,18,HbO,5,1.0770979747765487e-6,3.307481732621581e-5,1.3635212558429344e-6
P44,18,HbR,5,5.623963306988159e-6,3.774877872671745e-5,-1.2138800462149036e-5
P44,19,HbO,5,1.653181865016764e-6,1.6110262763129282e-5,8.117786034609582e-6
P44,19,HbR,5,2.0882327697371553e-6,2.4527741826356122e-5,-3.834203282122674e-6
P44,20,HbO,5,-1.296839845516868e-6,-4.385213907484726e-6,-7.059950865547534e-7
P44,20,HbR,5,9.928580509816573e-7,2.3627973690758126e-6,1.320217389469746e-7
P44,21,HbO,5,-1.1026561354251441e-6,-1.148505943333907e-6,-3.613741883359827e-7
P44,21,HbR,5,-4.5036906676035604e-7,-1.4756788914406281e-6,-1.0919725548709885e-8
P44,22,HbO,5,-0.0011096003930895777,-7.113587101400489e-4,0.002296792467673288
P44,22,HbR,5,2.6397437611843435e-4,-0.0012257125894123983,0.00338145930008447
P44,23,HbO,5,-0.004481015426614824,-0.0049065880934025105,-0.00459122028820338
P44,23,HbR,5,0.0012825041166820011,0.006685450324394298,-0.004952939894447346
P44,1,HbO,8,-0.0012305399308461759,-3.761277021341229e-4,-0.002692855448945947
P44,2,HbO,8,-0.004497995906295906,-0.008715153694267258,-0.0024881642159711027
P44,3,HbO,8,0.0016027690448867534,-0.007993734737184253,9.964213098717504e-4
P44,4,HbO,8,-0.0028664526918188984,-0.011781896440299087,0.00175566082423614
P44,5,HbO,8,-0.002423618313769761,9.825342432559214e-5,-0.004678127679622219
P44,7,HbO,8,-0.009697423714646075,-0.0013610736936318624,-0.013037702604797122
P44,8,HbO,8,-0.001667859817721747,-0.0037775461647386833,-0.00395467352157345
P44,9,HbO,8,-0.006969952268978084,5.535960523057719e-4,-0.008686753312674707
P44,10,HbO,8,-0.00794546477912419,0.016001754521724514,-0.017394506252255575
P44,11,HbO,8,-0.005684122493082158,-0.013752446776705158,-3.472263698938335e-4
P44,12,HbO,8,-0.007135258091550518,-0.007865573846375812,-0.0026074647768559653
P44,14,HbO,8,-0.002222108039363148,-0.006988199948597699,-7.899188799085759e-4
P44,15,HbO,8,-0.0019652020182574902,-0.004082505881811496,-0.006234224948692025
P44,16,HbO,8,-0.002864728041733968,-1.5635767635256652e-4,-0.002209770568255725
P44,17,HbO,8,-2.056851800347959e-4,-9.76550524341317e-4,-4.7921813225472747e-4
P44,18,HbO,8,-2.0745665592191447e-6,2.0359500446931063e-5,3.3401727372963128e-6
P44,19,HbO,8,-3.2401367774901985e-7,3.1760276350104623e-6,1.192314190544317e-5
P44,20,HbO,8,-1.1015299592299287e-6,2.0956637958641453e-7,-4.0792383098723285e-6
P44,21,HbO,8,-1.0280374932172206e-6,1.0780082331897394e-6,-2.31802799239521e-6
P44,22,HbO,8,-9.269076134370659e-4,0.002076895413223622,-0.0021360463376427982
P44,23,HbO,8,-0.004409752994429403,-0.0022757708071385638,-0.00601296379608223
P44,1,HbO,11,-0.0016804804807050908,0.004140512632232421,-0.0059200640889616836
P44,2,HbO,11,-0.004405970234909486,0.0027265382746985392,-0.01165427556985219
P44,3,HbO,11,4.980650510010141e-4,-9.641225857392821e-4,-0.005078363087298932
P44,4,HbO,11,-0.0030333199182650964,-9.876491085201839e-4,-0.007237407586033509
P44,5,HbO,11,-0.0037167656691453107,0.01008633665494932,-0.014257395854493213
P44,7,HbO,11,-0.008760484874290524,0.009754977297215146,-0.022824363887221897
P44,8,HbO,11,-0.0012356525039055701,-0.002411596673727786,-0.0046141179099573795
P44,9,HbO,11,-0.005727900463204347,0.005122364516496635,-0.011752785000415883
P44,10,HbO,11,-0.007023580049446944,0.023956671628305438,-0.02558517301158073
P44,11,HbO,11,-0.005206585457833696,-0.0015089319989073126,-0.009813748002014174
P44,12,HbO,11,-0.006512674451381588,0.005124250314644896,-0.012330119631980089
P44,14,HbO,11,-0.0022125428715639426,7.668289475281552e-4,-0.005408725507318288
P44,15,HbO,11,-0.0026954375463981565,0.006767857523491991,-0.013471670854232167
P44,16,HbO,11,-0.0029772944146607377,0.004139590694963455,-0.006108340247948708
P44,17,HbO,11,-3.3471854561174764e-4,-8.877784392461893e-4,-4.4088001523095e-4
P44,18,HbO,11,-4.528565270521298e-6,1.1744318408589725e-5,8.622836106502184e-7
P44,19,HbO,11,-2.1028542138176575e-6,-5.340913871182076e-6,1.217443563888183e-5
P44,20,HbO,11,-9.955648143107917e-7,2.39871006325672e-6,-5.224109575309738e-6
P44,21,HbO,11,-9.675942221711052e-7,7.629636706063922e-7,-2.4010419825072715e-6
P44,22,HbO,11,-9.360906456079056e-4,0.0021776789218315514,-0.004322041483327611
P44,23,HbO,11,-0.0040379161311876995,-0.00118248210587983,-0.0058629497554101365
P44,1,HbO,14,-0.0019171832369696347,0.007319903504211523,-0.008035110396985427
P44,2,HbO,14,-0.004165032822342137,0.011260142760594536,-0.017627292156584772
P44,3,HbO,14,-4.752202793426372e-4,0.005139381344644884,-0.009918386270497992
P44,4,HbO,14,-0.003122064854874229,0.007477839792897405,-0.01386793964012812
P44,5,HbO,14,-0.004615007185572817,0.016172615455009386,-0.019942387919700294
P44,7,HbO,14,-0.00754205558579427,0.017323123939120496,-0.028398672361308858
P44,8,HbO,14,-6.452718992678262e-4,-0.002025301848164472,-0.0026362060576617273
P44,9,HbO,14,-0.004384857436098647,0.008231810382125561,-0.013648068713800188
P44,10,HbO,14,-0.005861601488937311,0.027334198325310755,-0.029158272070077484
P44,11,HbO,14,-0.004584563379288384,0.007882455609706473,-0.015953772811211506
P44,12,HbO,14,-0.005661742615737045,0.015095725422737778,-0.019018109567435285
P44,14,HbO,14,-0.002085294116105135,0.007022991441219554,-0.008807599168564412
P44,15,HbO,14,-0.0032215798213168357,0.0145563711037215,-0.0180596380168694
P44,16,HbO,14,-0.0029004590178717993,0.006934160656670488,-0.008500647100688787
P44,17,HbO,14,-4.3395882576616565e-4,-3.3793579065226104e-4,-6.982860190925394e-4
P44,18,HbO,14,-6.032084591052503e-6,9.10606066475034e-6,-5.037610801736069e-6
P44,19,HbO,14,-3.576184003066861e-6,-6.165879193296848e-6,8.046681778257326e-6
P44,20,HbO,14,-8.98209223327272e-7,3.222781957570531e-6,-5.08247330773105e-6
P44,21,HbO,14,-9.105179496756579e-7,-9.455854948399217e-7,-1.017341421114081e-6
P44,22,HbO,14,-0.001034736687421275,0.0019915800700104126,-0.005134681587687652
P44,23,HbO,14,-0.0033202177615106496,-5.939169855543396e-4,-0.004726850257268102
P44,1,HbO,17,-0.0020079087982033264,0.00934829215029483,-0.009134476185615926
P44,2,HbO,17,-0.0037797349505051822,0.01762509661763491,-0.02114430574524372
P44,3,HbO,17,-0.0013383328930710817,0.010138416506745221,-0.013380496435209192
P44,4,HbO,17,-0.0031350573281390976,0.014386861075257636,-0.018444531276205812
P44,5,HbO,17,-0.005133720140527087,0.020670784788570228,-0.02319394798228801
P44,7,HbO,17,-0.006274662273021863,0.02384836281822852,-0.03157223506619918
P44,8,HbO,17,-1.3896556033622898e-4,-0.0017638302715941674,-5.583541005543017e-4
P44,9,HbO,17,-0.00311943196808242,0.010898035751906853,-0.014622366376524741
P44,10,HbO,17,-0.0047991820003298186,0.028640065923158577,-0.029705705391760522
P44,11,HbO,17,-0.0039571393375379,0.015081483395745943,-0.019935417370479117
P44,12,HbO,17,-0.004726881470353081,0.023226866651235783,-0.023541719586918742
P44,14,HbO,17,-0.001905203936398999,0.011629024249838945,-0.01092887016153326
P44,15,HbO,17,-0.0035354821211331317,0.019921492224280753,-0.02021097839745904
P44,16,HbO,17,-0.0027067205968260557,0.00889127156524081,-0.00979389527673924
P44,17,HbO,17,-4.7991633899937956e-4,3.0445136529987316e-4,-0.0010532422034659683
P44,18,HbO,17,-6.129240968162127e-6,7.788373372150474e-6,-8.69555518110764e-6
P44,19,HbO,17,-4.088803188056722e-6,-3.072022642950963e-6,3.3787708560262634e-6
P44,20,HbO,17,-7.508184226312083e-7,3.7607155786691317e-6,-4.783572115577186e-6
P44,21,HbO,17,-8.000488640519851e-7,-2.3373807700128005e-6,4.5475986779010246e-7
P44,22,HbO,17,-0.0011305501788104128,0.00226009241886728,-0.005271951945430075
P44,23,HbO,17,-0.0024238540650618158,1.656140818261606e-4,-0.0035671348498715503
P21,1,HbO,5,-0.0016196338202924567,0.0015512331072178374,-0.004809304793842242
P21,1,HbR,5,1.5345577803634663e-4,3.542464724555713e-4,0.0019442623188697574
P21,2,HbO,5,-0.002700864541041937,4.427456993860701e-4,-0.004613990532887162
P21,2,HbR,5,4.537817812894668e-4,3.421100789586217e-5,0.0015986106783967638
P21,3,HbO,5,-0.0010613163070821653,0.002648662913918698,-0.0022152972521587693
P21,3,HbR,5,-4.5751641613640256e-4,1.1496909449176684e-4,2.2314460551606775e-4
P21,4,HbO,5,-0.0014713857613714726,0.001087209650589623,-0.0036713731110738857
P21,4,HbR,5,2.69251145176523e-4,-0.00132940593768604,0.0023680445588066383
P21,5,HbO,5,-0.0010797989413210488,7.670859290976485e-4,-0.0039542410884901395
P21,5,HbR,5,3.201248285005351e-4,-2.2049714073082177e-4,3.8252351395550496e-4
P21,7,HbO,5,-0.0024379736942901353,0.003006020370906045,-7.594159017192211e-4
P21,7,HbR,5,0.0010772803404062706,-0.0010231134873122463,3.3177363103739784e-4
P21,8,HbO,5,-0.004113374413504475,0.004102367132289688,-0.0035795084301101384
P21,8,HbR,5,0.0010703797759749798,-1.6618759528365623e-4,7.167133315443217e-4
P21,9,HbO,5,-0.0021516115880571415,6.039385256788895e-4,-0.0028447469177082354
P21,9,HbR,5,4.6115117855205365e-4,1.3698771515311984e-4,-2.2446994723331276e-4
P21,10,HbO,5,3.0303015356763808e-5,9.357979845314629e-4,-0.003939670152382126
P21,10,HbR,5,-2.0627952535635688e-4,-1.1208457204390701e-4,3.3332531196020467e-4
P21,11,HbO,5,-5.213377447332637e-4,0.0011816933821647165,-0.0033333146859331046
P21,11,HbR,5,8.243751040121258e-5,-4.0529858873623653e-4,9.491192968957595e-4
P21,12,HbO,5,-0.0016037325812537089,9.255341911611567e-4,-0.0011190512613345725
P21,12,HbR,5,3.3230204519387103e-4,2.244130893632071e-5,-5.242368154406091e-4
P21,14,HbO,5,-5.683237734734569e-4,8.127949613983468e-4,-0.004596979894948653
P21,14,HbR,5,1.1941687197479929e-4,4.577384452390796e-4,7.344291435100056e-4
P21,15,HbO,5,4.6563576858551955e-4,9.301755289117237e-4,-0.010321880486989381
P21,15,HbR,5,-5.102282371439007e-4,0.0015998014652818919,2.2507165590482173e-5
P21,16,HbO,5,-3.33427304971687e-4,0.0034193757304516615,-0.003971314842825386
P21,16,HbR,5,-1.8424428053170902e-4,-0.001550639993109243,-0.0035493396279330067
P21,17,HbO,5,-0.001885076504959337,6.533748870283543e-4,-0.004003287424375584
P21,17,HbR,5,6.660705794863326e-4,0.0013074792397376694,0.0019046147646266654
P21,18,HbO,5,-1.5961868497867379e-6,-1.0117871316787653e-5,-1.520160041455037e-5
P21,18,HbR,5,1.1182885038717477e-6,-2.2200184023810348e-6,4.34245523001992e-6
P21,19,HbO,5,5.152768921724596e-8,3.490031068787068e-7,-1.3436329219432931e-5
P21,19,HbR,5,-3.712622850868073e-7,-6.0499464904481475e-6,-2.2357943965299706e-6
P21,20,HbO,5,4.3809622930170807e-7,2.3357837113610974e-6,-3.5364917093229434e-6
P21,20,HbR,5,1.0075620756745447e-7,7.200204803662836e-7,1.5731210207445744e-6
P21,21,HbO,5,1.8302706288096087e-6,2.8428609309894094e-7,-1.3450170056367494e-6
P21,21,HbR,5,-4.753539784004053e-7,-3.538747791764661e-7,8.143340863957739e-7
P21,22,HbO,5,-7.443554804417701e-4,-6.484070729420859e-5,-0.0012087547563141602
P21,22,HbR,5,4.1625845490392114e-4,0.0011063013094985055,2.3825168381432906e-4
P21,23,HbO,5,-1.690437530104915e-5,-0.002157344972975365,-0.001772980400701806
P21,23,HbR,5,-4.0923505550130503e-4,4.773698827747654e-4,3.099222057703202e-4
P21,1,HbO,8,-0.0015075777168767706,0.0014273141928811256,-0.00432014613430103
P21,2,HbO,8,-0.002616363279525326,-2.1117403767461414e-4,-0.0042524496358769676
P21,3,HbO,8,-0.0012544094508056404,0.0026978941355396686,-0.001783788092236438
P21,4,HbO,8,-0.0016561368184955076,6.784068769339467e-4,-0.004331506680120087
P21,5,HbO,8,-0.0018263474334104764,4.0336039487591854e-4,-0.0036857466788135745
P21,7,HbO,8,-0.0021802385711916215,0.00278707601179125,-9.964184854989136e-4
P21,8,HbO,8,-0.003330907908697624,0.0029021419854868397,-9.874853813717985e-4
P21,9,HbO,8,-0.0021914553368741646,3.6425153310540016e-4,-0.0015840792932842202
P21,10,HbO,8,-4.1756885968791634e-4,3.9518679822999535e-4,-0.002970865820427312
P21,11,HbO,8,-9.625087064923806e-4,0.0012554050211290638,-0.003911438034135188
P21,12,HbO,8,-0.0016570080288549334,6.976524424042326e-4,-0.0013408393661990755
P21,14,HbO,8,-7.922783733246226e-4,0.0010881598501449887,-0.004048483563957458
P21,15,HbO,8,-4.447882067388002e-4,0.0012167083937538947,-0.00971160257541976
P21,16,HbO,8,-2.4592798761700755e-4,0.0035090123226671982,-0.0020472352976124595
P21,17,HbO,8,-0.0016959134041647428,-0.0011011783412155803,-0.00498214370137112
P21,18,HbO,8,-1.5763443622700553e-6,-1.0406605082723457e-5,-9.649857504911345e-6
P21,19,HbO,8,-4.388923898494265e-7,-3.705012794713761e-6,-1.040841268663113e-5
P21,20,HbO,8,-4.5651183161732733e-7,-3.164918411991516e-8,-5.28553393048378e-6
P21,21,HbO,8,1.3305295316808551e-6,1.6565365450640027e-6,-1.566757715981651e-6
P21,22,HbO,8,-6.172591753451159e-4,-8.507592087001798e-4,-0.0015998701251761802
P21,23,HbO,8,-2.9094135044140313e-4,-0.0010884700640937826,-0.001319773816785221
P21,1,HbO,11,-0.001224391751781053,0.0015305257010975878,-0.003945625091115836
P21,2,HbO,11,-0.002372833271867708,-2.9393110262878274e-4,-0.003998033434279269
P21,3,HbO,11,-0.0012697526042627814,0.0029042471585241235,-0.0019626018730934105
P21,4,HbO,11,-0.001668554625370919,6.507120201546455e-4,-0.005076887919650299
P21,5,HbO,11,-0.002403366163327608,5.283108986388179e-4,-0.0037508695039282815
P21,7,HbO,11,-0.0019435834437901086,0.002585332046748146,-0.001483731196766799
P21,8,HbO,11,-0.0025285016642975456,0.0018165770235697924,6.662625133875042e-4
P21,9,HbO,11,-0.00212565771442668,1.9862265911590692e-4,-7.031140614333581e-4
P21,10,HbO,11,-7.885697138133825e-4,-7.057601653072032e-5,-0.0025778349178045114
P21,11,HbO,11,-0.0012593412069394538,0.0012940057389230163,-0.004674247705750378
P21,12,HbO,11,-0.001623791529632027,4.994590167132945e-4,-0.0014514192281548783
P21,14,HbO,11,-9.128463610185613e-4,0.0012955683551668842,-0.0037007536359843383
P21,15,HbO,11,-0.0010651987853878115,0.0014983688650785346,-0.009027962138487063
P21,16,HbO,11,-5.9130280549206626e-5,0.004026903921887877,-0.0013075493592132595
P21,17,HbO,11,-0.0013711751589260605,-0.002772688134672757,-0.004581550824364055
P21,18,HbO,11,-1.8727513539982297e-6,-9.792306392792006e-6,-3.94661898642455e-6
P21,19,HbO,11,-1.0420583212646701e-6,-5.033330709253291e-6,-7.312743002930234e-6
P21,20,HbO,11,-9.083441853023884e-7,-1.3847402214064256e-6,-5.536556416296452e-6
P21,21,HbO,11,7.439899034353763e-7,2.214043672373857e-6,-1.57410633582952e-6
P21,22,HbO,11,-3.282908611439896e-4,-0.0013393665468914723,-0.0014583921965177344
P21,23,HbO,11,-5.337819189637732e-4,-4.4573247274590797e-4,-9.140386425771991e-4
P21,1,HbO,14,-8.656837517443408e-4,0.0016915461873477766,-0.0033270668553653975
P21,2,HbO,14,-0.0020247444851215477,1.6599227544915966e-4,-0.00381413824668801
P21,3,HbO,14,-0.0011740105314628345,0.0031021722014839127,-0.0021680555550592315
P21,4,HbO,14,-0.0015740481360869349,9.91865102599745e-4,-0.005465319964469996
P21,5,HbO,14,-0.002696207715131922,0.0012376030065344768,-0.0038260145503198335
P21,7,HbO,14,-0.0016539570756903816,0.0025840147842043394,-0.0022211898564429016
P21,8,HbO,14,-0.001669398285744029,0.0011285804000558963,0.001346417713480981
P21,9,HbO,14,-0.0019195574607737363,4.561377728175527e-4,-5.517166575723942e-4
P21,10,HbO,14,-0.001030190593818163,-1.8252563552026874e-4,-0.0024888801773317475
P21,11,HbO,14,-0.001481994628060431,0.0015347640963904107,-0.005503776132342234
P21,12,HbO,14,-0.001511635581082991,5.151538961005952e-4,-0.0016379542381624438
P21,14,HbO,14,-9.758040008544101e-4,0.0014271441753639276,-0.003542534802953064
P21,15,HbO,14,-0.0015108041584011268,0.001773734010614413,-0.008193608599880779
P21,16,HbO,14,7.817869879750766e-5,0.004193100790526256,-0.001169752112992552
P21,17,HbO,14,-8.814573787466675e-4,-0.0035633913153308794,-0.0028798446692245286
P21,18,HbO,14,-2.1497793483008354e-6,-7.874924195924249e-6,3.526405236051165e-7
P21,19,HbO,14,-1.3887328930717203e-6,-4.42675758191954e-6,-5.05203563543151e-6
P21,20,HbO,14,-8.422469691948135e-7,-1.6108284060426905e-6,-4.480563594419446e-6
P21,21,HbO,14,1.8539428829534918e-7,2.7394318247641717e-6,-1.2568366726648682e-6
P21,22,HbO,14,1.7442691894387754e-5,-0.0015802429319289057,-0.0010614848999630155
P21,23,HbO,14,-7.043914305447851e-4,-3.667590783096676e-5,-5.268111546300728e-4
P21,1,HbO,17,-5.195398723809254e-4,0.0017354643035289716,-0.002310164255821211
P21,2,HbO,17,-0.0016322671321130856,8.705618366106167e-4,-0.003275441246552762
P21,3,HbO,17,-9.995581588235485e-4,0.003106385081472474,-0.001940689380439695
P21,4,HbO,17,-0.0014146824858909828,0.0014669433429449355,-0.00508684915236367
P21,5,HbO,17,-0.0026778072219540185,0.002161962734409609,-0.003264167736255916
P21,7,HbO,17,-0.0013074914414010657,0.002651979783106171,-0.0028042815354552605
P21,8,HbO,17,-8.517572795942735e-4,7.87769730243876e-4,0.00150399036491711
P21,9,HbO,17,-0.001580803160546632,0.0010505075698675971,-8.112410031412561e-4
P21,10,HbO,17,-0.001157036948060639,-3.891501350531318e-6,-0.0021017103725375543
P21,11,HbO,17,-0.001641940815514632,0.0019416686473910955,-0.005876046626638659
P21,12,HbO,17,-0.0013300734392487298,7.074304407573857e-4,-0.0017527974203933978
P21,14,HbO,17,-0.0010004509735738693,0.001501679350467533,-0.0032919894981249267
P21,15,HbO,17,-0.0018192385095887754,0.002043833730777738,-0.007022145093199968
P21,16,HbO,17,1.6959156142979629e-4,0.0036970324270202623,-9.14790835969074e-4
P21,17,HbO,17,-4.430517283284935e-4,-0.003299664993124975,-7.965827165735685e-4
P21,18,HbO,17,-2.2146350536241277e-6,-5.096624821415734e-6,2.451394811491198e-6
P21,19,HbO,17,-1.2784399799472918e-6,-3.3708321339222435e-6,-3.8169342731826355e-6
P21,20,HbO,17,-4.975632937516033e-7,-9.859593083492731e-7,-2.9423052361609567e-6
P21,21,HbO,17,-2.333726774133987e-7,3.3822284379846675e-6,-6.993839684608933e-7
P21,22,HbO,17,3.1075436476477974e-4,-0.0015934257618837905,-7.117918496281155e-4
P21,23,HbO,17,-8.207173540697683e-4,2.164175294717765e-4,-8.647968626433572e-5
P11,1,HbO,5,6.109163472379204e-4,3.667751552609756e-4,-0.004264620587248448
P11,1,HbR,5,-2.7532348213418333e-4,-5.7315388031201106e-5,2.4083098709116674e-4
P11,2,HbO,5,-2.2290250453718506e-5,-0.0016721813250325545,0.005164404456097671
P11,2,HbR,5,-1.5681817742447924e-4,-5.52120085688488e-4,-0.0016696397125275668
P11,3,HbO,5,0.001020104186879327,0.0028611413487994353,-0.010519085626067046
P11,3,HbR,5,-3.935748824962476e-4,-7.141714302408351e-4,0.001847201153699261
P11,4,HbO,5,-9.527609722459707e-4,-6.28949951580535e-4,0.004013452922503144
P11,4,HbR,5,2.0780338601134306e-4,-1.1167335036835178e-4,-0.0024782360210215903
P11,5,HbO,5,-0.0025212764223028635,-0.004403468658402864,0.010857875659138184
P11,5,HbR,5,7.611467026657845e-4,-1.2477279279227618e-4,-0.0037910476639388332
P11,7,HbO,5,-0.0016047801215442557,-0.0011795395553966675,0.01220389984701262
P11,7,HbR,5,4.553957339370011e-4,-4.716749869805986e-4,-0.004307392786770109
P11,8,HbO,5,-0.002340136931922043,-0.0017407153836655816,0.011174943852394606
P11,8,HbR,5,3.0667881895214677e-4,1.3125810698487798e-5,-0.005060756833603707
P11,9,HbO,5,-0.003412313354090556,-0.0012566316458555492,0.015157311785959577
P11,9,HbR,5,0.0010958234673664282,-2.2522315894059157e-4,-0.006406656234456041
P11,10,HbO,5,-0.0016833744767652016,-0.003928041176330048,0.013459529925035624
P11,10,HbR,5,0.001220990152197554,0.0011952330193680028,-0.00581941023656388
P11,11,HbO,5,-0.001027562030861981,-0.0019300969333276663,0.010981530310001158
P11,11,HbR,5,3.5716802741254857e-4,3.4426060668898983e-4,-0.004743616592548455
P11,12,HbO,5,-0.0021449625628896705,0.0011043621468480945,0.0073901507292780015
P11,12,HbR,5,4.732191754622358e-4,2.869472326544776e-4,-0.005241778866554009
P11,14,HbO,5,6.204144403944836e-4,0.0020456101309049234,-0.006315717246215013
P11,14,HbR,5,-7.908588135643709e-4,7.692228530196332e-5,-0.0011239868715244607
P11,15,HbO,5,6.036136779326409e-5,0.002843501347712816,-0.011462839351258388
P11,15,HbR,5,-3.9156103364106824e-4,-7.247004346373526e-4,0.0011811794000996703
P11,16,HbO,5,-9.175854099321485e-5,-4.7236573060988866e-5,-2.724113477520893e-4
P11,16,HbR,5,-3.578828967177447e-5,6.030309267903627e-5,-8.236263244915604e-5
P11,17,HbO,5,-5.396725349242207e-5,5.74267344190364e-5,-1.391897180343158e-4
P11,17,HbR,5,-4.3768758388287335e-5,4.736855550259243e-5,-1.649870598910688e-4
P11,18,HbO,5,-9.197161575375712e-7,7.302649600972419e-6,-2.4368693086102404e-5
P11,18,HbR,5,5.43855888814757e-7,3.6154359366813615e-7,9.492855529692137e-6
P11,19,HbO,5,-7.662240220869414e-7,3.374087471330025e-6,-5.0100154748396505e-6
P11,19,HbR,5,1.702552137090176e-7,4.979956054963405e-8,-1.376045659281242e-6
P11,20,HbO,5,-1.1351331174671627e-6,3.8966204514205665e-7,-3.591740620398847e-6
P11,20,HbR,5,6.534124790312435e-7,-2.869251299275465e-7,1.1407902895935477e-6
P11,21,HbO,5,-4.972157724052176e-8,3.2054663947696822e-6,-7.332259503947912e-7
P11,21,HbR,5,-5.003891187792333e-7,6.158983280216032e-7,-5.267565523120218e-7
P11,22,HbO,5,-7.624747771212798e-5,1.1213935945977631e-4,-2.8559275644226493e-4
P11,22,HbR,5,-5.205737530395818e-5,5.959977416970655e-6,-6.411474075605711e-5
P11,23,HbO,5,-5.576225490485666e-5,4.704521011109385e-5,-1.7063182295625216e-4
P11,23,HbR,5,-3.451377550925685e-5,1.8272066499732133e-5,-6.804744124032678e-5
P11,1,HbO,8,6.213460473738079e-4,5.30393377989441e-4,-0.004414621517691364
P11,2,HbO,8,-2.465185017802269e-4,-0.0029401611727841986,0.006720237623003132
P11,3,HbO,8,0.0010752754223932262,0.0015742667999560345,-0.009087967222156814
P11,4,HbO,8,-5.778103811077786e-4,-0.0014301204820223652,0.003602288296623499
P11,5,HbO,8,-0.0013236966786228277,-0.006791311983899474,0.009529423541400543
P11,7,HbO,8,-6.263663683061133e-4,-0.0033237924673265315,0.015050442538320696
P11,8,HbO,8,-0.0015230454852366094,-0.003119507694921019,0.013232266383389708
P11,9,HbO,8,-0.0024488226736957366,-0.0032324294559654245,0.01864561224283795
P11,10,HbO,8,-7.857831933553046e-4,-0.00496399145246381,0.016624175425663062
P11,11,HbO,8,-6.966637154151836e-4,-0.0023639724803427614,0.010667567493921247
P11,12,HbO,8,-0.0013866584894113873,-0.0013986168306486424,0.01024684525073785
P11,14,HbO,8,2.1514301870744363e-4,0.0013996605388819916,-0.005138970990957257
P11,15,HbO,8,-3.3586812741674606e-4,0.001282076892122369,-0.008805817390154421
P11,16,HbO,8,-4.976283077465708e-5,-4.926536276880285e-5,-2.927734802400912e-4
P11,17,HbO,8,-4.572492786978473e-5,3.348712220264285e-5,-1.4748168015389412e-4
P11,18,HbO,8,-8.080019491194341e-7,5.007215723369029e-6,-2.470710307604986e-5
P11,19,HbO,8,-8.242171384947388e-7,-5.148558837390739e-9,-4.448492305991913e-6
P11,20,HbO,8,-1.4021830969045124e-6,5.139431969921368e-7,-3.1171412234447638e-6
P11,21,HbO,8,-3.2308970797409886e-7,2.3467339155277195e-6,3.6353992785339203e-7
P11,22,HbO,8,-5.488574821994085e-5,5.957228614368389e-5,-1.859756061424663e-4
P11,23,HbO,8,-4.091040429127786e-5,3.0328853427355774e-5,-1.7759093079810739e-4
P11,1,HbO,11,5.580312532849496e-4,5.33768381206643e-4,-0.004158092360078921
P11,2,HbO,11,-5.756097279332845e-4,-0.0034497180036302737,0.007152428282618366
P11,3,HbO,11,0.0010689074795276834,3.9697007653965847e-4,-0.007239242171185158
P11,4,HbO,11,-2.855482430105969e-4,-0.0022016289533178016,0.0037253873663687207
P11,5,HbO,11,-4.3755415462309546e-4,-0.008473889359906173,0.008400988877787896
P11,7,HbO,11,1.646222445215105e-4,-0.005032299388529129,0.015616991790669766
P11,8,HbO,11,-8.660435122583423e-4,-0.004275446843607552,0.013043020740364196
P11,9,HbO,11,-0.0016445066793215582,-0.004884879057030369,0.018941375554699574
P11,10,HbO,11,-1.0892975583449905e-4,-0.005692141159887326,0.01699440271875361
P11,11,HbO,11,-5.149103765758309e-4,-0.002709902071300857,0.009553094846471356
P11,12,HbO,11,-9.64626143472165e-4,-0.003169819708613014,0.010857471488791832
P11,14,HbO,11,-1.260758303910612e-4,8.355500703264206e-4,-0.003991445748459986
P11,15,HbO,11,-6.470440187543033e-4,-2.063899703476679e-4,-0.005625980891917731
P11,16,HbO,11,-2.6231491102208474e-5,-3.9786596807426844e-5,-3.588230981818276e-4
P11,17,HbO,11,-4.1706510734378336e-5,1.7186714137602008e-5,-1.5856665763037543e-4
P11,18,HbO,11,-1.045240117426198e-6,2.9310700892405874e-6,-1.902289999439518e-5
P11,19,HbO,11,-1.1761601676482046e-6,-2.4795143084680373e-6,-7.641952588374909e-7
P11,20,HbO,11,-1.5916481373501238e-6,4.406563261012476e-7,-1.493983505664597e-6
P11,21,HbO,11,-6.345432378445828e-7,1.625887022359636e-6,9.179004237259378e-7
P11,22,HbO,11,-3.966269611004238e-5,2.612915195079281e-5,-1.558986860124874e-4
P11,23,HbO,11,-3.1977402757804994e-5,1.146824448160003e-5,-1.7359963736301916e-4
P11,1,HbO,14,4.623485185073017e-4,4.8412250653282016e-4,-0.003720369113363617
P11,2,HbO,14,-9.151514948507231e-4,-0.0033695368710574,0.006391317168619635
P11,3,HbO,14,9.851249078364108e-4,-5.612713257830929e-4,-0.005415778986794518
P11,4,HbO,14,-7.277908487140445e-5,-0.0026218959062372016,0.003118659791497667
P11,5,HbO,14,3.168994661701808e-4,-0.00880630787811593,0.006886744254453806
P11,7,HbO,14,7.524031241743516e-4,-0.00558779649700447,0.013552143241113495
P11,8,HbO,14,-4.014896078248798e-4,-0.004538104145599973,0.010507550401193857
P11,9,HbO,14,-9.573465835930237e-4,-0.005475586730062987,0.016196460078048872
P11,10,HbO,14,4.545726282542408e-4,-0.005609557647229437,0.01520169497424065
P11,11,HbO,14,-3.2172972280906497e-4,-0.0025965394812431718,0.007522429525830453
P11,12,HbO,14,-7.300717283295346e-4,-0.003906575154735986,0.009378818796036704
P11,14,HbO,14,-4.0528421626402373e-4,3.965648527414788e-4,-0.0031013117436107787
P11,15,HbO,14,-7.989968245754628e-4,-0.0012100193818080196,-0.002719115247356093
P11,16,HbO,14,-1.0732662810678936e-5,-1.2193794582816092e-5,-4.2667730377563635e-4
P11,17,HbO,14,-3.47487240691066e-5,4.7680408062264694e-6,-1.5218525953306962e-4
P11,18,HbO,14,-1.302619375288547e-6,2.1906426210561335e-6,-1.1505957188456962e-5
P11,19,HbO,14,-1.3773460246978275e-6,-3.3332139489567914e-6,2.769873803106386e-6
P11,20,HbO,14,-1.6531428452461994e-6,2.821912387418574e-7,7.368686540854875e-7
P11,21,HbO,14,-9.011110896753196e-7,8.067995327824477e-7,2.17894720226013e-6
P11,22,HbO,14,-2.7060815027879315e-5,7.426458345132982e-6,-1.626228156679693e-4
P11,23,HbO,14,-2.505914030524345e-5,-2.832255706217395e-6,-1.5758383552554468e-4
P11,1,HbO,17,3.952755508959526e-4,4.006256002259208e-4,-0.0031341043813353053
P11,2,HbO,17,-0.0011434644103303288,-0.0031198926493395084,0.0052564848678453326
P11,3,HbO,17,8.530229818797132e-4,-0.0012930394336839548,-0.0037581848067629055
P11,4,HbO,17,7.784466109509012e-5,-0.002681557609100448,0.0017747295635814457
P11,5,HbO,17,9.7046373493924e-4,-0.008028814899259535,0.005508975012879474
P11,7,HbO,17,0.001102556755597485,-0.005110072548515497,0.010446398690453109
P11,8,HbO,17,-7.837196349316835e-5,-0.004021306831560801,0.007400057737108853
P11,9,HbO,17,-3.6123462252204747e-4,-0.005065697404109741,0.01253007700087522
P11,10,HbO,17,9.119806953716683e-4,-0.004813945680832047,0.01290188201825118
P11,11,HbO,17,-5.5955127594265634e-5,-0.0021371912005295874,0.005403367761842552
P11,12,HbO,17,-5.319168929757085e-4,-0.004007872460363214,0.007513810098722546
P11,14,HbO,17,-6.084353858544591e-4,-1.3348533218493266e-5,-0.002265106950287174
P11,15,HbO,17,-8.056505927533759e-4,-0.0017401255158501889,-2.704547739358426e-4
P11,16,HbO,17,2.809732299926717e-6,1.7039675309963583e-5,-4.397138697479428e-4
P11,17,HbO,17,-2.4959692579274437e-5,-5.4906515330323525e-6,-1.2653806812952417e-4
P11,18,HbO,17,-1.3413765804190824e-6,2.9269588107976293e-6,-6.375047934372686e-6
P11,19,HbO,17,-1.1400648119233155e-6,-2.6206980124609195e-6,3.6851184280373965e-6
P11,20,HbO,17,-1.534020196178953e-6,1.2072485677184117e-7,2.5954426486324573e-6
P11,21,HbO,17,-1.0682361302765408e-6,-1.2138138172998498e-7,3.8016163373963653e-6
P11,22,HbO,17,-1.5668909542174988e-5,-3.921334946783058e-6,-1.660556267783105e-4
P11,23,HbO,17,-1.7249142180261146e-5,-7.184548048205112e-6,-1.3652893567015693e-4
P03,1,HbO,5,0.0037779923382074,0.014741740267601777,0.005517912338740255
P03,1,HbR,5,-0.0030879939110801183,-0.002715577735189792,5.535374604479421e-4
P03,2,HbO,5,0.005232554272089116,0.008842455541859816,0.004285581284417619
P03,2,HbR,5,-0.0028879749554373826,-0.001974420406507761,0.0011837500546512602
P03,3,HbO,5,0.0021411555467495545,0.013645029491658408,0.007041184827746286
P03,3,HbR,5,-0.0025087126681870397,-0.002906202938179488,-3.180352251423451e-4
P03,4,HbO,5,0.0017622981380246549,0.002713254707310154,6.793095519434052e-4
P03,4,HbR,5,-0.0010457949072166406,-7.928844345450632e-4,3.3038032996316564e-4
P03,5,HbO,5,3.444965234880985e-4,-0.0013427642794058097,-0.0038558346586004184
P03,5,HbR,5,-7.573264767313266e-4,9.416595628818792e-4,0.0017602968998015418
P03,7,HbO,5,6.534318580021654e-4,0.0016421317265997034,-5.729154545930791e-4
P03,7,HbR,5,-7.661763731857768e-4,-4.429067528575709e-4,-1.1495408336806985e-4
P03,8,HbO,5,-2.2718130054191017e-4,0.0030647408717521434,0.0033327926872162906
P03,8,HbR,5,-3.6602702530124284e-5,-0.0010005363656148175,-0.0010153246329335226
P03,9,HbO,5,-0.0022555121764146254,8.930338842313347e-4,0.002917663455079603
P03,9,HbR,5,-1.0412090454529586e-4,4.3241332673434843e-4,-7.062651014742806e-4
P03,10,HbO,5,4.275279637270558e-4,0.0020007145611346884,7.451874512149372e-4
P03,10,HbR,5,-1.649324142027113e-4,6.998532246348736e-5,-7.111778380310753e-5
P03,11,HbO,5,3.0583819016322204e-4,8.442538783774585e-4,3.5218928015079995e-4
P03,11,HbR,5,-1.8444999690730025e-4,2.236896210818108e-4,7.91854786386303e-5
P03,12,HbO,5,7.594898848323849e-4,0.004944902420064763,7.148101063456841e-4
P03,12,HbR,5,-5.238534590128102e-4,6.463147112842323e-4,-0.0011074264094215614
P03,14,HbO,5,0.0035897459328153225,0.01137923454004868,-0.001921709086108941
P03,14,HbR,5,-0.004653480488706088,-0.0040354948127535265,-2.3088711055067738e-4
P03,15,HbO,5,2.715819458786348e-4,0.0072833109520473935,0.0029166232402805764
P03,15,HbR,5,-6.464423977622954e-4,-0.0023381304938153674,-9.680675618163068e-4
P03,16,HbO,5,0.002066793278502085,0.007264497797724302,-0.0018727573808057165
P03,16,HbR,5,-0.0027355189439990783,-0.0033715551509750593,-3.3737582222756224e-4
P03,17,HbO,5,5.001966844811424e-4,0.001775847238256837,-0.0027318816562234157
P03,17,HbR,5,-6.35924724982317e-4,0.0010940530613961776,3.7229544180306324e-4
P03,18,HbO,5,-1.5580921861459573e-6,8.0350260975896e-6,1.0438529200412921e-5
P03,18,HbR,5,1.473887032350072e-6,4.24087501224188e-6,-2.6362961677231207e-6
P03,19,HbO,5,-6.629244219033106e-7,1.9236547688348477e-6,6.324767016146663e-6
P03,19,HbR,5,6.828919581203199e-7,9.525570597917926e-7,-2.0201587353817947e-6
P03,20,HbO,5,-1.4816586134173276e-4,2.757519696432507e-4,-4.02304081127276e-4
P03,20,HbR,5,-3.736495368530129e-5,7.607410183475132e-5,-1.2490210050722622e-4
P03,22,HbO,5,0.001766982794852068,0.005138441564371841,-1.9343280149612327e-4
P03,22,HbR,5,-6.163972389521737e-4,-5.679369956881254e-4,2.1127220049249628e-4
P03,23,HbO,5,8.716568128420613e-4,0.004454047712165786,0.0027725035183559774
P03,23,HbR,5,-3.5246353687387805e-4,-0.0011099158712941147,-6.257508084249922e-4
P03,1,HbO,8,0.001325885375139701,0.01180442482527627,0.005903140310146787
P03,2,HbO,8,0.002132322610338019,0.007519623151438517,0.008810054028781109
P03,3,HbO,8,-4.589897805947002e-4,0.010203392907925001,0.00737230938781159
P03,4,HbO,8,4.391536927594961e-4,0.002966496233490979,0.0025167409673175047
P03,5,HbO,8,-2.365323620242335e-4,-1.2108271195466088e-4,-8.13739710262667e-4
P03,7,HbO,8,-1.3453683030382658e-4,0.0031249966074853317,0.002796790352875585
P03,8,HbO,8,-4.38190317100392e-4,0.0033434598507948144,0.003445701804084361
P03,9,HbO,8,-0.0019119457623942289,0.0018230274340649893,0.004755247015474245
P03,10,HbO,8,-2.9441682369111345e-4,0.0024462888074067773,0.0017821410706500098
P03,11,HbO,8,-6.850716168628089e-5,0.0011403035544461258,0.0013950887121073517
P03,12,HbO,8,1.3743300717538746e-4,0.0045763388692099905,0.002588535568452622
P03,14,HbO,8,0.0012027770702626257,0.009561724261515638,3.5693336443358875e-4
P03,15,HbO,8,-7.152246520144994e-4,0.005474607846787353,0.003018589845058711
P03,16,HbO,8,5.795451233732968e-4,0.004959237768283984,-5.440413735741684e-4
P03,17,HbO,8,-9.745104537677993e-5,0.0021293127379963263,-8.577884442740099e-4
P03,18,HbO,8,-1.1904945613034793e-6,6.494940873205759e-6,7.856309888783605e-6
P03,19,HbO,8,-6.222179533985625e-7,2.2086330856858807e-6,4.094396839761216e-6
P03,20,HbO,8,-6.64377727890296e-5,2.2781997773469026e-4,-3.671353478893228e-4
P03,22,HbO,8,8.753550372680109e-4,0.004502595739258988,2.3287126199564938e-4
P03,23,HbO,8,3.222956332595729e-4,0.0038065458465898127,0.0024773407897725743
P03,1,HbO,11,-5.257581163842718e-4,0.008951437893209896,0.006570070459455327
P03,2,HbO,11,-9.211220525059486e-5,0.005391930899348488,0.011733891103998244
P03,3,HbO,11,-0.0024154363419834355,0.006981137432203313,0.007947391485233614
P03,4,HbO,11,-4.811757922516332e-4,0.00251757277315117,0.0035283095610719227
P03,5,HbO,11,-4.4714423035304216e-4,-1.2753336567745146e-5,0.0011690638143202954
P03,7,HbO,11,-6.109389699941642e-4,0.0033975624575802665,0.004807455703360228
P03,8,HbO,11,-4.89095267720212e-4,0.0028930702166545166,0.003082621595599245
P03,9,HbO,11,-0.001253357279676915,0.0013669437506802857,0.004895029393757086
P03,10,HbO,11,-6.975766823083833e-4,0.0020094103833439,0.0021397295360735644
P03,11,HbO,11,-2.1673330088979514e-4,8.526219986097382e-4,0.001845801187360049
P03,12,HbO,11,-4.708450142753481e-5,0.0030002225757918685,0.0030074992623898623
P03,14,HbO,11,-4.651914042602991e-4,0.0075536339234999125,0.0020422837700875087
P03,15,HbO,11,-0.0013678778304505085,0.0037388487894712314,0.003054433276456969
P03,16,HbO,11,-6.021662534441471e-4,0.0027033017698607073,5.760563600716299e-4
P03,17,HbO,11,-4.7163030357083504e-4,0.0017906483440110765,1.6926078507793635e-4
P03,18,HbO,11,-9.053684500428068e-7,4.252009512666688e-6,5.426567189089943e-6
P03,19,HbO,11,-4.276238817555343e-7,2.1061305083160316e-6,2.7450774788864217e-6
P03,20,HbO,11,-5.219605304215404e-6,1.873513185825032e-4,-3.4535225218508645e-4
P03,22,HbO,11,1.2136024036755024e-4,0.0034690086101650686,5.82146216287555e-4
P03,23,HbO,11,-1.6497273920815285e-4,0.0028327734398471516,0.002111344287464868
P03,1,HbO,14,-0.0018671602442073894,0.005941647279761409,0.007234280607964969
P03,2,HbO,14,-0.001948338517592159,0.0031776514315735695,0.013539835369746485
P03,3,HbO,14,-0.0037726069165927856,0.0039316686447768414,0.008516277613708186
P03,4,HbO,14,-0.0013353783579345144,0.001873188627276702,0.004073797181298235
P03,5,HbO,14,-8.70993238043336e-4,-9.326317184046351e-5,0.0026675889088263968
P03,7,HbO,14,-0.001204581790387651,0.0031904800538733193,0.006019789106719185
P03,8,HbO,14,-6.574651449278585e-4,0.0022571621019297056,0.0025433659158097793
P03,9,HbO,14,-9.79229583437548e-4,7.352798935331552e-4,0.004104403899378614
P03,10,HbO,14,-0.0011341337358232973,0.0014049561248220567,0.0021446668794665785
P03,11,HbO,14,-4.2051690436159604e-4,4.026636316183021e-4,0.0019137424793822361
P03,12,HbO,14,-4.5160825527909234e-4,0.0011052387459248704,0.002751115732542727
P03,14,HbO,14,-0.0016586801021266618,0.0053101020503154355,0.003304658190932015
P03,15,HbO,14,-0.001756767170034682,0.0020005747762654948,0.002930870044498376
P03,16,HbO,14,-0.0016099518863584084,7.963706266369763e-4,0.0017885515605797295
P03,17,HbO,14,-9.449755092814135e-4,0.0013633162259080573,9.154930872716688e-4
P03,18,HbO,14,-3.8478712315775384e-7,2.1166164598816943e-6,3.5056225702056976e-6
P03,19,HbO,14,1.2620701864397257e-7,1.9197071610148185e-6,2.2227093125634927e-6
P03,20,HbO,14,4.425452280798866e-5,1.4561955667943417e-4,-3.244609905918566e-4
P03,22,HbO,14,-6.801494440190833e-4,0.0025302570997101227,0.0011336711560832504
P03,23,HbO,14,-6.397219986229413e-4,0.0018766670397579422,0.0018800136290664795
P03,1,HbO,17,-0.002659381620556364,0.002900397075245469,0.007685366372407823
P03,2,HbO,17,-0.003490689760419117,0.0014489142256971512,0.01462603403498525
P03,3,HbO,17,-0.0044436076671048146,0.001219701283657668,0.008963434253599143
P03,4,HbO,17,-0.0021358135863850537,0.0014192018201059778,0.004579882520027705
P03,5,HbO,17,-0.0015802544351746848,2.51991479673298e-4,0.0042756533765307145
P03,7,HbO,17,-0.0019328717948865052,0.003048470254947567,0.007007272224875131
P03,8,HbO,17,-9.528122217871707e-4,0.0017777035411554517,0.0021827022537408117
P03,9,HbO,17,-0.0011552310636769843,7.557194568652644e-4,0.0034475605667722564
P03,10,HbO,17,-0.0016435673160963941,0.0011067272364923637,0.002239083777576131
P03,11,HbO,17,-7.273327555963344e-4,1.2302128449422534e-4,0.0019566643336403344
P03,12,HbO,17,-0.0011531121069530894,-3.583512070143804e-4,0.002695693150454749
P03,14,HbO,17,-0.0024306070358872762,0.0029922013033048065,0.00436974002522761
P03,15,HbO,17,-0.0019137025033274316,3.7936338545332585e-4,0.002715473191436418
P03,16,HbO,17,-0.00232146566105255,-5.782569637810241e-4,0.003176457077634803
P03,17,HbO,17,-0.0014577771897062335,0.0012276191621483478,0.001879176264122405
P03,18,HbO,17,3.888105503892659e-7,4.530578549573222e-7,1.436755253005525e-6
P03,19,HbO,17,8.445048754332537e-7,1.6815058036614026e-6,1.582415610804563e-6
P03,20,HbO,17,8.376549375625345e-5,1.0069710648040516e-4,-3.0167915286715335e-4
P03,22,HbO,17,-0.0014244343351553846,0.0018831300907455677,0.001974113311273583
P03,23,HbO,17,-0.0010356744958965082,0.001121843371773053,0.0018520110277817571
P43,1,HbO,5,-5.9022891960006274e-5,3.2109942448729206e-5,1.0945128750737848e-4
P43,1,HbR,5,-4.631070128107742e-5,6.42964907812009e-5,-1.3058218490892237e-4
P43,2,HbO,5,-6.81066074764035e-5,1.1515618349532566e-4,-0.0012627571780503468
P43,2,HbR,5,-2.661631130006658e-5,-4.483237452073996e-5,1.1172557756263877e-4
P43,3,HbO,5,-7.482142918070392e-5,3.0825734264574236e-5,-3.113882786934234e-5
P43,3,HbR,5,-2.650701531785391e-5,9.21995488243258e-5,5.262665880619278e-5
P43,4,HbO,5,-6.826409027922247e-5,-1.5923023127588845e-4,-6.693038451575249e-4
P43,4,HbR,5,-1.4273152198145497e-5,1.0619296686983704e-4,-2.3537734452634606e-5
P43,5,HbO,5,-0.0011896967841028062,-0.004167342755589052,0.0020634107172509994
P43,5,HbR,5,3.2256595084329036e-4,0.002297099241200783,-0.006485636685844145
P43,7,HbO,5,-0.001336072866572626,-0.0070594743254081,0.002404699152785638
P43,7,HbR,5,4.62429168081157e-4,0.0018632867827594515,7.826412759319651e-4
P43,8,HbO,5,7.945920288744486e-4,-0.012258154845989055,-0.007841249248789742
P43,8,HbR,5,-2.0288816679093585e-4,0.00262226387207292,0.0052659007606565954
P43,9,HbO,5,1.1000762075917087e-5,-0.012628227658531672,-0.01956871863343583
P43,9,HbR,5,-3.961372830781652e-4,0.005455741094148369,0.008855701739816844
P43,10,HbO,5,0.0010074578322872556,-0.00724511121033656,-0.018619930114034698
P43,10,HbR,5,-6.386512462768978e-4,0.002967186273969473,0.004517778022905784
P43,11,HbO,5,7.908314028510003e-5,-7.544065130968396e-4,-4.4866731588450955e-4
P43,11,HbR,5,-9.686784492285533e-5,4.076361172048065e-4,-6.612766148272536e-7
P43,12,HbO,5,2.451042960726168e-4,-0.009181921585824017,2.4042843276849318e-4
P43,12,HbR,5,-0.0014665066353045132,0.0022189368914020385,-0.0052568689007962315
P43,14,HbO,5,-0.0039055861503993925,-0.004466177399606488,-0.008973008003396994
P43,14,HbR,5,-1.8404245672933947e-5,0.0016663785807763747,0.007236465899553763
P43,15,HbO,5,-6.023167076891748e-4,-4.406355669420119e-5,-0.0023809993238079826
P43,15,HbR,5,2.1517160481540872e-5,6.730737371961607e-5,6.862303242035556e-4
P43,16,HbO,5,-7.060282080697996e-5,7.79325481971922e-5,1.8664892314263618e-4
P43,16,HbR,5,-5.580276937264571e-5,5.348045379091328e-5,-1.1819599518534508e-4
P43,17,HbO,5,-9.789517647304132e-5,6.914735596056812e-5,5.566494488103255e-5
P43,17,HbR,5,-4.94375372274025e-5,7.435843728584718e-5,1.261164243152725e-4
P43,18,HbO,5,-3.8129250254538357e-7,1.7365769881574162e-5,-2.2986396473992634e-5
P43,18,HbR,5,5.597698056467943e-7,1.7924241512584632e-6,-2.8568445511616274e-5
P43,19,HbO,5,-3.944620342409246e-6,1.0242130808958349e-5,-1.3451549758737718e-5
P43,19,HbR,5,9.371115113310027e-7,3.724711761180393e-6,-2.7351545100868272e-5
P43,20,HbO,5,5.144032964024996e-7,-7.287939969235297e-7,1.8585165953772106e-5
P43,20,HbR,5,-5.9158013317317336e-8,1.3023043585012704e-6,-6.602295699056525e-6
P43,21,HbO,5,1.132620645671121e-6,-1.093275916508627e-6,-5.459593605977784e-6
P43,21,HbR,5,-6.859629960101405e-7,-2.6409688968941794e-7,1.7735477825023195e-6
P43,22,HbO,5,-2.1659454901341431e-4,-1.4562004449278145e-4,0.0014399158764051288
P43,22,HbR,5,-1.2607633119692026e-4,-6.898203388563987e-5,3.278806058888108e-4
P43,23,HbO,5,-2.461043874635669e-4,-2.0313746955757104e-4,0.0012177603114019294
P43,23,HbR,5,-9.599644405181234e-5,2.106913380129476e-5,6.609399279990316e-4
P43,1,HbO,8,-4.465576086591538e-5,4.656522944163885e-5,3.1258444110730245e-5
P43,2,HbO,8,-3.879097085185063e-5,2.1718573275490312e-4,-0.0013529414827036298
P43,3,HbO,8,-5.5669178259000475e-5,-2.653561383642295e-5,-1.5435485650167527e-4
P43,4,HbO,8,-4.798769058665993e-5,-8.690468465212209e-5,-7.997243954990657e-4
P43,5,HbO,8,-9.403360963741861e-4,1.6836740054956907e-4,-0.0030859508569208685
P43,7,HbO,8,-0.0010509751549344364,-0.004508664318801422,-0.001098144924353982
P43,8,HbO,8,6.902951412593302e-4,-0.00886574828786138,-0.002875693413382344
P43,9,HbO,8,-3.4423284415731076e-4,-0.00897573032910096,-0.0193803384527008
P43,10,HbO,8,4.6306583019522563e-4,-0.0026719440410563323,-0.017151743004610663
P43,11,HbO,8,-1.9446139789056988e-5,-9.519692644096621e-5,-0.0016281514635748029
P43,12,HbO,8,-6.680038730775084e-4,-0.0033117993065288477,-0.0065497288629018545
P43,14,HbO,8,-0.004075036908023804,-0.0019456019321307054,-0.007454171342923647
P43,15,HbO,8,-6.755478794961916e-4,5.607752660239056e-4,-0.00213586195289484
P43,16,HbO,8,-5.12319538494347e-5,-2.8321088433252445e-6,-2.1171330646080574e-5
P43,17,HbO,8,-7.680313084949163e-5,3.6829015378550866e-5,-5.808431769479152e-5
P43,18,HbO,8,-4.656807595673331e-7,1.334648202701394e-5,-1.920167008346818e-5
P43,19,HbO,8,-3.3233604640634457e-6,7.823988247995028e-6,-1.3426404706535853e-5
P43,20,HbO,8,3.760705183569713e-7,-1.7868228717014723e-6,5.554314454845564e-6
P43,21,HbO,8,6.542677977906939e-7,-6.3337145765676e-7,-1.252811201341788e-6
P43,22,HbO,8,-1.886629281614766e-4,-1.4306793626924874e-4,0.0011335254280331135
P43,23,HbO,8,-2.1028300752268085e-4,-1.9958218321963045e-4,7.362162870566696e-4
P43,1,HbO,11,-3.961810149872966e-5,5.1818252573680806e-5,-5.44836252432999e-6
P43,2,HbO,11,-2.755939948906043e-5,2.7683668376187495e-4,-0.0012840654706823675
P43,3,HbO,11,-4.288388698352407e-5,-4.786375397497678e-5,-2.041518912866749e-4
P43,4,HbO,11,-3.4000217371752576e-5,-1.854037967724991e-5,-7.348073068112814e-4
P43,5,HbO,11,-3.427319754437102e-4,0.0033037538952051114,-0.006126698062689107
P43,7,HbO,11,-4.587157138162095e-4,-0.002048686843083181,-0.004065903985810658
P43,8,HbO,11,7.59982087804327e-4,-0.005406881057876993,-2.237659762602745e-4
P43,9,HbO,11,-1.0627709391686628e-4,-0.004893284847690121,-0.01780963163809997
P43,10,HbO,11,2.551331252497094e-4,0.001090261686648942,-0.01476318436204763
P43,11,HbO,11,-6.139936302755088e-5,4.042406001975985e-4,-0.0023305563560511717
P43,12,HbO,11,-9.27700973181731e-4,0.0015163038398149171,-0.010479784880117029
P43,14,HbO,11,-0.0037845672296752952,1.7582445513798523e-5,-0.0058173691084660055
P43,15,HbO,11,-6.924222488213895e-4,8.650885346438297e-4,-0.002201030026303224
P43,16,HbO,11,-4.2094013971185835e-5,-5.2692879397563934e-5,-1.4650585514403393e-4
P43,17,HbO,11,-6.171272043424913e-5,1.2033811596951697e-5,-1.0977017521998213e-4
P43,18,HbO,11,-4.17814637460581e-8,7.696902693277092e-6,-1.3562746294425597e-5
P43,19,HbO,11,-2.2127490942548494e-6,4.714384892903121e-6,-7.53540768349726e-6
P43,20,HbO,11,5.011178007804943e-7,-1.5586965978975509e-6,-2.4015754823635883e-6
P43,21,HbO,11,4.788052145618613e-7,-3.3010545888800353e-7,2.4002087850035405e-6
P43,22,HbO,11,-1.715215891074372e-4,-1.3669414105678122e-4,8.393724114630017e-4
P43,23,HbO,11,-1.8938969602696015e-4,-1.8595830034962986e-4,3.9215268456169254e-4
P43,1,HbO,14,-3.4450016969600994e-5,3.890357766235767e-5,-2.7731150818264e-5
P43,2,HbO,14,-3.235616422512922e-5,3.0557604809349403e-4,-0.0011187444179212678
P43,3,HbO,14,-3.216610792266765e-5,-6.284471491391912e-5,-2.0387753785954001e-4
P43,4,HbO,14,-2.4021842242520226e-5,2.4997125883896655e-5,-5.480547109828187e-4
P43,5,HbO,14,1.9804308690935158e-4,0.005171833023097689,-0.007957928861775753
P43,7,HbO,14,1.1889816798603715e-4,9.462486819709827e-5,-0.006836540046057035
P43,8,HbO,14,8.706000713663e-4,-0.00181728709502099,8.456110951746152e-4
P43,9,HbO,14,0.00036057577097478696,-0.0011403137134865873,-0.014969393769042728
P43,10,HbO,14,1.6777589247369038e-4,0.003778723307628611,-0.011428249895456603
P43,11,HbO,14,-7.410562944937782e-5,6.764639978370018e-4,-0.0026349792216227266
P43,12,HbO,14,-9.346832350016293e-4,0.004687335516797228,-0.012333505886564494
P43,14,HbO,14,-0.0032478842855584275,0.0014208233775589176,-0.004175544671813747
P43,15,HbO,14,-6.539392226656909e-4,9.871372084054215e-4,-0.00212275931893608
P43,16,HbO,14,-3.394237030737906e-5,-8.473257880896129e-5,-1.8587727878128705e-4
P43,17,HbO,14,-4.846946092588253e-5,-1.3148649195425651e-5,-1.421758672282657e-4
P43,18,HbO,14,7.521660143137041e-7,2.282273219810953e-6,-5.990121946620519e-6
P43,19,HbO,14,-1.0673280122300663e-6,2.4365255588219206e-6,5.13350708382348e-7
P43,20,HbO,14,4.993765541732956e-7,-6.256914766422619e-7,-5.860183657728626e-6
P43,21,HbO,14,3.753006323785891e-7,-1.0098165371491879e-7,3.5855366828473164e-6
P43,22,HbO,14,-1.59530430798789e-4,-1.1888064111906856e-4,5.423595757286112e-4
P43,23,HbO,14,-1.723861330337545e-4,-1.6762133036733477e-4,1.4408994286894616e-4
P43,1,HbO,17,-2.5065236031491855e-5,1.6336880771352174e-5,-4.2352908288970915e-5
P43,2,HbO,17,-4.504866962075412e-5,3.0556943203751454e-4,-8.45021546754703e-4
P43,3,HbO,17,-2.113796022114045e-5,-8.06657900195048e-5,-1.7258635612430067e-4
P43,4,HbO,17,-1.821142949755468e-5,4.11594100465029e-5,-3.2545818854729257e-4
P43,5,HbO,17,4.256050212542379e-4,0.0058576465972025316,-0.00821243647397505
P43,7,HbO,17,4.912308615318598e-4,0.0017554465833110968,-0.008954413075549143
P43,8,HbO,17,9.161704741018381e-4,0.0016244143670679995,7.277198446238648e-4
P43,9,HbO,17,7.306851196983486e-4,0.001704572405876788,-0.011436807138050257
P43,10,HbO,17,5.1461388278368754e-5,0.005306086570142647,-0.007333227228743396
P43,11,HbO,17,-7.919216459473637e-5,7.462918227813295e-4,-0.002579562497873608
P43,12,HbO,17,-9.3612323731092e-4,0.00617592366066232,-0.01259554646395561
P43,14,HbO,17,-0.0026431688682516494,0.002353270868540782,-0.0029197630709250177
P43,15,HbO,17,-5.684567937764087e-4,9.987227135968117e-4,-0.0017563009641369416
P43,16,HbO,17,-2.2872054395869452e-5,-1.0415770703306003e-4,-1.6079932997596305e-4
P43,17,HbO,17,-3.5907857652009464e-5,-3.675188908673013e-5,-1.6761553621210488e-4
P43,18,HbO,17,1.4658586020112761e-6,-1.7633035416557e-6,5.0607529485629556e-8
P43,19,HbO,17,-2.9176598534419196e-7,1.19939985906722e-6,6.184847340628247e-6
P43,20,HbO,17,2.561403311675749e-7,2.5502053061474266e-7,-6.690063195541818e-6
P43,21,HbO,17,1.246175575292318e-7,-2.558772042075357e-9,2.4590004876579738e-6
P43,22,HbO,17,-1.4792611872668332e-4,-9.009199466441907e-5,2.6031059246012765e-4
P43,23,HbO,17,-1.527817188805337e-4,-1.4408436758871213e-4,-2.889703796689766e-5
P12,1,HbO,5,-0.007597713698364424,0.00590052553819946,0.00769656088296478
P12,1,HbR,5,-0.0024487312395587084,-0.004297613739702562,-0.010809186511122303
P12,7,HbO,5,-0.0054324616022046355,0.0043013207489672875,0.005824294503386855
P12,7,HbR,5,6.668941054434479e-5,0.0011714978362611505,0.0018817839853098673
P12,8,HbO,5,-0.006866925801345509,0.004714180506734358,0.009236072422568915
P12,8,HbR,5,-0.00134940229043996,-0.00099932314335542745,-0.004848184164669419
P12,9,HbO,5,-0.0018501637898207244,0.008860399820686642,0.018026333218510587
P12,9,HbR,5,-9.584381869792883e-4,7.969084505046034e-4,-0.001432820506127944
P12,12,HbO,5,-0.002641301383979309,0.010859099037064784,0.01986598975307011
P12,12,HbR,5,-0.003498640145585319,0.003592318432507133,0.0010706713008623418
P12,14,HbO,5,4.6099724504740434e-4,0.013596750409671735,0.02181373879091018
P12,14,HbR,5,-0.0028366228661749378,-0.0012352759125182407,-0.007202698940111514
P12,17,HbO,5,-0.0015888263497891167,0.0017549747957291864,-0.0015709745980174944
P12,17,HbR,5,-0.0027923521824262812,-0.0036302996164176747,-0.0076004285379403895
P12,18,HbO,5,-8.670702626938983e-6,-2.128174457042402e-5,-2.5223496369978898e-5
P12,18,HbR,5,-8.12084797487764e-6,-1.0416996730915097e-5,-2.1854258715554708e-5
P12,19,HbO,5,-8.531120276438698e-6,-1.0909431245352133e-5,-1.6363595590406403e-5
P12,19,HbR,5,-6.463600463355847e-6,-1.0172961340984032e-5,-1.5206880696923747e-5
P12,20,HbO,5,-2.1772582748170754e-6,-7.630619306835101e-6,-9.47479873381656e-6
P12,20,HbR,5,-6.997881558459939e-6,-7.500321075152213e-6,-1.7663731585610702e-5
P12,21,HbO,5,-2.4146179430882046e-6,-2.5260435029216655e-6,-9.526501328914176e-6
P12,21,HbR,5,-1.8263355880175655e-6,-6.20278988752742e-6,-6.285036375418777e-6
P12,22,HbO,5,-0.0011066040628558652,-0.0015242236983897108,-0.002880615366216603
P12,22,HbR,5,-0.0039239740825411495,-0.0014972867140569056,-0.005441373908179321
P12,1,HbO,8,-0.006977488961346552,0.004297551305082664,0.0057300813386138225
P12,7,HbO,8,-0.006461311964231557,0.0035055406827331184,0.00346607057635074
P12,8,HbO,8,-0.007941649742615476,0.003931566405996652,0.007198056892296508
P12,9,HbO,8,-0.0024457843480984918,0.007632376562990897,0.013730087976374008
P12,12,HbO,8,-0.003803000465284985,0.011327135319728013,0.018961495216839912
P12,14,HbO,8,-1.0695245623134086e-4,0.012710801740662716,0.0183237785868881
P12,17,HbO,8,-0.0015280588312940597,0.0013634724557983224,-0.0016057052175436756
P12,18,HbO,8,-7.106749024979289e-6,-1.5990673845505413e-5,-2.1336391187465857e-5
P12,19,HbO,8,-6.373940569203128e-6,-6.34892877914539e-6,-1.2685993338302309e-5
P12,20,HbO,8,-1.8583228024230707e-6,-4.665499694921927e-6,-5.607702787041306e-6
P12,21,HbO,8,-2.913289441616831e-6,-3.7655589519533714e-7,-4.6850940911090395e-6
P12,22,HbO,8,-0.0019825554125776756,0.0011159865877163769,1.417073875984683e-4
P12,1,HbO,11,-0.0061662861682506035,0.0028775971981364525,0.003661455551713655
P12,7,HbO,11,-0.00707024504646294,0.0027313058678153598,0.0014791239176953387
P12,8,HbO,11,-0.008473142758700338,0.003515224644728276,0.005456850582960389
P12,9,HbO,11,-0.0027753401620846533,0.006771685469747521,0.01005399872152247
P12,12,HbO,11,-0.0042223289881738926,0.011806422084493862,0.018657172638118124
P12,14,HbO,11,-2.8590934131493274e-4,0.011702798999179377,0.015420859202966817
P12,17,HbO,11,-0.0013427172223793708,0.00121198153523562,-0.0014191439119795029
P12,18,HbO,11,-5.294848266046666e-6,-1.1563749687716771e-5,-1.9375211238732306e-5
P12,19,HbO,11,-4.32895202543978e-6,-3.433807608568086e-6,-1.0456993596851737e-5
P12,20,HbO,11,-1.4939909559979752e-6,-2.6286514576453437e-6,-2.7901912123564318e-6
P12,21,HbO,11,-2.7097587566231776e-6,1.2655180808867848e-6,-8.764515138040301e-7
P12,22,HbO,11,-0.002404029312604807,0.0028360726006371783,0.001909575505174654
P12,1,HbO,14,-0.005222784381243814,0.0015013750815143871,0.0013946551989108575
P12,7,HbO,14,-0.007294861684669956,0.0021591759833248683,-1.0837819481245893e-4
P12,8,HbO,14,-0.008456456489147434,0.0032642941471921574,0.0037608009042319215
P12,9,HbO,14,-0.0029301035578973007,0.006045494900360122,0.006900065003133561
P12,12,HbO,14,-0.0041800738758251505,0.01187371617853342,0.018221336930295352
P12,14,HbO,14,-3.053295328119679e-4,0.010271522987238735,0.01266630973160015
P12,17,HbO,14,-0.0010837180459610171,0.0011482837419726586,-9.758750358873102e-4
P12,18,HbO,14,-3.4409240648904133e-6,-7.479660759425552e-6,-1.5823987539629323e-5
P12,19,HbO,14,-2.6198773963319224e-6,-2.2891146011688198e-6,-8.660285701209869e-6
P12,20,HbO,14,-1.0251573429289455e-6,-1.4518335680697271e-6,-8.576782490073108e-7
P12,21,HbO,14,-2.089245507314875e-6,2.0183008298969636e-6,1.2759982263959033e-6
P12,22,HbO,14,-0.002543361863497491,0.0039187522796788315,0.002716400711443181
P12,1,HbO,17,-0.004179271400250809,2.0296396414825037e-4,-9.099501698475181e-4
P12,7,HbO,17,-0.007134769292635092,0.001605982696093257,-0.001558615239633431
P12,8,HbO,17,-0.007958542336418822,0.0026545717721375333,0.0015622610059437953
P12,9,HbO,17,-0.002958363075751245,0.005018758737111782,0.0037329870637417234
P12,12,HbO,17,-0.003846807622705491,0.011041554986469733,0.016654507786310904
P12,14,HbO,17,-2.5516010543455187e-4,0.008495105609303163,0.010003816067405266
P12,17,HbO,17,-7.929001020864e-4,9.597592802290172e-4,-5.693411951386946e-4
P12,18,HbO,17,-1.5755117901338968e-6,-2.884673704120458e-6,-9.191161311631818e-6
P12,19,HbO,17,-1.1445089694879247e-6,-1.9060343344382856e-6,-6.327273237962405e-6
P12,20,HbO,17,-5.345299419615735e-7,-9.992360324450687e-7,-5.5127829650772234e-8
P12,21,HbO,17,-1.417630418064872e-6,1.7659730507914983e-6,1.7384860981737584e-6
P12,22,HbO,17,-0.0024823595345279683,0.004333220824390207,0.002632851925350049
P57,1,HbO,5,5.218863113298964e-4,-0.005648644119652364,-0.0019935486102707657
P57,1,HbR,5,-4.0046777750625155e-4,0.0011307719794152898,-0.0018107650247087567
P57,2,HbO,5,1.1350859035224202e-4,-7.999595493953774e-4,-8.516802586998246e-4
P57,2,HbR,5,-1.6210699001555274e-4,3.261837489850124e-4,2.207838625682094e-4
P57,3,HbO,5,0.0027856792551374772,-0.005661243765522547,-8.115993330741192e-4
P57,3,HbR,5,-0.0011358711700688521,7.262802008000746e-4,-3.648098249225912e-4
P57,4,HbO,5,-3.345438847146795e-6,-6.861618786243522e-5,-2.059454374300974e-4
P57,4,HbR,5,-6.0971360055702724e-5,5.531672520429142e-5,4.013387240663635e-5
P57,5,HbO,5,0.0018433169519374319,1.9391520806751828e-4,-0.012146462014819094
P57,5,HbR,5,-6.3081136621126e-4,6.720663644497734e-4,-0.00169900691660045
P57,7,HbO,5,0.0017523225272940853,3.498283659811668e-5,-0.00813015457951505
P57,7,HbR,5,-6.062823946241145e-4,2.0651041814225354e-5,0.0011145640977373837
P57,8,HbO,5,2.2798843234749433e-4,7.765127316354767e-5,-0.0016322579555932246
P57,8,HbR,5,-1.1651824685247558e-4,1.2611823170407448e-5,3.9529749617221895e-4
P57,9,HbO,5,0.0022196431544461116,-6.635669426643038e-4,-0.005329161247669404
P57,9,HbR,5,-7.456130736839447e-4,4.315214857086934e-5,-1.0436877430378278e-6
P57,10,HbO,5,9.826293928578923e-4,-0.00351212565682635,-0.002255292555096185
P57,10,HbR,5,-7.16106791405773e-4,4.091071362012945e-4,-6.63318936743984e-4
P57,11,HbO,5,0.001576304000449269,-0.0018042465808921233,-0.010143364416640453
P57,11,HbR,5,-6.110022103634769e-4,3.019569997423973e-4,-7.290753353612506e-4
P57,12,HbO,5,0.0032971555460077013,-0.00396847046543292,-0.008312450049916717
P57,12,HbR,5,3.1440005016067704e-5,-3.083753017586675e-4,-0.0013573637825967984
P57,14,HbO,5,0.00206321784994785,-0.0025750297253489293,0.00212881565738965
P57,14,HbR,5,-1.080015599107118e-4,-1.1279874217738788e-4,-0.0013248137588302803
P57,15,HbO,5,0.0013045602703534165,-0.003633534834762205,0.0013444815302765156
P57,15,HbR,5,-8.871375724801523e-4,-3.806649999954406e-4,-0.002760997284223209
P57,16,HbO,5,0.004057961033740034,-0.00500973734971367,1.4989952415880072e-4
P57,16,HbR,5,-0.0015064640602726023,0.0014836712470558773,-6.960082040295113e-4
P57,17,HbO,5,0.00227103331162947,-0.005471798674242454,-0.0030953401489969175
P57,17,HbR,5,-2.3122595649628346e-4,7.48818745340293e-4,-6.829500670383934e-5
P57,18,HbO,5,-5.227271279506536e-7,1.9452382902364385e-6,1.2518434881137277e-6
P57,18,HbR,5,7.75068300197192e-7,-4.840470880617953e-6,-1.652675724773938e-6
P57,19,HbO,5,4.32357381654989e-6,-5.3804313367904e-6,-1.9924725504627787e-6
P57,19,HbR,5,-5.157364990810329e-7,-1.5586550386762766e-6,-1.1072794291201127e-6
P57,20,HbO,5,-0.01267388597979441,0.001923290654954246,0.01028996928252911
P57,20,HbR,5,-0.003979225600279914,4.1377867717132065e-4,1.069876491221134e-4
P57,21,HbO,5,-0.02100830296388448,0.01080333554227969,0.00991706196271136
P57,21,HbR,5,-0.006819918014531795,-0.004460141354590898,0.0017468746523324175
P57,22,HbO,5,0.003730591323547092,-0.003248401372962419,-0.0014981970466729124
P57,22,HbR,5,-5.606799003638426e-4,-4.1987268633671745e-4,2.0459606277067947e-4
P57,23,HbO,5,0.0018534762911567837,-0.005125549978471388,-0.005762591279013604
P57,23,HbR,5,-9.383635254926082e-4,-2.7945799610296674e-5,-2.2047345787232266e-4
P57,1,HbO,8,-1.8744537823683772e-4,-0.004562147472694252,-0.0010151305270495064
P57,2,HbO,8,-8.484480566380168e-5,-7.615549774505833e-4,-5.280804380730078e-4
P57,3,HbO,8,0.001642659829088499,-0.004969307152709581,1.4540850789730063e-4
P57,4,HbO,8,-2.1509715858338394e-5,-4.008990706183372e-5,-1.4133899374993257e-4
P57,5,HbO,8,-3.4986288578662996e-4,1.7111663626858417e-4,-0.008535441879362695
P57,7,HbO,8,2.715640683199716e-4,1.821055600277587e-4,-0.006120158743898534
P57,8,HbO,8,-6.732849191452248e-5,1.5148199267210608e-4,-0.0011966999352232507
P57,9,HbO,8,6.578442667408553e-4,-2.1630470753803872e-4,-0.004196639717245948
P57,10,HbO,8,-2.9855823527958925e-4,-0.0020237929187558326,-0.0014725073478959467
P57,11,HbO,8,4.847875562134247e-4,-8.234668169785016e-4,-0.0077640805801952595
P57,12,HbO,8,0.001829233523191696,-0.0032304245056361063,-0.005831661348039071
P57,14,HbO,8,0.0015199142514672876,-0.0022015191912181345,0.0023398094692303013
P57,15,HbO,8,6.269760415347149e-4,-0.002854749808178646,0.0023768230995559864
P57,16,HbO,8,0.002560297237020719,-0.003890401075127405,0.0012839845564352112
P57,17,HbO,8,0.001398923261134009,-0.004191774707344538,-0.002094081297029733
P57,18,HbO,8,-4.1208974299047554e-7,7.732596303286942e-7,-6.814783055950499e-7
P57,19,HbO,8,2.3866581926419463e-6,-3.4637254017042953e-6,-1.4903601506946388e-6
P57,20,HbO,8,-0.009417835510330541,0.0022238176662522217,0.008614432358463205
P57,21,HbO,8,-0.014258712039515758,0.005017229961623017,0.007078057143033118
P57,22,HbO,8,0.0020781556331365054,-0.003836556592925302,6.953586827732326e-4
P57,23,HbO,8,7.388097916301748e-4,-0.004580144636182798,-0.003225246091453026
P57,1,HbO,11,-7.499735542168506e-4,-0.003716208988950902,-1.7722289507375588e-4
P57,2,HbO,11,-2.5632972692874454e-4,-7.189397846805981e-4,-2.4381299600237456e-4
P57,3,HbO,11,7.388062088182043e-4,-0.004230952505940234,9.407189005256501e-4
P57,4,HbO,11,-3.765709586433175e-5,-3.2967483008861136e-5,-8.597943429919288e-5
P57,5,HbO,11,-0.0019983237612166975,1.8064418940980104e-4,-0.005367530654344989
P57,7,HbO,11,-8.74659585018904e-4,3.5363879600435724e-4,-0.004264395279064655
P57,8,HbO,11,-2.7938661855476206e-4,2.0948375757431816e-4,-7.805657496962151e-4
P57,9,HbO,11,-5.115265942899735e-4,2.608588481339884e-4,-0.003013941690158559
P57,10,HbO,11,-0.0013395444089642791,-6.832852561667351e-4,-5.590806282353151e-4
P57,11,HbO,11,-4.217097085009675e-4,-1.3451072957223152e-4,-0.00559006722913082
P57,12,HbO,11,6.357864224754556e-4,-0.0025859855312746222,-0.0034698030084638998
P57,14,HbO,11,0.001080944108448594,-0.0017372383708871401,0.0023285277190783376
P57,15,HbO,11,1.3845826319361273e-4,-0.002163653709650842,0.0031966024456996263
P57,16,HbO,11,0.0013478985462450313,-0.0028374866021357516,0.002215825489812064
P57,17,HbO,11,0.00076290997669434485,-0.0030608126469732896,-9.978816327676587e-4
P57,18,HbO,11,-6.062786263035443e-7,8.863382905543861e-8,-2.549068027471324e-6
P57,19,HbO,11,5.618228547301251e-7,-1.92518178237303e-6,-1.2464508548586732e-6
P57,20,HbO,11,-0.006968828848017752,0.002428999656441751,0.00731920128051294
P57,21,HbO,11,-0.009025354988460039,6.472819250341549e-4,0.005053483678982102
P57,22,HbO,11,7.422315318867286e-4,-0.004053828942021194,0.0023476483659187488
P57,23,HbO,11,-1.9127956387884619e-4,-0.0040534394038582635,-0.0010718620340020434
P57,1,HbO,14,-0.0012074549016107285,-0.00302719717682822,4.655672960779978e-4
P57,2,HbO,14,-3.951425160294277e-4,-6.738142250713775e-4,-2.2233646578199766e-5
P57,3,HbO,14,-1.6943856918510844e-5,-0.003382092291654782,0.0016332432468312676
P57,4,HbO,14,-5.223390982518119e-5,-3.447199260970712e-5,-4.42848091946356e-5
P57,5,HbO,14,-0.003119885498351554,3.065349922802266e-5,-0.0025607579441721453
P57,7,HbO,14,-0.0016790356608291869,3.3548949203844207e-4,-0.002646930614214375
P57,8,HbO,14,-4.0867940888113593e-4,2.27207252065388e-4,-4.6423571880314506e-4
P57,9,HbO,14,-0.0013818193004605166,5.808064534762879e-4,-0.0020875240016636474
P57,10,HbO,14,-0.0020890804708320536,2.412621198987926e-4,1.9527140306032568e-4
P57,11,HbO,14,-0.0011461999341287564,1.8063524650078382e-4,-0.0036206491202648104
P57,12,HbO,14,-3.45312892559186e-4,-0.002117067619582871,-0.0014301638154319344
P57,14,HbO,14,6.286373543850025e-4,-0.00132263767526937,0.002174237699963613
P57,15,HbO,14,-2.908712180555682e-4,-0.0016542593387774125,0.0037723562724048323
P57,16,HbO,14,3.12945369245864e-4,-0.0018633825419295878,0.002782018468864369
P57,17,HbO,14,2.903928644626922e-4,-0.001984011188512651,-8.578713998164116e-5
P57,18,HbO,14,-7.96470012052882e-7,-4.585237145810096e-7,-2.8908631591023567e-6
P57,19,HbO,14,-7.026433751921793e-7,-7.404438602944856e-7,-9.909179731073642e-7
P57,20,HbO,14,-0.0048013013330990605,0.0023782857083826875,0.006075751141584883
P57,21,HbO,14,-0.0045043426188874965,-0.002863362283900208,0.00333340706164727
P57,22,HbO,14,-3.534433395165894e-4,-0.004076594987703465,0.003434954327485426
P57,23,HbO,14,-9.438137363613449e-4,-0.0036511180911312493,6.325270886740652e-4
P57,1,HbO,17,-0.0015765974095017735,-0.0023694818649317904,8.851657921899158e-4
P57,2,HbO,17,-5.019561421252008e-4,-6.115191376534845e-4,1.2614256308538424e-4
P57,3,HbO,17,-6.744310408743299e-4,-0.002470966202620756,0.0021761596819300116
P57,4,HbO,17,-6.628663170991893e-5,-3.1035542923593226e-5,-1.680048447181329e-5
P57,5,HbO,17,-0.0038294150611093126,-1.8353677137640696e-4,-2.3812534926698868e-4
P57,7,HbO,17,-0.002223723049481786,1.8153779209894542e-4,-0.001367764069638967
P57,8,HbO,17,-4.8281978128866755e-4,2.2259478814574417e-4,-2.8170161919663855e-4
P57,9,HbO,17,-0.002058564954023727,7.402467820185249e-4,-0.0015382714690942553
P57,10,HbO,17,-0.0026148920644318823,7.903267456689757e-4,5.382478396812902e-4
P57,11,HbO,17,-0.0017251912531280906,2.313856360707463e-4,-0.00196086924774383
P57,12,HbO,17,-0.0011907721448237358,-0.001717995664932742,6.463532288986333e-5
P57,14,HbO,17,1.3569938821305383e-4,-0.0010289468213338902,0.0019087209844717303
P57,15,HbO,17,-7.201630791923158e-4,-0.0013118712684823777,0.0040013131322917134
P57,16,HbO,17,-5.955554536015874e-4,-9.772727927646679e-4,0.002878496840977635
P57,17,HbO,17,-1.2798832194033045e-4,-9.258188774211479e-4,4.439075841640886e-4
P57,18,HbO,17,-6.152962334024587e-7,-8.520936389839811e-7,-1.997107159545265e-6
P57,19,HbO,17,-1.329565017707852e-6,2.9783020576262745e-7,-8.076977670321945e-7
P57,20,HbO,17,-0.002835500354826177,0.002113553787527343,0.0047264265368635065
P57,21,HbO,17,-5.502259320880328e-4,-0.005556638606476607,0.0017187198795642733
P57,22,HbO,17,-0.001262391929415537,-0.003941601615490991,0.003925867571939898
P57,23,HbO,17,-0.0015444197111082576,-0.0033124893648643385,0.0017208547377481557
P05,1,HbO,5,-2.812448956781687e-4,-2.492437508254304e-4,-0.002964684164280891
P05,1,HbR,5,-9.279400075323823e-4,-9.704246289302804e-4,6.763232391682424e-5
P05,2,HbO,5,-0.003160114383196899,0.007844646022580571,-0.004575114788024016
P05,2,HbR,5,-4.721261816844301e-4,0.0010473341899325038,7.334758988345229e-4
P05,3,HbO,5,-6.674667135467848e-4,0.0012972679181595611,-7.583835825954268e-5
P05,3,HbR,5,-9.549938188059551e-4,-0.0010638822657119244,-0.0021300960016424784
P05,4,HbO,5,-0.0019477913915200975,0.004393738316393921,-0.0029883916243402565
P05,4,HbR,5,7.619806834602807e-5,-3.6753452434723955e-4,7.523879527740818e-5
P05,5,HbO,5,-0.005548446112032313,1.5024676058640745e-4,-0.004394830471533025
P05,5,HbR,5,0.0011414629099486054,4.0785855918558725e-4,0.002474431976548721
P05,7,HbO,5,-0.002721838170739354,-0.0018714374563507132,-0.0045309650813689815
P05,7,HbR,5,-2.2186140839769877e-5,6.08704746490296e-5,0.001563743775091777
P05,8,HbO,5,-0.0019151040443726342,3.479741399372041e-4,-0.002015309957256285
P05,8,HbR,5,1.511144049916936e-4,-1.5204446096482075e-4,5.37364106860681e-4
P05,9,HbO,5,-0.002903232745646176,7.881095506665097e-4,-0.0014287942844615135
P05,9,HbR,5,5.000685919746626e-4,-0.0013645992126633956,1.858036263946452e-5
P05,10,HbO,5,-0.0011729111931241324,0.0014798539962763012,0.0010068391079803302
P05,10,HbR,5,-5.895779475769614e-4,-9.394329222757958e-4,-1.701062231018896e-4
P05,11,HbO,5,-4.982456093105892e-4,0.0035467339078458678,0.0026042775852902944
P05,11,HbR,5,-5.572508039113821e-4,2.8378884486577605e-6,-0.0028067975948792966
P05,12,HbO,5,-0.0016345447147337474,0.0030999470749252345,7.335573285185945e-4
P05,12,HbR,5,-7.883254055260927e-5,0.0014695912642765407,-0.0018069544253222069
P05,14,HbO,5,-0.001884909648501178,-0.004204658465738011,-0.0021748410025839472
P05,14,HbR,5,1.7367090636874106e-4,0.0020263474418594288,6.456166074008314e-4
P05,15,HbO,5,-2.7666421139804503e-5,3.004309028199007e-5,-1.0027325184219091e-4
P05,15,HbR,5,-5.236789566505874e-5,-1.0032126938079759e-4,-3.3927243546279005e-5
P05,16,HbO,5,-5.879142059914888e-4,-0.005670862698343838,-4.3049601646485676e-4
P05,16,HbR,5,-0.001265825674488195,-5.5560691886501484e-5,-0.0055722973736822175
P05,17,HbO,5,1.9496393677550996e-4,-0.0048214911951721985,-0.0027963149652466468
P05,17,HbR,5,-0.0011713927563095446,0.0027598170142707286,-0.0035651943914308316
P05,18,HbO,5,7.242656615010961e-6,-4.616985743658723e-5,1.861814517735785e-5
P05,18,HbR,5,2.9017793812551276e-6,-8.578580829586461e-5,6.5844026817719815e-6
P05,19,HbO,5,-5.630199150426815e-6,-3.199285054026474e-5,-6.3237970671819325e-6
P05,19,HbR,5,5.043508889306072e-6,-3.2112777737036936e-5,3.2154479010416314e-6
P05,20,HbO,5,-2.974103357796284e-4,-9.946874012907532e-4,-2.0103370647624248e-4
P05,20,HbR,5,1.854448226107972e-5,5.013679571282494e-4,-1.8533552459458412e-4
P05,21,HbO,5,-1.840475384626146e-4,6.519758925455192e-4,-7.417502001761739e-5
P05,21,HbR,5,-5.5850840857133544e-5,-4.47555818855054e-4,-2.399494466550268e-4
P05,22,HbO,5,-6.154809558479186e-4,9.500659473987877e-4,-4.290195939721549e-4
P05,22,HbR,5,1.90591076667105e-4,-1.0025154333935503e-4,4.490619558393938e-5
P05,23,HbO,5,-0.0012741615582931992,-5.872044040282631e-4,0.0015796368091669443
P05,23,HbR,5,2.973658052314426e-4,1.5763975975198523e-4,-6.734222180924311e-4
P05,1,HbO,8,-5.088054070929343e-4,-1.2977399800552682e-4,-0.003731126951940092
P05,2,HbO,8,-0.0019297700261071775,0.008526453108611966,-0.003507279042017877
P05,3,HbO,8,-0.0010088587212828768,0.0011068869181855658,-0.0015700105495798822
P05,4,HbO,8,-0.0011182137522415363,0.004568267476994371,-0.0016042135418682744
P05,5,HbO,8,-0.00400746652372684,0.0034177039795638383,-0.003125516326949671
P05,7,HbO,8,-0.001958171244969819,1.4324225690996443e-5,-0.004413407177591982
P05,8,HbO,8,-0.0013878871900118081,0.001945763768092653,-0.0018323963972332704
P05,9,HbO,8,-0.0020207300949406427,0.0016923678023773828,-4.069563975969074e-4
P05,10,HbO,8,-0.0010478579710063982,0.0014707430877145596,0.0012199778494381636
P05,11,HbO,8,-4.998336197390946e-4,0.004484402228479517,0.0020261369721472785
P05,12,HbO,8,-0.0016104814362741674,0.0037819582638936138,-5.435279199280495e-4
P05,14,HbO,8,-0.0018204079123750477,-0.0017902316735907704,-0.0034760773270201017
P05,15,HbO,8,-4.270920260094444e-5,2.1757568254246526e-05,-6.582129541639357e-5
P05,16,HbO,8,-2.8479031522627807e-4,-0.004741640364911603,-0.0017570037598278031
P05,17,HbO,8,3.223898653655006e-4,-0.0030254725072635484,-0.0035146936988747312
P05,18,HbO,8,-1.7427868058741873e-5,1.5321124259845738e-5,3.3977883979000944e-5
P05,19,HbO,8,-1.7031315078599797e-5,-8.806237185962485e-6,5.585226669680981e-6
P05,20,HbO,8,-2.3889801598118586e-4,-7.407925610469012e-4,-2.279340250151174e-4
P05,21,HbO,8,-1.6984519283695155e-4,8.2409750385969e-4,4.991517543987479e-5
P05,22,HbO,8,-4.3624513566896725e-4,7.853914004482232e-4,-5.62420950172208e-4
P05,23,HbO,8,-9.244066682369633e-4,-5.45618641005775e-5,8.40970900781619e-4
P05,1,HbO,11,-7.60902492697371e-4,2.1244652658960816e-4,-0.004138124382155493
P05,2,HbO,11,-0.001055017889714318,0.008355812670277792,-0.002574068470329536
P05,3,HbO,11,-0.001318369114695414,9.172339752763881e-4,-0.002553157667583446
P05,4,HbO,11,-5.138187751508057e-4,0.004405640161748981,-5.517433746193636e-4
P05,5,HbO,11,-0.0025142068639267645,0.005294978817034495,-0.001275414268290313
P05,7,HbO,11,-0.0011899159342614815,0.0013451506944018503,-0.0035032840175287356
P05,8,HbO,11,-8.094198017863258e-4,0.002705487404478129,-0.0011113431380789704
P05,9,HbO,11,-0.0011720301745249883,0.0020580466539420676,8.044687832795489e-4
P05,10,HbO,11,-9.557113497724566e-4,0.0011430458553726515,0.0011343629749436183
P05,11,HbO,11,-6.172542644884e-4,0.004804957046231752,0.0013325246685446952
P05,12,HbO,11,-0.0016908195453084038,0.004189103454158031,-0.0012561891417039366
P05,14,HbO,11,-0.0017995789957986807,3.6921302841244765e-4,-0.004058510063439698
P05,15,HbO,11,-4.706286858153483e-5,1.5769067046809637e-5,-5.199480306686694e-5
P05,16,HbO,11,-2.466420930746608e-4,-0.0038162163993206415,-0.0027361867961765572
P05,17,HbO,11,1.773902710013022e-4,-0.0018327802802955363,-0.0040634012496838815
P05,18,HbO,11,-3.33491272456204e-5,4.760456027885477e-5,6.570537094458204e-5
P05,19,HbO,11,-2.431120696453619e-5,5.383008256668566e-6,2.8063618111665942e-5
P05,20,HbO,11,-1.8552823856754066e-4,-4.727590241236351e-4,-2.562112180992807e-4
P05,21,HbO,11,-1.547189495513211e-4,7.471608236335762e-4,1.2348706908794829e-4
P05,22,HbO,11,-3.270978416945641e-4,6.651486475150567e-4,-6.756892141080198e-4
P05,23,HbO,11,-6.588331636210182e-4,4.47883903606239e-4,3.698422642486818e-4
P05,1,HbO,14,-0.0010727242809531062,6.646585050207085e-4,-0.004155984988013409
P05,2,HbO,14,-7.052612837480456e-4,0.007638275655473325,-0.0020096475530294975
P05,3,HbO,14,-0.0016404941620845519,7.769336318864554e-4,-0.0032061397238531512
P05,4,HbO,14,-2.0450666901795708e-4,0.0039020241037246352,8.09368140500106e-5
P05,5,HbO,14,-0.0013885417040765476,0.006115382866613823,-1.1350779233994677e-4
P05,7,HbO,14,-5.87682614842535e-4,0.0022224319470403302,-0.0023759918917763876
P05,8,HbO,14,-3.880871521512959e-4,0.0030266776147636295,-4.353874868661377e-4
P05,9,HbO,14,-5.920328060106804e-4,0.0020056059332802193,0.0014148814421488572
P05,10,HbO,14,-0.0010512225116140579,7.526210416679808e-4,5.08580687735288e-4
P05,11,HbO,14,-8.147670686632896e-4,0.0047669060935893095,5.590559639669378e-4
P05,12,HbO,14,-0.0018814259070342111,0.0043808351653598625,-0.0017605485894241968
P05,14,HbO,14,-0.0017694236077660508,0.0023212052531241417,-0.00384604348932575
P05,15,HbO,14,-4.343558718816017e-5,6.620162630467557e-6,-3.5933656935374876e-5
P05,16,HbO,14,-4.0943408785027997e-4,-0.0026541963281580573,-0.0035065302661129406
P05,17,HbO,14,-2.2662968673118746e-4,-6.167879252494622e-4,-0.004611940890107861
P05,18,HbO,14,-3.859666732044961e-5,6.275871681469568e-5,9.654932157512426e-5
P05,19,HbO,14,-2.6062716218867148e-5,1.9348955498026012e-5,5.0735918392513176e-5
P05,20,HbO,14,-1.3534144043057344e-4,-2.4736505969909234e-4,-2.7076878857087793e-4
P05,21,HbO,14,-1.4143307057408843e-4,5.461606675153024e-4,1.211714328957178e-4
P05,22,HbO,14,-2.6421817073909364e-4,6.118310596162136e-4,-7.753746517686658e-4
P05,23,HbO,14,-5.122349527425377e-4,0.001027706325581894,-1.381595079592465e-4
P05,1,HbO,17,-0.0013440291235775179,0.0011310971094255977,-0.0037506101643998402
P05,2,HbO,17,-6.798942320688225e-4,0.006550173310303506,-0.0016183869803909937
P05,3,HbO,17,-0.00188109068227316,7.658599274779059e-4,-0.0035072571535879654
P05,4,HbO,17,-8.069512341533359e-5,0.0031473212850337408,4.217189550861103e-4
P05,5,HbO,17,-7.102827935446036e-4,0.00613878440659,2.5661380100701147e-4
P05,7,HbO,17,-1.9096022900954248e-4,0.0027087100910499814,-0.0013526950520745533
P05,8,HbO,17,-1.4659926888956407e-4,0.003115358002053239,1.8865418409255563e-5
P05,9,HbO,17,-2.810183901936452e-4,0.0017516388497340525,0.001272582618776519
P05,10,HbO,17,-0.0012055327006430569,5.773670010944341e-4,-3.265005232465365e-4
P05,11,HbO,17,-9.610753564608988e-4,0.004549768505744966,-1.46199777824786e-4
P05,12,HbO,17,-0.001973517400712838,0.004300166768290684,-0.002021922878627652
P05,14,HbO,17,-0.0016041128400554052,0.0038541652870943523,-0.0029424923395997603
P05,15,HbO,17,-3.761714097621638e-5,-1.1594300222240363e-5,-2.1972255475079943e-5
P05,16,HbO,17,-6.038972370679518e-4,-0.0012858584011062341,-0.0038826493125909004
P05,17,HbO,17,-6.472034016155734e-4,7.431602462843386e-4,-0.0048621915618679385
P05,18,HbO,17,-3.635114035897469e-5,6.782547710822224e-5,1.0777223129776416e-4
P05,19,HbO,17,-2.3790562087063747e-5,3.367780292312957e-5,6.1020563614350546e-5
P05,20,HbO,17,-9.052889674944419e-5,-7.65250242198042e-5,-2.5369360374407853e-4
P05,21,HbO,17,-1.2841428260839958e-4,3.253810904816976e-4,6.269869224176714e-5
P05,22,HbO,17,-2.009277117373896e-4,5.610825625327839e-4,-7.860140053382132e-4
P05,23,HbO,17,-4.3323466370194405e-4,0.0015003055633799592,-6.185238501403777e-4
P09,1,HbO,5,-0.0020669556469849982,-0.0017602548410142152,9.376023555824277e-4
P09,1,HbR,5,-3.3868325327797097e-4,8.381994700841552e-4,-9.864942875280431e-4
P09,2,HbO,5,-0.006345767827591675,0.0028142487761726375,0.0030556341527828434
P09,2,HbR,5,0.001133175882570979,-0.0016223904373261335,2.2205227470606574e-4
P09,3,HbO,5,-0.0014003345565431794,0.0023722172206513954,0.0011548561169772932
P09,3,HbR,5,3.352076902914211e-4,-2.8402473952265445e-4,-0.0026616419767366895
P09,4,HbO,5,-0.003412108761628811,0.003920136747849128,0.003504552580200865
P09,4,HbR,5,7.769938488277276e-4,-0.0017504484440988334,-0.0020710543326078234
P09,5,HbO,5,-0.002614121053858726,0.00503688618077125,0.001131393553821899
P09,5,HbR,5,2.951134954338569e-5,-1.5161902569460172e-4,-0.002078034345214239
P09,7,HbO,5,-0.002426467047890065,0.0014844553210007336,0.003861855827812059
P09,7,HbR,5,0.0014542451232204814,-7.096896417249887e-4,-5.753518087903835e-4
P09,8,HbO,5,-0.0014061112234860721,-1.8871245587937074e-4,0.004074963826193144
P09,8,HbR,5,0.0012240809248718722,-4.923400951391361e-4,-0.0013291071775205757
P09,9,HbO,5,-8.993922678956801e-4,8.09804383822862e-5,0.00670539894503309
P09,9,HbR,5,0.0010341610579133835,-0.002028731252226019,-6.457462577662056e-4
P09,10,HbO,5,-0.002413964310574548,7.066851516584168e-4,0.002015598178971228
P09,10,HbR,5,2.830613812963379e-4,-7.978867642016004e-4,-0.0015906193879539198
P09,11,HbO,5,-8.658647796566389e-4,-0.002825084405639344,0.0012946616644206536
P09,11,HbR,5,5.226411976955943e-4,5.402643447804027e-4,-6.429799248647549e-4
P09,12,HbO,5,9.473307125273439e-6,-0.0017261202498929755,0.003996597207649845
P09,12,HbR,5,3.4906058107347194e-4,2.394021183694323e-4,-9.750048795070357e-4
P09,14,HbO,5,-0.001047472477602845,-5.130705204269064e-5,0.005099646664170045
P09,14,HbR,5,-1.758529112786491e-4,-1.9624391684095796e-5,-8.769817877741632e-4
P09,15,HbO,5,6.623616911694885e-5,-0.0013978772043254123,0.0036974623189368638
P09,15,HbR,5,-5.083519088962161e-4,-1.3876185683467547e-4,0.0014509668024079458
P09,16,HbO,5,-1.746839864172799e-4,-2.689049183469187e-6,-1.6844473935771992e-4
P09,16,HbR,5,-2.275749237192518e-6,1.7638771767169623e-4,-1.10274135771419e-4
P09,17,HbO,5,-1.9149110917075884e-5,3.1266885523603596e-4,-3.333833847374459e-4
P09,17,HbR,5,-7.869629279484335e-5,4.16441851807132e-5,1.226026743502409e-4
P09,18,HbO,5,-1.3311618916107554e-6,-1.4267315420165268e-6,-2.470911034277646e-6
P09,18,HbR,5,-1.2897715723998154e-6,5.366759985826458e-6,-3.8889318865639825e-6
P09,19,HbO,5,-8.786336769768874e-7,3.3732606729874367e-6,2.083951516462855e-8
P09,19,HbR,5,-1.8760849789084874e-7,-1.6915060373195594e-7,-1.367431455727968e-6
P09,20,HbO,5,1.4170672591650894e-5,2.8396540721350176e-5,-8.517858143031476e-6
P09,20,HbR,5,7.908656643072e-6,9.72822223120873e-6,-3.3847453787429005e-6
P09,21,HbO,5,1.3906197526122697e-5,2.4279750807231222e-5,-4.494150986648121e-6
P09,21,HbR,5,6.472435847909628e-6,1.376960489379239e-5,-3.98580516733317e-6
P09,22,HbO,5,-6.050946526818632e-5,1.7115493287481857e-4,-8.19513564404001e-5
P09,22,HbR,5,-4.261856291912236e-5,5.4544876760278804e-5,-1.0347987683521194e-4
P09,23,HbO,5,-8.265948968779142e-5,2.1864734581004941e-4,-1.57754562106403e-4
P09,23,HbR,5,-9.097239852615413e-6,1.0004203743813959e-4,-1.1466684133293278e-4
P09,1,HbO,8,-0.0022769157342834015,-0.0022794473279414327,-5.77013511667522e-4
P09,2,HbO,8,-0.006098335617870746,0.0038056165186521355,3.7605054243466005e-5
P09,3,HbO,8,-8.281515650198306e-4,0.0012835737508191335,-0.0012187375311894751
P09,4,HbO,8,-0.0027831027544259978,0.0031689342127251942,0.0016050115082489316
P09,5,HbO,8,-0.0027335477578706996,0.005882853882846864,-0.0011037473659630127
P09,7,HbO,8,-0.0024480588845533563,0.0019742765130899742,0.0020403458415442677
P09,8,HbO,8,-0.0014379043890383563,7.27430463730509e-4,0.0027059231474624657
P09,9,HbO,8,-0.0012913807032015388,7.673887107783243e-4,0.004741728347742402
P09,10,HbO,8,-0.0024238455937502933,-1.4080328887371496e-4,0.001955602169777484
P09,11,HbO,8,-8.380187104929829e-4,-0.0025702018709714944,9.73595090620492e-4
P09,12,HbO,8,-1.6414208358965233e-4,-0.0014698549699541396,0.003902118529877565
P09,14,HbO,8,-9.354811938702322e-4,1.3827723299412951e-4,0.0042159245685565545
P09,15,HbO,8,-2.5125781621540566e-4,-0.001228100364707174,0.0034158856843874916
P09,16,HbO,8,-1.1967901241613187e-4,1.1718363398896258e-5,-1.6085415657716274e-4
P09,17,HbO,8,-6.579708299381096e-6,1.4011774589563021e-4,-2.4677669822069197e-4
P09,18,HbO,8,-2.0610593980627626e-7,8.988187440293057e-7,-1.8745565559200142e-6
P09,19,HbO,8,-4.19801020725907e-7,9.570733874286461e-7,1.9065514623063256e-6
P09,20,HbO,8,1.8407705593125996e-5,2.725336481022515e-5,3.215117412702861e-6
P09,21,HbO,8,1.777831172843229e-5,2.4870264065070734e-5,6.7747302496248304e-06
P09,22,HbO,8,-5.432103712890188e-5,8.25597689360542e-5,-8.028914366594698e-5
P09,23,HbO,8,-4.3565791019450896e-5,1.8079874690543537e-4,-1.877938578949198e-4
P09,1,HbO,11,-0.002266192653632704,-0.002675559311996144,-0.0014339167310625546
P09,2,HbO,11,-0.005620260057251728,0.003164468523266264,-4.211708330275232e-4
P09,3,HbO,11,-4.279644020418425e-4,3.731561468281991e-4,-0.0029713681546501814
P09,4,HbO,11,-0.0022212562361112573,0.002041042675901945,7.916345434504233e-4
P09,5,HbO,11,-0.002993469290040587,0.005629211520411239,-0.0015416660625303849
P09,7,HbO,11,-0.0024251037476130076,0.0020311968697313727,0.0012486867084908777
P09,8,HbO,11,-0.0014334250106203161,6.926722305672005e-4,0.0027728536338910777
P09,9,HbO,11,-0.0016404229777487436,8.168804465774598e-4,0.0038550026304277267
P09,10,HbO,11,-0.0023039571636144615,-8.842377718367724e-4,0.0021955843886569838
P09,11,HbO,11,-7.640196126694552e-4,-0.002549665799187811,7.435518682983354e-4
P09,12,HbO,11,-2.4090873822660278e-4,-0.00154937451296069,0.0040303154133379746
P09,14,HbO,11,-7.775707710956838e-4,1.0777645929033997e-4,0.003645965744784579
P09,15,HbO,11,-4.5755418470139246e-4,-0.0011328467489793261,0.003200803164490951
P09,16,HbO,11,-8.482683113332971e-5,5.836126023144991e-6,-1.300893486269043e-4
P09,17,HbO,11,-4.104331420368959e-6,1.9929302857703734e-5,-1.8314789399948825e-4
P09,18,HbO,11,4.865676820313798e-7,2.7821546705404836e-6,-9.679766917801069e-7
P09,19,HbO,11,-2.380522287548513e-7,-1.7842788181771868e-6,4.9054374005053346e-6
P09,20,HbO,11,2.151859209231598e-5,2.641413961310458e-5,1.1247809811712934e-5
P09,21,HbO,11,2.067425550075377e-5,2.4449166180888e-5,1.4195983723644185e-5
P09,22,HbO,11,-4.9444925487063474e-5,4.652879642284123e-5,-1.0035341086739922e-4
P09,23,HbO,11,-2.3149682817831965e-5,1.407368344317644e-4,-1.7369233775691833e-4
P09,1,HbO,14,-0.0020337389999095447,-0.0030208019827039547,-0.0018155728417462355
P09,2,HbO,14,-0.004762898389695555,0.0014070314256207095,-2.500193860646278e-4
P09,3,HbO,14,-1.3373615647007281e-4,-2.8463627336894223e-4,-0.0043327701216230195
P09,4,HbO,14,-0.0016852731041353236,7.431343579640073e-4,3.2819666584547695e-4
P09,5,HbO,14,-0.003226584496552219,0.004530014509507676,-0.0010150992637462074
P09,7,HbO,14,-0.0022855068078144226,0.0016709475199390106,8.622620904205129e-4
P09,8,HbO,14,-0.0013702658114833864,1.5699377858184447e-4,0.003140297432050411
P09,9,HbO,14,-0.0018545091487065562,4.0589854502412275e-4,0.00324258838242562
P09,10,HbO,14,-0.0019793521221080548,-0.0015543843933338293,0.00246394461729798
P09,11,HbO,14,-6.634919298389009e-4,-0.002557420994784329,5.13838783009632e-4
P09,12,HbO,14,-2.999481603016539e-4,-0.0017346681074504391,0.003955841839407407
P09,14,HbO,14,-5.758638062439303e-4,-7.447222572904422e-5,0.0030487218678709686
P09,15,HbO,14,-5.758483355972311e-4,-0.0010937336618468212,0.0029737690318948316
P09,16,HbO,14,-6.401149266764085e-5,-5.9762838313442886e-6,-9.200760605733153e-5
P09,17,HbO,14,-8.579890997195919e-6,-5.618034748239295e-5,-1.336415907958602e-4
P09,18,HbO,14,1.034664587036049e-6,5.520955360942003e-6,-1.174887819735575e-6
P09,19,HbO,14,-1.585134837818454e-7,-3.323091486264921e-6,6.920811709715799e-6
P09,20,HbO,14,2.3584666707868238e-5,2.46518512969351e-5,1.7215343674185634e-5
P09,21,HbO,14,2.257027977823508e-5,2.2679029679038884e-5,1.9063862967367257e-5
P09,22,HbO,14,-4.111907078999703e-5,3.3591527718602985e-5,-1.1851665168450371e-4
P09,23,HbO,14,-1.0287365025577251e-5,8.439022106897793e-5,-1.2594527933426798e-4
P09,1,HbO,17,-0.0017283299881316308,-0.0030750199537795883,-0.00197313843829013
P09,2,HbO,17,-0.0037554503483326865,-4.3633877119618816e-4,-4.726384824485421e-4
P09,3,HbO,17,-6.057150599038738e-6,-5.507112661997412e-4,-0.0053479021764171655
P09,4,HbO,17,-0.0012305156881425318,-3.851250292680284e-4,-1.5552032350369215e-4
P09,5,HbO,17,-0.0033187493920556212,0.0030235553949671747,-2.223353878929307e-4
P09,7,HbO,17,-0.002039554834680582,0.0011264573017502192,4.6659146303163526e-4
P09,8,HbO,17,-0.0012924161631043996,-3.1206829831734856e-4,0.0030415474368023516
P09,9,HbO,17,-0.0019037138989643197,-1.0167593554866963e-4,0.002442371202423474
P09,10,HbO,17,-0.0015577721956810562,-0.0019498897040219586,0.00251201856792791
P09,11,HbO,17,-5.928998464727149e-4,-0.0022933614505428177,1.783600010935908e-4
P09,12,HbO,17,-4.0313601283687773e-4,-0.0017567279596552145,0.0035381327223409174
P09,14,HbO,17,-3.89977410674463e-4,-2.2840239606536976e-4,0.0023039986665848297
P09,15,HbO,17,-6.460620257122177e-4,-9.949645007472567e-4,0.002676112742462977
P09,16,HbO,17,-4.785083710137358e-5,-1.115968870467612e-5,-5.9507809986325636e-5
P09,17,HbO,17,-1.3572582056913164e-5,-9.910372223849061e-5,-8.533353587368991e-5
P09,18,HbO,17,1.5004271394317614e-6,7.74750514992809e-6,-1.8014161764164552e-6
P09,19,HbO,17,-2.1605102532861472e-8,-3.646390343286514e-6,7.234318394992641e-6
P09,20,HbO,17,2.4497833975844895e-5,2.1928885998583366e-5,2.1574544557654216e-5
P09,21,HbO,17,2.3322203870153728e-5,2.0237759122910687e-5,2.1874648354249477e-5
P09,22,HbO,17,-2.9447034476739312e-5,1.853084206870262e-5,-1.1227941300821873e-4
P09,23,HbO,17,-1.1115887422010948e-7,1.9018823808545825e-5,-7.019335142881031e-5
P63,1,HbO,5,-0.004699225427704683,9.602191429327038e-4,6.449479089965382e-4
P63,1,HbR,5,-0.0020194552348442255,-0.0018691339687495676,0.0015491994765495529
P63,2,HbO,5,-0.014218645750124227,-0.00672318301230197,0.0025862645591313003
P63,2,HbR,5,-4.2518458889888907e-4,-0.0011635238327768408,-0.0023267890733688103
P63,3,HbO,5,-0.005324956162045687,0.0012353743645938562,0.008430557148008246
P63,3,HbR,5,-0.002071279563353607,-0.0020140211406107934,3.5810574254903474e-4
P63,4,HbO,5,-0.006471530921327055,-0.003235762532854718,0.005162122161150694
P63,4,HbR,5,5.990562990939278e-4,-7.001288126173742e-5,-0.00040054831540974783
P63,5,HbO,5,-0.00416010542685103,-0.001292138209177643,0.00645671082429449
P63,5,HbR,5,6.631630661336814e-4,4.1805436492613814e-4,-2.6226310313347945e-4
P63,7,HbO,5,-0.0038117962502739067,-0.001202865916125295,0.0037400103272286003
P63,7,HbR,5,8.729305528289799e-4,4.202604879454403e-4,-6.986512179788019e-4
P63,8,HbO,5,-0.008251256242330335,-0.0031884324239087746,0.004308963659346669
P63,8,HbR,5,0.0017079280917138308,9.344959009916398e-4,-8.251375482768787e-4
P63,9,HbO,5,-0.008363178815916191,-0.0019555911441555135,0.0019965540243101778
P63,9,HbR,5,-1.0792889184058122e-4,-5.560334005122074e-4,4.4139957427655993e-4
P63,10,HbO,5,-0.009415252679068677,-0.002200405852731892,0.0025154913074981545
P63,10,HbR,5,-0.001173985605607353,-1.4865850255606214e-4,0.0012846218808176667
P63,11,HbO,5,-0.008275580131666939,-0.0017505939693157042,-8.336933863425473e-5
P63,11,HbR,5,2.6575899609564905e-4,-2.424645580916533e-4,4.4388451351420766e-5
P63,12,HbO,5,-0.00973115109623838,-0.0021504351649930405,-0.0018492041128215933
P63,12,HbR,5,-0.0011432153564435964,-3.804047500343457e-4,-9.701552062787675e-5
P63,14,HbO,5,-0.0029579222860043066,0.003729672620491894,0.0022917455407464133
P63,14,HbR,5,-9.015452056614783e-4,-0.0015706131504981745,0.0018029301598712908
P63,15,HbO,5,-0.004173086150146002,0.0012917885412824393,0.0025790370389774356
P63,15,HbR,5,-0.0017618367428275492,-0.0021064524043326125,0.0031342109636691606
P63,16,HbO,5,-0.005806507795926925,0.004444405080927059,0.003321384519754808
P63,16,HbR,5,-0.0032625331538207276,-0.002280021163138683,-4.6017335691462337e-4
P63,17,HbO,5,-0.0021545645433268443,-0.0016135068568269469,0.002042161648540008
P63,17,HbR,5,-0.0041345322760969055,-0.0013377625388837134,-0.003655355114978182
P63,18,HbO,5,1.2889183620442827e-5,2.1132671747331863e-5,-2.7407989813990198e-5
P63,18,HbR,5,3.0350879645524294e-5,-1.1028481848597326e-4,-1.2197066262299688e-4
P63,19,HbO,5,8.654612796337796e-6,7.599974621813764e-6,-3.2823126439208306e-5
P63,19,HbR,5,7.48665535926569e-6,-2.0227025624850875e-5,-3.415011297694732e-5
P63,20,HbO,5,-0.0037743660911223544,0.00525549420294054,0.008009030856476232
P63,20,HbR,5,-0.002336044642345198,-0.0024644853117861136,6.976218743355003e-4
P63,21,HbO,5,-0.0038460377155761028,0.002265682040829051,0.004575585372183917
P63,21,HbR,5,3.847954356050604e-4,-0.0010478790121718196,-7.305876816616083e-4
P63,22,HbO,5,-0.004947416785181462,-0.0029271498757955255,-0.0014166266473278088
P63,22,HbR,5,-4.0637854315965875e-5,5.525213373187408e-4,6.875613006120894e-5
P63,23,HbO,5,-0.012712978394622446,-0.006956878220785944,-0.009593683967291145
P63,23,HbR,5,0.0011819705704267422,6.08559601013046e-4,4.2044862953096856e-4
P63,1,HbO,8,-0.004017192776827502,-3.07839445634122e-4,-7.523068067525664e-4
P63,2,HbO,8,-0.011749561800817295,-0.003487993120571114,0.0014903643616355734
P63,3,HbO,8,-0.005117891519483533,-1.9628649322088476e-4,0.00616184275614371
P63,4,HbO,8,-0.00593503712348703,-0.0024155110843241856,0.00437240208912705
P63,5,HbO,8,-0.003990313074508098,-0.001084138208141933,0.005118995660670282
P63,7,HbO,8,-0.0033301034725502594,-0.002127264996469373,0.002510038399114716
P63,8,HbO,8,-0.007196484136405209,-0.0033184782229599592,0.002952912755579859
P63,9,HbO,8,-0.007493571642729132,-0.0017510595080542026,0.0019173373883610832
P63,10,HbO,8,-0.008497468008218328,-7.108968767672632e-4,0.0014817332618960609
P63,11,HbO,8,-0.007426234582289964,-5.564476183789103e-6,-1.844414871064137e-4
P63,12,HbO,8,-0.008726905236452092,-1.3726046791841071e-5,-0.0018926574657914775
P63,14,HbO,8,-0.0028112980234847877,0.0016521684297547176,0.0027275284186024508
P63,15,HbO,8,-0.0040273383082383655,-7.194032861179897e-4,0.002267504431364059
P63,16,HbO,8,-0.004913422860704937,0.001941091473755277,0.001409134975401356
P63,17,HbO,8,-0.002101194759409691,-0.002051555220848865,0.001171263254260531
P63,18,HbO,8,-1.3846635155566648e-5,1.341256057273873e-5,-1.2353370813237404e-5
P63,19,HbO,8,-9.473281570233501e-6,1.5104890712409962e-6,-4.466015609926057e-5
P63,20,HbO,8,-0.0036989609198972433,0.002131739141695805,0.006024790042781327
P63,21,HbO,8,-0.0037648979313810987,0.002183283742763759,0.004182519038489433
P63,22,HbO,8,-0.004132574891260814,-0.001546508900489288,-0.001170916648687578
P63,23,HbO,8,-0.010158812330291585,-0.0032115622736516723,-0.00943051238311749
P63,1,HbO,11,-0.003366203930013732,-0.0013330045339566552,-0.001734697478325075
P63,2,HbO,11,-0.009587452901190658,-0.0014232074025003626,9.188274348433813e-4
P63,3,HbO,11,-0.00473651618817467,-0.0015051919416363489,0.0042079338230005614
P63,4,HbO,11,-0.005340920823133077,-0.001949663360200702,0.003862680956147446
P63,5,HbO,11,-0.0037494927608667673,-0.0011142708995102368,0.004256521855931704
P63,7,HbO,11,-0.002922541548046055,-0.00286502567700726,0.0018523613740416651
P63,8,HbO,11,-0.006268497133994257,-0.003777350598777909,0.0021149831937849846
P63,9,HbO,11,-0.006649587964468211,-0.0017336822008473941,0.0022674439155741946
P63,10,HbO,11,-0.007555595510576151,1.1840674259677784e-4,0.0011205520151660398
P63,11,HbO,11,-0.006581823789700946,9.537110267034408e-4,1.1796490740591309e-4
P63,12,HbO,11,-0.007702365248661158,0.0010253647949634564,-0.0015480630158206188
P63,14,HbO,11,-0.0024794223034722753,1.3727335358759606e-4,0.0028400528583392855
P63,15,HbO,11,-0.003569946022847718,-0.0018582853653924321,0.0017343983016933574
P63,16,HbO,11,-0.003910002885602669,-8.952032206927545e-5,-2.3174792800030895e-4
P63,17,HbO,11,-0.001903700371199079,-0.0020033151369491945,3.665657855282427e-4
P63,18,HbO,11,-3.648792356445904e-5,-3.904838350415724e-6,1.7708290842091185e-5
P63,19,HbO,11,-2.414209076537129e-5,-3.2974053651558454e-6,-3.7043224588464516e-5
P63,20,HbO,11,-0.003123489644889235,1.0428487127501296e-4,0.004417248407769103
P63,21,HbO,11,-0.0035059148637280094,0.001620975014147521,0.0039298679321028256
P63,22,HbO,11,-0.0034376966457626726,-5.79786693613371e-4,-7.553147571963768e-4
P63,23,HbO,11,-0.0080040350035262,-8.35884135354666e-4,-0.008652189935510982
P63,1,HbO,14,-0.002768484797342591,-0.0018734873735408932,-0.002137600799008043
P63,2,HbO,14,-0.007564087719722828,2.1468672622645152e-4,3.715174594670924e-4
P63,3,HbO,14,-0.004260103412657992,-0.0023798436195041272,0.0025280317248373508
P63,4,HbO,14,-0.004664643643024119,-0.0015327979727486904,0.0031784097008320414
P63,5,HbO,14,-0.0034569825443349425,-0.001219301674271184,0.003287976388290298
P63,7,HbO,14,-0.0025671688156229454,-0.003278134035685189,0.0012841491099473618
P63,8,HbO,14,-0.0053829710216849475,-0.004041336514220477,0.0013155018885888591
P63,9,HbO,14,-0.005763265339369368,-0.0016059966790002165,0.0024341605694533884
P63,10,HbO,14,-0.006502955177281396,6.561220255086641e-4,8.587171126086663e-4
P63,11,HbO,14,-0.005642751457091879,0.001534019488943422,5.008160302881736e-4
P63,12,HbO,14,-0.006564672793478327,0.0016176690738698486,-0.0010926060958288389
P63,14,HbO,14,-0.0020985261866311054,-7.353242954086771e-4,0.002949562329514642
P63,15,HbO,14,-0.0029881675940563023,-0.0021187073499751947,0.0014173803478807138
P63,16,HbO,14,-0.0029036486615862615,-0.0011022650006058008,-0.0011224230673829252
P63,17,HbO,14,-0.0016660417331903388,-0.0015772140238710234,-3.627581153416625e-4
P63,18,HbO,14,-4.6774481664871064e-5,-1.848649725461207e-5,6.11742282982317e-5
P63,19,HbO,14,-3.0160425659012065e-5,-8.497386109315427e-6,-1.1487362320651963e-5
P63,20,HbO,14,-0.0023703002580252493,-0.001094847877944057,0.0027731788238700866
P63,21,HbO,14,-0.003138271150629644,7.11013417529384e-4,0.003267576148751793
P63,22,HbO,14,-0.002795310024244114,2.673974075279399e-4,-2.81624605495861e-4
P63,23,HbO,14,-0.00598188496657766,9.905370555252108e-4,-0.007631583785569446
P63,1,HbO,17,-0.0022088986690246178,-0.001823667150991399,-0.0020236452358787503
P63,2,HbO,17,-0.0056797785208676215,0.001856581628449304,-3.121429146846804e-4
P63,3,HbO,17,-0.003724577151146305,-0.0025936976096926113,0.0011313627656313224
P63,4,HbO,17,-0.003938193796656235,-9.317279739619133e-4,0.002223430880754623
P63,5,HbO,17,-0.003133311352749479,-0.0011680125804450628,0.0020496047752197382
P63,7,HbO,17,-0.00224185439274684,-0.0032014055959620133,5.826045184527609e-4
P63,8,HbO,17,-0.004521647940327734,-0.0037098002547606888,4.1358528113488496e-4
P63,9,HbO,17,-0.004848051941047602,-0.001080859499557778,0.0022031207000103264
P63,10,HbO,17,-0.005370789936092452,0.0012818061866526635,4.535550876985659e-4
P63,11,HbO,17,-0.004622801896505471,0.0020867152455365055,8.015099237744633e-4
P63,12,HbO,17,-0.00533485622329536,0.0022496130005937812,-6.446321697220336e-4
P63,14,HbO,17,-0.0016924914997691934,-9.08382180251797e-4,0.0031591858286212763
P63,15,HbO,17,-0.0023653676443117252,-0.001655355780525417,0.0014996249573291823
P63,16,HbO,17,-0.001964069701092531,-9.445818617894908e-4,-0.001260099203759392
P63,17,HbO,17,-0.0014560123553722844,-8.889333719607801e-4,-9.142379812781363e-4
P63,18,HbO,17,-4.5434910041194385e-5,-2.6151351787068925e-05,9.42303707230029e-5
P63,19,HbO,17,-2.852560483879558e-5,-1.4747671989953897e-5,1.2682872750623774e-5
P63,20,HbO,17,-0.001665454729806323,-0.0015522433999739871,0.0010878563432865905
P63,21,HbO,17,-0.0027198152888678064,-1.526323180152109e-4,0.002099958653537707
P63,22,HbO,17,-0.002169554847812489,0.0011952104379542848,1.5162693396577584e-4
P63,23,HbO,17,-0.004041305098862073,0.002808235193976196,-0.006592385715626843
P14,1,HbO,5,-2.7765200306837986e-5,-3.708810491914839e-5,-2.5674979890118877e-4
P14,1,HbR,5,-4.064198928154643e-5,1.416472078773638e-4,4.3406175980227623e-4
P14,2,HbO,5,-3.9039556963666515e-5,3.091275326534762e-4,3.557398489350766e-4
P14,2,HbR,5,2.7518684933523397e-6,4.8128496799597585e-5,2.8325162265136915e-4
P14,3,HbO,5,-1.899196502164026e-4,0.00021605687056689579,9.516414274497621e-4
P14,3,HbR,5,-6.998916920754515e-6,7.591237275365245e-5,-1.5164315629094219e-5
P14,4,HbO,5,1.4115878184629675e-5,2.0451952685615127e-4,3.3935658690075355e-4
P14,4,HbR,5,-3.415573157166091e-5,-6.250395075623689e-5,-6.847565554545175e-5
P14,5,HbO,5,-0.002487469489949793,0.0024239980829032976,0.012692534482141023
P14,5,HbR,5,-5.363692409304509e-4,-0.002117590613507409,-0.003998752806140053
P14,7,HbO,5,-0.001593509190086189,-0.001807413963373299,-2.479353669285953e-4
P14,7,HbR,5,2.887880776468789e-5,7.92797544825253e-4,7.926852609449506e-5
P14,8,HbO,5,5.003736369138134e-4,-4.712409309258537e-4,-0.0034607242079592406
P14,8,HbR,5,1.6746044204482154e-4,0.0012076124854797183,3.6086160894873586e-4
P14,9,HbO,5,0.0016332018950152016,0.002102575993106031,-0.003183353292812743
P14,9,HbR,5,-3.9020121355761843e-4,7.884742957377965e-4,-6.878690008124127e-4
P14,10,HbO,5,0.0015569065319260003,0.0012819873086982619,0.01618772624196315
P14,10,HbR,5,-0.0012040054407349357,4.6691092154204836e-4,-0.001500859492494717
P14,11,HbO,5,6.369924304458139e-4,0.0017721901338503194,0.011950852644274932
P14,11,HbR,5,-5.862490797068825e-4,-2.830110047336909e-4,-0.0015941803556460408
P14,12,HbO,5,8.529895619324125e-4,0.007298135641375245,0.020352900435557163
P14,12,HbR,5,-7.952181071559124e-4,-0.0030072284957084684,-0.002689709407619814
P14,14,HbO,5,0.0023233163059388634,-0.007557546715317721,-0.033223100100636095
P14,14,HbR,5,-0.001997223557590876,-0.00528210856688289,0.004986229813379956
P14,15,HbO,5,0.003920026891022347,-0.014442596957058525,-0.04235220204730858
P14,15,HbR,5,-0.0019684949784810613,-0.00445338307726471,0.009625416775983291
P14,16,HbO,5,-1.0343594257289517e-4,2.6765897413732066e-4,4.8100697287695697e-4
P14,16,HbR,5,-1.1326366630499763e-5,9.033088942570901e-5,1.472672510843542e-4
P14,17,HbO,5,-7.185984406498744e-5,1.098895259959897e-4,2.2997888645031602e-4
P14,17,HbR,5,-3.3222171399372364e-5,1.972031043390424e-4,3.284263118187062e-4
P14,18,HbO,5,-1.322576765765437e-6,8.525558734891196e-6,-1.2522289634676141e-5
P14,18,HbR,5,7.487234096989824e-7,-7.4733529594907925e-6,-1.1077704857375992e-5
P14,19,HbO,5,-5.488598249382008e-7,6.510361155182872e-6,-5.80755488741829e-6
P14,19,HbR,5,-9.637548724303054e-7,2.7244043061919477e-6,-1.016861040441011e-5
P14,22,HbO,5,-1.307004548704317e-4,1.8757917557328803e-4,2.5441052198136216e-4
P14,22,HbR,5,-2.555886522528343e-5,1.5100320169478265e-4,3.056267127014518e-4
P14,23,HbO,5,-1.395711655212131e-4,3.9298874777271225e-5,5.678874462537257e-4
P14,23,HbR,5,-1.2258556736256418e-5,1.594223801721968e-4,1.505951191783878e-4
P14,1,HbO,8,-3.1134846298123205e-5,-4.5564638781936844e-5,-8.740000051140155e-5
P14,2,HbO,8,-1.5615053150831574e-5,1.8620446955879314e-4,2.657194354330606e-4
P14,3,HbO,8,-2.5216945953043606e-4,1.2507557010406483e-4,9.188015632102603e-4
P14,4,HbO,8,2.1820350860986943e-5,1.699130424324927e-4,2.4914306300257864e-4
P14,5,HbO,8,-0.0031176488602848622,0.0037950818584250004,0.012463495845841588
P14,7,HbO,8,-0.0016295615267563136,-0.0021883078483579716,-6.996182671236585e-4
P14,8,HbO,8,5.738929387623983e-4,-2.6040032231393134e-4,7.466612398766727e-5
P14,9,HbO,8,0.001739039250376027,0.003772846375838306,0.006040070982440582
P14,10,HbO,8,3.124730444534135e-4,0.002956687808204064,0.013534078947935627
P14,11,HbO,8,-1.749283699800359e-4,0.0033778109353809083,0.010684792371558772
P14,12,HbO,8,-7.25962084854334e-5,0.0072530556161952645,0.02008823469104101
P14,14,HbO,8,0.001504214514290618,-0.006958526141839695,-0.0264924030026549
P14,15,HbO,8,0.0023619434925717087,-0.011352612574133728,-0.029204194937239327
P14,16,HbO,8,-8.019412466088356e-5,1.813509511764269e-4,3.11134316502667e-4
P14,17,HbO,8,-5.342258368435583e-5,5.235966830502573e-5,1.611461841305566e-4
P14,18,HbO,8,-1.7705300560132003e-7,6.110131339875915e-6,-1.5398154097747553e-5
P14,19,HbO,8,4.7020858204087105e-7,3.3593762781080193e-6,-9.06678033186181e-6
P14,22,HbO,8,-1.2532038097664338e-4,-2.080560546821243e-5,-2.1043986105706984e-4
P14,23,HbO,8,-1.2648714439870157e-4,-6.237641865871153e-6,3.5406571793183755e-4
P14,1,HbO,11,-3.57861265438437e-5,-2.9812752911089006e-5,6.82981177941953e-5
P14,2,HbO,11,-9.840985287638786e-6,7.411767447793804e-5,1.4457969724440228e-4
P14,3,HbO,11,-2.7380631079224163e-4,7.601535936878925e-5,8.848663644978753e-4
P14,4,HbO,11,1.699978701355067e-5,1.244220559855803e-4,1.332607765352058e-4
P14,5,HbO,11,-0.0033249889310377123,0.005078451306711153,0.012065202370324392
P14,7,HbO,11,-0.0015814667589635937,-0.0021513143143666678,-0.0014991257170558119
P14,8,HbO,11,6.613943331110134e-4,2.728067134074223e-4,0.0026199104915224703
P14,9,HbO,11,0.0019067246611505616,0.005565163571184115,0.012368595046335655
P14,10,HbO,11,-5.884236576100936e-4,0.0048419487682196585,0.011056601691936617
P14,11,HbO,11,-7.636021117376669e-4,0.004836551060719327,0.009635141092102869
P14,12,HbO,11,-9.2413357452235e-4,0.007476273285883175,0.01953605991391969
P14,14,HbO,11,7.65569936246453e-4,-0.006341028231775107,-0.020238161785066978
P14,15,HbO,11,0.0010935654617932225,-0.008550331923261325,-0.018940701235100523
P14,16,HbO,11,-5.8220547007730075e-5,1.16140365428155e-4,1.8000930821710436e-4
P14,17,HbO,11,-4.140100999471019e-5,2.4461127069567273e-5,1.2602141364655636e-4
P14,18,HbO,11,2.833888505561749e-7,4.3135644867444e-6,-1.5395903306144173e-5
P14,19,HbO,11,6.46134394336536e-7,2.2082969064813524e-6,-9.174793477810677e-6
P14,22,HbO,11,-1.0930164174269771e-4,-1.3131699280287344e-4,-4.7539123937892123e-4
P14,23,HbO,11,-1.1203289870775595e-4,3.734153203533187e-6,2.4017062932563785e-4
P14,1,HbO,14,-4.149127433054121e-5,-2.493150534149385e-5,1.6207796869069355e-4
P14,2,HbO,14,-1.232061847935603e-5,-5.1124203539806575e-6,6.569694451710215e-5
P14,3,HbO,14,-2.6490076310233993e-4,7.134357326649027e-8,7.544744089302522e-4
P14,4,HbO,14,1.2149349387765567e-5,8.962274413656621e-5,4.45601929639443e-5
P14,5,HbO,14,-0.003149879359815444,0.005671246751966129,0.011421626309395666
P14,7,HbO,14,-0.0014476247377856655,-0.001931139739394297,-0.0018376426665459434
P14,8,HbO,14,7.369489694590942e-4,8.604693600383656e-4,0.0048458088088838515
P14,9,HbO,14,0.002005522273908742,0.007090692088698153,0.017713967662487104
P14,10,HbO,14,-0.0012505697879190707,0.006079435983913439,0.009244295664434748
P14,11,HbO,14,-0.001184101041281194,0.0057860120127489695,0.009101633656395365
P14,12,HbO,14,-0.0016761714678674565,0.007381707940081727,0.018751892854305695
P14,14,HbO,14,6.069952182485093e-5,-0.005750320158776379,-0.014238723870952938
P14,15,HbO,14,9.424187208176103e-5,-0.006215783484892837,-0.010393986985863942
P14,16,HbO,14,-3.7087925378055574e-5,5.989234969081498e-5,8.940916985262719e-5
P14,17,HbO,14,-3.3018296545445915e-5,7.586847036236062e-6,9.873380286636596e-5
P14,18,HbO,14,8.816111123433579e-8,4.44658783676388e-6,-1.2140150984778696e-5
P14,19,HbO,14,3.8127961451967574e-7,2.79396875003112e-6,-5.658914948624167e-6
P14,22,HbO,14,-9.190868196956575e-5,-1.9675727912440869e-4,-5.982996126602908e-4
P14,23,HbO,14,-9.002155005641084e-5,2.515064051980167e-5,1.8826794117386225e-4
P14,1,HbO,17,-4.3511407850101515e-5,-4.0383046617683674e-5,1.923655416741032e-4
P14,2,HbO,17,-1.4281260616051798e-5,-6.018031489403609e-5,2.327464399133074e-5
P14,3,HbO,17,-2.3165742689757767e-4,-1.0416202014959962e-4,5.469331484915669e-4
P14,4,HbO,17,1.2380677120457105e-5,6.891479092126905e-5,1.4522175540191938e-6
P14,5,HbO,17,-0.0027270031572308616,0.005416730168836637,0.010447978766745518
P14,7,HbO,17,-0.001292085561297417,-0.001656622427348349,-0.0015041997438259428
P14,8,HbO,17,7.423590465160566e-4,0.0013939702895218726,0.006947416936276335
P14,9,HbO,17,0.001898565119413873,0.008128216461236631,0.022595972778163453
P14,10,HbO,17,-0.0017410643122398187,0.006304935914201621,0.00818214110177144
P14,11,HbO,17,-0.0014845604561331844,0.006050403896048042,0.008935898679979898
P14,12,HbO,17,-0.002282350167505476,0.006631762176372987,0.017416664363865623
P14,14,HbO,17,-4.467483771931398e-4,-0.005143956332455884,-0.008263528183618307
P14,15,HbO,17,-5.122251439922124e-4,-0.004259619078702677,-0.002325960697912125
P14,16,HbO,17,-1.898070803320767e-5,9.604615633959137e-6,2.9065388997810733e-5
P14,17,HbO,17,-2.6224482944932673e-5,-6.729861929385569e-6,7.003918492807895e-5
P14,18,HbO,17,-3.98297872565789e-7,5.464458040665819e-6,-7.29723017076223e-6
P14,19,HbO,17,5.328923353853954e-8,3.6944719853358522e-6,-6.723112794690523e-7
P14,22,HbO,17,-7.966223162179799e-5,-2.3763871852578873e-4,-6.244141911817411e-4
P14,23,HbO,17,-6.53445954507491e-5,4.242592735856978e-5,1.6534949657469658e-4
P48,1,HbO,5,-8.185960531203835e-4,-0.0022417442728750584,-0.010232598563786457
P48,1,HbR,5,-7.463455824359847e-4,7.283467747430551e-4,-0.005992373622815587
P48,2,HbO,5,-6.181702704390787e-5,2.8560618378777297e-4,5.042324946413791e-4
P48,2,HbR,5,-7.672537405262151e-5,1.355322499006013e-4,1.3582076665888304e-4
P48,3,HbO,5,-2.5890660235914183e-5,4.2605960741003235e-5,-0.004261481898086572
P48,3,HbR,5,-4.626577363518183e-4,7.243055056013716e-4,-0.0032376776228058937
P48,4,HbO,5,-5.330159455884676e-5,2.4191568705833974e-4,8.447073845088757e-5
P48,4,HbR,5,-4.8864866493757664e-5,3.1341052574518443e-7,3.4957494288911706e-4
P48,5,HbO,5,-5.143891667792513e-5,6.72719258570271e-5,6.666744301995546e-4
P48,5,HbR,5,-3.085744544357301e-5,1.292460523373593e-4,-3.1292399798634206e-4
P48,7,HbO,5,-7.918790739350311e-5,1.134670801713829e-4,-7.212902600270742e-5
P48,7,HbR,5,-2.979216352707141e-5,6.770422899117958e-5,3.1855144505901897e-4
P48,8,HbO,5,-0.0011635805497872906,2.4230333735576534e-4,-0.008525510883542019
P48,8,HbR,5,2.0415800075031926e-4,2.5756053388709176e-4,0.0022926171401111955
P48,9,HbO,5,-5.00754773688269e-4,-0.001520684566921325,0.0020751595405953715
P48,9,HbR,5,-2.8227527789980984e-4,0.0013508727468085585,-0.005093549253103086
P48,10,HbO,5,3.2291152114214756e-4,4.301327913171643e-5,-0.010726840330484879
P48,10,HbR,5,-7.904220507322848e-4,7.16507593527016e-4,-0.006379330160404482
P48,11,HbO,5,-5.5426795148434496e-5,2.7927218939305496e-4,-0.001305683078846201
P48,11,HbR,5,-1.309387040600939e-4,7.412050690730164e-5,3.46918623864897e-4
P48,12,HbO,5,-0.002278718099060572,7.840584928412444e-4,-0.05001249101332241
P48,12,HbR,5,-2.3249010299932667e-5,4.510167989583873e-4,0.00857479561218461
P48,14,HbO,5,-0.0014472521836095048,-6.863267135975638e-4,-0.031107620657542998
P48,14,HbR,5,-7.54032354560701e-4,-2.784749525378151e-4,-7.949370454408658e-4
P48,15,HbO,5,-8.726736433102848e-4,-0.0022065925407542953,-0.01565683869687419
P48,15,HbR,5,-1.317412127746788e-4,7.71053793144189e-4,2.996936772415655e-4
P48,16,HbO,5,9.033209284816787e-4,-0.011222500445664182,-0.00892179091221724
P48,16,HbR,5,-0.0018034358760824246,0.004911010129350466,-0.013428915044000553
P48,17,HbO,5,1.745862221145384e-4,2.6061583720361536e-4,2.3519858729139595e-5
P48,17,HbR,5,-2.6894352214543236e-4,2.8932297830716006e-4,-0.001584572140526718
P48,18,HbO,5,-3.3903572964398543e-6,1.2893876662079342e-5,-1.0041798815412484e-5
P48,18,HbR,5,-5.714101571411225e-6,7.439169917628944e-6,2.1200751796325823e-5
P48,19,HbO,5,-2.797199420974447e-6,-2.7272808704250055e-6,3.7763476755829345e-5
P48,19,HbR,5,-2.5999976392577205e-6,1.021115363443461e-5,-3.6169461724321014e-6
P48,20,HbO,5,0.0031239131238906793,0.004233286072812123,-0.009358359357457642
P48,20,HbR,5,8.282452514772951e-4,0.001126079696467636,-0.0026007486373160423
P48,21,HbO,5,0.0024923144537523285,0.0033909919674810027,-0.007592610368796456
P48,21,HbR,5,9.12758485079263e-4,0.0012311815067955788,-0.0027534969497433432
P48,22,HbO,5,-1.0540786941607333e-4,2.205766280687348e-4,-8.163555085676789e-5
P48,22,HbR,5,-6.18734537724932e-5,1.305734543251973e-4,5.222866247844258e-4
P48,23,HbO,5,-1.668826631497019e-4,2.1149649337677675e-4,3.969186091378357e-4
P48,23,HbR,5,-2.111536842068038e-5,1.1679750873102524e-4,8.095692198657589e-5
P48,1,HbO,8,-0.002157143176276226,-0.0035005128797441355,-0.005561788604888804
P48,2,HbO,8,-6.883131110071814e-5,2.0820796494245146e-4,6.967392826722469e-4
P48,3,HbO,8,-7.277003607561681e-4,-3.279761934077121e-4,-0.004010167634520226
P48,4,HbO,8,-4.1049463517227224e-5,1.2108817124830678e-4,1.8129545643202314e-4
P48,5,HbO,8,-3.9278365195198706e-5,3.353747239554589e-5,6.13857655629703e-4
P48,7,HbO,8,-6.994570426232562e-5,7.443298463118025e-5,-5.691350451694063e-5
P48,8,HbO,8,-0.0014091306857926973,-6.573349277559613e-4,-0.00133225375181674
P48,9,HbO,8,-0.0015375882127132054,-0.002112350050608387,0.0063042493555163495
P48,10,HbO,8,-8.017519094843674e-4,4.886117133855168e-4,-0.010863639499927132
P48,11,HbO,8,-2.605838543362412e-4,7.617216503796165e-5,-3.095997201235027e-5
P48,12,HbO,8,-0.0031630848359300813,-6.298617770201322e-4,-0.033148683656484566
P48,14,HbO,8,-0.002124435017705803,-0.0015352434351724345,-0.020152577346936425
P48,15,HbO,8,-0.001377480083196689,-0.002178780106834801,-0.01083577042579518
P48,16,HbO,8,-8.993267421153165e-4,-0.00969952722654697,-0.005792214829963856
P48,17,HbO,8,-4.24566511045534e-4,-0.001018675646702766,0.0025821549599839948
P48,18,HbO,8,-6.662744300188041e-6,-4.580478880829934e-6,3.0482027174925237e-5
P48,19,HbO,8,-3.3613834834450167e-6,-8.766523167758522e-6,5.3858376998635325e-5
P48,20,HbO,8,0.0025066876461116547,0.003109838184564172,-0.009739723267808654
P48,21,HbO,8,0.0019882063700598267,0.0024803489822965924,-0.007798356888752806
P48,22,HbO,8,-8.61288371951717e-5,9.380159809327378e-5,1.5627297931462397e-4
P48,23,HbO,8,-1.3410570523371223e-4,6.728909947332801e-5,5.470137241027381e-4
P48,1,HbO,11,-0.0028404759738528385,-0.003911109083260278,-0.0030360148090163236
P48,2,HbO,11,-7.308075730820555e-5,1.1616923859049748e-4,7.800135637791448e-4
P48,3,HbO,11,-0.0011185100594709575,-4.5082686255407844e-4,-0.004593976964312619
P48,4,HbO,11,-3.8453508981015944e-5,3.910346760939814e-5,2.109103196348593e-4
P48,5,HbO,11,-3.0378113672024362e-5,2.087635843992975e-5,5.079846166069828e-4
P48,7,HbO,11,-6.147886695260134e-5,5.9067809017615e-5,-5.2036206592391334e-5
P48,8,HbO,11,-0.0013940083816399048,-0.001074603200594251,0.0036841610682635862
P48,9,HbO,11,-0.002009478423048381,-0.001945643497995247,0.008837800438381728
P48,10,HbO,11,-0.0015408777872549316,0.001029379258008413,-0.01089677151538421
P48,11,HbO,11,-3.815558902973648e-4,8.31480056177862e-6,8.306330925237836e-4
P48,12,HbO,11,-0.0036108077521204776,-0.0015537418331593564,-0.019217257901080528
P48,14,HbO,11,-0.0025730878318753433,-0.002064232645082201,-0.01117439974405669
P48,15,HbO,11,-0.0016523515844092719,-0.0019781600497867503,-0.007957886891363107
P48,16,HbO,11,-0.0018692610272351188,-0.007832762450202577,-0.0043085403354628325
P48,17,HbO,11,-6.700728024868811e-4,-0.0019097583631918792,0.0041946504164999295
P48,18,HbO,11,-8.677813661943152e-6,-1.3245469183425321e-05,4.425127893869302e-5
P48,19,HbO,11,-3.4758491950676505e-6,-9.618988227992493e-6,4.959419877081873e-5
P48,20,HbO,11,0.002023332991853764,0.002242715822051578,-0.009838491634501468
P48,21,HbO,11,0.0015934547736332467,0.0017753802051277492,-0.0077914728485647695
P48,22,HbO,11,-7.379519014936295e-5,8.863437372322282e-6,3.2212783750524117e-4
P48,23,HbO,11,-1.0227517761861333e-4,-3.939906854654457e-5,6.797160629222695e-4
P48,1,HbO,14,-0.003107357708045825,-0.004150249315778138,-0.001758803039564337
P48,2,HbO,14,-7.046237732116658e-5,1.2644542011208383e-7,7.670126373690336e-4
P48,3,HbO,14,-0.0012997990196724181,-5.72318340176991e-4,-0.005628034308106295
P48,4,HbO,14,-3.7215395923727724e-5,-1.4781906727790859e-5,2.2077559357285893e-4
P48,5,HbO,14,-2.367766776443411e-5,2.101121989524745e-6,4.0756873018692495e-4
P48,7,HbO,14,-5.420064421891102e-5,3.632083441185285e-5,-1.8977769549528988e-5
P48,8,HbO,14,-0.0011688632414708908,-0.0014026124664991036,0.007088643507642126
P48,9,HbO,14,-0.0020238124898480266,-0.0016392648299315541,0.009166868965706287
P48,10,HbO,14,-0.0018736554631489431,0.0013865877647843959,-0.011574251056733868
P48,11,HbO,14,-4.2320848485543673e-4,-2.837656318821213e-5,0.0013544021965183036
P48,12,HbO,14,-0.0036294076438866886,-0.0020751695856658235,-0.009497253740875872
P48,14,HbO,14,-0.0027788832330185548,-0.002126267573992424,-0.005246962835933761
P48,15,HbO,14,-0.0017341929487900696,-0.0015575529866134858,-0.007026006044393457
P48,16,HbO,14,-0.002384312999449191,-0.006133161777685556,-0.004282205849782679
P48,17,HbO,14,-7.704533012846568e-4,-0.002582859173393278,0.004305423445618833
P48,18,HbO,14,-9.838901253031812e-6,-1.7145547047988918e-5,4.626847170183595e-5
P48,19,HbO,14,-3.606243699527345e-6,-8.560215638699121e-6,3.6983031410604317e-5
P48,20,HbO,14,0.0015648698648272306,0.0014350030515637737,-0.009331540605028084
P48,21,HbO,14,0.0012206902579077125,0.0011185284597324328,-0.007311413501432918
P48,22,HbO,14,-6.230116885953664e-5,-4.9338693413978005e-5,4.3912040359229835e-4
P48,23,HbO,14,-7.41549417632671e-5,-1.2290744919682322e-4,7.835354292360219e-4
P48,1,HbO,17,-0.0031233856398056284,-0.004493523365216549,-8.444205149212079e-5
P48,2,HbO,17,-6.208990737877386e-5,-1.0305064616883618e-4,6.684514046452351e-4
P48,3,HbO,17,-0.0013620087402669298,-7.834450316089154e-4,-0.0061576738391060665
P48,4,HbO,17,-3.2258265369854124e-5,-4.630356560718511e-5,2.2041671994960235e-4
P48,5,HbO,17,-1.896892771671772e-5,-2.105053659456485e-5,3.170566816152474e-4
P48,7,HbO,17,-4.75803029315947e-5,8.830380045817857e-7,4.851903874422225e-5
P48,8,HbO,17,-8.828961787535466e-4,-0.0016845421615187175,0.009035267989010299
P48,9,HbO,17,-0.001824128533751441,-0.0013901527468220402,0.007757339529607245
P48,10,HbO,17,-0.0019183290879226742,0.001529457283269015,-0.012412714806245095
P48,11,HbO,17,-4.1102365717179257e-4,-6.537934844293542e-5,0.001646475340822752
P48,12,HbO,17,-0.0033764781426755507,-0.0020645342380629025,-0.003912229400600699
P48,14,HbO,17,-0.0027805074196487942,-0.0016323628972409808,-0.0026070291617985297
P48,15,HbO,17,-0.0016913702408563086,-8.639412051023363e-4,-0.007464060186417168
P48,16,HbO,17,-0.0026632930953886043,-0.004514004588389304,-0.0056515110592710305
P48,17,HbO,17,-8.481729717929916e-4,-0.0029783147871582055,0.003052509232269545
P48,18,HbO,17,-1.0358818000612932e-5,-1.925929813635873e-5,5.0115346589020935e-5
P48,19,HbO,17,-3.820985307395538e-6,-7.576877485281482e-6,2.572788907111026e-5
P48,20,HbO,17,0.0011090880782295759,6.531024002992955e-4,-0.008208986363922026
P48,21,HbO,17,8.523116920099679e-4,4.842889921079632e-4,-0.006355675369828527
P48,22,HbO,17,-4.878521946712531e-5,-9.0457852671202e-5,4.973898263393918e-4
P48,23,HbO,17,-5.139317920048209e-5,-1.784270757778557e-4,8.321121404114944e-4
P61,1,HbO,5,0.0025014933433173177,0.0011951936349033432,0.02524829330975753
P61,1,HbR,5,-0.0014790605864491255,5.132091483393834e-4,-0.0034571808554291258
P61,2,HbO,5,-0.0010097814462603496,3.836253804347475e-4,0.021961994985478645
P61,2,HbR,5,-2.3928223624720775e-4,7.637817981677348e-4,-0.0022197997748472035
P61,3,HbO,5,0.006170285484322182,0.003266730635690029,-0.0021063756533574733
P61,3,HbR,5,-0.002712501067275609,6.122490127473989e-4,0.010746318195587384
P61,4,HbO,5,0.0015082394188344595,0.0020911313738945494,0.009663923080011315
P61,4,HbR,5,-8.131754721133347e-4,2.4419107670455237e-4,-4.2102344295765187e-4
P61,5,HbO,5,0.004113424983688407,0.007453533108225436,-9.848030975307558e-4
P61,5,HbR,5,-0.0016388830556767044,8.335119203320151e-4,0.009653245568947557
P61,7,HbO,5,0.001055815091661832,0.00709894842351095,-0.0016787543945291862
P61,7,HbR,5,-3.349928300246256e-4,-0.0014557710632128005,0.005083995997142086
P61,8,HbO,5,-0.0016796979448685059,3.87158628629964e-4,0.00407033025828147
P61,8,HbR,5,-0.00050592291484041665,8.297978664715083e-5,0.0012774492124576823
P61,9,HbO,5,-0.0038948553789191036,0.0010077510433106206,0.0084147450418946
P61,9,HbR,5,-3.8557701913314007e-4,4.885904645936757e-5,0.0012244421942555442
P61,10,HbO,5,0.0028374761041689454,-0.002892874947715134,0.022442170061293933
P61,10,HbR,5,-3.5606481825572713e-4,0.0031032480698378936,0.012528927008116654
P61,11,HbO,5,0.0014359612440512043,0.0024205978418535435,0.018136520156190092
P61,11,HbR,5,-8.586920151312197e-4,9.099646124124052e-4,0.0031236183106935498
P61,12,HbO,5,2.4787483606515735e-4,6.57055484138832e-4,0.029603327312395792
P61,12,HbR,5,-9.312113883417065e-4,0.0013774232212659366,0.015973442072909894
P61,14,HbO,5,0.003959269636849545,0.0022656063756423834,0.03156855632688005
P61,14,HbR,5,-0.001334886311797881,4.210926535802919e-4,-6.653878660850479e-4
P61,15,HbO,5,0.004242821061645599,0.0038105980440526297,0.02636289398016532
P61,15,HbR,5,-0.0012335654331153425,0.0014517771654883065,-0.005395803765003478
P61,16,HbO,5,0.006688443343071962,0.004545105842027702,0.024138021167804342
P61,16,HbR,5,-0.001014302734154203,7.615480699273104e-4,6.418068112675668e-4
P61,17,HbO,5,8.339303133227183e-4,0.001261012934193934,0.0070715981345584175
P61,17,HbR,5,-2.6152722361128526e-4,-2.4354134251204938e-4,-0.0015658850958242306
P61,18,HbO,5,-2.895377378199974e-6,2.3145017800116344e-5,5.8053559763940456e-5
P61,18,HbR,5,5.971474292616645e-7,2.8245014517910635e-5,6.556103733364806e-5
P61,19,HbO,5,-2.0599621197048528e-7,1.3129660239775183e-5,3.67945589450819e-5
P61,19,HbR,5,-1.2149382713551213e-6,1.619963309382622e-5,4.0906406251054055e-5
P61,20,HbO,5,2.266900898936549e-7,3.7464523675033616e-7,1.3151377849743667e-6
P61,20,HbR,5,1.1042566616397326e-7,-5.982858135936367e-7,-3.7282078619333466e-6
P61,21,HbO,5,6.48050555933712e-7,-3.4898635172428014e-7,2.149300679948534e-5
P61,21,HbR,5,6.186537299146858e-7,-1.3422804656827785e-6,5.909996503112122e-6
P61,22,HbO,5,0.002035869996000608,1.4673133225245587e-4,0.018819065371629685
P61,22,HbR,5,-6.571914718781154e-4,2.3855806143891078e-4,-0.00419916571539523
P61,23,HbO,5,7.526755062346867e-4,-2.626998324950949e-4,0.041396073198296676
P61,23,HbR,5,-1.5450659382571503e-4,3.601907800956694e-5,-0.008279881969456946
P61,1,HbO,8,0.0012236529005826271,-0.0012335417390091728,0.02487244918056468
P61,2,HbO,8,-0.001237569073970362,-0.0037614165649469027,0.03656528549445813
P61,3,HbO,8,0.0033393963173825154,9.973153812194947e-4,0.00744757057293426
P61,4,HbO,8,3.430416176711435e-4,-1.8249286487327513e-4,0.021512300576329562
P61,5,HbO,8,0.001634615992381635,0.004601145846814294,0.014652934087198055
P61,7,HbO,8,-1.3466480495809256e-5,0.003944194022492959,0.008118068440916285
P61,8,HbO,8,-0.0014966043340810598,4.3621888672620233e-4,0.003936215216268819
P61,9,HbO,8,-0.003452133969258878,0.00104678940260425,0.008282723431921208
P61,10,HbO,8,9.90069008263168e-4,-0.0035284857409971547,0.02312858405216141
P61,11,HbO,8,1.815014728722266e-4,-1.3716978263493405e-4,0.02582878272198948
P61,12,HbO,8,-3.7217579869612495e-4,-0.0023400686596483262,0.03509886803629479
P61,14,HbO,8,0.0018058097431077802,0.0012446500208543791,0.03414095498884604
P61,15,HbO,8,0.0017108043988002027,0.0022493623876618097,0.027089135453296182
P61,16,HbO,8,0.004902419974097158,0.001154299409601089,0.022278381029123894
P61,17,HbO,8,5.509743290830051e-4,5.858096089008349e-4,0.007249177502234047
P61,18,HbO,8,-2.0477079916864048e-6,1.532140625968078e-5,3.5342248165380865e-5
P61,19,HbO,8,6.424785178289595e-7,7.981575654735885e-6,2.3695997557346785e-5
P61,20,HbO,8,4.7097512539863085e-7,2.0535844097011165e-6,-5.657539074675635e-6
P61,21,HbO,8,8.04791757376283e-7,2.6578218620581257e-7,1.7152275638615625e-5
P61,22,HbO,8,7.518257704227305e-4,-0.0012777641842852362,0.02162402208528046
P61,23,HbO,8,-9.212825294250493e-4,-5.404828954331354e-4,0.057200554928377535
P61,1,HbO,11,-2.839712385126232e-5,-0.0013943747396485265,0.02763116661956949
P61,2,HbO,11,-0.0013233975716916762,-0.003943968603552021,0.05104111622312737
P61,3,HbO,11,0.0011148780407780389,2.591448452810102e-4,0.015962775565176453
P61,4,HbO,11,-4.240842677528194e-4,-9.428876754407715e-4,0.029778133855797938
P61,5,HbO,11,-4.140166171882714e-5,0.003160001490259663,0.024709179083380575
P61,7,HbO,11,-6.601180757091684e-4,0.002443158283690886,0.016159078843459972
P61,8,HbO,11,-0.0013236278510306784,4.690771368975304e-4,0.003773516191390513
P61,9,HbO,11,-0.0030405921077126356,0.0010670938532019766,0.008050589105615815
P61,10,HbO,11,-6.931559185992184e-5,-0.0034901462903909903,0.020439133414582436
P61,11,HbO,11,-5.927525379174162e-4,-0.0012082739857256727,0.029489835709990468
P61,12,HbO,11,-8.507292372645819e-4,-0.0026914060175548165,0.039109555448877176
P61,14,HbO,11,2.3017901544811356e-5,0.0011976761010498635,0.034433226848687326
P61,15,HbO,11,-7.180038407414502e-5,0.0015419623392429547,0.023687706796353236
P61,16,HbO,11,0.003212196395218262,0.0010056281164678913,0.023040436371085347
P61,17,HbO,11,2.924939099912141e-4,4.8802818663243357e-4,0.007461673803812042
P61,18,HbO,11,-1.4778871478090667e-6,8.163582783872616e-6,1.964446633453355e-5
P61,19,HbO,11,6.763913317950917e-7,5.373771780123807e-6,6.342778874087778e-6
P61,20,HbO,11,6.336381770080914e-7,2.6121834806281066e-6,-9.056943043591037e-6
P61,21,HbO,11,8.721476458299428e-7,1.750578187010709e-7,1.1145332422979149e-5
P61,22,HbO,11,-2.462616359624312e-4,-0.0012738119320618833,0.024012369316781614
P61,23,HbO,11,-0.002095104366590875,6.001387306284536e-4,0.06481300768364898
P61,1,HbO,14,-0.001217743929157625,-7.674218482235896e-4,0.03017676298141784
P61,2,HbO,14,-0.0016138487528524175,-0.002522019156052951,0.06235957908152706
P61,3,HbO,14,-6.686720137940589e-4,-3.317709609914775e-5,0.022636240475922012
P61,4,HbO,14,-9.631152752102576e-4,-0.0010152881108878148,0.03449937571830151
P61,5,HbO,14,-0.001110982677934874,0.002275738070724449,0.029810161169191683
P61,7,HbO,14,-0.001068635090257101,0.0017297264235753586,0.022225091259239375
P61,8,HbO,14,-0.0011189015549479273,4.799017686729046e-4,0.00342396767680712
P61,9,HbO,14,-0.0025625519270692163,0.001044312204585823,0.007403946408465856
P61,10,HbO,14,-5.984802339621453e-4,-0.0030899879607932342,0.017530853656869252
P61,11,HbO,14,-0.001077300326542292,-0.001305994310814869,0.03127287244308777
P61,12,HbO,14,-0.0013439376211706675,-0.0019853360758390844,0.04265802087198241
P61,14,HbO,14,-0.0014926348300784225,0.0011043221022127424,0.03265330092227889
P61,15,HbO,14,-0.0014299351487944566,0.0010956121997453146,0.019880187255962318
P61,16,HbO,14,0.0015008173368094846,0.001778257413856067,0.025048462839379875
P61,17,HbO,14,3.7731156259665846e-5,5.440772830019961e-4,0.007427435079140588
P61,18,HbO,14,-1.4679293027155778e-6,1.0241731613993528e-6,1.4129060273132124e-5
P61,19,HbO,14,-8.059769916148809e-8,4.0834733382638495e-6,-5.041797541081705e-6
P61,20,HbO,14,7.194765787720166e-7,2.7471098504099935e-6,-9.004016308651572e-6
P61,21,HbO,14,9.955646687111098e-7,7.986361408122388e-8,6.329381222917921e-6
P61,22,HbO,14,-9.873289386196445e-4,-9.79727058080967e-4,0.02488634605126671
P61,23,HbO,14,-0.002661201761611366,0.001800508515682959,0.06320863903265954
P61,1,HbO,17,-0.002145014358127552,-4.3489449987918293e-4,0.02938016238390053
P61,2,HbO,17,-0.0020429223878392607,-0.0013675847771835734,0.06621086033426193
P61,3,HbO,17,-0.002028131736147289,-5.640876026805125e-4,0.026014448067139578
P61,4,HbO,17,-0.001345399543285383,-0.0011285052472298888,0.03523092723642188
P61,5,HbO,17,-0.0017847230385706397,0.0012150110647176598,0.03112066234590158
P61,7,HbO,17,-0.0013420454861961175,9.446993997297984e-4,0.025417077537580032
P61,8,HbO,17,-8.780619308792714e-4,4.653044466835203e-4,0.0028515890724927027
P61,9,HbO,17,-0.0020055431091979075,9.708122491676938e-4,0.006262962478373762
P61,10,HbO,17,-9.07894818890475e-4,-0.0027317932914343278,0.01581572560689062
P61,11,HbO,17,-0.0013948249023609022,-0.001154768341111515,0.03139852200515777
P61,12,HbO,17,-0.0017947911358510739,-0.0014444802196364745,0.043681088851168504
P61,14,HbO,17,-0.002718948234200131,6.090391735983898e-4,0.028934999979244546
P61,15,HbO,17,-0.0025127982953365726,6.249974984991899e-4,0.01735496363294681
P61,16,HbO,17,-7.729191974701725e-5,0.0018305932647131957,0.025198470581316752
P61,17,HbO,17,-1.9860799306820466e-4,4.7162285832140195e-4,0.006732804941286257
P61,18,HbO,17,-2.3330017810480432e-6,-5.09005271059059e-6,1.8239600828641315e-5
P61,19,HbO,17,-1.3364804543649525e-6,3.0802327025876516e-6,-3.574051328746188e-6
P61,20,HbO,17,7.404724440439993e-7,2.7043469028983515e-6,-6.579470156204634e-6
P61,21,HbO,17,1.1264921313655806e-6,2.340919336392153e-7,2.7945062169024147e-6
P61,22,HbO,17,-0.0014584529878693578,-9.981385887357255e-4,0.022972096938762832
P61,23,HbO,17,-0.0026980063412481567,0.0023161142415765897,0.05356603455710772
P33,1,HbO,5,0.0026750802639121498,-0.002002198560616014,0.005297926750359837
P33,1,HbR,5,-0.0013295279978334969,7.385088102025292e-4,0.0015157510999021316
P33,2,HbO,5,9.599653139898422e-4,4.629782740069503e-4,0.0019299993216999134
P33,2,HbR,5,-3.905363919431355e-4,-1.2508666624194847e-4,-7.30265955224732e-4
P33,3,HbO,5,0.0017012692256847463,-0.003121916845266742,0.010648732941971025
P33,3,HbR,5,-0.0022067504701354978,0.0031302286395751325,0.0037962408790313965
P33,4,HbO,5,1.8919453414178422e-4,5.1986357590527594e-06,3.641037377324818e-4
P33,4,HbR,5,-9.728809692665924e-5,3.6531866353046074e-6,-3.8673360816750576e-5
P33,5,HbO,5,1.0293037078181665e-5,-4.0034854999585864e-5,2.671659484643186e-4
P33,5,HbR,5,-4.1528673331128375e-5,8.996232842782432e-6,-2.8109930259289703e-5
P33,7,HbO,5,-9.34451663109213e-5,-8.59829847799372e-5,5.986208629122778e-7
P33,7,HbR,5,3.933827728189709e-6,7.86038354769408e-5,1.0164371866735051e-4
P33,8,HbO,5,-2.087459123961292e-5,-8.151299957348808e-5,-1.203414946892879e-4
P33,8,HbR,5,-1.3091122075132536e-4,-1.381781757695603e-5,5.369916538736196e-5
P33,9,HbO,5,-1.337400355204884e-4,0.001188829632041645,9.732411168515163e-4
P33,9,HbR,5,-1.6881957933503758e-4,-3.1572795537031e-4,-4.127338105990829e-4
P33,10,HbO,5,-0.001315091775857929,3.674361130971132e-4,0.002587013605088694
P33,10,HbR,5,-7.744217409136835e-4,2.3851804821153723e-4,0.0012927476018875182
P33,11,HbO,5,-0.0012643016085479351,2.574413063186664e-4,0.0021378091707702396
P33,11,HbR,5,-6.066772626929769e-4,2.2502851857817072e-4,0.00121930300237372
P33,12,HbO,5,3.6063890756125075e-4,-8.105284828601538e-4,4.48005376056625e-4
P33,12,HbR,5,-2.066083898031659e-4,3.3947288370513197e-4,-2.3255916603897854e-4
P33,14,HbO,5,-3.1574705478482713e-4,-0.0022946535313840364,0.0025121309678299186
P33,14,HbR,5,-1.578846236819798e-4,0.0010749249511882142,-2.1837979773717188e-4
P33,15,HbO,5,-0.0013812360770932865,4.744845474503853e-4,0.0026405598220618394
P33,15,HbR,5,-7.106504673052117e-4,1.0071207080187982e-4,0.0012915966466407719
P33,16,HbO,5,6.13020844469409e-4,-4.2580322289484087e-4,0.008971093310086064
P33,16,HbR,5,-6.070987039362042e-4,8.390283054535042e-4,0.0011633045954832165
P33,17,HbO,5,0.00149327430612081,0.002940115472386612,0.0055004335964677275
P33,17,HbR,5,-8.438847202878893e-4,0.002352169455950273,-9.322446976020131e-4
P33,18,HbO,5,-2.0851736109951714e-9,-1.0771004821650538e-5,3.505756413666603e-5
P33,18,HbR,5,-4.6623542908654335e-6,5.930257696366692e-6,1.0247479871913516e-5
P33,19,HbO,5,-3.064768563067383e-6,-4.523503050195824e-6,1.2931894340006763e-5
P33,19,HbR,5,-1.3092014946290952e-6,-6.113479759197811e-6,1.066641771617305e-5
P33,20,HbO,5,-0.0019836557037101916,-0.004028414377014049,0.004736503700044325
P33,20,HbR,5,-0.001304961841470103,4.0500905302148945e-4,-0.0021336661083200853
P33,21,HbO,5,-0.0037227565963093303,-0.006533591564587219,-0.0033986433504700677
P33,21,HbR,5,-1.4388140546300806e-4,4.6548154798427266e-4,-1.4084864414807356e-4
P33,22,HbO,5,-1.1479612823231344e-4,-2.3201113117924893e-4,-1.081757494897167e-4
P33,22,HbR,5,-3.838977266068194e-5,1.1904158406952384e-4,1.5513484010949819e-4
P33,23,HbO,5,-7.474105795106377e-5,-4.6315142564677145e-5,4.108078713315441e-6
P33,23,HbR,5,-4.508961859551765e-5,1.4493891326502125e-5,7.722147128432337e-5
P33,1,HbO,8,0.0014245913012246889,-0.0013074541841851914,0.0041148358029073516
P33,2,HbO,8,4.206092447132448e-4,4.1327726820530446e-4,0.0012427606692511331
P33,3,HbO,8,0.00044652974670776055,-0.0019953837585928434,0.00832678931805749
P33,4,HbO,8,6.94800414491657e-5,-4.277187423662661e-5,2.0449799572695132e-4
P33,5,HbO,8,-7.195332311097392e-5,-1.2489466617006422e-4,9.350560642017745e-5
P33,7,HbO,8,-1.409470403194769e-4,-1.4445391891508612e-4,-3.262739904630809e-5
P33,8,HbO,8,-2.2613088426369016e-4,-1.8563645500417977e-4,-5.290604133154852e-4
P33,9,HbO,8,-6.119351404017092e-4,4.394229008951625e-4,-2.1237759447251842e-4
P33,10,HbO,8,-0.0010893298818957997,9.365365457400359e-4,0.0021327674557376107
P33,11,HbO,8,-0.0010248117449123389,7.792767297177182e-4,0.001787138524710426
P33,12,HbO,8,-2.602182481930703e-4,-7.005190884680057e-4,7.426505599158148e-5
P33,14,HbO,8,-8.138861156097049e-4,-0.001045958194460875,0.0021325385267662467
P33,15,HbO,8,-0.0011167580501053546,9.648690588667961e-4,0.0021103624089852946
P33,16,HbO,8,-1.7378414628196136e-4,-3.4509780368247484e-5,0.005858554507995104
P33,17,HbO,8,5.536014289958781e-4,0.002745708221270794,0.003590170215815363
P33,18,HbO,8,-1.5496700375961886e-6,-5.2025793074428385e-6,1.5175584022679474e-5
P33,19,HbO,8,-2.3751760110696016e-6,-2.7477835403518204e-6,4.469442629983992e-6
P33,20,HbO,8,-0.0017940719931608562,-0.006268863221910679,-2.5324670077406616e-4
P33,21,HbO,8,-0.00213185996926691,-0.009033003224378876,-0.006083211552821579
P33,22,HbO,8,-1.3005413621618481e-4,-1.905497582930211e-4,-4.543390546192562e-5
P33,23,HbO,8,-3.314591459578117e-5,-4.981515886536187e-5,1.1900920242349736e-5
P33,1,HbO,11,4.173240354551763e-4,-7.667758714183242e-4,0.0035057683538799816
P33,2,HbO,11,7.773950159400994e-6,4.7519190316602957e-4,7.691670523198164e-4
P33,3,HbO,11,-5.959545247157191e-4,-0.0013110856506895004,0.0067520801552977865
P33,4,HbO,11,-2.012340263155405e-5,-4.1132523774784346e-5,7.992630917898967e-5
P33,5,HbO,11,-1.368752202113135e-4,-1.4459473681689057e-4,-1.9507358282921853e-5
P33,7,HbO,11,-1.6844404023589842e-4,-1.299458801774073e-4,-5.519033556695224e-5
P33,8,HbO,11,-3.33789127669832e-4,-1.1266997070236445e-4,-7.552179936677383e-4
P33,9,HbO,11,-8.931767645493204e-4,3.06070232890588e-4,-9.75357156745606e-4
P33,10,HbO,11,-8.534234522830797e-4,0.0013476761407997988,0.0013924973673399665
P33,11,HbO,11,-7.894169558301829e-4,0.0011711450673615631,0.0011655996672178775
P33,12,HbO,11,-7.223563629379028e-4,-2.959724949228707e-4,-6.0124503057078655e-5
P33,14,HbO,11,-0.0011613801621413998,-6.148105740998873e-5,0.0018551643433864652
P33,15,HbO,11,-8.538584878956019e-4,0.0013329850501676529,0.0013152673914629761
P33,16,HbO,11,-6.277735059089411e-4,2.151706444113103e-4,0.0037846658465414637
P33,17,HbO,11,-7.31132351896709e-5,0.0027304094433255243,0.0023019423518697638
P33,18,HbO,11,-2.730309521134674e-6,2.6495082898060485e-6,-2.9976263494101343e-6
P33,19,HbO,11,-1.691302283674997e-6,2.0370919175933136e-7,-3.865947085347427e-6
P33,20,HbO,11,-0.0015237054177588184,-0.007600985425597457,-0.0036501703585671568
P33,21,HbO,11,-8.313557275889009e-4,-0.010310087596786977,-0.00766285271069305
P33,22,HbO,11,-1.3394174730130403e-4,-1.2301054824186367e-4,8.12565760015835e-6
P33,23,HbO,11,-5.4039619403906955e-6,-4.7504051072076416e-5,5.39155962083448e-6
P33,1,HbO,14,-4.181451956410245e-4,-3.437848575927665e-4,0.0031209018169766267
P33,2,HbO,14,-3.011702137368308e-4,5.65189367067273e-4,3.758838654498981e-4
P33,3,HbO,14,-0.0015268403374443687,-7.267959784275457e-4,0.005701733138686405
P33,4,HbO,14,-8.545777133681559e-5,-2.6136157304699016e-5,-4.087082384137542e-5
P33,5,HbO,14,-1.7922610583441604e-4,-1.3464009455524148e-4,-1.0270121244857733e-4
P33,7,HbO,14,-1.7452199245867377e-4,-8.725485520537539e-5,-7.729408535385533e-5
P33,8,HbO,14,-3.7446599948080437e-4,-2.540669178155233e-7,-8.7554521761533e-4
P33,9,HbO,14,-9.99315102918767e-4,3.6585863749095086e-4,-0.0015006928526036807
P33,10,HbO,14,-5.704901611778846e-4,0.0016694423561797978,5.583114670336726e-4
P33,11,HbO,14,-5.196980232055665e-4,0.001483548252985899,4.4552474794332347e-4
P33,12,HbO,14,-0.0010030186479903526,1.4697753097671636e-4,-8.575377477280528e-5
P33,14,HbO,14,-0.0013700388045254355,7.223658654767693e-4,0.001633038037591217
P33,15,HbO,14,-5.511721587369108e-4,0.0016370252448773537,4.4354896422803714e-4
P33,16,HbO,14,-9.254006509641341e-4,5.299879251741687e-4,0.002423026681569299
P33,17,HbO,14,-5.257678696030925e-4,0.002541324827613984,0.0012680312130859978
P33,18,HbO,14,-4.734624039857892e-6,9.605840609596519e-6,-1.6092477013046214e-5
P33,19,HbO,14,-1.9539655263458664e-6,3.3240976463357137e-6,-9.80662690216401e-6
P33,20,HbO,14,-0.001067034793273932,-0.008187019509216995,-0.0059844854432011966
P33,21,HbO,14,3.960108872239018e-4,-0.010673522333325592,-0.008511382755727326
P33,22,HbO,14,-1.254393869690252e-4,-5.7279526672782655e-5,4.8665409335509535e-5
P33,23,HbO,14,1.1666343625433248e-5,-4.6801571726422425e-5,1.120550276857615e-6
P33,1,HbO,17,-0.0010707850745236597,5.5599627429630916e-5,0.0027979488803425777
P33,2,HbO,17,-5.258622589163929e-4,6.105937841194983e-4,4.700241844765004e-6
P33,3,HbO,17,-0.0023169496828600307,-6.700999428450138e-5,0.0049476139203536015
P33,4,HbO,17,-1.3094455462396264e-4,-2.5692584350649195e-5,-1.5329636083375557e-4
P33,5,HbO,17,-1.9766411435932936e-4,-1.2628442558995051e-4,-1.7119294589662667e-4
P33,7,HbO,17,-1.6321949396544045e-4,-5.334485919845334e-5,-9.703644221336078e-5
P33,8,HbO,17,-3.839958822818143e-4,5.6729379668267486e-5,-9.072379179720355e-4
P33,9,HbO,17,-9.914819212001956e-4,3.498092049594764e-4,-0.001791847387496641
P33,10,HbO,17,-2.472482592066207e-4,0.0019177342522158792,-2.0749359752696568e-4
P33,11,HbO,17,-2.193866089149049e-4,0.0017211962393310783,-2.1390246060122253e-4
P33,12,HbO,17,-0.001131331485185362,4.5966842236110073e-4,-7.75163007085711e-5
P33,14,HbO,17,-0.0014428732232120655,0.0013192296148063372,0.0014290720719196115
P33,15,HbO,17,-2.1706752964484785e-4,0.0018754987947195631,-3.3265765160776426e-4
P33,16,HbO,17,-0.001141034996644958,9.913101691509313e-4,0.0014898927883516939
P33,17,HbO,17,-8.441254036874458e-4,0.001998253096933975,4.047867112725721e-4
P33,18,HbO,17,-6.938964130731934e-6,1.4661462389109322e-5,-2.082393953345914e-5
P33,19,HbO,17,-2.7660166650556226e-6,6.136163743606439e-6,-1.1481137930584152e-5
P33,20,HbO,17,-4.3447940706901796e-4,-0.008173616723139165,-0.007565602124261095
P33,21,HbO,17,0.0015240812151520453,-0.01047272307793907,-0.008953665541181929
P33,22,HbO,17,-1.1011109763171333e-4,-1.474970580210221e-5,7.138009363127265e-5
P33,23,HbO,17,2.3086284954744885e-5,-4.87592997145072e-5,3.1115965018468054e-6
P23,1,HbO,5,-0.0015970719612387072,-0.0025375881209237982,-0.010854421493867306
P23,1,HbR,5,-5.9373209926960766e-5,0.0017826500987354699,0.0015621634327502955
P23,2,HbO,5,-0.004104158682861,-0.009964697744592585,-0.02534362581353061
P23,2,HbR,5,0.00121599813198659,0.004506383803545792,0.011255624309799197
P23,3,HbO,5,-0.002111031075484101,-0.0040437589853027575,-0.015376822476432156
P23,3,HbR,5,2.4739960267746613e-4,0.001278003453314732,0.003834583877963017
P23,4,HbO,5,-0.002510721069283483,-0.0038197458958902576,-0.012577370900506748
P23,4,HbR,5,7.977470235678859e-4,7.75155620659197e-4,0.00441614133057461
P23,5,HbO,5,-0.0031716528058478607,-0.00428508232434487,-0.006709307662331835
P23,5,HbR,5,4.971715918146726e-4,0.0012513001632623111,-0.0012445616857375123
P23,7,HbO,5,-0.0010421423377368851,0.0021931707524633116,0.009227302475847982
P23,7,HbR,5,-5.743234532000261e-4,-4.424439494819024e-4,-0.0026984212010262103
P23,8,HbO,5,-0.002585600043225326,0.007728017496227921,0.014487552986887914
P23,8,HbR,5,3.5153463912248765e-4,-0.002225195039693288,-0.005165397602900714
P23,9,HbO,5,-0.0026987018978939124,-0.0018185484137349143,-0.010660105608405756
P23,9,HbR,5,7.095017925134858e-4,0.0012191366763861264,0.006202322465025873
P23,10,HbO,5,-0.0020528094959516153,-0.009255533659911877,-0.014779781272481212
P23,10,HbR,5,7.071350643360538e-5,0.0018511588607974018,0.00793341466724686
P23,11,HbO,5,-0.0017487322336977133,-0.0016423174882926168,-0.0074838669157622235
P23,11,HbR,5,4.117764613558203e-5,3.729088647794523e-4,0.008975412092692243
P23,12,HbO,5,-0.0019298658057950045,-0.0028341232822771704,-0.011719419106368234
P23,12,HbR,5,3.323159748704515e-5,0.0012953618753486133,0.006160521463727778
P23,14,HbO,5,-0.0016820593284999485,-0.0017206615867133195,-0.012857763893984473
P23,14,HbR,5,1.523573018140162e-4,-0.0013406770032267383,-0.0034984199008885677
P23,15,HbO,5,-0.0016035904250083753,6.262370463108914e-5,-0.010202429509635944
P23,15,HbR,5,-6.234063607319318e-4,-0.002628680567997464,-0.007371788489569361
P23,16,HbO,5,-9.288886938816561e-5,2.7057079519086176e-4,0.0010540657155213853
P23,16,HbR,5,-4.782588661961884e-5,1.6070688531751593e-4,3.8877981652607794e-4
P23,17,HbO,5,-1.1261911497435464e-4,2.2095362653754274e-4,0.0010192212092116969
P23,17,HbR,5,-3.2619864073948074e-5,1.8828939022848346e-4,4.333885125979265e-4
P23,18,HbO,5,1.2484955764633709e-6,1.0203834450737583e-5,2.924540131775617e-5
P23,18,HbR,5,-2.3152218840784797e-7,7.014810098484582e-6,3.583773127734348e-5
P23,19,HbO,5,2.9543392623355374e-6,-3.852802639058678e-6,3.5270869695924573e-6
P23,19,HbR,5,8.311243123005023e-8,7.294307260197234e-6,2.1845104151640364e-5
P23,20,HbO,5,0.001164373260456421,5.010790619660061e-4,0.001930149354955624
P23,20,HbR,5,2.4137485808068443e-4,7.146943372995839e-5,4.71253572161917e-4
P23,21,HbO,5,0.0015150719192908784,7.631554126882693e-4,0.002502060283688621
P23,21,HbR,5,9.848401568205643e-5,6.777135698229471e-6,3.564681634847385e-4
P23,22,HbO,5,-8.02120714894167e-5,2.0384780297034392e-4,6.92258083330883e-4
P23,22,HbR,5,-3.9186637968950204e-5,1.6760303775102206e-4,3.9510805690096026e-4
P23,23,HbO,5,-1.4687396077083786e-4,2.7101677372531814e-4,7.036085364262993e-4
P23,23,HbR,5,-1.498753637715559e-5,1.648117245106869e-4,5.320862988513466e-4
P23,1,HbO,8,-0.0012400939095271793,-0.0028466088013574544,-0.01684824387608186
P23,2,HbO,8,-0.004012936068208888,-0.006541798613516121,-0.02931156981993126
P23,3,HbO,8,-0.0018762974160805967,-0.0016915448048524797,-0.017817569947710898
P23,4,HbO,8,-0.002034318151621286,-0.002205060870940454,-0.013549435226118246
P23,5,HbO,8,-0.0026597358598786534,0.0010935733310348244,-0.013815125293243736
P23,7,HbO,8,-0.001022617031719811,0.002674217707992234,0.0010751867185207922
P23,8,HbO,8,-0.0026400152130539073,0.007652794867670172,0.008489684413231948
P23,9,HbO,8,-0.0026180995108830572,6.358300641792114e-4,-0.009052581680016304
P23,10,HbO,8,-0.00181848804863363,-0.0031210651034972933,-0.005131442457142337
P23,11,HbO,8,-0.0015945608140990471,5.398088603805471e-4,-0.0040704002471323355
P23,12,HbO,8,-0.0018898977067117076,-6.559787007056955e-4,-0.01013019684292744
P23,14,HbO,8,-0.0013606407559188364,-7.763956256765527e-4,-0.015047800629803543
P23,15,HbO,8,-0.0016015342972101766,4.969592231998893e-4,-0.012150724011566479
P23,16,HbO,8,-6.36478193910946e-5,1.6325441339982755e-4,6.080778641769246e-4
P23,17,HbO,8,-7.227843616751626e-5,1.9339466932711367e-4,5.821972353390884e-4
P23,18,HbO,8,1.482296178801848e-6,9.207315592053926e-6,2.4821399580389218e-5
P23,19,HbO,8,2.829902222368414e-6,-2.85956421874582e-6,-7.699262307524636e-6
P23,20,HbO,8,6.954968313896028e-4,0.0011966068688315649,0.005012934994453194
P23,21,HbO,8,9.530610197822189e-4,0.0016606400921143686,0.006547696636438345
P23,22,HbO,8,-5.920139696923657e-5,1.6657494792049585e-4,3.359327888394278e-4
P23,23,HbO,8,-1.154952439187632e-4,2.3334300410474322e-4,2.8032602974735824e-4
P23,1,HbO,11,-0.0010557844455901559,-0.003255955153192762,-0.0204572789577035
P23,2,HbO,11,-0.003929893571532309,-0.005450736372614141,-0.03264629290327778
P23,3,HbO,11,-0.001898635166845644,-0.0010487554259660315,-0.018934820316340393
P23,4,HbO,11,-0.0017447285353071607,-0.002240892776888223,-0.015199912854554251
P23,5,HbO,11,-0.0026249124872095237,0.0027902802499285215,-0.0222383643224622
P23,7,HbO,11,-0.0010557876495641476,0.0021651929948018076,-0.0050070193076783304
P23,8,HbO,11,-0.002693741557923805,0.00640630891966724,0.0029836143890542236
P23,9,HbO,11,-0.0024263320366604856,0.0014864941648262463,-0.009713015015376865
P23,10,HbO,11,-0.001690157346866505,9.612342503938273e-5,-0.0012766665174418412
P23,11,HbO,11,-0.0015874444193446824,1.33808892693978e-5,-0.006841280250400537
P23,12,HbO,11,-0.0018477244422416114,-6.312332501916982e-4,-0.01243801300901252
P23,14,HbO,11,-0.0012690057560717839,-6.775214197064579e-4,-0.01592224374076693
P23,15,HbO,11,-0.0018183826951579717,1.346440570132272e-4,-0.015065795753185462
P23,16,HbO,11,-5.094886640369985e-5,6.819632851650349e-5,2.4339456236317347e-4
P23,17,HbO,11,-4.970914185973372e-5,1.6745863828983323e-4,2.4537594963956695e-4
P23,18,HbO,11,1.5804291700891624e-6,9.929078226719987e-6,2.850343181122653e-5
P23,19,HbO,11,2.792170361936501e-6,-1.3412163750009906e-6,-8.178418660987827e-6
P23,20,HbO,11,3.34675849876164e-4,0.0016898647010032556,0.007207649429895559
P23,21,HbO,11,5.198411680779495e-4,0.00229260621763495,0.009429003547028341
P23,22,HbO,11,-4.65864240419279e-5,1.1468647420340226e-4,4.040665231271505e-5
P23,23,HbO,11,-1.0339014473981509e-4,1.772229174879669e-4,-1.7487356060544002e-5
P23,1,HbO,14,-9.47084451240281e-4,-0.003171388940415049,-0.0212411815744679
P23,2,HbO,14,-0.004001334764687667,-0.004762480211226102,-0.03115187991496193
P23,3,HbO,14,-0.002041828157793974,-9.4907751490015e-4,-0.018175635041032832
P23,4,HbO,14,-0.0016274583248128466,-0.002533008138021011,-0.015066151142041968
P23,5,HbO,14,-0.002795547918963638,0.0026880115717967112,-0.028717292605294573
P23,7,HbO,14,-0.0012008016761023705,0.0016176873615633748,-0.007575078561425914
P23,8,HbO,14,-0.002853952625853053,0.004956992703336896,7.219945108161624e-5
P23,9,HbO,14,-0.002252342163730868,0.0014499644250303835,-0.010720617537184353
P23,10,HbO,14,-0.001678556756894645,0.0016156005875023849,-6.001121300769297e-4
P23,11,HbO,14,-0.0017248720596757295,-0.0012121818567216154,-0.010300348414380461
P23,12,HbO,14,-0.0018682310057558662,-0.0010445214724457955,-0.013977247202885136
P23,14,HbO,14,-0.0012053696315531674,-4.426084014590549e-4,-0.014338829467776914
P23,15,HbO,14,-0.00207097292218607,-4.103843189281106e-4,-0.0170117189520482
P23,16,HbO,14,-4.498276588236081e-5,-1.1487773370132586e-5,-4.369749806159845e-5
P23,17,HbO,14,-3.777513917749663e-5,1.474143945161849e-4,1.5538822252303493e-5
P23,18,HbO,14,1.3875220374726036e-6,1.0840669043904489e-5,3.598535075489707e-5
P23,19,HbO,14,2.540449740193046e-6,-5.08707077416884e-7,-1.950215163143286e-6
P23,20,HbO,14,1.7195994161085903e-5,0.00202055159264484,0.008743759694023513
P23,21,HbO,14,1.3526314669794643e-4,0.002703417257184577,0.011431498970771788
P23,22,HbO,14,-4.094252690039033e-5,5.405385828003258e-5,-1.731669427103232e-4
P23,23,HbO,14,-1.0285539778816347e-4,1.1798348287924967e-4,-1.650709193547329e-4
P23,1,HbO,17,-8.129866664047028e-4,-0.0025237500123002523,-0.019485768129210837
P23,2,HbO,17,-0.004038676868852013,-0.003517125932363439,-0.02433266944659241
P23,3,HbO,17,-0.0020867708296295256,-7.527111984265805e-4,-0.01595792337131624
P23,4,HbO,17,-0.001537611101734797,-0.0021546399161023236,-0.012151347049910598
P23,5,HbO,17,-0.0028598481488425944,0.0025805537675277408,-0.030734837437313686
P23,7,HbO,17,-0.0013701326906124418,0.001524962256997696,-0.007208915339098548
P23,8,HbO,17,-0.002992133030463997,0.003869448558637901,-2.086365846728463e-4
P23,9,HbO,17,-0.0020826956405277514,0.0013541199920042296,-0.010650503293847802
P23,10,HbO,17,-0.001654632763004519,0.002613737663103466,-5.442065469118977e-4
P23,11,HbO,17,-0.0018459555053749789,-0.0016324966792575174,-0.010737217322215156
P23,12,HbO,17,-0.0018676344611738736,-7.891943452646808e-4,-0.012160213327871367
P23,14,HbO,17,-0.0010083388582283561,3.0811593255546907e-4,-0.01057734188591566
P23,15,HbO,17,-0.002173257287522423,-6.454155578440741e-4,-0.016595679126209302
P23,16,HbO,17,-3.792416675494092e-5,-6.500037317822691e-5,-2.3661068268918527e-4
P23,17,HbO,17,-3.118533272523431e-5,1.3566546723258583e-4,-1.1449402075847131e-4
P23,18,HbO,17,9.525316566174779e-7,1.0738047602275938e-5,4.179239925114133e-5
P23,19,HbO,17,1.9724121632571314e-6,-8.011370139182801e-7,4.7583629787149816e-6
P23,20,HbO,17,-2.7188597561004173e-4,0.0022006162046741573,0.009685169013016597
P23,21,HbO,17,-2.191340825603651e-4,0.0029090904639049613,0.012638293110571977
P23,22,HbO,17,-3.755982573591361e-5,6.280228538102961e-6,-2.73872324195971e-4
P23,23,HbO,17,-9.930517691889575e-5,7.332609711971304e-5,-1.8946843486873554e-4
P60,1,HbO,5,-0.0018095029522350173,-0.0039635566366041305,-0.01322699910774345
P60,1,HbR,5,1.123852841279488e-4,0.0018411343117591785,0.007369624613560587
P60,2,HbO,5,-0.0011161730151181995,-0.002019354425483837,-0.0011544486822257741
P60,2,HbR,5,1.949166429540538e-4,0.001035400814280714,4.2989849001425455e-4
P60,3,HbO,5,-8.325849216153224e-4,-2.726231981325142e-4,-0.010421761865178677
P60,3,HbR,5,-7.614954414909153e-4,-2.1321155883235595e-4,0.0027441390245055985
P60,4,HbO,5,-1.7479145002827196e-4,-0.0012426245384422351,-0.002773114332721218
P60,4,HbR,5,2.20382921303573e-5,4.23371119184009e-4,6.85083619007502e-4
P60,5,HbO,5,-5.875748533380277e-5,1.5775714746571218e-5,-5.390963027416257e-4
P60,5,HbR,5,6.076708035582255e-6,-4.71281895591474e-5,9.412628499859829e-5
P60,7,HbO,5,-4.93007609750745e-5,1.1980952712836122e-4,1.2853610642933527e-4
P60,7,HbR,5,-3.2674424820684326e-5,-3.621388369635016e-5,-3.238894747971816e-4
P60,8,HbO,5,1.464421931916931e-5,-1.1703349268427845e-4,-5.6651580074437144e-5
P60,8,HbR,5,-4.381671863743557e-5,1.456484434588453e-4,-2.90697183968296e-4
P60,9,HbO,5,-2.2993334889656424e-4,-0.002350833150915037,-8.542733950441477e-4
P60,9,HbR,5,2.5211519725504075e-6,6.864508308160562e-4,-5.045595720651844e-4
P60,10,HbO,5,-5.926313886477687e-4,-0.001543345792930607,0.003820912636694098
P60,10,HbR,5,-2.661232143657346e-4,-0.0016767568490288,-0.003398289140142391
P60,11,HbO,5,-8.616061864354932e-4,-3.0337358371410576e-4,-4.923279402827393e-4
P60,11,HbR,5,-2.0831987628813378e-5,-1.6254776439929722e-5,-2.3969171384285355e-4
P60,12,HbO,5,-0.00207963340744513,-5.139006573791287e-5,-0.006182161377325078
P60,12,HbR,5,1.2793138641749188e-4,-2.227576673926079e-4,6.464917338829042e-5
P60,14,HbO,5,9.619892582193122e-5,2.796174516643599e-4,-0.005950826812238574
P60,14,HbR,5,1.2328334513860714e-4,5.153736897776582e-4,7.29782701901665e-4
P60,15,HbO,5,0.0019922388335900047,-0.0028229276679185285,-0.004404919099859929
P60,15,HbR,5,8.065658830647564e-4,-5.097297917826861e-4,4.265856367803123e-4
P60,16,HbO,5,0.0010081551122588387,-0.0018754287493961393,-0.014515201182594702
P60,16,HbR,5,-8.193354155839927e-5,5.523932081339019e-4,0.0010009426743393794
P60,17,HbO,5,-0.001090104077210976,0.0034960110044592618,-0.013001355467602383
P60,17,HbR,5,-4.61988747835474e-4,-6.513813444502876e-4,0.002437879176519642
P60,18,HbO,5,-8.180870983542733e-6,2.928236399918917e-5,7.333987153443883e-5
P60,18,HbR,5,1.5310532831641095e-7,2.641826872337953e-5,3.478401773261822e-5
P60,19,HbO,5,-6.996531362256782e-6,-2.7913281701455022e-6,2.1910429000195467e-5
P60,19,HbR,5,-1.8003369187149437e-6,1.9749324383398452e-5,3.850317490291786e-5
P60,22,HbO,5,-9.179342411047073e-4,-7.894842075148046e-4,-0.017764945787384814
P60,22,HbR,5,-3.068759912770079e-5,-3.9446079819187665e-5,0.0032619002295468298
P60,23,HbO,5,-0.00381575009837546,0.0018235980541478414,-0.0031747276534306317
P60,23,HbR,5,-4.6271289556580207e-4,4.920010967827528e-4,-6.469271656298273e-4
P60,1,HbO,8,-0.0024223776080509658,-0.0032218417111392833,-0.00857968309391065
P60,2,HbO,8,-0.001731889411642131,-0.001282605727570791,-0.0029772494037352886
P60,3,HbO,8,-0.0026421707938788378,-3.7023522635016193e-4,-0.008224912881774852
P60,4,HbO,8,-5.622180766255958e-4,-7.671585772790973e-4,-0.0032560129612337406
P60,5,HbO,8,-6.546301916812704e-5,-3.506543258503735e-5,-5.084589314387402e-4
P60,7,HbO,8,-8.625837279971219e-6,-1.7486304026999195e-5,3.486794486744906e-5
P60,8,HbO,8,-2.683698591219478e-5,-1.1061765400753281e-4,-1.8621193746412633e-4
P60,9,HbO,8,-5.036434745813172e-4,-0.0018618509821261733,-0.0015420652212964315
P60,10,HbO,8,-0.0016561010641133061,-4.83379469261941e-4,0.0038611837262731564
P60,11,HbO,8,-9.466900468186757e-4,-5.320039466333249e-4,-6.348816767146899e-4
P60,12,HbO,8,-0.002506983425261756,-1.0160509323720583e-4,-0.004718041507689636
P60,14,HbO,8,-3.083870796837495e-5,-3.2427741791106034e-4,-0.004514117308942721
P60,15,HbO,8,0.0012303313514262417,-0.0034356441915186792,-0.002093887439034726
P60,16,HbO,8,3.572932505992011e-4,-0.0010821708963710038,-0.011324832892066487
P60,17,HbO,8,-0.0016217228079517922,0.0014898880409255375,-0.012566179866200032
P60,18,HbO,8,-8.853495422446275e-6,2.1736326662534445e-5,6.447300543123011e-5
P60,19,HbO,8,-6.907654518840306e-6,5.965204171935867e-8,2.10935183014321e-5
P60,22,HbO,8,-0.0014471404429305264,-2.417486293745022e-5,-0.01220652076022757
P60,23,HbO,8,-0.003398369868569091,0.0018015787011931793,-0.0017465351257262532
P60,1,HbO,11,-0.0027175940659143654,-0.0025080665801508434,-0.00475855173396232
P60,2,HbO,11,-0.001984690670370741,-5.210268529857422e-4,-0.0034635214661735358
P60,3,HbO,11,-0.0038168266172592413,-7.261681803397832e-4,-0.006467100266948954
P60,4,HbO,11,-7.440553132556261e-4,-3.196262767843038e-4,-0.003027628381873202
P60,5,HbO,11,-5.734806251781899e-5,-6.741856530459138e-5,-4.3325194406957057e-4
P60,7,HbO,11,1.6564956239704528e-5,-1.1320097964935151e-4,-4.382227817385119e-5
P60,8,HbO,11,-4.843372119827273e-5,-1.1296017649107406e-4,-2.829202741975659e-4
P60,9,HbO,11,-6.196789138143521e-4,-0.0012989904722794617,-0.001511291088775709
P60,10,HbO,11,-0.0022778418636218317,5.112298099811387e-4,0.004159007240323676
P60,11,HbO,11,-9.417313834234927e-4,-6.232340007153491e-4,-5.369158377361975e-4
P60,12,HbO,11,-0.0026271921045128797,-8.745565059950294e-5,-0.0030921338424060836
P60,14,HbO,11,-1.145392391933459e-4,-8.662333747308011e-4,-0.002922872558646432
P60,15,HbO,11,4.1941591133780694e-4,-0.003771394698378446,-7.737554239658157e-5
P60,16,HbO,11,-1.3357917601791974e-4,-2.074719950309714e-4,-0.007747456434562983
P60,17,HbO,11,-0.001817463437846723,3.7422779461561173e-4,-0.010776389453006416
P60,18,HbO,11,-2.974840248882863e-6,2.914759786379842e-5,8.685262787998798e-5
P60,19,HbO,11,-1.9507554720988973e-6,1.0845957865518172e-5,3.7142448894202853e-5
P60,22,HbO,11,-0.0017610413633092183,8.155333313270583e-4,-0.006898745933513105
P60,23,HbO,11,-0.0028787377158175777,0.002004223863829865,2.3739523676344254e-4
P60,1,HbO,14,-0.002771483118484935,-0.0018405787365072816,-0.001619207562103585
P60,2,HbO,14,-0.001990096007088451,2.0068667624609853e-4,-0.0034152449252839432
P60,3,HbO,14,-0.004483246824862186,-0.0011483755807772554,-0.004725058489769646
P60,4,HbO,14,-7.736214785514624e-4,1.2521983560223146e-4,-0.0024235209775975747
P60,5,HbO,14,-4.0643213035275066e-5,-9.058789091319134e-5,-3.7054947451168983e-4
P60,7,HbO,14,3.0447705385593667e-5,-1.667660882142119e-4,-9.392909665659998e-5
P60,8,HbO,14,-5.61147863288559e-5,-1.1810441290696827e-4,-3.5414613518007076e-4
P60,9,HbO,14,-6.009422373674552e-4,-6.666206478326812e-4,-0.0012195314597890552
P60,10,HbO,14,-0.0025650468537462617,0.0013663496765915306,0.004276681168372286
P60,11,HbO,14,-8.62922218333527e-4,-6.36041568618799e-4,-3.7137318024320283e-4
P60,12,HbO,14,-0.0024986688777199387,-1.4933295739625086e-4,-0.0017258684820791452
P60,14,HbO,14,-2.596647943225074e-4,-0.0016362328330736854,-0.0017896183017551068
P60,15,HbO,14,-4.976749074034753e-4,-0.003966357984614334,0.0013662470298584418
P60,16,HbO,14,-5.494260855965983e-4,3.7660997913084164e-4,-0.004238534241520545
P60,17,HbO,14,-0.0017554773794051218,-5.28892978927538e-5,-0.008158561967075232
P60,18,HbO,14,8.36022771203215e-6,4.063657596860849e-5,1.1426139982137311e-4
P60,19,HbO,14,6.0556904443634135e-6,2.4458645565602367e-5,5.730103211579183e-5
P60,22,HbO,14,-0.0018682127619199036,0.001579919893445697,-0.0019977555685659555
P60,23,HbO,14,-0.0022380227782028868,0.002180378772766005,0.0022032981414152925
P60,1,HbO,17,-0.0027044378626367737,-0.0013013652166628136,8.891668522281813e-4
P60,2,HbO,17,-0.0018568340824531863,6.976886316010217e-4,-0.003411973980579817
P60,3,HbO,17,-0.004756361770885799,-0.0014907835038722608,-0.002771571527536307
P60,4,HbO,17,-7.09535780680071e-4,4.7037940678984106e-4,-0.0018023250202029231
P60,5,HbO,17,-2.2604730361540285e-5,-1.0823100285682474e-4,-3.2413519642567133e-4
P60,7,HbO,17,3.657720175122247e-5,-2.0138960396756496e-4,-1.366813346067953e-4
P60,8,HbO,17,-5.459415415641977e-5,-1.162216139133283e-4,-4.064255698042347e-4
P60,9,HbO,17,-4.969348913536605e-4,-9.555381191000002e-5,-0.0010270724210005295
P60,10,HbO,17,-0.0026296979220621097,0.001892813609097398,0.003787087396421019
P60,11,HbO,17,-7.440623903353681e-4,-6.487045903849789e-4,-3.121675438924485e-4
P60,12,HbO,17,-0.0022477523804848155,-5.112394881180514e-4,-0.001063177263909215
P60,14,HbO,17,-5.209094891885795e-4,-0.002608491978462519,-0.0012537920605637323
P60,15,HbO,17,-0.001453808581387549,-0.004028836220564667,0.0023010899709448415
P60,16,HbO,17,-9.444387706724407e-4,4.434555312047515e-4,-0.0013099008832057285
P60,17,HbO,17,-0.0016239539653172418,-1.713750865404867e-4,-0.005489213549083152
P60,18,HbO,17,2.0173816005216663e-5,4.3346587994069987e-5,1.2335783258106902e-4
P60,19,HbO,17,1.3536778939359476e-5,3.2641906080000296e-5,6.811669990684053e-5
P60,22,HbO,17,-0.001846413212281054,0.0019475867483898439,0.0019409144596469706
P60,23,HbO,17,-0.00157276341609224,0.002095915451926264,0.0035238463666270427
P31,1,HbO,5,-2.0462187614667977e-4,-0.0012510449480652277,0.0025829939107839066
P31,1,HbR,5,8.012713300099313e-4,-1.4957506243725623e-4,-0.003167659216361869
P31,2,HbO,5,-0.0016288970719516517,-0.007970589950998858,-0.013063005355298916
P31,2,HbR,5,9.003980187923373e-4,0.00204047826782605,1.4273299435738537e-4
P31,3,HbO,5,0.0020584557559251587,-8.076247514638285e-4,0.0019769314055761785
P31,3,HbR,5,5.784123901593279e-4,-4.056865692072101e-4,-0.0014992048107124508
P31,4,HbO,5,2.153030406234689e-4,-0.006209902028200466,-0.00663847594155648
P31,4,HbR,5,2.129839897197753e-5,0.0011475046123240484,-4.3889582421786753e-4
P31,5,HbO,5,-1.180806229487836e-4,-0.0038782259115579267,-0.0037109056203879116
P31,5,HbR,5,-2.7306833079045634e-4,8.818371381993172e-4,-0.0013480898160094959
P31,7,HbO,5,-6.64019673043353e-4,0.001260597203294856,-0.002311422137236644
P31,7,HbR,5,-6.578328585433038e-4,-0.0023799906042261967,-0.0027691401525089866
P31,8,HbO,5,-0.0030416238623782055,0.001516781842568357,-0.0032463830346881463
P31,8,HbR,5,-0.0014535647730011768,-0.0041758747085343965,-0.0033294090989244808
P31,9,HbO,5,-0.0012182783895166075,-0.0019483787441934408,-0.004404040000262566
P31,9,HbR,5,-3.2629744137429174e-4,-9.859053020133688e-4,-0.0010917764334356266
P31,10,HbO,5,-4.694814366886458e-4,-0.005222402423161231,-0.0047407859444620675
P31,10,HbR,5,-3.837947734561433e-4,3.070193309380079e-4,-0.0012950487184027358
P31,11,HbO,5,-9.830901448895514e-4,-0.006659290373062167,-0.00400420232046704
P31,11,HbR,5,-4.723048267992235e-4,7.181108964735341e-4,-7.352154736292734e-4
P31,12,HbO,5,-0.00326506499133597,-0.00599877496095232,-0.010141684129401737
P31,12,HbR,5,-9.986308534746756e-4,-0.0027319392386160987,-0.0035027170258901978
P31,14,HbO,5,-0.0020929232438875295,-0.0037190952235878474,0.0028195275945216806
P31,14,HbR,5,0.0013126810594065535,-8.389620417014593e-4,-0.00429871349124365
P31,15,HbO,5,-1.0576300016558034e-4,-0.0064378000441070735,0.0043744434282286075
P31,15,HbR,5,9.815555871577498e-4,0.0012797765924527824,-0.0033654670994875233
P31,16,HbO,5,-4.6476241723134754e-5,-1.6863303927266228e-4,-1.3981115452003283e-4
P31,16,HbR,5,-6.342656893333194e-5,-1.0419375478993927e-4,-5.159518746595233e-6
P31,17,HbO,5,-9.050940295914734e-5,-2.0259291962333527e-4,-1.949660962862021e-4
P31,17,HbR,5,-2.1117073796818003e-5,-9.228935951258059e-5,-5.297438819950184e-5
P31,18,HbO,5,-2.4866083536439786e-6,6.752770087238271e-6,4.609400657363173e-8
P31,18,HbR,5,1.3240943800263096e-6,-1.3823473532715631e-5,1.407168519822869e-8
P31,19,HbO,5,-1.3239407460344087e-7,5.635128402707413e-7,-6.216286702098698e-7
P31,19,HbR,5,-4.470391146373307e-7,8.967994016850944e-7,1.4869871540699563e-6
P31,20,HbO,5,0.010004451655391872,-0.01597751145989759,-0.0176675233247203
P31,20,HbR,5,-1.841915135281949e-4,-8.437426657681804e-4,-1.0596277522111666e-4
P31,21,HbO,5,0.006618645471792228,-0.01296250230640092,-0.014087905401322966
P31,21,HbR,5,-4.473366851495984e-4,-4.632889215347696e-4,4.327385448559773e-5
P31,22,HbO,5,-2.898851902207453e-4,-6.240291530477548e-4,-3.5297182399136173e-4
P31,22,HbR,5,7.155159542215579e-5,-1.579385594372239e-4,-1.404429366608703e-5
P31,23,HbO,5,-1.843872430042911e-4,-4.880370458686042e-4,-2.443941340797058e-4
P31,23,HbR,5,1.7879517717765003e-5,-6.31908493292727e-5,2.235995066775065e-5
P31,1,HbO,8,7.562785303625779e-5,-5.573922417172744e-4,4.6727591271174403e-4
P31,2,HbO,8,-0.001598676396012729,-0.005450404872248737,-0.012000967403674477
P31,3,HbO,8,0.0013743416686349348,1.590494114104848e-4,-0.0017821270292068972
P31,4,HbO,8,-4.376034051875746e-4,-0.004445275878502569,-0.007158624314219214
P31,5,HbO,8,-0.001049407443200137,-0.004367992836682123,-0.0051105908383167475
P31,7,HbO,8,-0.0012517488141371483,-7.520672819714577e-4,-0.00389554050776142
P31,8,HbO,8,-0.003435103240031675,-5.563930478448607e-4,-0.005192413246528279
P31,9,HbO,8,-0.0016345890694169174,-0.003954189743342594,-0.005359266844226093
P31,10,HbO,8,-0.001292899226748344,-0.006060455932452621,-0.00463197486336264
P31,11,HbO,8,-0.0016328342555055428,-0.006313257052593178,-0.004948144395732719
P31,12,HbO,8,-0.0037645800806727996,-0.005810901625451637,-0.010884848220873121
P31,14,HbO,8,-0.001694467760507885,-0.002637443861617351,-7.347341034951017e-5
P31,15,HbO,8,-3.816990667442923e-4,-0.004527955642580859,0.0016355960357345043
P31,16,HbO,8,-5.087479580085318e-5,-8.52734023687435e-5,-1.0434541730423832e-4
P31,17,HbO,8,-7.398669561536618e-5,-1.4644221657450618e-4,-1.3998467755241124e-4
P31,18,HbO,8,-1.0496416215360164e-6,2.575067147153677e-6,3.3774990881644566e-8
P31,19,HbO,8,-2.868452760720357e-7,-5.859898407929146e-7,-1.1658627510341818e-6
P31,20,HbO,8,0.005994592373805947,-0.011204145307655433,-0.013011248930283723
P31,21,HbO,8,0.003818558553997852,-0.008861423610839966,-0.01016959252599462
P31,22,HbO,8,-2.491471733646305e-4,-6.466657208231776e-4,-4.3208147587980996e-4
P31,23,HbO,8,-1.7104642242227178e-4,-4.55956084371054e-4,-2.8646350404089137e-4
P31,1,HbO,11,1.7568666277642514e-4,-3.337146720879012e-4,-0.0013217285927530238
P31,2,HbO,11,-0.0013743197083857888,-0.0033547977878496285,-0.011075340829235895
P31,3,HbO,11,6.712037771699616e-4,2.4004874044939971e-4,-0.004806069833398747
P31,4,HbO,11,-6.601818711931169e-4,-0.0025521680030231335,-0.0073340113189577704
P31,5,HbO,11,-0.0012720315946901182,-0.0038159953794945135,-0.006189879399685824
P31,7,HbO,11,-0.001297566787288977,-0.0020556452621327812,-0.005188954001638885
P31,8,HbO,11,-0.0029813237521487362,-0.0016511135671714728,-0.006563178341538861
P31,9,HbO,11,-0.0014490875677558102,-0.0048102473488612464,-0.0060521128309379505
P31,10,HbO,11,-0.0015306443963154584,-0.005743670047830041,-0.004564135680695893
P31,11,HbO,11,-0.001723314522426138,-0.0053322300965251415,-0.005809935244233738
P31,12,HbO,11,-0.003611582727210558,-0.0052043253099483605,-0.011478573447209905
P31,14,HbO,11,-0.0013577552912285968,-0.002101642272249744,-0.0023944593248882142
P31,15,HbO,11,-5.936055638429372e-4,-0.002946573039970526,-6.900672158322918e-4
P31,16,HbO,11,-4.515836133013031e-5,-2.434089623697433e-5,-7.432297361204953e-5
P31,17,HbO,11,-5.7255795821397896e-5,-9.657772940240627e-5,-9.743690334711217e-5
P31,18,HbO,11,-2.0381467619491765e-7,5.012728523983461e-7,4.195962100648508e-7
P31,19,HbO,11,-3.3307563075499476e-7,-5.707800560713582e-7,-1.287186859806323e-6
P31,20,HbO,11,0.0032042312252409414,-0.007830180082747728,-0.009532617635030194
P31,21,HbO,11,0.0018882551083433097,-0.0055258854907591914,-0.006968393908466073
P31,22,HbO,11,-1.7511159355750071e-4,-5.741481500262489e-4,-4.651237306197443e-4
P31,23,HbO,11,-1.2324703249060078e-4,-3.863863149975976e-4,-3.2625820364448176e-4
P31,1,HbO,14,1.5163894608538695e-4,-4.850193773632004e-4,-0.00296082650881297
P31,2,HbO,14,-0.0010089428369420186,-0.0013668521155321108,-0.009772194465747284
P31,3,HbO,14,4.541458487006929e-5,-2.5612907465933347e-4,-0.007306227520801101
P31,4,HbO,14,-5.37420637425296e-4,-6.054829092047178e-4,-0.0068727422053103384
P31,5,HbO,14,-0.0010731813180848138,-0.0027671912131807686,-0.006613325843079317
P31,7,HbO,14,-0.0010014527222480965,-0.0027806216649820643,-0.005921866605913347
P31,8,HbO,14,-0.002076459811993891,-0.002159968062011614,-0.007344784138658819
P31,9,HbO,14,-9.568323156335171e-4,-0.004949596790807211,-0.006365532281848671
P31,10,HbO,14,-0.0013184202090035608,-0.0046996928002313015,-0.004308878472594344
P31,11,HbO,14,-0.0014643218454833435,-0.004239563058567704,-0.006346466934165589
P31,12,HbO,14,-0.003059086159656218,-0.004244535701166608,-0.011478740012803907
P31,14,HbO,14,-0.0011353655861320651,-0.002030901041124502,-0.004531114862266155
P31,15,HbO,14,-7.175334098173229e-4,-0.0017542916588728628,-0.0030680052977592742
P31,16,HbO,14,-3.0523565324033604e-5,9.518561789048987e-6,-5.234412105017302e-5
P31,17,HbO,14,-4.142289916980152e-5,-5.0379230229065535e-5,-6.259012795288426e-5
P31,18,HbO,14,1.3612422277141632e-7,-1.3846435561586252e-7,9.67863602678482e-7
P31,19,HbO,14,-1.8473895119869522e-7,4.885487082929776e-7,-7.857634810932296e-7
P31,20,HbO,14,0.0010092172146699515,-0.005259847554952931,-0.006647465888174039
P31,21,HbO,14,3.993295680390615e-4,-0.0028795103237262407,-0.004285640482748156
P31,22,HbO,14,-1.1030737893062126e-4,-4.511502192878454e-4,-4.4370772089276145e-4
P31,23,HbO,14,-8.0920356625816e-5,-3.075644661853596e-4,-3.561183657437873e-4
P31,1,HbO,17,1.0842411550194467e-4,-7.370419269840135e-4,-0.004233781973790272
P31,2,HbO,17,-6.251766411195694e-4,5.956848643350514e-4,-0.007540213062153886
P31,3,HbO,17,-3.5172607917734845e-4,-8.190607762331702e-4,-0.008955732964769394
P31,4,HbO,17,-2.9197633828263275e-4,0.0011657775414630645,-0.0055552751523659455
P31,5,HbO,17,-7.854762426918435e-4,-0.0016348147149894568,-0.006113993493489882
P31,7,HbO,17,-6.278710988142887e-4,-0.0030579801988495424,-0.005773230407172208
P31,8,HbO,17,-0.0011373749980270675,-0.002314646931893042,-0.007176028902693419
P31,9,HbO,17,-4.441110737699494e-4,-0.004714058004511626,-0.00597140592868444
P31,10,HbO,17,-9.223945230306277e-4,-0.003435697620800631,-0.0036564120228148073
P31,11,HbO,17,-0.001089981541515066,-0.0033395154307990517,-0.006296111119235571
P31,12,HbO,17,-0.0023754523552679944,-0.003140470418183415,-0.010366535459203767
P31,14,HbO,17,-9.725476542300155e-4,-0.0020648551860123383,-0.006276465656420257
P31,15,HbO,17,-7.303338318462325e-4,-7.842031043122929e-4,-0.005269585192837681
P31,16,HbO,17,-1.5636322339139868e-5,2.0914990848976127e-5,-3.6138759156151643e-5
P31,17,HbO,17,-2.742038987091252e-5,-9.81669724232495e-6,-3.291921065460859e-5
P31,18,HbO,17,2.0311531511305003e-7,-2.586780304936939e-7,1.212933777302449e-6
P31,19,HbO,17,6.122618109240152e-8,1.4996207879915706e-6,-2.5098793250038086e-7
P31,20,HbO,17,-8.88174635487405e-4,-0.003461409092643231,-0.004117800250775119
P31,21,HbO,17,-8.384950985646429e-4,-0.001196630528208863,-0.0021951591017437193
P31,22,HbO,17,-7.268521748146513e-5,-3.1642941062851997e-4,-3.737941704387256e-4
P31,23,HbO,17,-6.20134751757007e-5,-2.3158684889930793e-4,-3.599236719954008e-4
P37,1,HbO,5,-0.0012848633715483743,-0.007815042221731182,0.022574578177842825
P37,1,HbR,5,-0.0010121835547224887,-8.87036338587907e-4,-0.004499873531591532
P37,2,HbO,5,8.27228391428031e-4,-0.006657185693482995,0.007295763724347498
P37,2,HbR,5,-3.5112681250509074e-5,0.001304248343642441,-0.001754901368065954
P37,3,HbO,5,-7.30950739219348e-4,-0.012341832162386174,0.015099684007011435
P37,3,HbR,5,1.403361818525876e-4,0.0015165205075880687,-0.007545885273393868
P37,4,HbO,5,-4.965869531943904e-4,-8.184164684327743e-4,8.652172277112135e-4
P37,4,HbR,5,9.099477575747259e-5,2.828077783408236e-4,-5.055973203108238e-4
P37,5,HbO,5,-0.002500382336917456,-0.007187953625035304,0.009506907635683475
P37,5,HbR,5,-1.6712713237755796e-4,0.001482054934527655,-0.0017990965885801952
P37,7,HbO,5,-5.752330263431903e-5,-0.005255735876048892,0.011751856132050107
P37,7,HbR,5,1.7050340259620208e-4,9.910379068136484e-4,2.7886364599174075e-4
P37,8,HbO,5,-5.559113331085254e-4,-0.0026441656288679824,0.003959994961258653
P37,8,HbR,5,1.8423436746897249e-4,9.385337480060459e-4,-0.001210847399578411
P37,9,HbO,5,5.080301451166637e-4,-0.0037411965311666584,0.006776322302991023
P37,9,HbR,5,3.0916718782682674e-4,4.994453177753878e-4,0.0019259808985098415
P37,10,HbO,5,-0.002959814372548371,-0.0052829483838783406,0.00923430559673211
P37,10,HbR,5,9.396237691841157e-5,0.0014658038470475587,-0.0011589100205934017
P37,11,HbO,5,-8.016237870761141e-4,-0.0019070766093144285,0.004062908204271259
P37,11,HbR,5,-1.8132817422966817e-5,4.2750897115206014e-4,-0.0013470111840202692
P37,12,HbO,5,3.734439892899094e-5,-0.00856512290617014,0.018613795225031367
P37,12,HbR,5,-3.9421465091336064e-4,0.0020543461858535464,-0.004676695172351514
P37,14,HbO,5,0.0017787784395525187,-0.006575327124569401,0.018432123498450227
P37,14,HbR,5,-0.0012280617780133802,-0.0037203745286751096,8.991748993002604e-4
P37,15,HbO,5,0.002551311209248761,-0.016399083442593956,0.024686707094130803
P37,15,HbR,5,-5.439369222898584e-4,0.0013601447421606287,-0.008343263220075978
P37,16,HbO,5,-0.003128316823178232,-0.005655413662941848,0.016400641261600284
P37,16,HbR,5,-5.241410802222815e-4,-8.556064045065024e-5,-0.001800662872858906
P37,17,HbO,5,-0.0021610960475869226,-0.011618324660509402,0.02806607759918308
P37,17,HbR,5,-7.335035443674024e-4,0.0017596828609421238,-0.006739681372249487
P37,18,HbO,5,-1.971379637344087e-5,-7.378325916609988e-5,2.966941374717807e-5
P37,18,HbR,5,5.827957333013081e-6,-2.135304268542049e-5,3.351752695599909e-6
P37,19,HbO,5,-2.5580024936989923e-6,-1.909662074321899e-5,9.128181347040474e-6
P37,19,HbR,5,-5.797324787381919e-6,-3.300993727782047e-5,1.7987766408608265e-5
P37,20,HbO,5,-0.0019608104364352156,-0.0011673291215222403,0.011108015899465466
P37,20,HbR,5,-8.153640805663088e-4,-0.0030182504073438406,0.004654413294682629
P37,21,HbO,5,-0.002137626716746573,-0.015893557374728057,0.027834345974678466
P37,21,HbR,5,-7.552683568492643e-5,0.0013185038767349405,-0.006053974299769464
P37,22,HbO,5,-3.5766023322890634e-4,4.2230817066427984e-4,-7.251638519277473e-4
P37,22,HbR,5,-6.266211769339803e-5,3.332748118577304e-5,-9.576133045450147e-5
P37,23,HbO,5,-2.218288041001445e-4,2.4825445645756434e-4,-3.982409990191063e-4
P37,23,HbR,5,-6.603640049714653e-5,5.090700272640265e-5,-1.1562846991263945e-4
P37,1,HbO,8,-0.0021205052775077836,-0.0074754827411095464,0.017107729695220085
P37,2,HbO,8,1.0230001580342073e-4,-0.0071401604807433215,0.010126213503458355
P37,3,HbO,8,-0.001682889218789439,-0.010927562222022614,0.011020406552783702
P37,4,HbO,8,-5.293134752964378e-4,-6.11389928385204e-4,6.442421080161225e-4
P37,5,HbO,8,-0.0031648894027668916,-0.0057007035419487945,0.007652040034344941
P37,7,HbO,8,-4.832691906049158e-4,-0.00394973945574756,0.010637160147794483
P37,8,HbO,8,-6.25788065694097e-4,-0.001549458673313361,0.0035849224196396047
P37,9,HbO,8,2.1896318130778446e-4,-0.0028230884922973987,0.006298144059529391
P37,10,HbO,8,-0.00311561967719942,-0.004229754503072052,0.006960875482088303
P37,11,HbO,8,-9.283583026607802e-4,-0.0013927402551756904,0.0029685076663147495
P37,12,HbO,8,-6.400904833535688e-4,-0.00612908301406115,0.01340863641275681
P37,14,HbO,8,0.0010225410124636146,-0.00654145900076685,0.017056632847326936
P37,15,HbO,8,0.0012388365544747182,-0.013773455382161941,0.019915353039688923
P37,16,HbO,8,-0.003673708176541116,-0.005100311663365021,0.011624695606689694
P37,17,HbO,8,-0.0030601421378487806,-0.009827647381778297,0.019811784105312622
P37,18,HbO,8,-1.897228347704255e-5,-4.028006297250755e-5,-4.3833128234678605e-5
P37,19,HbO,8,-4.601602105690003e-6,-6.5983495163538595e-6,-2.5213308249943173e-5
P37,20,HbO,8,-0.002135476889665706,-0.0010255220819829604,0.009737334031631854
P37,21,HbO,8,-0.0035761682239101446,-0.012034499570176618,0.01564698081554142
P37,22,HbO,8,-3.0655337881918917e-4,3.4728621246561746e-4,-5.53886800728998e-4
P37,23,HbO,8,-1.9150965516516688e-4,2.0734720146595165e-4,-3.025173203267113e-4
P37,1,HbO,11,-0.0026656526981857533,-0.006905680914621363,0.012421309916590125
P37,2,HbO,11,-1.3086671084896808e-4,-0.007254447818931986,0.01242513929068394
P37,3,HbO,11,-0.0021856025409673395,-0.00976897385802934,0.008343821282753175
P37,4,HbO,11,-4.897123232105082e-4,-4.684416593142587e-4,5.419345764267258e-4
P37,5,HbO,11,-0.003259419090188003,-0.0046060539161501156,0.006043787615009247
P37,7,HbO,11,-6.267351954766785e-4,-0.0031560324764610377,0.009593811209732463
P37,8,HbO,11,-4.8160400796797194e-4,-8.294033250749529e-4,0.0030597844839156505
P37,9,HbO,11,1.5085598895420662e-4,-0.00231752410332785,0.006011216821060323
P37,10,HbO,11,-0.00286176999900864,-0.003490738281819785,0.00514037197752502
P37,11,HbO,11,-8.980362561875528e-4,-0.0010490740475646329,0.0021763826469708716
P37,12,HbO,11,-9.644533502664652e-4,-0.004440312752640678,0.009473228434407248
P37,14,HbO,11,4.113126241021878e-4,-0.00619757104225351,0.015153361927893214
P37,15,HbO,11,1.1945281371952277e-4,-0.011427222972540669,0.015476836241928242
P37,16,HbO,11,-0.0037731360819851113,-0.004571222723918541,0.008251020145446606
P37,17,HbO,11,-0.003337526589037433,-0.008112484541104786,0.013217195577430367
P37,18,HbO,11,-1.157216376618491e-5,-2.1071991067233785e-5,-5.6818379740001336e-5
P37,19,HbO,11,-2.503913901535263e-6,-8.658431640291567e-7,-2.8597623795670308e-5
P37,20,HbO,11,-0.0020823871287025284,-9.02312688746586e-4,0.007882050610470481
P37,21,HbO,11,-0.004220055474969869,-0.008696506339850136,0.005457192915402284
P37,22,HbO,11,-2.576865018846353e-4,2.730443346372669e-4,-4.2263630347897226e-4
P37,23,HbO,11,-1.623402166361947e-4,1.666240361485994e-4,-2.2895101145039526e-4
P37,1,HbO,14,-0.0029710940638535527,-0.005971126747543518,0.007825822063443552
P37,2,HbO,14,-1.0561940314602186e-4,-0.00681076517731997,0.013873068187695865
P37,3,HbO,14,-0.002333842690859264,-0.008411169265491925,0.0060639209057147024
P37,4,HbO,14,-3.962902626529784e-4,-3.526986421829894e-4,5.192605353642693e-4
P37,5,HbO,14,-0.0029826727766379406,-0.0035396345704634133,0.004409138160543238
P37,7,HbO,14,-6.084231877457127e-4,-0.0022785881639629173,0.00796625294899959
P37,8,HbO,14,-2.188097358156828e-4,-2.3813367287216838e-4,0.00248841023623982
P37,9,HbO,14,2.0230972165424257e-4,-0.001842496998215244,0.005465085361917448
P37,10,HbO,14,-0.002379211833498808,-0.0028680933267608696,0.0036120149574131112
P37,11,HbO,14,-7.685660436769044e-4,-7.523127109853026e-4,0.0015325135832332914
P37,12,HbO,14,-0.001053406188541699,-0.0029946676752965785,0.00605136829719227
P37,14,HbO,14,-1.4398370061924755e-4,-0.005447437865948726,0.011994880631988447
P37,15,HbO,14,-8.411565475211161e-4,-0.008884993506082453,0.010299695377978035
P37,16,HbO,14,-0.0035096453417004943,-0.0037607036966402327,0.00519000294748632
P37,17,HbO,14,-0.0031544155067681733,-0.006250113700113297,0.007483356748476518
P37,18,HbO,14,-1.776429144162708e-6,-5.209849132375266e-6,-3.5632441960116935e-5
P37,19,HbO,14,1.6648223041155056e-6,4.534448964422617e-6,-1.2951754330093149e-5
P37,20,HbO,14,-0.001853419571872731,-8.625734680258049e-4,0.005338644974579559
P37,21,HbO,14,-0.004213157699111518,-0.0056126820267437955,-0.003678084190628547
P37,22,HbO,14,-2.03862719219374e-4,2.1003181876782116e-4,-3.216505067063579e-4
P37,23,HbO,14,-1.2997950402963404e-4,1.323341867537432e-4,-1.6850370961674722e-4
P37,1,HbO,17,-0.0030514419546306642,-0.004687234994521215,0.0030552743653230723
P37,2,HbO,17,-3.9428524272360824e-5,-0.00583326719872597,0.014194235868639528
P37,3,HbO,17,-0.0022171771026918423,-0.006721634551491027,0.0034560874284288077
P37,4,HbO,17,-2.879354051703173e-4,-2.457756056154732e-4,5.293660327749016e-4
P37,5,HbO,17,-0.0025729425781887507,-0.002427733173608704,0.002875606551121169
P37,7,HbO,17,-5.652117974087337e-4,-0.001152856377760645,0.005775434918300721
P37,8,HbO,17,4.206256323437347e-5,3.4794831027434565e-4,0.001946706457471442
P37,9,HbO,17,2.6036372844915923e-4,-0.0012437567797703815,0.004510507674309684
P37,10,HbO,17,-0.0018728550340407558,-0.0022214809939590224,0.0022396640104893613
P37,11,HbO,17,-6.135730231876255e-4,-4.586138609985648e-4,9.334019964699846e-4
P37,12,HbO,17,-0.001033338730716256,-0.0015731277303044511,0.0027226928010343114
P37,14,HbO,17,-6.262574363971337e-4,-0.0042835213686958935,0.007505157142504669
P37,15,HbO,17,-0.0015571743224452228,-0.006134896000698604,0.004385254941039946
P37,16,HbO,17,-0.0030032069149808073,-0.0025474936227710245,0.0018478006534547785
P37,17,HbO,17,-0.0027022114914645725,-0.00418937071873842,0.0021376760711733812
P37,18,HbO,17,5.779396136944278e-6,1.0188761129762849e-5,-1.2778047833412714e-5
P37,19,HbO,17,4.9893917945841145e-6,8.875819723600653e-6,5.062595629910804e-6
P37,20,HbO,17,-0.0015193572964230186,-8.712914784764611e-4,0.002306170295975569
P37,21,HbO,17,-0.003741209366555287,-0.0027204556808198546,-0.011866666382075217
P37,22,HbO,17,-1.469745151667001e-4,1.6195394098814168e-4,-2.3672147734813583e-4
P37,23,HbO,17,-9.547298438136483e-5,1.06563677647829e-4,-1.1524036378775788e-4
P54,1,HbO,5,-2.0891848502843084e-05,-2.727235127363191e-4,5.924395540860425e-4
P54,1,HbR,5,-1.802534565917187e-5,1.7585305687863715e-4,-2.907057771235326e-4
P54,2,HbO,5,1.2338231881582848e-5,-3.5679690662844776e-4,5.726277887918263e-4
P54,2,HbR,5,-3.548805365089084e-5,4.240758338305324e-4,-5.937573790125632e-4
P54,3,HbO,5,2.7234705579320164e-4,-0.003523786037437322,0.004478133737170517
P54,3,HbR,5,-1.1809163357907627e-4,8.99708193102745e-4,-9.92699730628778e-4
P54,4,HbO,5,5.000063017829105e-5,-0.002604159951925561,0.0034905971661998176
P54,4,HbR,5,-4.8570099434948005e-5,6.227544855595556e-4,-9.045585235720962e-4
P54,5,HbO,5,0.0013514510728204843,-0.01539228122313902,0.019913880986782033
P54,5,HbR,5,-6.671600391897941e-4,7.868554810108562e-4,-1.6488178738791346e-4
P54,7,HbO,5,0.0010061599192959672,-0.01513062412888648,0.01595236054248282
P54,7,HbR,5,-6.170260707404965e-4,0.0029303217071736296,-0.0047794568352432995
P54,8,HbO,5,0.0010684166087401273,-0.015915334300568636,0.017109656977929575
P54,8,HbR,5,-8.853282200834333e-4,5.314165552994826e-4,-2.074197458043407e-4
P54,9,HbO,5,0.0011635109257100568,-0.019246877254024512,0.019548442274904834
P54,9,HbR,5,-0.0013330768953399433,-2.90098279438524e-4,0.0011511264272404955
P54,10,HbO,5,0.003234734149836528,-0.027983926545629374,0.028283826002125086
P54,10,HbR,5,-0.001681074698967287,0.002681248056397988,-0.0019704575240953874
P54,11,HbO,5,0.0019246567630472795,-0.008255759842165209,0.012282215727518869
P54,11,HbR,5,-6.870056041920151e-4,4.706018775661754e-4,-0.0010827347591529772
P54,12,HbO,5,0.003536641202325503,-0.010010548722333742,0.015022432264769339
P54,12,HbR,5,-6.621724963335091e-4,-0.007228026309920849,0.009057592733873795
P54,14,HbO,5,0.0018037738204518855,3.7442552783414126e-4,-3.2938140862097295e-4
P54,14,HbR,5,2.3323581711588197e-4,-0.009963576866034071,0.017430945917110106
P54,15,HbO,5,0.00290949273031308,-0.0013666768058818452,0.004093617887800426
P54,15,HbR,5,-2.963539896268007e-4,-0.009694933916396756,0.015853643544167663
P54,16,HbO,5,-4.156450952877716e-5,0.00021966570176787817,-8.53965415654843e-5
P54,16,HbR,5,-2.8026158545455084e-5,3.379683648132983e-4,-4.20777496828473e-4
P54,17,HbO,5,-7.317756128178711e-5,-4.452915192117954e-5,1.3247323061906345e-4
P54,17,HbR,5,-9.819617487146852e-6,1.1695045524683075e-4,-9.79634425270596e-5
P54,18,HbO,5,-1.200468164792743e-6,-1.0802508073340416e-5,2.0059337607355448e-5
P54,18,HbR,5,-8.489319284546133e-7,-2.6662107622389414e-5,3.887538487395244e-5
P54,19,HbO,5,-3.436844516494273e-8,8.06503077486281e-6,-8.296644759690423e-6
P54,19,HbR,5,-5.762942808083073e-7,-1.0849657193767082e-5,1.690511481203395e-5
P54,20,HbO,5,-0.010836269373572547,0.019060747375839623,-0.0755513305045112
P54,20,HbR,5,-0.0022866464681883442,0.006375858740566722,-0.0141875121290404
P54,21,HbO,5,-0.00225876289056826,0.005786552426844003,-0.0127387569602774
P54,21,HbR,5,-0.0013477178124213594,1.6189440943974103e-4,-0.0014515235037184991
P54,22,HbO,5,-3.3802350045701896e-5,-3.282178038194941e-5,2.4602363189839217e-4
P54,22,HbR,5,-1.2185271848770092e-5,1.6057392815562835e-4,-2.6509219007573285e-4
P54,23,HbO,5,1.0699428223331103e-5,-4.941512466620491e-4,6.641092488510011e-4
P54,23,HbR,5,1.8435980601462307e-6,3.1024154164993606e-4,-4.1523754830823843e-4
P54,1,HbO,8,-7.742461601948339e-6,-1.0617238536248235e-4,3.0352979039963406e-4
P54,2,HbO,8,-4.201373794941609e-7,-2.5944353658814234e-4,4.937770506589694e-4
P54,3,HbO,8,-1.555828787861346e-5,-0.0029518100389413567,0.003693083509271185
P54,4,HbO,8,-9.879766253204772e-5,-0.0021777930677339343,0.0030808398345466
P54,5,HbO,8,-3.3403833190595914e-4,-0.010944253039913733,0.014338207730488266
P54,7,HbO,8,-3.680152473012168e-4,-0.01073065953945089,0.01462849404372926
P54,8,HbO,8,-5.240320256757364e-4,-0.013140687834077612,0.018290071272561364
P54,9,HbO,8,-8.681559097333788e-4,-0.014722784971154645,0.016573817352813366
P54,10,HbO,8,4.738633458270995e-4,-0.024282653167270515,0.026398176785333714
P54,11,HbO,8,7.525242460286329e-4,-0.0076934307910571905,0.011871307346068762
P54,12,HbO,8,0.00242031669356734,-0.008633020079515814,0.01434622055475251
P54,14,HbO,8,0.0013772270139429405,-8.038542401523767e-4,0.0032656988666900284
P54,15,HbO,8,0.0018291278097644398,-0.0022237961084611954,0.007407818046606201
P54,16,HbO,8,-3.55713680713131e-5,2.1715737464962268e-4,-2.0920294571023733e-4
P54,17,HbO,8,-5.299022257700865e-5,-1.4882989720881853e-4,1.970733552003511e-4
P54,18,HbO,8,-1.371019848284657e-6,-7.103993632389249e-6,1.493011731734402e-5
P54,19,HbO,8,9.659086792314e-7,9.068057615826859e-6,-8.74458794453736e-6
P54,20,HbO,8,-0.01297680955170154,-3.9094671009602254e-4,-0.037421561799561645
P54,21,HbO,8,-0.0022119681775262376,0.0025912160673029513,-0.007077818656176122
P54,22,HbO,8,-3.60429599295563e-5,5.4505210495281654e-5,2.7180823083089228e-5
P54,23,HbO,8,-1.3795362394399092e-5,-4.6936360859456183e-4,6.79717204966216e-4
P54,1,HbO,11,-1.8806004925434817e-6,4.7148247793647285e-5,1.3577030343081264e-5
P54,2,HbO,11,-5.4081613497551795e-6,-2.910248553850682e-4,6.20506654441941e-4
P54,3,HbO,11,-2.0246316481464208e-4,-0.00238332161642004,0.003001895462980074
P54,4,HbO,11,-1.4998464819696548e-4,-0.0017786427804052593,0.00284266981749683
P54,5,HbO,11,-0.0014152703948572347,-0.007559449747010503,0.00991370156636751
P54,7,HbO,11,-0.0011091907179633423,-0.007539060249100526,0.013758292989116067
P54,8,HbO,11,-0.0012285541475882485,-0.011064093550263589,0.018712149034506385
P54,9,HbO,11,-0.0019284296291632995,-0.011752510713632449,0.01531816159582562
P54,10,HbO,11,-0.0013950866288920311,-0.020563460267142966,0.024009926110722567
P54,11,HbO,11,-1.638247754918819e-4,-0.00645720668120747,0.010151698272859866
P54,12,HbO,11,0.0013770403213339312,-0.006816354789538782,0.012010694916631441
P54,14,HbO,11,8.373196328761044e-4,-0.001280827984219566,0.004526210463987011
P54,15,HbO,11,7.093254933689411e-4,-0.0021298828118867727,0.007672314558755308
P54,16,HbO,11,-3.730746252182155e-5,1.8669814799277264e-4,-2.225224804622476e-4
P54,17,HbO,11,-4.3950670079717364e-05,-2.0300303690884097e-4,2.0348687166007632e-4
P54,18,HbO,11,-9.33769719023871e-7,-4.951550769861753e-6,8.388976912840705e-6
P54,19,HbO,11,1.8957951494036713e-6,6.602150009858074e-6,-7.001120914990247e-6
P54,20,HbO,11,-0.014524603156247205,-0.015170180625064067,-0.007507672710641018
P54,21,HbO,11,-0.002165169892033332,-4.630145097880833e-6,-0.0025501133791968607
P54,22,HbO,11,-3.1936052551492774e-5,1.3299612473136908e-4,-1.818485918878751e-4
P54,23,HbO,11,-1.7881546298326997e-5,-3.907602329483812e-4,6.332551391274061e-4
P54,1,HbO,14,1.5448048724340348e-6,1.2728819387251145e-4,-1.5676905345908415e-4
P54,2,HbO,14,-2.2425516293695873e-6,-3.3731875409059777e-4,6.991414310231808e-4
P54,3,HbO,14,-3.1781985270908596e-4,-0.0017913850358486593,0.0023001136272122165
P54,4,HbO,14,-1.5777498296766466e-4,-0.0012273034977818753,0.002344164640900757
P54,5,HbO,14,-0.0020131670015622544,-0.004578404322904455,0.0059649282608665215
P54,7,HbO,14,-0.0015413459616255957,-0.004224852354308316,0.011495391985327218
P54,8,HbO,14,-0.0015213424664906547,-0.007869730262574369,0.01624139733301446
P54,9,HbO,14,-0.002320454678591442,-0.00860880979505435,0.01367159869285068
P54,10,HbO,14,-0.0025084808631846965,-0.01600631239150126,0.020310744341474694
P54,11,HbO,14,-8.385411430842542e-4,-0.004902398018566075,0.00779920818678169
P54,12,HbO,14,3.752435193178156e-4,-0.004829278358008249,0.008628490124533813
P54,14,HbO,14,2.5715916403734894e-4,-0.0013640358798047403,0.004364578154275626
P54,15,HbO,14,-3.0148130805794404e-4,-0.0015118366634562894,0.006181486283455928
P54,16,HbO,14,-3.9363058324170135e-5,1.178897864461773e-4,-1.6103111569294498e-4
P54,17,HbO,14,-3.8267344038694504e-5,-2.005855128210137e-4,0.00017103733182842695
P54,18,HbO,14,-3.230707886332075e-7,-3.058464610710562e-6,1.4136917556508368e-6
P54,19,HbO,14,2.4544451638752673e-6,3.832030664963888e-6,-5.4807316867477936e-6
P54,20,HbO,14,-0.01524351242832812,-0.026052502015362775,0.01671489471151718
P54,21,HbO,14,-0.002068872677893916,-0.0022823087162524213,0.001396738613702539
P54,22,HbO,14,-2.428513193124865e-5,1.652169363732015e-4,-3.020900003709159e-4
P54,23,HbO,14,-2.352668811371122e-5,-2.3585218617062722e-4,4.3431083535356554e-4
P54,1,HbO,17,2.4041693179643294e-6,1.346913351250877e-4,-1.8940020565312078e-4
P54,2,HbO,17,4.561417191903498e-6,-3.0882163646998146e-4,6.065567467505263e-4
P54,3,HbO,17,-3.8114592625907096e-4,-0.0011961051776391996,0.001579081155758856
P54,4,HbO,17,-1.6140839041934517e-4,-5.143867441410849e-4,0.0014623016728885468
P54,5,HbO,17,-0.002251564210977149,-0.001774292340141837,0.0022243564325943443
P54,7,HbO,17,-0.0018356417747163165,-5.82532974600635e-4,0.007643230850645159
P54,8,HbO,17,-0.001689030483666989,-0.00367883354358536,0.011427188166016391
P54,9,HbO,17,-0.002329126873397749,-0.004820679693333316,0.01068689004316506
P54,10,HbO,17,-0.0030198895641056593,-0.0108835280819508,0.01573215174924796
P54,11,HbO,17,-0.0012438526448455161,-0.003497776600046063,0.005640921776404672
P54,12,HbO,17,-4.779741532959114e-4,-0.003165974616939789,0.005352069191963828
P54,14,HbO,17,-2.284608727254043e-4,-0.0014069941961739692,0.0037726370905391397
P54,15,HbO,17,-0.001038895136654135,-0.0010503876769141084,0.004541052648119702
P54,16,HbO,17,-3.8181104033010524e-5,3.542741098543035e-5,-8.674639331875879e-5
P54,17,HbO,17,-2.9608966705532334e-5,-1.668911390937793e-4,1.373950964557063e-4
P54,18,HbO,17,-1.684319942697685e-8,-1.4667883372688004e-6,-3.1721524100823784e-6
P54,19,HbO,17,2.5535091959418814e-6,1.9170283525107778e-6,-4.140332303651256e-6
P54,20,HbO,17,-0.015141690364802386,-0.03351533861488113,0.03572656118752195
P54,21,HbO,17,-0.0019155725476857483,-0.0041955948191587005,0.004739993422203466
P54,22,HbO,17,-1.9875637822751573e-5,1.4289632996656896e-4,-2.9934813673159025e-4
P54,23,HbO,17,-3.6870271933500055e-5,-5.02911983345603e-5,1.4703846438172082e-4
P07,1,HbO,5,-5.258530840323727e-4,-0.010793723458031215,-0.016341113996244862
P07,1,HbR,5,5.645502031705433e-5,0.0039051843459197077,0.009279754231304317
P07,2,HbO,5,0.0011068142425211956,-0.00348283037295259,0.004735808019621012
P07,2,HbR,5,-4.273268765580928e-4,0.0023458625543208104,0.0016148891759179336
P07,3,HbO,5,7.082487310923459e-4,-0.010280014891183001,-0.018814934253330216
P07,3,HbR,5,-8.806106061903891e-4,0.0021460464753106337,0.010392351698396538
P07,4,HbO,5,0.00113842680701409,-0.002748095623574816,0.007600172149111553
P07,4,HbR,5,-2.2334947791364962e-4,0.001484201356688573,0.0021130244845900914
P07,5,HbO,5,-5.37906375619677e-5,4.6024939916718095e-4,8.429738190675692e-4
P07,5,HbR,5,-3.3897361612314085e-5,1.2720107749984486e-4,1.6738204296913185e-4
P07,7,HbO,5,-6.792853003882741e-5,6.046152926512104e-4,0.001080706923896457
P07,7,HbR,5,-2.3480031347568918e-5,7.376402260916312e-5,1.4210224229465132e-4
P07,8,HbO,5,7.615774184199885e-5,0.0015049810630801787,0.005107743294677178
P07,8,HbR,5,-5.875718246625677e-5,1.766136761056653e-4,-1.151250548853746e-4
P07,9,HbO,5,8.276081418820425e-4,0.0037136312724965464,0.014969351904920223
P07,9,HbR,5,-2.2785777116726333e-4,-4.370440131741587e-4,-0.0027539804933029216
P07,10,HbO,5,0.0028842886448760627,0.012553145094246381,0.040519074210585
P07,10,HbR,5,-5.9942710600712e-4,-3.3599073286587084e-4,0.00187320458435098
P07,11,HbO,5,-2.1554910806389515e-4,0.007044584865316096,0.019251711639082607
P07,11,HbR,5,-1.2857866818432695e-4,-0.0012747084012845746,-0.0030660499221687627
P07,12,HbO,5,-2.5681548582577314e-4,0.01627683466047362,0.04819807586540857
P07,12,HbR,5,-3.369852310979516e-5,-0.0020360771868245305,-0.005505300536427709
P07,14,HbO,5,0.003944962603003115,0.0254330405360661,0.060283636271833
P07,14,HbR,5,-0.0014466166202820425,-0.005934283519286865,-0.0037221932627820977
P07,15,HbO,5,-4.2340403636416904e-5,2.641304070030831e-4,6.10353793383208e-4
P07,15,HbR,5,-3.053156477250993e-5,2.681216700267031e-4,4.552459582396381e-4
P07,16,HbO,5,0.0017727028853114029,0.0105906296235461,0.026734947718092192
P07,16,HbR,5,2.6514629717018967e-4,0.014018074829142416,0.03517789029817012
P07,17,HbO,5,-1.632748859125146e-4,-0.008861904944831508,-0.013533399319958422
P07,17,HbR,5,-9.541079456793222e-5,0.005462618399407627,0.012753202839917264
P07,18,HbO,5,1.922147561440681e-5,-1.1769076621168879e-4,-1.6473073081489542e-4
P07,18,HbR,5,9.826450300635655e-6,-2.111722066412778e-5,7.118676309132552e-7
P07,19,HbO,5,1.3262057217866693e-5,-1.076885345384515e-4,-1.7922426008543804e-4
P07,19,HbR,5,7.788150279482776e-6,-4.7715299035591644e-5,-6.199573632553501e-5
P07,20,HbO,5,-0.003536375641639381,0.06768885402030227,0.11989290176151045
P07,20,HbR,5,-5.955237637758559e-4,0.02236323275926805,0.055948897174486166
P07,21,HbO,5,-0.005924318274119999,0.05436127357101545,0.0937137324521825
P07,21,HbR,5,-8.182466551255426e-4,0.008152461211130052,0.017262157380702404
P07,22,HbO,5,-7.04781760675376e-4,0.004939887325591911,0.017548435214304423
P07,22,HbR,5,5.6269311321908865e-5,1.5049473015922866e-4,-0.0017880973169298103
P07,23,HbO,5,6.525727008414008e-4,0.019053023250674067,0.051322769416295204
P07,23,HbR,5,-2.7532491381620155e-4,-0.0012134251337949284,-0.004409215850369308
P07,1,HbO,8,-2.7967151516349823e-4,-0.0075153862662712435,-0.005063579302842639
P07,2,HbO,8,4.650531467379714e-4,-0.0013385168238401375,0.008467340791912952
P07,3,HbO,8,1.706334565341249e-4,-0.006060890849933641,-0.0067151493009109196
P07,4,HbO,8,3.789866171801519e-4,-7.959461223673216e-4,0.009977829916151006
P07,5,HbO,8,-4.0504167926771735e-5,3.0061997583740114e-4,5.38144710387635e-4
P07,7,HbO,8,-4.8059253684576453e-5,3.81319937726279e-4,7.395928568333221e-4
P07,8,HbO,8,-4.302189524898096e-5,9.67293939785629e-4,0.003610666744831875
P07,9,HbO,8,3.690192867445954e-4,0.002974750091960507,0.012346444082981528
P07,10,HbO,8,0.0014352771073307348,0.009270977890820672,0.031150265896798045
P07,11,HbO,8,-4.4352660725267633e-4,0.007194216756092703,0.01851897582210642
P07,12,HbO,8,-0.0011773119032952725,0.014974417267807426,0.041321071345060655
P07,14,HbO,8,0.0029916895589489328,0.023045485068877547,0.05821305261575973
P07,15,HbO,8,-3.278291066898327e-5,1.9676111734683266e-4,4.8423204720987644e-4
P07,16,HbO,8,8.912922921298601e-4,0.012798230787808585,0.03340668981194556
P07,17,HbO,8,-4.683632393599148e-4,-0.003610544437121758,-0.0014412559114396395
P07,18,HbO,8,2.417547675565211e-5,-8.964912520414922e-5,-1.4670952813407003e-4
P07,19,HbO,8,1.6359630898705617e-5,-1.0167372093477232e-4,-1.8278171591913322e-4
P07,20,HbO,8,-0.0022812607535221607,0.046702345564736125,0.08797966532458146
P07,21,HbO,8,-0.004468749914913918,0.033536383298581454,0.0577514095744285
P07,22,HbO,8,-9.550598859966233e-4,0.003415304800566767,0.010988285478286699
P07,23,HbO,8,-1.9061747235532894e-4,0.016272583009255923,0.04144246134464909
P07,1,HbO,11,-1.991145319177551e-4,-0.003934301069780001,0.005713010622159077
P07,2,HbO,11,-4.560541599321519e-6,9.28945471657952e-4,0.012823269725288645
P07,3,HbO,11,-3.224445539183145e-4,-0.0020294821744562567,0.004652548648075752
P07,4,HbO,11,-1.8889805373485395e-4,0.0013636496965436786,0.01339074643010822
P07,5,HbO,11,-3.350906781856748e-5,1.8078993964951458e-4,3.1386207249361504e-4
P07,7,HbO,11,-3.676943458611235e-5,2.1771097843154732e-4,4.8239934306600204e-4
P07,8,HbO,11,-1.0974006731523186e-4,6.814178501015524e-4,0.0027015719096743214
P07,9,HbO,11,4.943796416872819e-5,0.0027051402403460464,0.011033457977810477
P07,10,HbO,11,3.204700071338235e-4,0.007837501155034185,0.026716906258935053
P07,11,HbO,11,-6.065279838325493e-4,0.007382858006693096,0.01820385029260902
P07,12,HbO,11,-0.001711112880255443,0.013774658926590175,0.03552558580327119
P07,14,HbO,11,0.00212097288431775,0.02000390784782679,0.05357606963881559
P07,15,HbO,11,-2.8100810288138468e-5,1.4607314514573932e-4,3.757415833513586e-4
P07,16,HbO,11,2.6389419981099043e-4,0.014171825162130548,0.038354659834233064
P07,17,HbO,11,-6.593499133798198e-4,3.7275820921714366e-4,0.008582502782899406
P07,18,HbO,11,2.536450347680697e-5,-2.6722786133762697e-5,-5.121395618231628e-5
P07,19,HbO,11,1.7120722297855982e-5,-7.108743117674343e-5,-1.3111022097699659e-4
P07,20,HbO,11,-0.0013721630553576137,0.02963302146727739,0.061612907754001134
P07,21,HbO,11,-0.0033499143070344463,0.0175457088516358,0.03065031914555285
P07,22,HbO,11,-0.0010937173082212605,0.0021849947630183672,0.006284579957454772
P07,23,HbO,11,-7.57947899724432e-4,0.012507131352154708,0.03190183951266197
P07,1,HbO,14,-2.046162224909372e-4,2.9359635709463107e-4,0.016254550323252556
P07,2,HbO,14,-4.0668584122030197e-4,0.0042600852339048844,0.01873205387661839
P07,3,HbO,14,-7.780482517795165e-4,0.002567519495788228,0.01609452759647432
P07,4,HbO,14,-6.796095750203749e-4,0.004755541535054295,0.01882035933830231
P07,5,HbO,14,-2.7398709887890327e-5,8.78137452925925e-5,1.5091332570511378e-4
P07,7,HbO,14,-3.077597043874748e-5,1.0279191692705905e-4,2.9085984259633296e-4
P07,8,HbO,14,-1.5823899834288948e-4,7.460383875081749e-4,0.0024810946275655283
P07,9,HbO,14,-2.0956108561790484e-4,0.0031954212401241536,0.011078411115116267
P07,10,HbO,14,-6.678118546249596e-4,0.00848974219304709,0.026395715263920823
P07,11,HbO,14,-7.392154007837706e-4,0.007737939946892153,0.01820924412075637
P07,12,HbO,14,-0.0019900673954332876,0.013039454044099391,0.03080835322639043
P07,14,HbO,14,0.001287529001579724,0.01661798059454202,0.04686301662666155
P07,15,HbO,14,-2.5477571509187214e-5,9.570918943636792e-5,2.587461450105797e-4
P07,16,HbO,14,-2.4116980532547545e-4,0.015571339011091917,0.04249049757635704
P07,17,HbO,14,-8.092340923337544e-4,0.005174281663025352,0.01927843550754638
P07,18,HbO,14,2.2127240238544112e-5,4.1244481480241744e-5,7.609754687225394e-5
P07,19,HbO,14,1.4792274255436619e-5,-3.424275492824634e-5,-5.7293879378044546e-5
P07,20,HbO,14,-5.974081226785015e-4,0.015033303282656296,0.038303709826189816
P07,21,HbO,14,-0.0023732595595391264,0.0046408272535194495,0.008857806412543965
P07,22,HbO,14,-0.001206958316189851,0.0018168493807845633,0.0038864741180241486
P07,23,HbO,14,-0.0012817144274676077,0.010129566962976875,0.025652490884745947
P07,1,HbO,17,-2.3681999696906596e-4,0.004230473501025405,0.024291333712907457
P07,2,HbO,17,-7.217433174143433e-4,0.007932644606503154,0.02427964090621575
P07,3,HbO,17,-0.0011560605333948296,0.006950070038101197,0.025425691622727353
P07,4,HbO,17,-0.0010576294774789507,0.008614323834124115,0.02423068935281205
P07,5,HbO,17,-2.0258552858533644e-5,1.499326860809842e-5,3.195366749434052e-5
P07,7,HbO,17,-2.59369567110905e-5,1.9271730469102065e-5,1.3773674922645205e-4
P07,8,HbO,17,-1.9691750990001274e-4,9.999794673794986e-4,0.0025782273076613324
P07,9,HbO,17,-4.1799327269763706e-4,0.004039964922149211,0.01141873740156626
P07,10,HbO,17,-0.001501932629043996,0.009691128664330551,0.026290534743498416
P07,11,HbO,17,-8.388944412139958e-4,0.007759956013704491,0.017383921148443435
P07,12,HbO,17,-0.0021004626827607685,0.012113896221229674,0.025686310838747315
P07,14,HbO,17,4.7178107703233445e-4,0.012941387197395996,0.03820219172176515
P07,15,HbO,17,-2.2937089734558862e-5,4.31470584047513e-5,1.3481129090112966e-4
P07,16,HbO,17,-6.367355025416369e-4,0.016420816118374894,0.04415960028052369
P07,17,HbO,17,-8.966010337100032e-4,0.010160864384810488,0.028680575986721666
P07,18,HbO,17,1.553076840964714e-5,8.588187863330816e-5,1.7499853744973708e-4
P07,19,HbO,17,1.0239539490215142e-5,-7.0852101653851745e-6,3.5634212073494096e-6
P07,20,HbO,17,6.162016424999185e-5,0.0023353490469602274,0.016668076168196187
P07,21,HbO,17,-0.0015181749667942126,-0.005683094056414975,-0.008994727881103398
P07,22,HbO,17,-0.0012827378899784244,0.002028255020885561,0.002816342971502278
P07,23,HbO,17,-0.0017710968446275955,0.008975752212074967,0.021224698890610853
P49,1,HbO,5,-8.395644237371986e-5,-3.223138896776465e-4,4.339555159864311e-4
P49,1,HbR,5,-5.056724252144039e-5,-3.497052871809638e-4,4.183119253254668e-4
P49,2,HbO,5,-1.0956595423837979e-4,-3.849427459481134e-4,3.880123720348118e-4
P49,2,HbR,5,-4.3535585879918e-5,-1.2735159935224198e-4,1.5180886751822275e-4
P49,3,HbO,5,-8.313964750089703e-5,-7.286009686760771e-4,7.455570716457953e-4
P49,3,HbR,5,-5.56611307154212e-5,-1.2937456287464097e-4,1.8594432121794312e-4
P49,4,HbO,5,-6.877178854692467e-5,-2.3876342643732872e-4,2.1219705370148173e-4
P49,4,HbR,5,-1.9021962174530052e-5,-1.709207607678884e-4,2.742797174701606e-4
P49,5,HbO,5,-4.100304890659822e-5,-3.8061851317257257e-4,4.4316662320362043e-4
P49,5,HbR,5,-4.355251858002003e-5,-3.1373276470003906e-5,1.3351908714994863e-5
P49,7,HbO,5,-8.392667369305388e-5,-2.310698254951588e-4,1.8726471139077653e-4
P49,7,HbR,5,-1.9546182782435223e-5,-1.0214330018483035e-4,1.8839194376525412e-4
P49,8,HbO,5,-1.1306798269145506e-4,-1.9508741171411317e-4,2.689875930838475e-4
P49,8,HbR,5,-2.912563282628983e-5,-8.041008590327267e-5,2.794153902178796e-5
P49,9,HbO,5,-3.825053100069088e-5,-1.341146874641873e-4,2.1214074328587446e-4
P49,9,HbR,5,-2.4709933374933925e-5,-1.9178624827949185e-4,2.75703801147599e-4
P49,10,HbO,5,-6.241049521244949e-5,-2.6263405219708306e-4,2.620063761585089e-4
P49,10,HbR,5,-3.492839231604842e-5,-1.2699977073071637e-4,1.526340341893688e-4
P49,11,HbO,5,-3.719873810617933e-5,-2.585562120951898e-4,3.8741761016639054e-4
P49,11,HbR,5,-3.164474245777779e-5,-1.6033848883105557e-4,1.506608224601192e-4
P49,12,HbO,5,-7.882735937835269e-5,-3.3889010066643136e-4,3.657490619662628e-4
P49,12,HbR,5,-3.8466798922233376e-5,-1.9184390175151767e-4,2.6872602687836775e-4
P49,14,HbO,5,-0.0012392669815117132,-0.0061246271131963044,0.0027178369277865637
P49,14,HbR,5,-1.4776467762181969e-6,0.0013016950972961502,6.585908135476283e-5
P49,15,HbO,5,-7.708103841595605e-5,-2.2867564625129132e-4,2.2116434872874958e-4
P49,15,HbR,5,-2.1314334680642642e-5,-9.655870821614998e-5,1.4958864654566922e-4
P49,16,HbO,5,4.7268049520647364e-5,0.001409437125855708,-0.013984678502434556
P49,16,HbR,5,-1.6474323866376049e-4,6.94851283733857e-5,0.0026370001141224116
P49,17,HbO,5,-6.289938312449439e-4,-0.004820078141194144,-0.0021932602400400155
P49,17,HbR,5,-3.505999419393079e-5,0.0015540296811043998,-8.339392264972099e-4
P49,18,HbO,5,-5.518153473500741e-6,1.5668449472590626e-5,-5.5789066456354055e-6
P49,18,HbR,5,-4.1174899800810785e-6,-1.1308775173737297e-5,1.006565859780427e-5
P49,19,HbO,5,-4.463721979062745e-6,-1.005206971830369e-5,1.3338883942917118e-5
P49,19,HbR,5,-2.689352952444833e-6,6.380028455988289e-6,-3.075424546624318e-6
P49,20,HbO,5,-2.3999734631574048e-4,0.009940681379226766,-0.01709743191649331
P49,20,HbR,5,-7.600956210290551e-4,1.8857951415005123e-4,-3.214237992740193e-4
P49,21,HbO,5,-0.002072773253621784,0.025845367911505556,-0.022861156943721424
P49,21,HbR,5,-7.178259193453164e-4,-0.002898693215630134,0.0020640054620023663
P49,22,HbO,5,-3.2010552436598184e-4,-0.0011408306995472639,0.0011690741658765358
P49,22,HbR,5,-3.885946718797821e-5,4.159844341433666e-4,-4.960091396210612e-4
P49,23,HbO,5,-0.0014729498574493412,0.009980118334079977,-0.010364771991076544
P49,23,HbR,5,8.496340364215056e-6,-0.00322563787606863,0.0041924974729152685
P49,1,HbO,8,-6.124673761536374e-5,-2.653169267561953e-4,3.220631161581666e-4
P49,2,HbO,8,-8.426395420621933e-5,-2.9743854254240496e-4,2.893993165997567e-4
P49,3,HbO,8,-7.842745085165656e-5,-5.863244901229511e-4,5.624919192978098e-4
P49,4,HbO,8,-5.309949140645889e-5,-2.0486311031270638e-4,1.7355728915147598e-4
P49,5,HbO,8,-3.078837686254245e-5,-2.742987952000946e-4,2.9824156488422266e-4
P49,7,HbO,8,-6.368181135094071e-5,-2.1406888376317675e-4,1.9061645991193255e-4
P49,8,HbO,8,-1.249983897377357e-4,-2.2423873584017357e-4,2.9116594405203156e-4
P49,9,HbO,8,-2.8741189960770023e-5,-8.445459207066965e-5,1.3260177191004908e-4
P49,10,HbO,8,-4.288191897109393e-5,-2.1433182371549174e-4,2.0306926616124672e-4
P49,11,HbO,8,-2.672086249354192e-5,-1.3491032970190065e-4,1.9856174192800494e-4
P49,12,HbO,8,-6.53877477484984e-5,-2.8244683867571194e-4,2.743032660510988e-4
P49,14,HbO,8,-0.0018584109683308099,-0.007748963367237491,0.005883885571329164
P49,15,HbO,8,-5.276537761509706e-5,-2.3356992150446476e-4,2.2281132936916156e-4
P49,16,HbO,8,-4.6689723397843843e-4,-0.0023570996346852302,-0.00713084794523027
P49,17,HbO,8,-9.740236166450285e-4,-0.006614875417270993,0.0012132127628499665
P49,18,HbO,8,-4.77801300486387e-6,1.3590305779982496e-5,-4.331871961949316e-6
P49,19,HbO,8,-3.7072742567294883e-6,-3.5893105622902605e-6,5.228523358566532e-6
P49,20,HbO,8,-0.0019423622725791212,0.004338644659763732,-0.008932849331669542
P49,21,HbO,8,-0.003169255520407353,0.01520329478096688,-0.012095000098344971
P49,22,HbO,8,-1.8467081888717072e-4,-8.252332774856458e-4,9.028107900248363e-4
P49,23,HbO,8,-0.0021758983584281247,0.0052929882639732705,-0.005594270627971132
P49,1,HbO,11,-4.499660588462631e-5,-2.2334431108033873e-4,2.4351813204997173e-4
P49,2,HbO,11,-6.532198746189633e-5,-2.607830066817639e-4,2.403851615034465e-4
P49,3,HbO,11,-7.794811610391445e-5,-4.879656321170003e-4,4.4075833039997346e-4
P49,4,HbO,11,-3.786174038480542e-5,-1.693058570433115e-4,1.3460775568531233e-4
P49,5,HbO,11,-2.637223487054031e-5,-1.8647612693073796e-4,1.8856517005152516e-4
P49,7,HbO,11,-4.727057144228744e-5,-2.0221302552207916e-4,1.8242079511412274e-4
P49,8,HbO,11,-1.3341267535370982e-4,-2.625410818178183e-4,3.420941879917954e-4
P49,9,HbO,11,-1.9323300714430436e-5,-5.307647172695493e-5,7.76105609593629e-5
P49,10,HbO,11,-3.2910269479182555e-5,-1.8214917528583147e-4,1.6247491575882106e-4
P49,11,HbO,11,-1.7256206727172783e-5,-5.1918607873659184e-5,7.109132616121792e-5
P49,12,HbO,11,-5.4572855936169407e-5,-2.4184152956061256e-4,2.1823092896898133e-4
P49,14,HbO,11,-0.002189626964796756,-0.00874561448784771,0.008049562947114555
P49,15,HbO,11,-3.5776880349997746e-5,-2.22386100934473e-4,2.069079117664812e-4
P49,16,HbO,11,-8.31739551378378e-4,-0.005502658876991036,-0.0012895308975495714
P49,17,HbO,11,-0.001090522788663313,-0.008115849011058406,0.004131468116446539
P49,18,HbO,11,-3.7494968057230138e-6,1.1537017156569608e-5,-4.80105348025254e-6
P49,19,HbO,11,-2.8500899008430627e-6,1.2799142899988006e-6,-4.892431960518273e-7
P49,20,HbO,11,-0.0032066864776174285,-1.0621345580511905e-4,-0.0023661844592786016
P49,21,HbO,11,-0.0036617481758534206,0.0069011154377892625,-0.003846703262635503
P49,22,HbO,11,-8.677777017257815e-5,-6.170042626156086e-4,7.147135694197268e-4
P49,23,HbO,11,-0.0025363482049866777,0.0020651464671440725,-0.002301627136084348
P49,1,HbO,14,-2.8123858187479615e-5,-1.860283777631583e-4,1.7736109595252225e-4
P49,2,HbO,14,-5.02854983287642e-5,-2.4620204126964227e-4,2.1004326953509672e-4
P49,3,HbO,14,-7.537130679422194e-5,-4.0729750362525244e-4,3.5251966284548995e-4
P49,4,HbO,14,-2.132454595282865e-5,-1.2229298644332888e-4,8.723314526936991e-5
P49,5,HbO,14,-2.588970682488862e-5,-1.104112515644045e-4,9.69160547034911e-5
P49,7,HbO,14,-3.310991382045059e-5,-1.838287490804635e-4,1.5603313105307944e-4
P49,8,HbO,14,-1.3839682400242152e-4,-3.011890223258932e-4,3.9532340715363714e-4
P49,9,HbO,14,-5.045800955539129e-6,-2.7589626175924205e-5,3.191763879945086e-5
P49,10,HbO,14,-2.9768508345738476e-5,-1.4025646331476257e-4,1.1682812859647777e-4
P49,11,HbO,14,-8.385109147592775e-6,-9.690422688109657e-6,6.203505753653818e-8
P49,12,HbO,14,-4.2535204377243236e-5,-1.9494538067706439e-4,1.666479831352538e-4
P49,14,HbO,14,-0.0022755894011601613,-0.009119134550562092,0.009406741781088456
P49,15,HbO,14,-2.2888814809707222e-5,-1.81858268795031e-4,1.583184783411922e-4
P49,16,HbO,14,-0.0010649883621432585,-0.007979068810045516,0.0037161313392559915
P49,17,HbO,14,-0.001051755398365445,-0.009286446066633671,0.0066861766028257765
P49,18,HbO,14,-3.1448758524378155e-6,8.771587800741799e-6,-4.879519892398975e-6
P49,19,HbO,14,-2.0593253059102903e-6,4.887561225988089e-6,-4.547600188427335e-6
P49,20,HbO,14,-0.004176920871930851,-0.0037303965614558492,0.002922556922524106
P49,21,HbO,14,-0.00381303488659104,2.3115718315325277e-4,0.0024180774672781496
P49,22,HbO,14,-2.2274913959983063e-6,-4.435318324682724e-4,5.469288016388267e-4
P49,23,HbO,14,-0.002630671394435349,-7.837015821469389e-5,-1.6288741459150155e-4
P49,1,HbO,17,-1.0275964455443405e-5,-1.453918567697887e-4,1.1344139478519352e-4
P49,2,HbO,17,-3.9815647485532324e-5,-2.2990512603727022e-4,1.832510509491257e-4
P49,3,HbO,17,-6.663063919749325e-5,-3.37962774112694e-4,2.842332909723409e-4
P49,4,HbO,17,-6.059881566651218e-6,-6.609839222964494e-5,3.660143523665438e-5
P49,5,HbO,17,-2.6258843714828866e-5,-5.920675330984591e-5,3.295066279823597e-5
P49,7,HbO,17,-2.1562393702327725e-5,-1.523122538862715e-4,1.1949571901198406e-4
P49,8,HbO,17,-1.360830202816697e-4,-3.3965509574462703e-4,4.360981840915833e-4
P49,9,HbO,17,1.0974110061077948e-5,-2.202490251576812e-6,-8.31915835039131e-6
P49,10,HbO,17,-3.0327207906572603e-5,-9.120663852500135e-5,7.049180657910749e-5
P49,11,HbO,17,-7.558301928414613e-7,2.504023299538437e-6,-3.278882057896836e-5
P49,12,HbO,17,-3.0193944029042696e-5,-1.4049949139034095e-4,1.115067490988214e-4
P49,14,HbO,17,-0.002168707331522463,-0.008972995352229656,0.010114704846893066
P49,15,HbO,17,-1.3952499910834736e-5,-1.1959896817987921e-4,8.977747832839007e-5
P49,16,HbO,17,-0.001134552799206961,-0.00972266322636574,0.007809991146186188
P49,17,HbO,17,-9.187723989504715e-4,-0.009970578379098283,0.008705487875998353
P49,18,HbO,17,-3.0098278426307502e-6,3.518797404907401e-6,-1.4084662358914856e-6
P49,19,HbO,17,-1.3361793700545726e-6,6.5185921589617274e-6,-6.134390438589588e-6
P49,20,HbO,17,-0.0048198371622100635,-0.0070355284457228094,0.007384200044647134
P49,21,HbO,17,-0.0037487612542534375,-0.0054991288427485956,0.007385274888835535
P49,22,HbO,17,7.562820157722446e-5,-2.8528343949139553e-4,3.9490384122214923e-4
P49,23,HbO,17,-0.0025409207469927696,-0.0017621300967014032,0.001475090035663243
P35,1,HbO,5,-6.367164637360482e-5,-6.684606342829471e-4,-0.0034335531160525666
P35,1,HbR,5,-4.337103791560107e-5,5.750224994117856e-4,0.0019540535877995307
P35,2,HbO,5,0.0016965890247777429,-0.012761522071061864,-0.05485261645989915
P35,2,HbR,5,-6.544299030422875e-6,0.0023881576084066195,0.006793234553510146
P35,3,HbO,5,-5.920527573947656e-5,-0.0011733052178522626,-0.0076051611293041456
P35,3,HbR,5,-2.7495008366045958e-5,5.569307606792638e-4,0.0027719594292201417
P35,4,HbO,5,0.0011970793945441165,-0.0037150140625507493,-0.021520822653231336
P35,4,HbR,5,-3.2954289260382955e-4,0.001478114561693864,0.006493182999964359
P35,5,HbO,5,0.004307689001202671,-0.008175427105198823,-0.08512178586588706
P35,5,HbR,5,-9.601468911883472e-4,0.001624814667780034,0.020346715355749043
P35,7,HbO,5,0.003695985240339398,-0.009859323338109014,-0.06035413657970195
P35,7,HbR,5,-7.155278282083429e-4,0.004460847884042713,0.02318051986176862
P35,8,HbO,5,0.0026535201446570835,-0.0018955716343486636,-0.013816374911435643
P35,8,HbR,5,-6.505597243946815e-4,0.001392257269437419,0.00770107122965486
P35,9,HbO,5,0.003762056851195074,-0.007072578288575479,-0.049834711816670235
P35,9,HbR,5,-5.415185965082854e-4,0.0014403362319455367,0.013542012696857942
P35,10,HbO,5,0.003499468339986272,-0.006889538894524096,-0.06945341904871162
P35,10,HbR,5,3.896414184085488e-4,-0.0030538359133216687,-0.0011743322764839357
P35,11,HbO,5,0.0028789030501348363,-0.005105023709412032,-0.03910107383254793
P35,11,HbR,5,-4.2300589525958435e-4,-8.16138430881066e-5,0.004757559926208497
P35,12,HbO,5,2.946353129464553e-4,-1.7169230452904438e-4,-0.005077391217099427
P35,12,HbR,5,-1.7258164279304106e-4,3.5540040250061825e-4,0.002704914970167003
P35,14,HbO,5,6.506635070926706e-5,-2.836345920177741e-5,-0.002000639382659221
P35,14,HbR,5,-6.537233850091767e-5,1.6339533854330015e-4,0.0010327651807822396
P35,15,HbO,5,0.0021778101385317183,-0.00925308729659564,-0.05777552993637434
P35,15,HbR,5,4.719096095522775e-4,5.653585414359957e-4,0.006184484910596066
P35,16,HbO,5,-1.1352904937750868e-4,5.189222060779583e-4,0.0013094827581287146
P35,16,HbR,5,-1.277060626238357e-5,1.0467062235073472e-4,8.078674448271633e-5
P35,17,HbO,5,-8.5567723240527e-5,3.844504176929861e-4,0.0011678654386608205
P35,17,HbR,5,-5.300767209789738e-5,2.5933804132707877e-4,7.83495048647587e-4
P35,18,HbO,5,3.1537128637457733e-6,-4.068504249360591e-6,4.621367449746234e-5
P35,18,HbR,5,2.5972795231388766e-6,-2.6540132839477706e-5,-1.0054586793739404e-4
P35,19,HbO,5,3.087502953150243e-6,-1.9345948821956874e-5,-4.3017420709516485e-5
P35,19,HbR,5,1.1384678463161811e-6,-8.033707203619558e-6,-2.361867333313996e-6
P35,20,HbO,5,-6.833371306501627e-4,-0.01953914600804944,-0.10410809206692903
P35,20,HbR,5,-0.001356777969944126,-0.005683838273744153,-0.030661626139506435
P35,21,HbO,5,-7.371031204424386e-4,-0.023013403788581965,-0.09979145308213651
P35,21,HbR,5,1.9653634511317524e-4,-0.0037223936286199443,-0.011089894436501222
P35,22,HbO,5,-4.852228285683169e-5,2.923700745653996e-4,-5.729812361507085e-4
P35,22,HbR,5,-6.750526709984868e-5,1.2969602747175995e-4,5.830540560662829e-4
P35,23,HbO,5,-6.861116322599676e-5,3.4120062535008394e-4,0.0011311679859028279
P35,23,HbR,5,-2.922329201760327e-5,2.2427053194422195e-4,6.103421897266173e-5
P35,1,HbO,8,-3.895859215581154e-5,-2.5052796625154683e-4,-0.0017661763414853298
P35,2,HbO,8,9.664944813316663e-4,-0.0046012734041767376,-0.022739952343953485
P35,3,HbO,8,-2.717192431668517e-5,-7.677140578685706e-4,-0.005763652673782231
P35,4,HbO,8,7.641210932866358e-4,-0.00096477796588585415,-0.010523182416449587
P35,5,HbO,8,0.002521900094250838,-0.004095846622649701,-0.06071782651302181
P35,7,HbO,8,0.002720035518647277,-0.004310468333714268,-0.03341421111508657
P35,8,HbO,8,0.0017975042672570103,0.0021318941828567615,0.005296382663274787
P35,9,HbO,8,0.0024038846000570364,2.255274814156075e-4,-0.016449524710998854
P35,10,HbO,8,0.0021570046250791015,-0.005158736082623432,-0.05234517396206071
P35,11,HbO,8,0.0017506747546989824,-0.0020974105744982147,-0.02078829432997432
P35,12,HbO,8,1.5280516361682085e-4,2.246516485574489e-4,-0.0020556728741686057
P35,14,HbO,8,5.053831800348698e-5,1.2814432404707177e-4,-8.198564380031792e-4
P35,15,HbO,8,0.0012693499547011807,-0.005489236295317368,-0.03801532956551789
P35,16,HbO,8,-7.753526716412579e-5,4.6651121540205385e-4,0.0017504764295018323
P35,17,HbO,8,-7.306327803411205e-5,3.007931915209212e-4,0.0010363052583507249
P35,18,HbO,8,3.0148657275075197e-6,-1.637342575156302e-5,-2.5462946868293886e-05
P35,19,HbO,8,2.1110415402020916e-6,-2.278204366903553e-5,-6.451593929984942e-5
P35,20,HbO,8,1.0066122477140997e-4,-0.012730490420151714,-0.06564491193972388
P35,21,HbO,8,2.064202631919075e-4,-0.012641446054441308,-0.05236334229480762
P35,22,HbO,8,-2.595926665890521e-5,2.3932159234510569e-4,-3.85764852557895e-4
P35,23,HbO,8,-3.5105493270343696e-5,2.3683631197030469e-4,0.0010837201561866199
P35,1,HbO,11,-3.620815256332944e-5,6.37399223008879e-5,-3.8976306096559737e-4
P35,2,HbO,11,5.409813002906418e-4,6.058787683483021e-4,-8.602689400133628e-4
P35,3,HbO,11,-3.053636765882243e-5,-4.416579590398999e-4,-0.004129648016246507
P35,4,HbO,11,5.065446711248927e-4,9.341991766262612e-4,-0.0024375985228490328
P35,5,HbO,11,0.0014545749051367443,-0.0019749467982140834,-0.04314366388804306
P35,7,HbO,11,0.002109054549103887,-0.0012122806570916034,-0.015522701085716541
P35,8,HbO,11,0.0013119751553755633,0.004418375465561552,0.018011948483491483
P35,9,HbO,11,0.0017767404186428267,0.005106922622330731,0.009031384664090831
P35,10,HbO,11,0.0013007928290148295,-0.004492166988067659,-0.04075555190514269
P35,11,HbO,11,0.0010696102567549703,-4.898967965774908e-4,-0.008145018691356285
P35,12,HbO,11,5.7994541218567576e-5,4.0656474729594116e-4,4.4515288929110336e-5
P35,14,HbO,11,3.836055424679257e-5,2.2861552276355043e-4,4.717052558075132e-5
P35,15,HbO,11,6.475144744902382e-4,-0.002927531484001054,-0.023761265895327437
P35,16,HbO,11,-4.582146232469574e-5,3.974284876958734e-4,0.0020044225865613182
P35,17,HbO,11,-6.039954530416167e-5,2.3583293353469337e-4,9.174064690555587e-4
P35,18,HbO,11,2.834814524772281e-6,-1.9366124764398906e-5,-5.900708462439495e-5
P35,19,HbO,11,1.538599843301738e-6,-2.0608974650778203e-5,-6.563641449854202e-5
P35,20,HbO,11,7.785743254352722e-4,-0.007648110950209815,-0.036817851305695676
P35,21,HbO,11,0.0010015735491492373,-0.0055821006848208975,-0.019476314584818438
P35,22,HbO,11,-1.3421971037590553e-5,2.1124063384073995e-4,4.1933068054263254e-5
P35,23,HbO,11,-1.29298818582353e-5,1.8423907573132613e-4,0.0011343074997620984
P35,1,HbO,14,-3.899478305665033e-5,2.703223122848316e-4,7.073847947003903e-4
P35,2,HbO,14,3.191126002633679e-4,0.0035574530627355636,0.012198906452098505
P35,3,HbO,14,-4.773396183199793e-5,-1.4883098539895373e-4,-0.0025859505212776773
P35,4,HbO,14,3.4763140038950437e-4,0.0019348537618221274,0.00254897177052124
P35,5,HbO,14,6.895564712605839e-4,-0.0018030830694925504,-0.03144482858232623
P35,7,HbO,14,0.0015926827972987181,-4.5794955403813094e-4,-0.0057716412971119705
P35,8,HbO,14,9.744855642723705e-4,0.004928308389522632,0.023619509878839796
P35,9,HbO,14,0.001442012300670125,0.0074347176832345084,0.02552568125490616
P35,10,HbO,14,6.370120249210775e-4,-0.004347669271193857,-0.030944816994000812
P35,11,HbO,14,5.807915631529273e-4,-1.6582378015882852e-4,-0.0013575132985119967
P35,12,HbO,14,-9.217226882323384e-6,3.670740003321293e-4,0.0012026634581168147
P35,14,HbO,14,2.734833472441828e-5,2.8921799467845113e-4,7.262437716637451e-4
P35,15,HbO,14,1.434988990378482e-4,-0.0010934493155592205,-0.011979967933471763
P35,16,HbO,14,-2.5869824934699712e-5,3.596162145547789e-4,0.0021784079580716305
P35,17,HbO,14,-4.682808172073457e-5,1.7419617192852008e-4,7.83742243476661e-4
P35,18,HbO,14,2.726121486585835e-6,-1.5212122177056005e-5,-5.61377750844957e-5
P35,19,HbO,14,1.0546043727712294e-6,-1.444007082726021e-5,-4.7130550894855644e-5
P35,20,HbO,14,0.001384871409281224,-0.003459575686276806,-0.013786666494978783
P35,21,HbO,14,0.0017839174482879158,-5.632018568409936e-4,0.0036499071590467896
P35,22,HbO,14,-3.547263665268486e-6,2.2293752076296117e-4,6.884219056545579e-4
P35,23,HbO,14,-8.170896875325009e-7,1.457860447263932e-4,0.0011675202236585867
P35,1,HbO,17,-3.755788163950192e-5,3.725916001033518e-4,0.0014159480275609396
P35,2,HbO,17,2.038144742101912e-4,0.004877275157321078,0.017690812322884702
P35,3,HbO,17,-6.199008335097481e-5,1.133261725223113e-4,-0.0011339514286436714
P35,4,HbO,17,2.320260774218903e-4,0.002126975284717167,0.004405218212915898
P35,5,HbO,17,3.1841150276990114e-5,-0.0029550958781156653,-0.024729040744281613
P35,7,HbO,17,0.0010781434422644323,-0.001141175008600252,-0.0021016425897936856
P35,8,HbO,17,6.624381305327939e-4,0.004048783445691797,0.022295917007278773
P35,9,HbO,17,0.00113352771325668,0.007546144114122476,0.03173992687410962
P35,10,HbO,17,6.464144931781239e-5,-0.004490688406160943,-0.022518469352778847
P35,11,HbO,17,1.6221333379366055e-4,-7.203176318273886e-4,3.407244527053388e-4
P35,12,HbO,17,-5.589722618367762e-5,1.6768337954549444e-4,0.0014991863952244072
P35,14,HbO,17,1.7627221879939195e-5,3.1641079713932757e-4,0.0012247718883332595
P35,15,HbO,17,-2.8894397511582815e-4,6.674646765237601e-5,-0.0025096855184671175
P35,16,HbO,17,-1.4152481036812237e-5,3.372170659945808e-4,0.0022216580670602415
P35,17,HbO,17,-3.357639142387098e-5,1.0927975897745404e-4,6.1759465622303e-4
P35,18,HbO,17,2.5709482226198393e-6,-9.308589124805713e-6,-3.661813348979905e-5
P35,19,HbO,17,6.056036043216767e-7,-7.748697239457606e-6,-2.2836815222079488e-5
P35,20,HbO,17,0.0018823336796106335,1.350544931097612e-4,0.0047804118650935715
P35,21,HbO,17,0.0025425885372383373,0.003416846498170624,0.020780577187355487
P35,22,HbO,17,5.692202132128097e-6,2.5719079463533715e-4,0.0013392431389069976
P35,23,HbO,17,4.889563002280717e-6,1.0153571335281666e-4,0.0011026446628325842
P20,1,HbO,5,-4.510863943716882e-4,-0.0023751325211497313,-0.013486679142851133
P20,1,HbR,5,-2.667170275908105e-4,-0.002668622950416239,0.004940183328301201
P20,2,HbO,5,-0.0012005879399976322,0.008558721404149322,0.011371910524100864
P20,2,HbR,5,2.900415825725813e-4,-0.0017696027168345398,-0.002527257727962004
P20,3,HbO,5,-9.887498314212376e-5,0.003966263496889318,0.002529519497435295
P20,3,HbR,5,-1.5363832854631545e-4,-0.006167416849693834,-0.012338315587826519
P20,4,HbO,5,-6.926328284492024e-4,0.006350050712176958,0.015752386136488692
P20,4,HbR,5,3.902445180475701e-4,-0.0019201674336070632,-0.0060297197639672066
P20,5,HbO,5,-0.0017237376883355332,0.006521004183468969,0.030813256865405387
P20,5,HbR,5,0.0014799084209761184,-0.0028767231153051117,-0.029628206831882237
P20,7,HbO,5,-0.003509887200704329,0.009290358255145044,0.028952973772550836
P20,7,HbR,5,3.4623931684440486e-4,-0.0035924461846367655,-0.0240705910448559
P20,8,HbO,5,-0.0027377458493031046,0.0016758536709555651,0.008415985302329692
P20,8,HbR,5,6.552796464119429e-4,-7.335989972363296e-4,-0.004289095515013085
P20,9,HbO,5,-0.002656525591052837,0.00740738745991588,0.03027331666416243
P20,9,HbR,5,0.0012359085650002599,-0.00384294983370252,-0.018265507505893848
P20,10,HbO,5,-0.0019047799582272956,0.013379010143294557,0.039146301634995495
P20,10,HbR,5,9.991605294131874e-4,-0.006334425726997661,-0.028434816456339895
P20,11,HbO,5,-3.207063994020635e-4,0.0016465486887338148,0.0063195158459518706
P20,11,HbR,5,1.2282248236294334e-4,-1.8941390829395062e-4,-0.0017340477623106819
P20,12,HbO,5,-2.5530290161928173e-4,0.0010677784192503145,0.0016332474638609846
P20,12,HbR,5,5.1496381701533014e-5,-6.927939608433781e-5,-4.703767252915142e-5
P20,14,HbO,5,-8.660637678519358e-5,-3.136228298942969e-4,-8.036486061330464e-4
P20,14,HbR,5,-1.035886584563115e-6,3.792302025976505e-4,0.0010176558105185198
P20,15,HbO,5,0.0015452785827487557,-0.012688075418215445,-0.02428884873811205
P20,15,HbR,5,-6.079433550840001e-4,5.517545440965407e-4,0.0047453083091646905
P20,16,HbO,5,-0.0011544886064744962,0.0026854345779374726,0.0020963054858568024
P20,16,HbR,5,2.745187561903878e-4,-3.6030222059000655e-4,-3.377767436424802e-4
P20,17,HbO,5,-0.0010197298937716648,0.0033407285142079556,0.0037172642808743724
P20,17,HbR,5,1.3226813994749096e-4,-3.8243444674367533e-4,-0.0013743489687152981
P20,18,HbO,5,2.3931436410253888e-6,-1.6412762867178385e-5,-5.034650338855543e-5
P20,18,HbR,5,7.821085892131602e-7,-2.5573668463145284e-5,-5.236463337436655e-5
P20,19,HbO,5,1.2450175666460106e-8,-1.3486528391724461e-5,-4.562429972826683e-5
P20,19,HbR,5,1.7960959752080935e-6,-1.0848725975186616e-5,-2.8325585003258208e-5
P20,20,HbO,5,8.07125867226409e-5,0.002644779070375735,0.00622988857993406
P20,20,HbR,5,-1.7918244718415026e-4,-6.532260833570012e-4,-4.573169038117228e-4
P20,21,HbO,5,-1.2104404018977611e-4,8.087499506320094e-4,0.00477700623427456
P20,21,HbR,5,-1.701481403424971e-6,7.264334886058714e-6,7.726845478534611e-4
P20,22,HbO,5,-0.0011128466575427334,-4.840420247796644e-4,0.005450103092546565
P20,22,HbR,5,-5.663784026101226e-4,-2.7885505658011223e-4,0.00270069110266879
P20,23,HbO,5,-0.0010337335762494507,-5.065524177597394e-4,0.005128024786089948
P20,23,HbR,5,-5.311143834556105e-4,-1.934202608255245e-4,0.0025533687779203786
P20,1,HbO,8,-0.0013027914989071894,-0.002193812112177546,-0.008543320773307996
P20,2,HbO,8,-0.0013436847731863597,0.0076125610744407265,0.0067250199325448665
P20,3,HbO,8,-7.380845920924113e-4,0.0031416771111274127,-0.0013690021104857271
P20,4,HbO,8,-6.254849328563547e-4,0.006156408524699701,0.012804957279097908
P20,5,HbO,8,-0.0014370949831921573,0.00742097783647073,0.02543637952665972
P20,7,HbO,8,-0.002440555740897426,0.010222696954024068,0.022300868558675663
P20,8,HbO,8,-0.002510122501901918,0.0030006627019432968,0.007791427194570343
P20,9,HbO,8,-0.0019898716402806625,0.006854727561957237,0.024494854543167306
P20,10,HbO,8,-0.0019979499256535297,0.012083061619113971,0.031094086586168575
P20,11,HbO,8,-5.275416317214866e-4,0.0012835796782270782,0.004409156552619593
P20,12,HbO,8,-2.71427294993933e-4,9.977865095903047e-4,0.0016691968254228039
P20,14,HbO,8,-1.0760742195121843e-4,-3.578492210566056e-4,-8.147098778078769e-4
P20,15,HbO,8,1.4728952251317841e-4,-0.013446097954241917,-0.024915678610042104
P20,16,HbO,8,-0.0011474772788090993,0.002644434637877698,0.0010373130698722393
P20,17,HbO,8,-0.0010374189992515236,0.003454823442037459,0.0011542933439221297
P20,18,HbO,8,3.0368028207775537e-6,-8.346357051889746e-6,-4.5478993422274774e-5
P20,19,HbO,8,8.449244092779206e-7,-1.2946926611757431e-5,-5.622147300270516e-5
P20,20,HbO,8,-2.4729572940236053e-4,8.362446063869058e-4,4.492226502712785e-4
P20,21,HbO,8,-1.2140174830441119e-4,5.154402289022585e-4,0.003599683778174237
P20,22,HbO,8,-9.41622067034169e-4,-4.3620815228579497e-4,0.002611329968314049
P20,23,HbO,8,-8.712874095104301e-4,-4.434273332019148e-4,0.0025091054559654236
P20,1,HbO,11,-0.0018941138475315538,-0.0013540155119497817,-0.0016952308284421322
P20,2,HbO,11,-0.001440849518873466,0.0066994521521265265,0.003326420658558687
P20,3,HbO,11,-0.001199065349817444,0.002805563828342096,-0.0017753545699685225
P20,4,HbO,11,-5.900486461937051e-4,0.005785283822057484,0.009701986377596197
P20,5,HbO,11,-0.001282831022322617,0.007694816082235566,0.020645488944783557
P20,7,HbO,11,-0.0016375632667197197,0.010082665526930396,0.014753443420425566
P20,8,HbO,11,-0.002248996368969736,0.0035135955629499245,0.006166045661448147
P20,9,HbO,11,-0.0014891941385840588,0.006054041885023304,0.018432167894566663
P20,10,HbO,11,-0.0020582006562535502,0.010798372733293062,0.02432346072407561
P20,11,HbO,11,-6.999443002255206e-4,0.0011172557997386797,0.002751003292746572
P20,12,HbO,11,-2.818576169371685e-4,9.208470233593051e-4,0.0017048974930263456
P20,14,HbO,11,-1.271342426198984e-4,-3.132574702499148e-4,-4.7497722145405634e-4
P20,15,HbO,11,-9.79981697731729e-4,-0.012498483155025624,-0.019802123802071827
P20,16,HbO,11,-0.0011391148398994981,0.0025871623172000354,3.7561006008286085e-4
P20,17,HbO,11,-0.0010376608145729355,0.0035316779210344635,-7.673559233961159e-4
P20,18,HbO,11,2.4921168289296744e-6,-2.6839678658127987e-6,-3.5175004870147066e-5
P20,19,HbO,11,1.1161262251358854e-6,-1.1776480623341116e-5,-5.567263313504902e-5
P20,20,HbO,11,-5.433820472222062e-4,-4.564052019502607e-5,-0.002510729719878127
P20,21,HbO,11,-1.3493071628977617e-4,3.4471558466494997e-4,0.002832681950727296
P20,22,HbO,11,-8.031444297642912e-4,-3.689382127337838e-4,5.619477023914149e-4
P20,23,HbO,11,-7.402504447783215e-4,-3.609270413911693e-4,6.150520315288716e-4
P20,1,HbO,14,-0.0022884741479175744,-2.1930240595370142e-4,0.005554885515936062
P20,2,HbO,14,-0.0015371590649168626,0.006006084950509031,0.002241037950896768
P20,3,HbO,14,-0.001541746445203,0.0026723041658554304,-1.1085491100467168e-4
P20,4,HbO,14,-6.063813405224802e-4,0.005193311237081308,0.007336506886606087
P20,5,HbO,14,-0.0011656002239057303,0.007522020883310652,0.016585192184063086
P20,7,HbO,14,-0.00107332221840587,0.009396894922626298,0.00828864001725526
P20,8,HbO,14,-0.0019571358065856633,0.003726963494276109,0.004965211791287398
P20,9,HbO,14,-0.0010728869633713197,0.0051413246665838784,0.012980515309428209
P20,10,HbO,14,-0.0020667714788500683,0.009514023142011744,0.0189948700245794
P20,11,HbO,14,-8.377544895073774e-4,0.0011021240909577378,0.0015614092869410741
P20,12,HbO,14,-2.800117907704904e-4,8.390340307331033e-4,0.0017744934947447233
P20,14,HbO,14,-1.3725690187846418e-4,-2.3310550525517315e-4,-3.373213402142959e-5
P20,15,HbO,14,-0.001818512229191079,-0.010339578806428879,-0.01164375423192664
P20,16,HbO,14,-0.0011168269624278315,0.0024549009861505877,4.941475938320433e-4
P20,17,HbO,14,-0.0010198491718443252,0.0035512796782470667,-0.0011771932422008963
P20,18,HbO,14,1.5551247005178225e-6,1.4789773951031885e-6,-2.3872548465384425e-5
P20,19,HbO,14,1.2363528317457545e-6,-9.91374553508063e-6,-4.7852053548260425e-5
P20,20,HbO,14,-7.899905077588076e-4,-4.5929693052418786e-4,-0.0033134516778188794
P20,21,HbO,14,-1.5285948959194452e-4,2.3078225033953346e-4,0.002311637476907793
P20,22,HbO,14,-6.620221633134841e-4,-2.895142010082123e-4,-0.0011052103612938648
P20,23,HbO,14,-6.078336092920862e-4,-2.6677520851382683e-4,-9.305374514331289e-4
P20,1,HbO,17,-0.0024980113080324564,7.845585505545584e-4,0.011577037892779007
P20,2,HbO,17,-0.0016432796139376387,0.0053981846294799095,0.002608052999367903
P20,3,HbO,17,-0.0017835930550205868,0.0024383914421327846,0.002236844149768161
P20,4,HbO,17,-6.584664579144786e-4,0.0044008795355310135,0.005862515121224014
P20,5,HbO,17,-0.0010267674444703985,0.007136972185572994,0.013394549360622836
P20,7,HbO,17,-7.038815306766812e-4,0.008687718532101681,0.0042480891861243035
P20,8,HbO,17,-0.0016610022253573688,0.003972641276909753,0.00477631085613299
P20,9,HbO,17,-7.368896879139787e-4,0.004350054942293433,0.008765323097445155
P20,10,HbO,17,-0.0020204942150788196,0.008197429079633011,0.014903436175356983
P20,11,HbO,17,-9.259138945846713e-4,0.0011365363503550963,8.171083741062098e-4
P20,12,HbO,17,-2.645593873634271e-4,7.453724489368958e-4,0.0018026857872584286
P20,14,HbO,17,-1.3508161167998984e-4,-1.5260003595963295e-4,3.3484062230821336e-4
P20,15,HbO,17,-0.0023404503032762444,-0.00758686650286456,-0.00272804390289769
P20,16,HbO,17,-0.0010686343260219626,0.002248293447848631,0.0012282894405358817
P20,17,HbO,17,-9.827555658933457e-4,0.003472295364894442,-3.310148929721741e-4
P20,18,HbO,17,6.736991611252151e-7,4.395190202855403e-6,-1.4323695726251032e-5
P20,19,HbO,17,1.2799316776091828e-6,-7.717660153189796e-6,-3.7940133061343423e-5
P20,20,HbO,17,-9.706235497920168e-4,-6.900897987044592e-4,-0.002910044495117586
P20,21,HbO,17,-1.634992717326503e-4,1.2569548385987068e-4,0.0018098963723756287
P20,22,HbO,17,-5.103105009081905e-4,-2.0719996131802953e-4,-0.0025248412940193643
P20,23,HbO,17,-4.665900079848251e-4,-1.7233609397562542e-4,-0.0022478213813138304
P66,1,HbO,5,8.417098691118925e-4,-0.0012886447291891121,0.005861977807796996
P66,1,HbR,5,1.0690342581491743e-4,0.0010725466171909671,-0.0021840358277345293
P66,2,HbO,5,-0.0018498599816055231,0.011026133122234183,-0.00493822105813738
P66,2,HbR,5,1.7339378829750018e-4,-0.0015916177425626832,0.0010017298209869063
P66,3,HbO,5,2.2031148824588204e-4,-0.0023624856156016,0.005942221374189618
P66,3,HbR,5,-6.708973092639996e-4,8.724207826329061e-4,4.048572960898204e-4
P66,4,HbO,5,-5.353549649325165e-4,0.004165835190088938,-0.0012947128912322628
P66,4,HbR,5,-3.00204757142898e-5,-7.228555517832148e-4,2.6637941654335473e-4
P66,5,HbO,5,-3.8766967592120624e-5,0.003409976710646026,0.001968513177690706
P66,5,HbR,5,-7.020428571426728e-4,1.656039880637985e-5,9.12761218891234e-6
P66,7,HbO,5,0.0010432437858386256,0.008914052226276163,0.0017820499867225222
P66,7,HbR,5,-4.8098976224217565e-4,-0.0022687901177801083,7.653570931217216e-4
P66,8,HbO,5,0.0012092629385862187,0.01370437799768584,-7.646127113201221e-4
P66,8,HbR,5,-4.256278320278615e-4,-0.004194518497984583,0.0010058938212125338
P66,9,HbO,5,0.0018578351941546173,0.0062395477524212414,-2.3004132541666313e-4
P66,9,HbR,5,-9.631896604561578e-4,7.765026476660708e-4,2.1493493462749713e-4
P66,10,HbO,5,0.0013539316815338685,0.005915362812988074,-0.0023407354627136916
P66,10,HbR,5,-0.0010699916772101451,5.9044438879132214e-5,7.667487148800807e-4
P66,11,HbO,5,-5.203558559231402e-4,0.013397048107192446,-0.006936870096453785
P66,11,HbR,5,-8.586122881584055e-4,-0.0011274549862510608,8.966901809485789e-4
P66,12,HbO,5,-0.00411078654719971,0.03416204738416713,-0.01886715811676903
P66,12,HbR,5,-5.705151903559611e-4,-0.004232084304122901,0.0029425929445483366
P66,14,HbO,5,0.0013472903455736523,0.002150988269401295,0.0026403836457101456
P66,14,HbR,5,-9.70223541833621e-4,-5.417843846111637e-4,7.592874173127224e-4
P66,15,HbO,5,0.0015321978164917819,0.0014614631938130933,-0.0019512378142878166
P66,15,HbR,5,-6.759308213456778e-4,4.3009865589527225e-4,0.0023381830220397274
P66,16,HbO,5,3.97325295277297e-4,-0.005382295317368917,0.002818624057830084
P66,16,HbR,5,-4.826653414472802e-4,0.004143687428030158,-0.0034570487347795344
P66,17,HbO,5,-3.3668126407354577e-4,-0.006158720922692843,0.0012964670074726101
P66,17,HbR,5,9.658694186107167e-4,0.001938475409609824,-0.0012855255923010427
P66,18,HbO,5,4.1384636614376175e-6,-1.1964509416588666e-6,3.993911353146178e-6
P66,18,HbR,5,5.30823368052583e-7,8.830550364301369e-6,-1.2609948067885819e-5
P66,19,HbO,5,1.5373216754155874e-6,8.377643803092624e-6,5.052082453354332e-6
P66,19,HbR,5,1.2507484749580074e-6,6.42043533657513e-7,-1.7120828480405357e-7
P66,20,HbO,5,-5.706931417938236e-7,-2.4397255929649067e-6,-1.0372508819660286e-6
P66,20,HbR,5,3.3229960411368333e-7,9.409430475859943e-7,-1.6343962647292e-7
P66,21,HbO,5,6.859311743667169e-7,3.780120816819451e-8,-4.796534401639944e-6
P66,21,HbR,5,3.237295452113663e-8,2.2514961192227384e-7,-1.558304041389642e-6
P66,22,HbO,5,-3.756241898525601e-4,0.0011510054675626439,-9.731320906171567e-4
P66,22,HbR,5,-5.052692225046917e-4,-0.001752812365074427,-0.0029199746798276934
P66,23,HbO,5,-1.7322674733268148e-4,0.0014474728498547872,-0.004178582787876797
P66,23,HbR,5,-2.604916611713748e-4,-9.976148187127443e-4,-0.0017103285729235763
P66,1,HbO,8,4.8264648277883724e-4,-8.340600388768157e-4,0.0033139245639990677
P66,2,HbO,8,-0.001605548653348705,0.008586335177192117,-0.0058987373384264035
P66,3,HbO,8,-5.586881760467303e-6,-0.0010480016691652475,0.0037150154326474026
P66,4,HbO,8,-5.012822205130142e-4,0.003691692228711953,-0.0020560086831339234
P66,5,HbO,8,-2.590469333668238e-4,0.00249701757684544,-6.564613342949548e-4
P66,7,HbO,8,7.219978675867639e-4,0.00610053992035228,-5.053910161288684e-4
P66,8,HbO,8,6.910092011631342e-4,0.009781220159759848,-0.00337243736767329
P66,9,HbO,8,0.001443709865452431,0.005326444942425645,-0.0013028995044150292
P66,10,HbO,8,0.001135748456972795,0.004658939398473937,-0.004392926903694092
P66,11,HbO,8,-4.462858123660949e-4,0.012011800376624554,-0.008652986144293363
P66,12,HbO,8,-0.0034671072138419564,0.028568005926932222,-0.020112993453798203
P66,14,HbO,8,0.0012815101886540533,0.0010741152734267386,0.0016665071492414228
P66,15,HbO,8,0.0012882383640913221,4.900315083070073e-4,-0.0013137409675154847
P66,16,HbO,8,7.1965455711495e-5,-0.0039546690628439254,2.4808754980946914e-4
P66,17,HbO,8,-4.2094420653738027e-4,-0.005227087905838628,2.953247450627163e-5
P66,18,HbO,8,3.4052690857018018e-6,1.7252682457908428e-6,7.117902311972984e-7
P66,19,HbO,8,9.749094572028852e-7,8.818334173231798e-6,1.4862226904863506e-6
P66,20,HbO,8,-4.314582739955553e-7,-3.737669767065921e-6,2.1033687581131335e-6
P66,21,HbO,8,7.212505934621937e-7,7.092810037698501e-10,-3.6406652593494257e-6
P66,22,HbO,8,-2.6193459454604094e-4,-0.0017509256376783112,-0.0020284769246392055
P66,23,HbO,8,-5.225512242943135e-4,-1.5604844627584158e-4,-0.00588741452546459
P66,1,HbO,11,4.704233490898104e-4,-9.671200373981002e-5,0.0013594568604793974
P66,2,HbO,11,-0.0012351052822586613,0.0063932013049726654,-0.005729015221744675
P66,3,HbO,11,-2.5587690119230125e-5,-1.943066756098501e-4,0.0024062653858124925
P66,4,HbO,11,-4.114853702368961e-4,0.003186625080592311,-0.002299268628887064
P66,5,HbO,11,-2.0495482251022435e-4,0.002294871991344565,-0.002075032524917803
P66,7,HbO,11,6.91896962517139e-4,0.004529218331776153,-0.0014853736594994287
P66,8,HbO,11,5.795061677378643e-4,0.007330371822049482,-0.00397953866507273
P66,9,HbO,11,0.0011538737052264312,0.004386883266020974,-0.0016236117091630838
P66,10,HbO,11,0.0010338292663017417,0.004098609924267483,-0.005216524602478902
P66,11,HbO,11,-3.4724077699691913e-4,0.010605343874298172,-0.008940217637342136
P66,12,HbO,11,-0.0029266666362708043,0.023159269176407444,-0.019163544152626753
P66,14,HbO,11,0.001320298907408416,4.606031491890782e-4,9.732822796697275e-4
P66,15,HbO,11,0.001186318649845954,-3.473495516918537e-4,-2.990541728402043e-4
P66,16,HbO,11,2.0588834682648752e-4,-0.0019743298650938897,-0.001368512387563219
P66,17,HbO,11,-2.0553845839357536e-4,-0.0034243340887184595,-4.8145048795994935e-5
P66,18,HbO,11,2.286546201067647e-6,4.939532449989601e-6,-1.2815901423117252e-6
P66,19,HbO,11,3.84859554205842e-7,9.110992483324788e-6,-9.109937957635048e-7
P66,20,HbO,11,-3.345209841038005e-7,-3.2392174272714267e-6,3.0450832968157184e-6
P66,21,HbO,11,7.092672646896208e-7,1.8469925801289546e-7,-3.1316406425961287e-6
P66,22,HbO,11,1.4367528452913034e-5,-0.0031869191469655347,-0.0015598225486478257
P66,23,HbO,11,-5.929110390119522e-4,-0.001310510462902503,-0.005088975363819194
P66,1,HbO,14,5.632148620305679e-4,5.776147906768297e-4,-6.337199524178903e-5
P66,2,HbO,14,-8.505868759590034e-4,0.0037776532865235113,-0.0045190171696502055
P66,3,HbO,14,-8.953053317639243e-7,2.2049965570870812e-4,0.0018269216811706381
P66,4,HbO,14,-2.802954957998874e-4,0.00245749285743161,-0.002066899852916338
P66,5,HbO,14,-9.69913235717767e-6,0.002012086371863755,-0.0022810172261057368
P66,7,HbO,14,8.12643682462923e-4,0.003003819424617043,-9.087042824970874e-4
P66,8,HbO,14,6.635152098118424e-4,0.004711514516013501,-0.0023938985199435567
P66,9,HbO,14,8.685779419387567e-4,0.0033858200676676817,-0.0011604161479927563
P66,10,HbO,14,9.410965687906136e-4,0.0035756139909423916,-0.004940215484275438
P66,11,HbO,14,-2.8101847761569456e-4,0.00852510544560332,-0.007910413082737093
P66,12,HbO,14,-0.0024362078074224116,0.016568681474628706,-0.01612975196390654
P66,14,HbO,14,0.0012970576496122794,2.737836327548556e-5,3.885670716981769e-4
P66,15,HbO,14,0.0010208697061463094,-0.001187158522792939,8.906406782367743e-4
P66,16,HbO,14,5.070804208958838e-4,-1.3933416247971443e-4,-0.001996152886125188
P66,17,HbO,14,1.4869538555161137e-4,-0.0016120792797450552,8.60023611750295e-4
P66,18,HbO,14,1.1893599643700865e-6,6.978727669806784e-6,-1.4728528466200234e-6
P66,19,HbO,14,-1.305072100635057e-8,7.23056731516956e-6,-5.901909016905098e-7
P66,20,HbO,14,-2.596162909927917e-7,-1.4374578019108708e-6,2.784098392668416e-6
P66,21,HbO,14,6.224103640327027e-7,4.604098993860833e-7,-2.2713055087774444e-6
P66,22,HbO,14,2.6630870844037514e-4,-0.004127133194679251,-2.0564458200761013e-5
P66,23,HbO,14,-6.044630299664893e-4,-0.002835588631117745,-0.002485548557777254
P66,1,HbO,17,6.016006154800378e-4,9.959470587617562e-4,-0.0010417586831521718
P66,2,HbO,17,-6.16405064208239e-4,7.998979914975552e-4,-0.002783832741576301
P66,3,HbO,17,1.6401519353206448e-5,3.6562861322668607e-4,0.0014937905855408869
P66,4,HbO,17,-1.660920693642925e-4,0.001500628449287351,-0.0015393079594742543
P66,5,HbO,17,1.6959209159304384e-4,0.001385373806823527,-0.001825165664505948
P66,7,HbO,17,8.856722194145972e-4,0.0012218671599340178,4.1860978398003266e-4
P66,8,HbO,17,6.749534928158415e-4,0.0016483315821461877,9.310499936175963e-5
P66,9,HbO,17,5.831835321459468e-4,0.002314541985846232,-3.4945783977598336e-4
P66,10,HbO,17,7.631979727768775e-4,0.002759676131683981,-0.004015807435763067
P66,11,HbO,17,-3.178898916991883e-4,0.005673458152813229,-0.006045594404825404
P66,12,HbO,17,-0.002098748426348281,0.008896921946806018,-0.011768352121945939
P66,14,HbO,17,0.0011547436319288952,-2.776470842939493e-4,-2.159488288364581e-4
P66,15,HbO,17,7.403927587375686e-4,-0.0019800494163888286,0.0019180740167365994
P66,16,HbO,17,7.448970553935143e-4,0.0014519257683239422,-0.0021905181035435212
P66,17,HbO,17,4.0930803197396036e-4,2.4661963597166374e-5,0.0017733202976515515
P66,18,HbO,17,4.3774629619751657e-7,7.618010308166614e-6,-9.964689805308142e-7
P66,19,HbO,17,-1.4958836294885506e-7,4.127108296731067e-6,1.0456915019467306e-6
P66,20,HbO,17,-2.1966428399998684e-7,7.951432255689244e-7,2.1541423831487834e-6
P66,21,HbO,17,4.1754396947919165e-7,9.907276795309321e-7,-1.0041124881483272e-6
P66,22,HbO,17,3.2255526345247395e-4,-0.004826556563357798,0.0014626383223580622
P66,23,HbO,17,-7.680317662816642e-4,-0.00451549929017851,4.505970915066311e-4
P42,1,HbO,5,-0.0014108347377589222,-0.005261521736824519,-5.704016617800821e-4
P42,1,HbR,5,7.057876313952891e-4,-0.0022446423272506977,-8.792878020341451e-4
P42,2,HbO,5,-3.199576752997851e-4,-0.0026081567072564335,-7.211031681924701e-4
P42,2,HbR,5,4.1114916857311555e-5,-0.0010174121435452116,4.725920000314989e-4
P42,3,HbO,5,-0.00037531365659227805,-0.0011593399809361397,-5.177123861678704e-4
P42,3,HbR,5,4.98938943919632e-4,-0.00297614049894153,-3.008172580768815e-4
P42,4,HbO,5,-7.162607016775717e-5,-8.617906514413701e-4,-3.953688005954826e-4
P42,4,HbR,5,1.2226062009468503e-5,1.1288427573021106e-4,1.9083401405317358e-4
P42,5,HbO,5,-7.372916274363199e-4,-0.001635490740229738,-2.572390338032571e-4
P42,5,HbR,5,-2.952616757121583e-4,-0.0011668211436721002,-3.8608199617486306e-4
P42,7,HbO,5,-0.0010802940900081072,-0.008286784152358376,-0.0010088961030712065
P42,7,HbR,5,-1.6932437398933345e-4,0.0012070551222267635,1.5683474748984932e-4
P42,8,HbO,5,-6.446570192150527e-4,-0.0046131886845108714,1.4536154259591042e-4
P42,8,HbR,5,1.4732738719364555e-4,0.0011500103379332494,9.1050642660013e-5
P42,9,HbO,5,-1.5604624054330968e-4,-0.0033331606379356712,4.7334747958055945e-4
P42,9,HbR,5,2.5550462260542494e-4,1.4961471957354054e-4,-5.598652967859557e-5
P42,10,HbO,5,-6.449226821629672e-4,-0.003029368206927443,6.243681436854737e-4
P42,10,HbR,5,2.2683465807097643e-4,5.85034861544556e-4,-1.7636371396827588e-4
P42,11,HbO,5,1.868283145168962e-4,0.002459850239528872,8.5886884126266e-6
P42,11,HbR,5,5.857005903472431e-5,-0.001613434687008984,-1.258462890107075e-4
P42,12,HbO,5,-6.051736113996933e-4,-0.002000089635322855,1.4034068829353464e-4
P42,12,HbR,5,1.5226580494644013e-4,4.733931894575973e-4,8.524143203014303e-5
P42,14,HbO,5,-0.0010856279545147754,-0.003337895778416907,-3.635377975487831e-4
P42,14,HbR,5,4.208188801026395e-4,8.099938048962937e-4,4.945141578584405e-5
P42,15,HbO,5,-0.003835118852020434,-0.010400679690947415,9.194320872759572e-4
P42,15,HbR,5,0.0027575951877071157,-0.004413453695334299,-0.0012958656344464559
P42,16,HbO,5,-5.914311226523627e-4,-6.712771893811683e-4,-7.94173812337782e-5
P42,16,HbR,5,1.014337917326867e-4,1.2818379198632445e-4,-4.4464242672900235e-7
P42,17,HbO,5,-1.738722424046513e-5,3.032910791631439e-4,1.3316295186043534e-4
P42,17,HbR,5,-3.3493309187911276e-5,1.1178278869453594e-4,6.136175941314824e-5
P42,18,HbO,5,-1.0407429999075095e-6,-3.402680929601563e-6,1.8323730914232998e-5
P42,18,HbR,5,1.8608823650511796e-7,8.87864990082123e-6,7.474849341076983e-6
P42,19,HbO,5,6.681515648165745e-7,-1.1326371826901882e-5,7.053705119397519e-6
P42,19,HbR,5,-2.2507131201091716e-8,2.5323985508486043e-6,9.514422456605194e-6
P42,20,HbO,5,-4.6960304984819367e-7,-6.7207462233113426e-6,1.7045206898267265e-6
P42,20,HbR,5,1.4400021833389384e-7,2.2914901921408315e-6,-1.0322635974227487e-6
P42,21,HbO,5,-5.70304718785684e-7,2.024830115021316e-6,9.800728379724357e-7
P42,21,HbR,5,4.923499800103413e-7,-3.723568790116689e-6,8.962084970109203e-7
P42,22,HbO,5,-2.123931002144048e-4,-1.2642540667957174e-4,3.10457011267806e-4
P42,22,HbR,5,4.906221456096481e-5,2.8699780892808035e-5,-1.0013113845578198e-5
P42,23,HbO,5,-0.001059066319180741,-0.004710675175312928,0.001647422278309178
P42,23,HbR,5,1.1357883405559557e-4,7.007312462706335e-4,-1.6758103855695047e-4
P42,1,HbO,8,-9.320052825994338e-4,-0.00580259084116294,-7.129193302842669e-4
P42,2,HbO,8,-7.920865603851068e-4,-0.0018664600946288756,5.2277206608701204e-5
P42,3,HbO,8,-5.081635777834038e-4,-0.0015093026655323227,-7.527231341664673e-4
P42,4,HbO,8,-3.375510472068771e-4,-1.4517697177399982e-4,-1.4110725792756143e-4
P42,5,HbO,8,-6.333271644867292e-4,-0.00403054374737684,7.791537151393883e-4
P42,7,HbO,8,-7.956215345246617e-4,-0.010166201496230171,8.08604739114474e-4
P42,8,HbO,8,-9.134180619018581e-4,-0.00426223735936207,3.7844159138762824e-4
P42,9,HbO,8,-5.081396256499364e-4,-0.003380615087078972,6.92224256465866e-4
P42,10,HbO,8,-0.0011204709956789162,-0.002055456104574378,3.2639720018800726e-4
P42,11,HbO,8,-2.634243821446003e-4,0.0019031403456403106,-1.0217676479224771e-4
P42,12,HbO,8,-9.879891881988561e-4,-0.0021441291246627765,5.27297654714526e-4
P42,14,HbO,8,-7.291970816145601e-4,-0.00359068374873606,-4.2831076139878435e-4
P42,15,HbO,8,-0.002630006081491511,-0.011256334750651277,-9.297191168911185e-5
P42,16,HbO,8,-6.029826317892884e-4,-4.296460749925444e-4,-1.248347027235964e-4
P42,17,HbO,8,-3.057301262133588e-4,3.1083654717616575e-4,1.622953328187503e-4
P42,18,HbO,8,-1.3658970754207964e-6,6.44736762554376e-7,1.2828640698616658e-5
P42,19,HbO,8,1.8624016792150973e-8,-5.582265512825374e-6,3.663539931333204e-6
P42,20,HbO,8,-6.897712422076694e-7,-3.0809929713793584e-6,3.0345699550212195e-6
P42,21,HbO,8,-4.5712943155802194e-7,3.4047647630478715e-6,2.196022986177405e-6
P42,22,HbO,8,-2.469129201753849e-4,-3.7919837756407074e-4,2.9617734919944384e-4
P42,23,HbO,8,-8.264829279843967e-4,-0.004655757517865852,0.0015288617586929028
P42,1,HbO,11,-4.666040380446479e-4,-0.005971750747382007,-7.71348543913014e-4
P42,2,HbO,11,-8.963919398730262e-4,-0.0020744028324389528,7.183019764228527e-4
P42,3,HbO,11,-5.285031312968214e-4,-0.002339372632667166,-8.426322784720116e-4
P42,4,HbO,11,-4.127662834523102e-4,-1.7580993881308783e-5,1.6738505001336325e-4
P42,5,HbO,11,-4.1253171629660346e-4,-0.005879586668603337,0.0016787239081710625
P42,7,HbO,11,-4.78746851819228e-4,-0.011306738321011886,0.002325810924332357
P42,8,HbO,11,-9.556025607292011e-4,-0.0041581398804169546,6.155759400994319e-4
P42,9,HbO,11,-6.127154570999082e-4,-0.0037326365593540606,8.978756501393157e-4
P42,10,HbO,11,-0.0011274048894604754,-0.0020149197330513466,3.193381901656096e-4
P42,11,HbO,11,-4.219229642750163e-4,5.825802517658846e-4,-8.056922799515342e-5
P42,12,HbO,11,-0.0011049381720909237,-0.0030284164219136155,7.933641577781413e-4
P42,14,HbO,11,-4.301658188779455e-4,-0.0034750734793425756,-5.425637726396747e-4
P42,15,HbO,11,-0.0016360932019763592,-0.011200658084686541,-9.773600433725656e-4
P42,16,HbO,11,-5.700786916354646e-4,-3.1655378016486854e-4,-1.4529281374280135e-4
P42,17,HbO,11,-4.7573855798992777e-4,1.9716220446308922e-4,2.0661977675746863e-4
P42,18,HbO,11,-1.9396133103243457e-6,2.881156174580076e-6,7.819396593304146e-6
P42,19,HbO,11,-4.907141262800327e-7,-1.7601939404638547e-6,1.254021119464377e-6
P42,20,HbO,11,-8.967565711543117e-7,-4.815276678635035e-7,3.5836806952098563e-6
P42,21,HbO,11,-6.729295527343374e-7,4.033584112680721e-6,2.8155400847400244e-6
P42,22,HbO,11,-2.0702531088858186e-4,-5.359533350544448e-4,2.813342909494907e-4
P42,23,HbO,11,-5.578399934897143e-4,-0.004244074468945668,0.0013893162873417117
P42,1,HbO,14,-5.424491280062059e-5,-0.0058016128147588795,-7.940608815548308e-4
P42,2,HbO,14,-7.974721358939883e-4,-0.0027010248217751243,0.001206889756867972
P42,3,HbO,14,-4.6239719580700334e-4,-0.0033515060639557176,-8.194798235100268e-4
P42,4,HbO,14,-3.786706430232346e-4,-2.759852430515846e-4,4.3602820752526296e-4
P42,5,HbO,14,-1.6621365063013838e-4,-0.0075415529479138255,0.002337928456649671
P42,7,HbO,14,-1.3157762456808986e-4,-0.011900242627691503,0.003341292744123184
P42,8,HbO,14,-8.322252171816706e-4,-0.004037669969715107,7.898289439619221e-4
P42,9,HbO,14,-5.521456834110204e-4,-0.004230541686563049,0.0010371398640638295
P42,10,HbO,14,-8.434898595156454e-4,-0.0027027316251033895,5.035348401621687e-4
P42,11,HbO,14,-3.874855569834731e-4,-0.0011219456021855638,4.395275509934653e-5
P42,12,HbO,14,-0.0010391491521578198,-0.004123635121737198,9.344025052781742e-4
P42,14,HbO,14,-1.8439658515525414e-4,-0.003031380724772685,-6.533553393585099e-4
P42,15,HbO,14,-7.761989809377433e-4,-0.010167912191064053,-0.0017505435191201952
P42,16,HbO,14,-4.8053019823286237e-4,-2.615753514000948e-4,-1.452386193155038e-4
P42,17,HbO,14,-5.477783040789476e-4,-1.57423156839163e-6,2.507054696027554e-4
P42,18,HbO,14,-2.1116078277651693e-6,5.704665158477207e-6,4.582705233485937e-6
P42,19,HbO,14,-8.040374536498644e-7,1.2225832997502108e-6,8.306375478431115e-8
P42,20,HbO,14,-9.242288823610835e-7,9.699486326693498e-7,3.2708848388162917e-6
P42,21,HbO,14,-8.878617753058592e-7,3.690801358655976e-6,2.9458745746339647e-6
P42,22,HbO,14,-1.2235050554960082e-4,-6.601127719264932e-4,2.7431333945907184e-4
P42,23,HbO,14,-3.1804603696563026e-4,-0.00355156360401578,0.0011674446464647172
P42,1,HbO,17,2.5526769169912673e-4,-0.00522592914899918,-7.699465806785933e-4
P42,2,HbO,17,-5.877310143958187e-4,-0.0028971598781456186,0.0014998802747476453
P42,3,HbO,17,-3.4458212470945816e-4,-0.004005470121851257,-7.043539583809382e-4
P42,4,HbO,17,-2.871576218435624e-4,-4.701402458535169e-4,5.848775092658692e-4
P42,5,HbO,17,4.3233762583825735e-5,-0.00842470629775097,0.002697066791411594
P42,7,HbO,17,2.3591601675197784e-4,-0.011401199270124823,0.003757009199091461
P42,8,HbO,17,-5.950507003848587e-4,-0.0034848428183979706,8.864522500254718e-4
P42,9,HbO,17,-3.8607192040054146e-4,-0.00430889150750581,0.0010850061442178784
P42,10,HbO,17,-4.537502250776339e-4,-0.003245376467369015,7.447915655407688e-4
P42,11,HbO,17,-2.5291672255113e-4,-0.002514953791481614,2.0229905687964056e-4
P42,12,HbO,17,-8.493644490388354e-4,-0.004637469362750875,9.862505491273384e-4
P42,14,HbO,17,-2.2006875550149694e-5,-0.002395230317810665,-7.171349660735209e-4
P42,15,HbO,17,-1.1470235833066598e-4,-0.008357773910117926,-0.002357227741432085
P42,16,HbO,17,-3.44544403688745e-4,-1.5318999697173477e-4,-1.2408090848460814e-4
P42,17,HbO,17,-5.393481433431804e-4,-1.3150080806545656e-4,2.879645494243573e-4
P42,18,HbO,17,-1.9285052036746484e-6,8.642262323866749e-6,2.7157282826893836e-6
P42,19,HbO,17,-1.0019061915033008e-6,3.280581340574587e-6,-2.789997569210797e-7
P42,20,HbO,17,-7.299939561569424e-7,1.7096186681415293e-6,2.4237435281831037e-6
P42,21,HbO,17,-8.931018811100388e-7,2.6290224384230604e-6,2.770006612630239e-6
P42,22,HbO,17,-2.264733918661724e-5,-7.243797259831073e-4,2.819507061331696e-4
P42,23,HbO,17,-1.4350604448949353e-4,-0.002680658908560361,9.08033831157329e-4
P34,1,HbO,5,-0.0018864571097460525,-0.004956909670375364,-0.005237835447084988
P34,1,HbR,5,-0.0019169772302455044,-0.0016257225673467792,9.970993856133108e-4
P34,2,HbO,5,-0.005035722327434565,-8.492864272925499e-5,-0.006217530132339401
P34,2,HbR,5,5.443184015110313e-4,1.8987869398940803e-4,0.0017432232749869665
P34,3,HbO,5,-0.002744089968386085,-0.004425994207335679,-0.003442302191439797
P34,3,HbR,5,-0.0012251714977733533,-6.722815271910113e-4,-2.1426983396422602e-4
P34,4,HbO,5,-0.0018374651295793949,5.077152687022137e-4,-0.0032501721098558735
P34,4,HbR,5,1.2397145174742092e-4,-1.5187639321340073e-4,7.375925614957285e-4
P34,5,HbO,5,-0.0037848987403882716,5.349812022241885e-5,0.00537486807494372
P34,5,HbR,5,-4.0490002665729625e-4,8.22096756170294e-5,-0.007135974033120555
P34,7,HbO,5,-0.001297577958757038,-0.0019567497597740542,0.004675964626375198
P34,7,HbR,5,-7.56697186234001e-4,8.892871448046226e-5,-0.006151743901449342
P34,8,HbO,5,-0.0018732422791410933,-0.0010584297451182681,-0.00533620985367769
P34,8,HbR,5,1.3646816976164668e-4,1.7805583371831223e-4,-0.0016375556784550829
P34,9,HbO,5,-0.002707464367914606,-0.002668293762928755,-0.005679502597430496
P34,9,HbR,5,-2.976555736617603e-4,-7.565301824941482e-4,1.4034220921998818e-4
P34,10,HbO,5,-0.0037685459037672354,-0.004043242665202193,-0.0018152170881017094
P34,10,HbR,5,-3.1735142408345065e-4,-7.109896741112524e-4,-0.005077910125283889
P34,11,HbO,5,-5.810705532589505e-4,3.527189028506072e-4,0.003364001719050083
P34,11,HbR,5,-0.0013138026131438376,-0.0020913450582556617,-0.00217510369904087
P34,12,HbO,5,-0.004705202777346373,-0.005200064415453307,5.111489173617739e-4
P34,12,HbR,5,-0.001226037124628474,3.166372675691612e-4,5.140472333970328e-4
P34,14,HbO,5,0.0015846846044055907,-0.007574344817071616,-0.007599579689684647
P34,14,HbR,5,-0.006434303535367393,-2.8436516392348196e-4,0.011442429910491318
P34,15,HbO,5,9.428495583588798e-4,-0.010094244099971733,-0.0038608532116786664
P34,15,HbR,5,-0.0067702198159587,-0.0018570998176219518,0.010648495759212015
P34,16,HbO,5,-1.4209354949951515e-4,1.4720662532417874e-4,-2.540408719843241e-4
P34,16,HbR,5,-1.0129953692276658e-5,5.103000524465511e-5,-5.501289245526355e-5
P34,17,HbO,5,-7.661332247670759e-5,7.753259446600411e-5,-2.7792725243396536e-4
P34,17,HbR,5,-6.923553904699271e-5,2.3381089391822522e-5,-5.018134184275757e-5
P34,18,HbO,5,2.591104856215519e-7,-1.1977148926725855e-6,-1.5400484563526119e-6
P34,18,HbR,5,7.38248853731057e-7,-7.518578291181363e-7,-7.593508568868366e-6
P34,19,HbO,5,-1.1254584753027763e-6,-6.181782281192822e-7,-9.359125248068939e-7
P34,19,HbR,5,-2.2000574571700152e-7,-7.824663853344939e-7,-5.389296181467791e-7
P34,20,HbO,5,-2.953906646691444e-4,-3.5494337765255255e-4,0.0010597086869500278
P34,20,HbR,5,-5.691142239667918e-5,6.05044818852261e-6,-4.086347471580855e-4
P34,21,HbO,5,-4.3567354814035887e-4,-0.0012020774368708507,-0.0021827863603102226
P34,21,HbR,5,-5.0572914847781836e-5,2.9955851087100143e-4,0.0010074017314816326
P34,22,HbO,5,5.334734620420204e-4,-8.813478097586218e-4,-0.006319848772344467
P34,22,HbR,5,-3.269391687554365e-4,3.8601869834355076e-4,0.0013066495712697665
P34,23,HbO,5,-0.001042776075256207,-0.0012311655225638368,2.2013121443981143e-4
P34,23,HbR,5,1.8647341644313325e-4,4.356542915949758e-4,-8.713564770937502e-5
P34,1,HbO,8,-0.0019659059887094173,-0.0044065080796489905,-0.0034852500430043254
P34,2,HbO,8,-0.004537048415774206,6.495490873014222e-5,-0.008649853997954213
P34,3,HbO,8,-0.0028590632583166673,-0.003726833780215299,-0.0023085325760226548
P34,4,HbO,8,-0.0016704516118181828,6.26836246311282e-4,-0.004918939880087352
P34,5,HbO,8,-0.004022765173327595,-0.0010532939671882848,0.003728964053205361
P34,7,HbO,8,-0.001480138185151507,-0.0021473602909313464,0.0018385602639967708
P34,8,HbO,8,-0.0016877756557537927,-0.0014178465054942358,-0.004232022645837528
P34,9,HbO,8,-0.0025315633472103804,-0.0022919139831921297,-0.005137223259893374
P34,10,HbO,8,-0.0034721756222833243,-0.0037269104798137477,-0.0011180904545852295
P34,11,HbO,8,-8.513172117126715e-4,4.6525300275290267e-4,-0.0011949817628569964
P34,12,HbO,8,-0.004273908822053377,-0.004423492501537141,-0.001731956333270323
P34,14,HbO,8,1.65503509545605e-4,-0.006251710974949406,-0.0031385749479334126
P34,15,HbO,8,-8.2773519524903e-4,-0.008001793067962103,-0.002541900655430356
P34,16,HbO,8,-9.744199962396484e-5,4.152650605651922e-5,-2.0957287087051594e-4
P34,17,HbO,8,-4.105067083729749e-5,-6.373704141869259e-6,-2.1137388094567342e-4
P34,18,HbO,8,-9.801291019780616e-8,-2.5369093066306714e-6,3.1624457474200843e-6
P34,19,HbO,8,-9.926908121579341e-7,-1.1274969479005966e-6,-1.5622785871148973e-6
P34,20,HbO,8,-2.764651357154012e-4,-4.1307942400140523e-4,9.177150820427778e-4
P34,21,HbO,8,-4.2926108874357695e-4,-0.0011985444642254289,-7.856918433177276e-4
P34,22,HbO,8,5.095934535921955e-4,-9.755499524377978e-4,-0.00449984451524815
P34,23,HbO,8,-6.711167399903261e-4,-5.408136533506844e-4,6.211436192270765e-5
P34,1,HbO,11,-0.0018245896635359778,-0.003922672646354667,-0.001518780806403494
P34,2,HbO,11,-0.0038791831982740387,-2.355188734851043e-4,-0.008150334948726858
P34,3,HbO,11,-0.0026759912241724995,-0.003382021177608957,-1.1110861628595342e-4
P34,4,HbO,11,-0.0014604325845131475,4.453475848987717e-4,-0.004877478739606524
P34,5,HbO,11,-0.003734461785844813,-0.002202062070648901,0.0040160679584392974
P34,7,HbO,11,-0.001369397552406073,-0.0024021697024430647,3.9479220166529935e-4
P34,8,HbO,11,-0.0012362301677663146,-0.0018833873874331362,-0.0027987240628286935
P34,9,HbO,11,-0.00209308665447678,-0.0021801552783203538,-0.0032017662998761877
P34,10,HbO,11,-0.0027494124563596694,-0.003704841433308501,0.0012603547853566792
P34,11,HbO,11,-9.034592014804479e-4,3.3549742510036103e-4,-0.0027876706543254796
P34,12,HbO,11,-0.003805628836952923,-0.0042614476969452504,-6.640371558363713e-4
P34,14,HbO,11,-8.353355580816553e-4,-0.005092458477624696,3.9242403174220315e-4
P34,15,HbO,11,-0.0019749707538302182,-0.006336357107425131,-0.0010076700451625209
P34,16,HbO,11,-5.7511409272933414e-5,-3.002236601578055e-5,-1.8964597315141295e-4
P34,17,HbO,11,-3.260882353298699e-5,-5.941629741840636e-5,-1.2110536014861015e-4
P34,18,HbO,11,-1.6476162636155225e-7,-4.039808422288958e-6,6.0194283950567505e-6
P34,19,HbO,11,-7.626418110818679e-7,-1.890947422279625e-6,-1.181008188035079e-6
P34,20,HbO,11,-2.362175927322556e-4,-4.4139150289151534e-4,9.915280339678994e-4
P34,21,HbO,11,-3.9043421202281304e-4,-0.0012793824664859151,6.798814909743426e-4
P34,22,HbO,11,5.381808128628951e-4,-0.0011654858968575715,-0.00243975709474645
P34,23,HbO,11,-3.7234865965394333e-4,-8.583627022480218e-5,3.9347416580755653e-4
P34,1,HbO,14,-0.001727325415162727,-0.0033184692132136855,-3.1310451310291414e-4
P34,2,HbO,14,-0.0032372367872511784,-6.56889699522902e-4,-0.00643036600497615
P34,3,HbO,14,-0.0024449511944182566,-0.003055893973529426,0.001680017555535675
P34,4,HbO,14,-0.0012745090211394548,1.4006440132160775e-4,-0.003919243252302428
P34,5,HbO,14,-0.003382315361157044,-0.002846339409697896,0.004016819469936638
P34,7,HbO,14,-0.001213756580458275,-0.0024643572691422423,-6.331288444595417e-4
P34,8,HbO,14,-7.707456249490201e-4,-0.0022822079054244234,-0.0014068521366463723
P34,9,HbO,14,-0.0016057340145153897,-0.0021146867867696444,-9.251759468739338e-4
P34,10,HbO,14,-0.0020546771530967215,-0.003384123591970012,0.002537879611481047
P34,11,HbO,14,-0.0010471656404749138,1.9545002441755227e-4,-0.0035669632584751747
P34,12,HbO,14,-0.003660993090603728,-0.0040530631055972315,9.708782604747356e-4
P34,14,HbO,14,-0.0016210937025450346,-0.003924180953736991,0.0026814912398736472
P34,15,HbO,14,-0.0027512304000883443,-0.00483795019030468,2.0673714866143654e-4
P34,16,HbO,14,-2.5032748618343646e-5,-5.281684433180005e-5,-1.5809091818106267e-4
P34,17,HbO,14,-3.3817016393118815e-5,-9.07539104132272e-5,-5.528062516248888e-5
P34,18,HbO,14,1.698682483327278e-7,-4.980273666233205e-6,8.588802004326582e-6
P34,19,HbO,14,-5.320822874769924e-7,-2.2135221962204925e-6,1.0634189760317807e-7
P34,20,HbO,14,-2.0990990057364223e-4,-4.129690475447171e-4,0.0010228902882331522
P34,21,HbO,14,-3.65212202342144e-4,-0.0013414267702643733,0.0019291538497420962
P34,22,HbO,14,4.7557516295451316e-4,-0.001285875653458346,-5.866904918554218e-4
P34,23,HbO,14,-1.6078695419212823e-4,2.4747064114750007e-4,6.856298935094365e-4
P34,1,HbO,17,-0.0016952711710795348,-0.0024750981643785917,-1.9446543820248754e-4
P34,2,HbO,17,-0.0027181011194361174,-8.482597261009296e-4,-0.005061000938694647
P34,3,HbO,17,-0.002242340423262584,-0.0024462610457333628,0.0021602496758653692
P34,4,HbO,17,-0.001146446430600055,-1.0055865251700139e-4,-0.0028997585084815517
P34,5,HbO,17,-0.0031930457430924875,-0.002720015079571384,0.002300977667464809
P34,7,HbO,17,-0.0011401784095825377,-0.0021965504618733827,-0.0018692220517992973
P34,8,HbO,17,-4.545475661895071e-4,-0.002448364041618561,-4.63257043900614e-4
P34,9,HbO,17,-0.0012311403745965332,-0.0019068561686528113,6.319751654034246e-4
P34,10,HbO,17,-0.0016018155748866694,-0.0025680932432828167,0.0011893157866918994
P34,11,HbO,17,-0.0013108137151270417,1.588794341909836e-4,-0.00493359095485716
P34,12,HbO,17,-0.0037747902805106925,-0.003391854728500517,0.0010987220746497195
P34,14,HbO,17,-0.002202030158614639,-0.002720666359459929,0.00384011189278496
P34,15,HbO,17,-0.003203990198634437,-0.003384756555043552,7.691138169123821e-4
P34,16,HbO,17,1.5213722282721578e-6,-3.899153012445105e-5,-1.0823553198825477e-4
P34,17,HbO,17,-2.924526113014033e-5,-1.044306481947444e-4,-2.3388459796076393e-5
P34,18,HbO,17,6.141621171391496e-7,-4.749284041520116e-6,1.1308974999827284e-5
P34,19,HbO,17,-3.796647414174838e-7,-1.6368324205315477e-6,1.8750173648796862e-6
P34,20,HbO,17,-1.9461323087019934e-4,-3.2460529831650485e-4,8.550390531768508e-4
P34,21,HbO,17,-3.5418447316466837e-4,-0.0012703102513868755,0.002678830384436729
P34,22,HbO,17,2.96241383468336e-4,-0.0012025749568995469,7.658022178134186e-4
P34,23,HbO,17,-1.9023340079226326e-5,5.133526306373105e-4,6.587347748053466e-4
P30,3,HbO,5,0.0019958674532911157,-0.01027807391895844,-0.007223017216539809
P30,3,HbR,5,-0.0073554614179736485,-0.004693438932322255,-0.009302307378346501
P30,7,HbO,5,-0.024729946691260985,-0.025825130951904685,-0.014093425941125571
P30,7,HbR,5,0.0014771523856377795,0.009186754947800174,-0.008646604055656345
P30,10,HbO,5,-0.020147258768498676,-0.00536621538664759,0.004375985430409862
P30,10,HbR,5,0.005290251137187311,-0.005781351850448087,-0.012885812422191131
P30,12,HbO,5,-0.004450485337487157,-0.04163643007492079,-0.031901332383089114
P30,12,HbR,5,-0.003061720702200919,0.013779470237894937,-0.006175136049066215
P30,14,HbO,5,-0.005550715170137039,-0.014239100090395512,-0.014469867605534396
P30,14,HbR,5,1.3778574642435792e-4,-0.0023678760886979068,-0.006868466307412847
P30,15,HbO,5,-0.013580471784967161,-0.028029358100295113,-0.00821797309130467
P30,15,HbR,5,2.178612260473742e-5,0.0037460247839297537,-0.039220222494684716
P30,17,HbO,5,-0.008950051402926679,-0.02364203517586534,-0.007964524231781475
P30,17,HbR,5,0.006195480648501547,0.033045791244315274,0.00755068209205916
P30,18,HbO,5,-1.8376831018658298e-5,1.00751881990704e-4,3.435636648147538e-5
P30,18,HbR,5,-6.433307071357716e-5,-1.0342889009861832e-4,-4.3286502158642974e-5
P30,19,HbO,5,-7.125163043582687e-5,-2.4810255241382314e-6,-6.855157648332505e-5
P30,19,HbR,5,1.070935397817566e-5,3.4305112833559164e-5,1.134183898185894e-5
P30,20,HbO,5,-3.768222580373278e-5,-1.0413367419711406e-4,1.4773871713405598e-4
P30,20,HbR,5,-1.084550167066066e-5,2.053078537438786e-6,-8.142034754295788e-5
P30,21,HbO,5,3.0454951540630696e-5,7.607709967838047e-5,-7.262590083744772e-5
P30,21,HbR,5,-1.0907543686907448e-6,-2.966247427112656e-5,8.543205508619505e-5
P30,3,HbO,8,-4.4129872493088465e-4,-0.003539125601013186,-0.005032432865164903
P30,7,HbO,8,-0.023156969603422704,-0.023631477300326484,-0.018808395578973777
P30,10,HbO,8,-0.019779758851555362,0.008605528992781863,0.002826598365784929
P30,12,HbO,8,-0.007135602534293577,-0.03278327216880012,-0.03198291410722515
P30,14,HbO,8,-0.0058517229635865,-0.015593450887514716,-0.017958569851087316
P30,15,HbO,8,-0.010622321779493802,-0.021309630491602692,-0.021969614001480946
P30,17,HbO,8,-0.005062798349167484,-0.020177446961807084,-0.01912071132809536
P30,18,HbO,8,-3.087971802463282e-5,7.365086040096406e-5,9.708686074551196e-5
P30,19,HbO,8,-3.665871452594111e-5,-1.8789922027627543e-5,-7.346061528675315e-5
P30,20,HbO,8,-2.953046631130259e-5,-7.672649304677147e-5,4.583849356590878e-5
P30,21,HbO,8,1.7655619932274954e-5,7.348575678732381e-5,5.8662481037214214e-5
P30,3,HbO,11,-0.002595042276545502,8.79184752011595e-4,-0.004778861061255029
P30,7,HbO,11,-0.019696723938910785,-0.02231943796914501,-0.022648989045612463
P30,10,HbO,11,-0.017713560101269527,0.014531497212311856,-0.001398679215688119
P30,12,HbO,11,-0.008434541243759442,-0.028030923897006534,-0.03352854160100767
P30,14,HbO,11,-0.004791764911133169,-0.0166877307688008,-0.019062368301292792
P30,15,HbO,11,-0.007912697271883326,-0.017047659414061216,-0.029826954349747144
P30,17,HbO,11,-0.0022161330523651685,-0.01992043452039547,-0.024226057671188475
P30,18,HbO,11,-4.274253328829179e-5,6.542915015354769e-5,1.465198138957948e-4
P30,19,HbO,11,-5.568068902286875e-6,-5.679274415444921e-5,-7.220688874290188e-5
P30,20,HbO,11,-1.912675067261766e-5,-3.2056403976285664e-5,-2.906199750249097e-5
P30,21,HbO,11,3.442395765358892e-6,6.930651681964009e-5,1.695173973345807e-4
P30,3,HbO,14,-0.004263592994336178,0.0029033685040944506,-0.007829708734310136
P30,7,HbO,14,-0.01547381664635261,-0.02059638369750952,-0.02445059422709822
P30,10,HbO,14,-0.014347298075322545,0.01275206931615864,-0.006027794799787202
P30,12,HbO,14,-0.0091687409395898,-0.023210923739958738,-0.034266112287453104
P30,14,HbO,14,-0.003961773401114822,-0.01683262802079083,-0.019658337016581692
P30,15,HbO,14,-0.006806249189938656,-0.015604942317335934,-0.03174649246500444
P30,17,HbO,14,-4.0587725833809556e-4,-0.01867942868191618,-0.02391982787091451
P30,18,HbO,14,-4.8857048454293004e-5,5.9119883471708186e-5,1.703760184043453e-4
P30,19,HbO,14,1.8298247050344473e-5,-8.016787720610408e-5,-5.115342130915322e-5
P30,20,HbO,14,-1.4069733812920429e-5,5.739501368839203e-6,-6.923015767132349e-5
P30,21,HbO,14,-2.650331735206992e-6,6.356063506851655e-5,2.2684808271568503e-4
P30,3,HbO,17,-0.005409235991430213,0.003132404532920756,-0.012299561728387247
P30,7,HbO,17,-0.01133870139453278,-0.017160582984980483,-0.024307397553029016
P30,10,HbO,17,-0.010772604262201356,0.00804951122127258,-0.009472056925759007
P30,12,HbO,17,-0.009464099235064232,-0.016994364555102715,-0.03367013312692345
P30,14,HbO,17,-0.004278128102128689,-0.01624418876184662,-0.019885292425653196
P30,15,HbO,17,-0.006437287416780621,-0.015808442049540284,-0.03135497410799563
P30,17,HbO,17,4.155993053932182e-4,-0.014838076643410395,-0.021117186005839565
P30,18,HbO,17,-4.74410116748339e-5,4.4649571356182234e-5,1.7165569002276337e-4
P30,19,HbO,17,3.1737228036856e-5,-7.398272421409849e-5,-1.5624403712463783e-5
P30,20,HbO,17,-1.195771865475798e-5,2.414641803686066e-5,-9.01560271568347e-5
P30,21,HbO,17,-2.1668676490803667e-6,5.943843377401402e-5,2.3584503846700258e-4
P55,1,HbO,5,0.005725645013449236,0.015037228564490263,-0.001286404382545529
P55,1,HbR,5,-0.00309865411545518,-0.016182118480199632,-0.004292763718303412
P55,2,HbO,5,0.003153397785948604,-0.007967431102772597,-0.028809664194321603
P55,2,HbR,5,-0.0028687467414270553,-0.0021176845369928043,0.013737773120983197
P55,3,HbO,5,0.007096479856902101,0.012099313928120553,-0.0016907812333241718
P55,3,HbR,5,-0.002900525125136619,-0.010658391405677143,0.0023185546284050654
P55,4,HbO,5,0.003904246655052293,-0.006263977526500693,-0.019453779559729253
P55,4,HbR,5,-0.002700935942947835,0.001932791963765109,0.01173522506402281
P55,5,HbO,5,-9.125731802082281e-5,-4.203384842955066e-5,-1.2431094063086002e-4
P55,5,HbR,5,-1.7108236696493317e-5,1.8593233149678438e-4,1.477424828458191e-4
P55,7,HbO,5,-4.476605661903266e-4,-4.634641853344461e-5,1.1555650120673625e-4
P55,7,HbR,5,6.796635986843528e-5,4.6490804308640595e-5,-1.0300772125885273e-4
P55,8,HbO,5,-0.0053015651370750295,-0.006842838622699085,-0.007968332497103285
P55,8,HbR,5,5.00670854778089e-4,0.0010511151454092303,0.0011134673156691231
P55,9,HbO,5,-0.006061927219340386,0.0015432381136736052,0.0035953510397488567
P55,9,HbR,5,4.553916445886902e-4,-0.0010611292755955592,8.368257047058909e-4
P55,10,HbO,5,-0.003439630606309743,-0.008977172772608146,-0.011729975676163906
P55,10,HbR,5,9.811081807583949e-5,0.0027992871617876698,0.004291714387322548
P55,11,HbO,5,-0.002602633427368564,-0.005308756001706462,-0.006033922301390973
P55,11,HbR,5,-1.7405951308894626e-4,7.010305139851817e-4,0.0012261108739678656
P55,12,HbO,5,-0.004560351337812365,-0.006774269399039655,-0.013885854158883921
P55,12,HbR,5,-7.633574949256443e-4,-4.153502561947279e-4,0.001874534669588993
P55,14,HbO,5,0.002134652192134954,-0.0016775967245665235,-0.01584644016007908
P55,14,HbR,5,-0.0011832937138871649,0.0018939657491807837,0.005748131949499456
P55,15,HbO,5,5.525063471071103e-4,-0.001066498692085778,-0.0071537052310362715
P55,15,HbR,5,-6.906915191523992e-4,-0.001820881741495416,-4.557687579071999e-5
P55,16,HbO,5,-0.0016274240595825242,0.0010066698258709354,-0.007941137774793935
P55,16,HbR,5,-3.8177839250033246e-4,-0.0076401786808752105,-0.005863182149054221
P55,17,HbO,5,-0.0014779676764443167,-0.0013225363618909974,-0.009219265454149927
P55,17,HbR,5,-2.4958745889618883e-6,-0.001064721463292701,-5.22908555229391e-4
P55,18,HbO,5,1.3464873802093593e-6,-5.108311367592408e-6,7.3971447622680235e-6
P55,18,HbR,5,-1.0807518946672844e-6,-4.1527367455824375e-6,-2.5985875924413265e-6
P55,19,HbO,5,1.5318446829041155e-6,4.7152031036565257e-7,-6.551832963171977e-7
P55,19,HbR,5,-4.841565598319458e-7,-7.873971279102234e-6,2.529988781494804e-6
P55,20,HbO,5,-0.038042372910019565,0.013884675658764544,0.01986487506756064
P55,20,HbR,5,-0.006560745441108381,-0.007499082595180141,-0.004170110606286805
P55,22,HbO,5,4.458824951114734e-4,0.0051930963977741395,-0.010977286760643558
P55,22,HbR,5,-1.2919143032724415e-4,-0.0029281372169157652,-0.0014210908021459637
P55,23,HbO,5,-5.460369711701296e-4,-0.007716291225158947,-0.022057111386555653
P55,23,HbR,5,-5.858300566258777e-4,0.0011603187267570747,0.007235959100096453
P55,1,HbO,8,0.0016915159568312596,0.005602848019569128,-0.0022191555314305155
P55,2,HbO,8,-6.610148239568191e-4,-0.011386608356139251,-0.02582523825859168
P55,3,HbO,8,0.0018330849955748218,0.005915813591625209,-0.0014308024718127526
P55,4,HbO,8,0.0017859651693563168,-0.006846535578797025,-0.014695100694197157
P55,5,HbO,8,-1.0065228002656469e-4,-2.0518104020180282e-4,-1.9896959103642522e-4
P55,7,HbO,8,-4.127414518828017e-4,-2.902818940953924e-4,5.415005996546713e-5
P55,8,HbO,8,-0.005012230533320216,-0.00872243667501087,-0.007428907796250828
P55,9,HbO,8,-0.006158378323736385,3.345831431424575e-4,0.005351982284588107
P55,10,HbO,8,-0.00349840941572094,-0.006004550118397057,-0.006232245491855488
P55,11,HbO,8,-0.0026916553931255398,-0.004235452058910564,-0.003418898700102763
P55,12,HbO,8,-0.005911124242484709,-0.0061977159719702425,-0.007244767897496808
P55,14,HbO,8,-3.6666852823234123e-4,-0.001125919203555833,-0.009101504944830705
P55,15,HbO,8,-0.0010186984482002171,-0.0010917319603371027,-0.004091510106269689
P55,16,HbO,8,-0.0024015280376894622,-0.0010849892810903664,-0.006653633016852723
P55,17,HbO,8,-0.001780671016912297,-0.0023718794621241227,-0.0077372706407171175
P55,18,HbO,8,3.821775270159409e-7,-4.562629571777274e-6,5.669802989001641e-7
P55,19,HbO,8,1.351209274589876e-6,5.997330818655453e-6,2.627953916091689e-6
P55,20,HbO,8,-0.026676055652196558,0.047761823108950135,0.05506646746404422
P55,22,HbO,8,-0.001385306919941607,0.003183098629844804,-0.005889815065642679
P55,23,HbO,8,-0.0016168905523673113,-0.007354368678026668,-0.01760248754897932
P55,1,HbO,11,-0.0013853410381327589,-7.200233073649551e-4,-0.0021372120200617065
P55,2,HbO,11,-0.0033964254822066104,-0.011507738744179518,-0.02013926915851176
P55,3,HbO,11,-0.0021343582368215735,0.0017489393674569606,-8.466226531937114e-4
P55,4,HbO,11,1.282667602625312e-4,-0.006402355436105251,-0.0097719221331351
P55,5,HbO,11,-9.912034930375852e-5,-2.724214464652894e-4,-1.9291270852030766e-4
P55,7,HbO,11,-3.472492005697814e-4,-3.4634661856195766e-4,2.0091790319102417e-4
P55,8,HbO,11,-0.00430314722082748,-0.008739679761007433,-0.004579908420764636
P55,9,HbO,11,-0.005595945047065617,-5.812740889634317e-4,0.006928984424857902
P55,10,HbO,11,-0.0031410686466937904,-0.003830239871032493,-0.0014561855406817908
P55,11,HbO,11,-0.0024318537875824497,-0.003337825012509634,-7.988881783024934e-4
P55,12,HbO,11,-0.006058646686204192,-0.004823699398719531,-1.4619738792258217e-4
P55,14,HbO,11,-0.002106745968500671,9.990267095256137e-5,-0.0025893455478529326
P55,15,HbO,11,-0.0019279661556448513,-8.871487957418338e-4,-0.0010635222252163544
P55,16,HbO,11,-0.0028707534871946264,-0.0032190096251455643,-0.005677915400858002
P55,17,HbO,11,-0.0018628944452959654,-0.0028391012350470718,-0.005766609765777476
P55,18,HbO,11,-2.3693839664057455e-7,-2.4705501483470786e-6,-2.954232485455413e-6
P55,19,HbO,11,1.086462857890073e-6,1.0127062260372086e-5,4.636873459981964e-6
P55,20,HbO,11,-0.017870675325749204,0.05857509413022856,0.0710575904513215
P55,22,HbO,11,-0.002612238981758132,0.0017060071757139736,-0.001624797334950951
P55,23,HbO,11,-0.00217063535444364,-0.006617996007435449,-0.013053533472363401
P55,1,HbO,14,-0.00371383426255593,-0.004366875167259406,-1.742277448922262e-4
P55,2,HbO,14,-0.005534984248230338,-0.009463199443769077,-0.012548840155787316
P55,3,HbO,14,-0.005097754862890097,-6.632521387344755e-4,9.838357770706565e-4
P55,4,HbO,14,-0.0012496415760659115,-0.005225352207523168,-0.004555671759506869
P55,5,HbO,14,-9.26579459377247e-5,-2.810062296763614e-4,-1.3200160799284238e-4
P55,7,HbO,14,-2.8313085208200324e-4,-2.544853745139602e-4,5.082775321165332e-4
P55,8,HbO,14,-0.0035742111165444367,-0.006932132145074171,3.7710870044851464e-4
P55,9,HbO,14,-0.004831862213881022,-6.817805349626964e-4,0.009063399807936391
P55,10,HbO,14,-0.0027078683559557887,-0.0016088739684722085,0.003333305839365308
P55,11,HbO,14,-0.0020801248014291796,-0.002145561742189979,0.0021779858155528144
P55,12,HbO,14,-0.005763266373303826,-0.0025333782632269487,0.007691846917609361
P55,14,HbO,14,-0.003330828261810133,0.00174272084187954,0.0038927812448562044
P55,15,HbO,14,-0.0024774235974812566,-3.466166501179704e-4,0.002105812732833319
P55,16,HbO,14,-0.0031022356857636196,-0.004840609859679804,-0.004221840952248838
P55,17,HbO,14,-0.0018607404388264347,-0.0028207089190430638,-0.0031535084159510017
P55,18,HbO,14,-6.785477978165474e-7,-3.1239469561374996e-6,-5.947675283515575e-6
P55,19,HbO,14,6.742695610575852e-7,1.0940311045474376e-5,4.879392335131367e-6
P55,20,HbO,14,-0.010335760742551412,0.05376074753297407,0.07130678823850549
P55,22,HbO,14,-0.003425944201894115,0.0010317117825921448,0.002770296201249457
P55,23,HbO,14,-0.0024398351787104167,-0.0050010867914243315,-0.007538973931450333
P55,1,HbO,17,-0.005369700010188447,-0.00592213661649447,0.0031977708878107498
P55,2,HbO,17,-0.0071397082280867516,-0.00679438591771469,-0.005058738844087783
P55,3,HbO,17,-0.007137191098779813,-0.0016355351635986733,0.0038447486800947195
P55,4,HbO,17,-0.0023620206852956664,-0.003869704922803736,2.1243389489944905e-4
P55,5,HbO,17,-8.49048579189736e-5,-2.671909193990396e-4,-6.78035275168212e-5
P55,7,HbO,17,-2.299197899817244e-4,-1.2069873006348764e-4,7.917795103630031e-4
P55,8,HbO,17,-0.0029230616447609736,-0.004446565737054526,0.005134421508191191
P55,9,HbO,17,-0.004077481837579135,-3.265901642518256e-4,0.010765423238796347
P55,10,HbO,17,-0.0023008940578056196,5.249052943166321e-4,0.007307865564301838
P55,11,HbO,17,-0.0017264719137747258,-8.22789791612436e-4,0.004752855550642194
P55,12,HbO,17,-0.005350846890322002,-1.7725859897355507e-4,0.014337192893631055
P55,14,HbO,17,-0.004119928178245584,0.0030703614376746957,0.00913132786886477
P55,15,HbO,17,-0.00279771412701046,3.2578102117502894e-4,0.004839318213804305
P55,16,HbO,17,-0.0030663877897041713,-0.005841586808162725,-0.0026941285040635505
P55,17,HbO,17,-0.0017775734257186242,-0.0025922393416167797,-5.878926046582299e-4
P55,18,HbO,17,-1.0200025004093746e-6,-5.149150995995062e-6,-8.289208940225667e-6
P55,19,HbO,17,1.9575679728297068e-7,9.355860501207528e-6,4.173871725828583e-6
P55,20,HbO,17,-0.004164809272399914,0.03914085198826975,0.058028815073202
P55,22,HbO,17,-0.0038835927240327564,8.207613145894161e-4,0.006679618769352719
P55,23,HbO,17,-0.0025536276753850215,-0.0028671307547944026,-0.0018771415201340985
P64,1,HbO,5,-0.0020496394460128207,-0.0062094936435770146,0.011295949740261189
P64,1,HbR,5,3.877476143278584e-4,0.0013433162629066867,-0.0031217219158731105
P64,2,HbO,5,-0.0037002017030864616,-0.007863026567152856,-2.72355092547192e-4
P64,2,HbR,5,6.913706219388342e-4,0.0018356676043074607,-6.984822769665576e-4
P64,3,HbO,5,-7.273320409122044e-4,-0.0015225774928160243,0.003218251265477789
P64,3,HbR,5,1.3683954365973735e-4,5.136054706547328e-4,-0.0011159692326004984
P64,4,HbO,5,-3.373251810746273e-4,-2.676818049000906e-4,3.583010197152003e-4
P64,4,HbR,5,8.379083484263821e-5,3.1463692300097494e-4,-5.713234285794905e-4
P64,5,HbO,5,-6.316625806621338e-4,-9.56394110393872e-4,0.0037002006456575962
P64,5,HbR,5,2.3232172162541718e-4,8.280336578842911e-4,-0.0021201253870045482
P64,7,HbO,5,-6.78313915515443e-4,-0.0018490863528696504,0.004233422320047424
P64,7,HbR,5,1.5659614077587477e-4,9.841794851800287e-4,-0.0022003644804773266
P64,8,HbO,5,-7.406164785916454e-4,-0.0013200378624525385,0.0016724606495255214
P64,8,HbR,5,1.6714296679061843e-4,6.105894264471462e-4,-9.883919360999215e-4
P64,9,HbO,5,-5.914067342943463e-4,-0.0011420124195564737,0.002009007271658387
P64,9,HbR,5,1.637995165979391e-4,7.588956785552907e-4,-0.0016149660095282456
P64,10,HbO,5,-5.777500560535886e-4,-0.0019569773155156856,0.003272158539210358
P64,10,HbR,5,1.368458692905909e-4,0.0010500160085011177,-0.0018480476951203942
P64,11,HbO,5,-4.6433446761007366e-4,-8.642124201914867e-4,1.2999406169345316e-4
P64,11,HbR,5,1.027219159140644e-4,3.304785697980838e-4,-1.2384014178264696e-4
P64,12,HbO,5,-0.00387283656913182,-0.01137896778409494,0.012119171440246695
P64,12,HbR,5,3.724735308909866e-4,0.0022263414861279952,-0.004800522496435058
P64,14,HbO,5,-0.0016642589393204247,-0.00468984845299873,0.007911858636389355
P64,14,HbR,5,-1.0736541833947445e-5,-9.012061876823577e-5,-0.0022752567062975996
P64,15,HbO,5,-2.481724412473666e-4,-6.867761655402891e-4,7.033683591681633e-4
P64,15,HbR,5,-3.9028906037101715e-5,2.430408087051825e-4,-1.8866304717147958e-4
P64,16,HbO,5,-0.0016183061501205155,-8.517631701034891e-4,0.012756181625262774
P64,16,HbR,5,1.4238839299571864e-4,-2.863236613390235e-4,-0.002186745965639426
P64,17,HbO,5,-0.0011648576891602589,-0.0052796950168462874,0.009974430089791878
P64,17,HbR,5,-2.999202739812271e-4,-3.476873226178254e-5,6.250968006595799e-4
P64,18,HbO,5,9.947993545311985e-7,2.1056924177050032e-6,2.7812529059169284e-5
P64,18,HbR,5,-1.305639703260952e-6,-4.265172653926219e-6,1.9657938576561986e-5
P64,19,HbO,5,-5.62290091406459e-7,-4.004886893915014e-6,3.6791369066478436e-5
P64,19,HbR,5,4.949498991882598e-7,3.5370641179931632e-6,-5.305974408065117e-7
P64,21,HbO,5,0.00304441157237341,9.072890234889053e-4,0.015850744218005003
P64,21,HbR,5,-1.9320635804044174e-4,3.1308446760672535e-4,-7.221795593029869e-4
P64,22,HbO,5,-8.137023995534196e-5,2.875069935113691e-4,-5.988381339593232e-4
P64,22,HbR,5,-3.358287327006793e-5,1.5993717496906818e-4,-1.8898033231160228e-4
P64,23,HbO,5,-7.176545194035247e-5,3.195132604219948e-4,-6.143565060862072e-4
P64,23,HbR,5,-3.0624004116250875e-5,6.868670538835694e-5,-1.891075312410013e-4
P64,1,HbO,8,-0.0022951811486977003,-0.004938539009068675,0.00736524679972654
P64,2,HbO,8,-0.003409643592605725,-0.003954719063647316,-0.005009264994999539
P64,3,HbO,8,-9.264319667501939e-4,-0.0011468450300483606,0.0021025366798219035
P64,4,HbO,8,-2.966562141268763e-4,-1.2209645306180794e-4,3.908859554594811e-5
P64,5,HbO,8,-6.239826921960835e-4,-6.877522487878389e-4,0.0027389458160651144
P64,7,HbO,8,-6.355876863233786e-4,-0.0011527478261103598,0.00222100437960463
P64,8,HbO,8,-6.556198679549914e-4,-5.096407297406374e-4,-3.8690278622256026e-4
P64,9,HbO,8,-5.353331076475604e-4,-3.987208372760973e-4,1.9353321450835104e-4
P64,10,HbO,8,-6.736315099561135e-4,-0.0011711510442467118,9.820921058924733e-4
P64,11,HbO,8,-5.232611555089354e-4,-4.43371328490786e-4,-8.905074107955361e-4
P64,12,HbO,8,-0.0040321343514687635,-0.007417249904057049,0.0042308798757857355
P64,14,HbO,8,-0.0019898317719356153,-0.004469319693499584,0.004943327828346638
P64,15,HbO,8,-4.3002210534856273e-4,-7.297797600690512e-4,2.8234392704050903e-4
P64,16,HbO,8,-0.001778126746695323,-4.894235047538807e-4,0.008063662524854473
P64,17,HbO,8,-0.0011671327307298293,-0.0037400021857723668,0.0063346934709606895
P64,18,HbO,8,2.882055457468189e-7,-1.0384440676134123e-7,9.097722138094756e-6
P64,19,HbO,8,-1.48635788650825e-6,-8.049767175278503e-6,2.4587994628915827e-5
P64,21,HbO,8,0.002051686156681198,9.653440731619407e-4,0.013822819720511362
P64,22,HbO,8,-6.312948757567043e-5,1.763915112690276e-4,-3.508103895297686e-4
P64,23,HbO,8,-5.52139982517973e-5,2.280942450252915e-4,-3.4118795437361227e-4
P64,1,HbO,11,-0.0023782802612101884,-0.0037117379370068602,0.004447763912553694
P64,2,HbO,11,-0.0029821218216794566,-0.0013478678277292647,-0.0064636832194595855
P64,3,HbO,11,-0.001052230039134795,-7.758121051213311e-4,0.0011170143185653928
P64,4,HbO,11,-2.5390672491624544e-4,-8.338127612325077e-6,-3.1035053605843136e-5
P64,5,HbO,11,-6.053050861446847e-4,-4.201697597545852e-4,0.0021161507198649682
P64,7,HbO,11,-5.913811961481877e-4,-6.815222641204201e-4,0.0011683170030451012
P64,8,HbO,11,-5.787748875141015e-4,-4.6488383487500774e-5,-0.0012090501001948708
P64,9,HbO,11,-4.8394764361192583e-4,9.027379987846428e-5,-7.079227841999243e-4
P64,10,HbO,11,-7.377953325215684e-4,-6.409506522484091e-4,-4.396344054934822e-4
P64,11,HbO,11,-5.479452356864091e-4,-9.987546409157397e-5,-0.001456661584645586
P64,12,HbO,11,-0.003954630581146044,-0.003967939428161006,-0.0011717717246835823
P64,14,HbO,11,-0.002161209572467,-0.003922416796960073,0.002425723003261549
P64,15,HbO,11,-5.646290005827272e-4,-6.861059493796244e-4,4.9613442342220606e-5
P64,16,HbO,11,-0.0018548173930987126,-1.244924568583479e-5,0.004717990425260438
P64,17,HbO,11,-0.0011846701831345122,-0.0022308855237130557,0.0037421360188984827
P64,18,HbO,11,-6.692403955021393e-7,2.012867620981143e-6,-1.3723843910690858e-5
P64,19,HbO,11,-2.331237962497785e-6,-8.76308499709484e-6,9.332844373112625e-6
P64,21,HbO,11,0.0011659716492946554,7.668145513123917e-4,0.012487382861240178
P64,22,HbO,11,-5.1476026528123604e-5,8.384412169576038e-5,-1.638613152289305e-4
P64,23,HbO,11,-4.5342384474091114e-5,1.5424619174039917e-4,-1.7108088911827536e-4
P64,1,HbO,14,-0.0023439393386285984,-0.0025793929368765093,0.0020605588912643406
P64,2,HbO,14,-0.0024995767086862845,4.519083703151884e-4,-0.006878947777504657
P64,3,HbO,14,-0.0011267138793815959,-5.135496939993121e-4,2.536369353268806e-4
P64,4,HbO,14,-2.1348348302776754e-4,7.129890099074595e-5,-4.2901659165671897e-5
P64,5,HbO,14,-5.783865632066458e-4,-2.3981315730970103e-4,0.0016288972965187844
P64,7,HbO,14,-5.492943769523325e-4,-3.535631841727849e-4,6.799844727474428e-4
P64,8,HbO,14,-5.094796950310755e-4,1.4988716944354106e-4,-0.0012445159891761582
P64,9,HbO,14,-4.4343284284137266e-4,3.79916113108234e-4,-0.0010334964143285602
P64,10,HbO,14,-8.0067995255595e-4,-3.9334548576236406e-4,-0.001317276218652923
P64,11,HbO,14,-5.56623736821627e-4,1.4388628380836382e-4,-0.001732334621890512
P64,12,HbO,14,-0.0037617374386035673,-0.001090783389705747,-0.005062271961593791
P64,14,HbO,14,-0.0021955930288134395,-0.0031958723602664727,2.005750078978367e-4
P64,15,HbO,14,-6.505763708475847e-4,-5.799085761406102e-4,-1.565593799108255e-4
P64,16,HbO,14,-0.0018377569773050878,2.5668162169241215e-4,0.002211875764373496
P64,17,HbO,14,-0.0012164717204140758,-0.0010240317390578589,0.0018563448283286485
P64,18,HbO,14,-1.5096075018087637e-6,4.161963732656671e-6,-3.0713439263299395e-5
P64,19,HbO,14,-2.7953132182799474e-6,-8.464088457937189e-6,-3.681780883381235e-6
P64,21,HbO,14,3.4602507235106396e-4,1.9619810511668648e-4,0.01159849982384359
P64,22,HbO,14,-4.23672288240686e-5,-5.119739684647468e-7,-1.7443330338246644e-5
P64,23,HbO,14,-3.77428067526697e-5,8.483586551589268e-5,-4.7357423730017824e-5
P64,1,HbO,17,-0.0021881848571095094,-0.0016288137357030085,9.883693354871788e-5
P64,2,HbO,17,-0.001987261506530655,0.001788864978649207,-0.007392215684761461
P64,3,HbO,17,-0.0011368496930367889,-4.0403279544687435e-4,-3.288439605044644e-4
P64,4,HbO,17,-1.7522148428825203e-4,1.2025276171301008e-4,-9.611192088243301e-5
P64,5,HbO,17,-5.321967064275516e-4,-1.5896414989491404e-4,0.0011893989702812958
P64,7,HbO,17,-4.961263009479954e-4,-1.1667152447947139e-4,4.0534500609007353e-4
P64,8,HbO,17,-4.357248998449929e-4,1.9115856632606198e-4,-0.001003891420200115
P64,9,HbO,17,-3.99863765610763e-4,5.386132555044758e-4,-0.0010970665624205533
P64,10,HbO,17,-8.319325756655512e-4,-3.214978212980733e-4,-0.0017854172910575677
P64,11,HbO,17,-5.407333685138625e-4,2.844895728090743e-4,-0.0018069528941824055
P64,12,HbO,17,-0.00343906504632509,0.0010812329619491916,-0.007542949803628012
P64,14,HbO,17,-0.002077236961809332,-0.0024246557316858187,-0.0014305508928892448
P64,15,HbO,17,-6.756386314389358e-4,-4.401397188910751e-4,-3.380854398168143e-4
P64,16,HbO,17,-0.0016929980483429226,2.502690192387266e-4,3.580157035406443e-4
P64,17,HbO,17,-0.0012082510460257828,-3.0583758393210286e-4,6.355397199716534e-4
P64,18,HbO,17,-2.0087715611063075e-6,5.245466628655484e-6,-3.8321615976672976e-5
P64,19,HbO,17,-2.8427414378331757e-6,-7.807165749969576e-6,-1.1123748024171804e-5
P64,21,HbO,17,-3.399797029820882e-4,-7.367218158550255e-4,0.011112435650760687
P64,22,HbO,17,-3.376335236193843e-5,-6.797255484224277e-5,9.154252319845686e-5
P64,23,HbO,17,-2.9468754541455646e-5,2.3470583693803652e-5,5.326239612291056e-5
P02,1,HbO,5,0.0017531680188884442,0.016231498054985725,-0.012348957878912908
P02,1,HbR,5,-5.676271308895154e-4,-9.656385883876774e-4,2.682243346624957e-4
P02,2,HbO,5,0.0022650866123938352,0.029523899995977685,-0.024255063765932273
P02,2,HbR,5,-3.309644165939979e-4,-1.387909851731831e-4,4.156131686044765e-5
P02,3,HbO,5,0.0018991046589910206,0.01856430825806143,-0.016841883815100857
P02,3,HbR,5,-0.001034992175545194,-0.004768315303787803,0.003258713403298817
P02,4,HbO,5,0.0014739400532384418,0.013978646270782274,-0.013121791761020362
P02,4,HbR,5,-5.082015714028746e-4,-0.002583905884366695,0.0023704084294594923
P02,5,HbO,5,1.775100626325606e-4,0.0038933628850630554,-0.0049013370751797136
P02,5,HbR,5,-0.0012204465651823133,-0.006166449374478259,0.0033719185201106744
P02,7,HbO,5,-6.698867840188379e-4,0.013705638323050698,-0.014911712227824066
P02,7,HbR,5,2.554454829214173e-4,-0.0017022068057859967,0.001499186690924519
P02,10,HbO,5,0.001450940255320668,0.015605419034032552,-0.008871165599393969
P02,10,HbR,5,-5.722083113196924e-4,-0.0038326032597001698,0.0011868995423482246
P02,11,HbO,5,0.0015858111256039375,0.016837533367172548,-0.009684021582088548
P02,11,HbR,5,-7.336840596577302e-4,-0.004170136695909613,0.0019064401108455273
P02,12,HbO,5,-0.0010316169723734263,0.01685267438142978,-0.00587532167605875
P02,12,HbR,5,-4.926544086076174e-4,-0.0014929003009534058,-4.8745610175894425e-4
P02,14,HbO,5,-0.0025896929170723753,0.0026082817307182087,-0.001126099595402541
P02,14,HbR,5,7.884399287206096e-4,6.551081232657608e-4,-1.391979639629547e-4
P02,15,HbO,5,-0.002504997023771787,0.004124103173925351,-2.0482437363234467e-4
P02,15,HbR,5,9.473396372988308e-4,-2.5625971306885836e-4,1.1612676659921502e-4
P02,16,HbO,5,-1.3484299359138469e-4,0.0060286737838227255,-0.006186208612614781
P02,16,HbR,5,-1.6079009239407802e-5,-0.0016944690274984288,0.0017836510748868255
P02,17,HbO,5,-1.2000289250987405e-4,0.0030777139186604716,-0.003323506398910967
P02,17,HbR,5,-1.7181012305879826e-5,-8.650501608970476e-4,9.823102979084764e-4
P02,18,HbO,5,-1.3858631606960253e-6,2.4397545538408307e-6,-2.8754080351430722e-5
P02,18,HbR,5,8.600133325959318e-7,3.602102692974296e-6,-6.036065567614152e-6
P02,19,HbO,5,8.939860359456336e-7,1.2095345035821342e-5,-2.5001150146162366e-5
P02,19,HbR,5,-1.172551646127987e-6,-6.8025948512114516e-6,-2.4401757086033597e-6
P02,20,HbO,5,4.416643249253454e-7,1.2221762511410889e-5,-1.5552846011098117e-5
P02,20,HbR,5,-9.946868606102903e-8,-4.712968189148743e-6,7.139501379525394e-6
P02,21,HbO,5,-3.518886772828482e-7,5.919048124506727e-6,-9.258329926901812e-6
P02,21,HbR,5,-2.556764538442152e-9,7.2267044757305075e-6,-3.055804533851573e-6
P02,22,HbO,5,1.8718476532049365e-4,0.021147019928507593,-0.018012416452283478
P02,22,HbR,5,-5.965177692844544e-4,-0.0014318484540501882,0.0012731897659278987
P02,23,HbO,5,3.1734349972481105e-4,0.012119241781475268,-0.01137983904839235
P02,23,HbR,5,-4.133620643687152e-4,-0.0026383948028772196,0.003650491217489785
P02,1,HbO,8,9.258905020999664e-4,0.010324997284039501,-0.009102787930620276
P02,2,HbO,8,0.001026794837882201,0.022008796188698703,-0.019995423710464456
P02,3,HbO,8,9.944883377415537e-4,0.011953693354098804,-0.011898475464988246
P02,4,HbO,8,7.22873219093362e-4,0.009193382038328517,-0.010315817080110602
P02,5,HbO,8,-1.5713066569052203e-4,0.002255962673631024,-0.0036581964204038322
P02,7,HbO,8,-9.210838778580589e-4,0.01023105793374661,-0.011750305051444698
P02,10,HbO,8,5.730531526317961e-4,0.010348157294630395,-0.00821693589417979
P02,11,HbO,8,7.355678515240502e-4,0.012676083836629411,-0.008218914678015334
P02,12,HbO,8,-0.0014343399073009574,0.011870210176442431,-0.0032541811528289857
P02,14,HbO,8,-0.0023400634879022037,0.0014129070063113943,0.0028403461914332075
P02,15,HbO,8,-0.0020800305482803145,0.004331034154651575,0.0015137430031513515
P02,16,HbO,8,-2.5942654370049727e-4,0.003823271417338746,-0.003988556363982234
P02,17,HbO,8,-2.104855991955961e-4,0.0020803352472000404,-0.0019874318763642134
P02,18,HbO,8,2.673296461551238e-7,2.524733630556017e-7,-2.0426572904265956e-5
P02,19,HbO,8,1.2472264784899457e-6,7.278166337192702e-6,-1.757762843775976e-5
P02,20,HbO,8,1.0538344771663588e-7,8.788036395140636e-6,-1.1611476247129936e-5
P02,21,HbO,8,-8.238464089085812e-7,5.09986794777406e-6,-7.008565794534855e-6
P02,22,HbO,8,-3.0082086824018026e-4,0.016129202577895782,-0.012889322278097198
P02,23,HbO,8,-4.631679148177678e-4,0.00985662074838176,-0.009805999285786685
P02,1,HbO,11,3.1723795092329974e-4,0.006437229566286643,-0.0071498872332846
P02,2,HbO,11,9.396739547649882e-5,0.015314812876036556,-0.01599622632317577
P02,3,HbO,11,2.3424294009090552e-4,0.007670363474260413,-0.0086094514079268
P02,4,HbO,11,1.5194039149555991e-4,0.005037904812549035,-0.007555430054120187
P02,5,HbO,11,-5.982619734188146e-4,6.465242969127216e-4,-0.0021110894618996644
P02,7,HbO,11,-0.001201811642693445,0.006900306166214001,-0.008257324268508151
P02,10,HbO,11,-1.1420640167578112e-4,0.006266897007887202,-0.007729056504611632
P02,11,HbO,11,8.452898851486595e-5,0.009207355267479992,-0.006961109948106901
P02,12,HbO,11,-0.001676849698870766,0.007467034472331229,-8.022364218858053e-4
P02,14,HbO,11,-0.002050597601257263,-2.5989231828695567e-4,0.006361217728137582
P02,15,HbO,11,-0.001685607758778497,0.0035575375043094015,0.003603268219911006
P02,16,HbO,11,-3.63054608874168e-4,0.002008351077971469,-0.002193459053301336
P02,17,HbO,11,-2.7967561221523517e-4,0.0012034296703155737,-8.509144595310037e-4
P02,18,HbO,11,8.51311324756414e-7,3.928469495792753e-6,-1.703356431080811e-5
P02,19,HbO,11,1.4696415433170981e-6,5.905386989234841e-6,-1.3661929415679276e-5
P02,20,HbO,11,-1.1076765898471923e-7,5.750480284663799e-6,-6.933701908355638e-6
P02,21,HbO,11,-9.298561572946552e-7,2.1626581626039177e-6,-2.915842586158574e-6
P02,22,HbO,11,-7.04098154227112e-4,0.01216661042491121,-0.008985369964213598
P02,23,HbO,11,-0.0010589928932557785,0.007382080937304967,-0.007863668812079705
P02,1,HbO,14,-9.538891607482352e-5,0.003382697573608689,-0.00582971598758409
P02,2,HbO,14,-5.611879160769379e-4,0.00903082388386371,-0.012266044046925214
P02,3,HbO,14,-3.0546890112695234e-4,0.004344488356637859,-0.006619466538672901
P02,4,HbO,14,-2.4146292679776938e-4,0.0015768797677031116,-0.005237663324707768
P02,5,HbO,14,-0.001000111130976048,-4.414872039439831e-4,-0.0013470023287732713
P02,7,HbO,14,-0.0013572936704881404,0.003997334838435716,-0.00513268875437565
P02,10,HbO,14,-6.0853282780814e-4,0.0027047919957872042,-0.007407023828145091
P02,11,HbO,14,-3.520280421377508e-4,0.005848786736122424,-0.005842544872667428
P02,12,HbO,14,-0.001772442764714505,0.003388972211899822,0.0013723681754373104
P02,14,HbO,14,-0.0017040815558841589,-0.0018049843211598473,0.008774794320730406
P02,15,HbO,14,-0.00129866259023832,0.002340128015162347,0.005163714487725605
P02,16,HbO,14,-4.1897146105409136e-4,5.441594748627127e-4,-8.207529230726336e-4
P02,17,HbO,14,-3.104213432323899e-4,4.987748201308418e-4,-2.0109084080026504e-5
P02,18,HbO,14,1.092355181241974e-6,8.16986411366979e-6,-1.55760677520163e-5
P02,19,HbO,14,1.7781183003485253e-6,5.754824218348303e-6,-1.1733283495890936e-5
P02,20,HbO,14,-1.3506045942322302e-7,2.4544316557915636e-6,-2.3701783004823453e-6
P02,21,HbO,14,-7.38173597528582e-7,-1.7456362981599628e-6,9.175620888484356e-7
P02,22,HbO,14,-9.516974759792442e-4,0.008867496954249494,-0.005964707873488297
P02,23,HbO,14,-0.0014599296441125576,0.00503262611848055,-0.00608776426979894
P02,1,HbO,17,-3.3026315096697847e-4,6.31352687073113e-4,-0.004568867537722797
P02,2,HbO,17,-9.262485757296485e-4,0.003381644166641547,-0.008957992106220232
P02,3,HbO,17,-6.169323915115878e-4,0.0013392725635527505,-0.005200124928888251
P02,4,HbO,17,-4.801442732430859e-4,-0.0010520553846463275,-0.003552699627685055
P02,5,HbO,17,-0.001227309137923255,-7.608480499841411e-4,-0.00168127284986622
P02,7,HbO,17,-0.0012842892811751945,0.0015779414153227961,-0.0026473838975455345
P02,10,HbO,17,-9.826392953576773e-4,-6.058389938145612e-4,-0.006640380699468237
P02,11,HbO,17,-6.264291239778044e-4,0.0024276000025063717,-0.004492826071763226
P02,12,HbO,17,-0.0017508376799577612,-2.9398048375541626e-4,0.003124812663750226
P02,14,HbO,17,-0.0013396029888383006,-0.003047186626788553,0.009974510890533682
P02,15,HbO,17,-9.329536363896912e-4,8.644334527188457e-4,0.0060494322819704596
P02,16,HbO,17,-4.15156003509719e-4,-6.045261281652332e-4,1.9088111927335734e-4
P02,17,HbO,17,-3.001206967849909e-4,-5.0898945021621334e-5,5.209940024828649e-4
P02,18,HbO,17,1.3004500456258117e-6,9.431576196953069e-6,-1.3533697024793995e-5
P02,19,HbO,17,1.9684144477495023e-6,5.160937231802114e-6,-9.920694455833342e-6
P02,20,HbO,17,-1.7188587297427943e-8,-3.8254012936198194e-7,8.504273988019308e-7
P02,21,HbO,17,-4.0721004698041264e-7,-4.45656486814385e-6,2.609920294272058e-6
P02,22,HbO,17,-0.0010051801037686326,0.0059700304249057454,-0.003613636318714403
P02,23,HbO,17,-0.0016273275118555816,0.0029693524226543726,-0.004627935972882222
P39,1,HbO,5,-0.001071561946455078,-0.004699525155163781,-0.006043490947180897
P39,1,HbR,5,1.0447374694592522e-4,0.0010426598986861587,0.004039785107995998
P39,2,HbO,5,-0.0041279712857756464,0.0014324702142663127,-0.014375447137464973
P39,2,HbR,5,9.141042140059959e-4,-0.002844696129713614,0.006330422450283027
P39,3,HbO,5,-0.0013700996699990127,0.006778276118223338,-0.01709428476794511
P39,3,HbR,5,6.850280796512135e-5,-0.006166918390496241,0.0105157100242055
P39,4,HbO,5,-0.001423598657580545,0.0060528743508765,-0.008507959483914331
P39,4,HbR,5,-3.4450368758200524e-4,-0.004746311731313129,0.004033965670379169
P39,5,HbO,5,-2.680588284302232e-4,0.010255564102880168,-0.015314799434884006
P39,5,HbR,5,-0.0010426302094665417,-0.006320808308162218,0.005876611117226552
P39,7,HbO,5,0.0011908570917956917,-0.0070125999571880775,0.003995420470886013
P39,7,HbR,5,-0.0012175358629680471,-0.003719524587253236,0.005042966177488777
P39,8,HbO,5,-2.1127804897870926e-4,-0.001007418089777378,3.639770008851155e-4
P39,8,HbR,5,-9.280346322642542e-5,-4.4148315595976735e-4,2.9182279107380034e-4
P39,9,HbO,5,-5.46114283581166e-4,-8.502170150061534e-4,-0.00286747823894665
P39,9,HbR,5,-2.1346080390852838e-4,3.4534252359930767e-6,-0.0016127968068776447
P39,10,HbO,5,0.0032756847835834547,0.004663374251473423,-0.010785750485872275
P39,10,HbR,5,-7.789715634925542e-4,-0.004727373473729636,2.939655468511877e-4
P39,11,HbO,5,6.388086074314385e-4,0.0014262783189100204,-0.005319550100376138
P39,11,HbR,5,-1.0112279946754938e-4,-0.0014628097799492393,0.0020153698588690028
P39,12,HbO,5,-0.00280023892257947,-7.265987674650429e-4,-0.006935616197271004
P39,12,HbR,5,0.0014482529638777323,-0.0015555390619794115,0.0016911461958630171
P39,14,HbO,5,8.938609730882289e-4,0.0013616010193282673,-0.006297690023441756
P39,14,HbR,5,8.354243632537054e-4,-0.0023177539269841605,0.0024833816712934486
P39,15,HbO,5,6.010562267685928e-4,-0.002126898171992477,-0.011564680530510385
P39,15,HbR,5,3.2455530363974814e-4,-0.003703640643534654,0.004764128947760857
P39,16,HbO,5,1.3651383921988292e-5,0.0065002089082658795,-0.014753237053566742
P39,16,HbR,5,-1.9451739218474828e-4,-0.0026498668574786123,0.005291465331583191
P39,17,HbO,5,0.001037307685330641,-5.223077406647411e-4,0.002631032147678422
P39,17,HbR,5,-0.0011043938559285199,7.10124806422504e-4,-0.003118026101330897
P39,18,HbO,5,1.0340691868874369e-5,-2.099188805617373e-4,1.1059255620863904e-4
P39,18,HbR,5,1.2350903145689185e-5,-2.722700738056978e-4,1.8118447430083055e-4
P39,19,HbO,5,1.2664383262042922e-5,-6.202891800398722e-5,3.037720034680346e-6
P39,19,HbR,5,4.613130218987845e-6,-1.445743492498092e-4,8.57325070801147e-5
P39,20,HbO,5,-3.362700457224834e-4,-0.011228949757527498,0.011980988300653294
P39,20,HbR,5,4.4032169963612364e-4,-0.0012315475672888525,-0.004737159385913899
P39,21,HbO,5,-0.0025033094905522212,-0.01186371208320234,0.01107106584376478
P39,21,HbR,5,5.049701910510179e-4,0.0010135221024380118,-0.0038320046671692838
P39,1,HbO,8,-0.001710375656545691,-0.005137370553981452,-0.002654194382672667
P39,2,HbO,8,-0.004625934518175654,6.988012417838272e-5,-0.011805358956469196
P39,3,HbO,8,-0.0019193093624415532,0.003843932119580933,-0.01242296634799994
P39,4,HbO,8,-0.0018748170545923445,0.0033036692324350607,-0.006326836831246372
P39,5,HbO,8,-0.0012871061592729927,0.004937643690040429,-0.011843854833767615
P39,7,HbO,8,5.902004122544437e-4,-0.0072049063395547034,0.003125283647133814
P39,8,HbO,8,-2.1568486545030761e-4,-3.2727045699685404e-4,-4.453407191273832e-4
P39,9,HbO,8,-0.0011366712429151675,6.0197326379346265e-5,-0.00274144642079237
P39,10,HbO,8,0.0018733204765123785,0.0025308237968618237,-0.008169912251121148
P39,11,HbO,8,-1.967948719370483e-4,0.0010913752870126538,-0.005723275719124753
P39,12,HbO,8,-0.0033335791695465423,-0.0015978673943433943,-0.007204028488223804
P39,14,HbO,8,3.1489780138362723e-4,-2.6686920590230197e-4,-0.004769437036457112
P39,15,HbO,8,-4.908210718419109e-5,-0.00345282796210516,-0.009371035430548071
P39,16,HbO,8,-2.8068675895194425e-4,0.0034540364102406567,-0.011111217811064247
P39,17,HbO,8,0.001119177137087205,3.9995297840254634e-4,0.0010707804262565352
P39,18,HbO,8,1.6106176740704313e-6,-1.534098123015126e-4,1.3693816547396908e-4
P39,19,HbO,8,9.060819519709752e-6,-4.371644097516668e-5,2.0199533731326494e-5
P39,20,HbO,8,-7.815809632748759e-5,-0.013050997511640667,0.012024948687068594
P39,21,HbO,8,-0.0020524865295330885,-0.013035825151972888,0.01010681572038374
P39,1,HbO,11,-0.0020454521528075267,-0.005175734926070631,5.678546933503969e-4
P39,2,HbO,11,-0.00468462668853653,-6.687566971422513e-4,-0.009025797246465874
P39,3,HbO,11,-0.002179156833424189,0.0013644556538986428,-0.007536392519413956
P39,4,HbO,11,-0.002085871100810016,0.001371319681488281,-0.004532517867190235
P39,5,HbO,11,-0.0016554920454502449,0.001762641162133462,-0.009305828793288583
P39,7,HbO,11,1.9836325248023535e-4,-0.006826810895634631,0.002533477089272855
P39,8,HbO,11,-2.104418951050834e-4,4.1002368086262965e-5,-7.298019612477472e-4
P39,9,HbO,11,-0.0014727155832697748,8.000294920707031e-4,-0.00231530157299116
P39,10,HbO,11,7.927534424668086e-4,6.119733320721537e-4,-0.005266396468395357
P39,11,HbO,11,-8.334035739473254e-4,7.577840782649359e-4,-0.005412085952835699
P39,12,HbO,11,-0.0036108313386681956,-0.0027848100809798383,-0.005761944480423936
P39,14,HbO,11,-9.991297231737415e-5,-0.0013824938497315415,-0.0030443750806005664
P39,15,HbO,11,-4.314938021681507e-4,-0.004654933167997351,-0.005744431288062089
P39,16,HbO,11,-3.3758417636020957e-4,0.0016355362182658316,-0.007945507128583277
P39,17,HbO,11,0.0010440695485795855,8.270098730044208e-4,-4.302182985866065e-5
P39,18,HbO,11,1.4680915713454892e-7,-1.1413733203753302e-4,1.494025958259247e-4
P39,19,HbO,11,6.135989830326922e-6,-3.7312061785137036e-5,3.277233966300427e-5
P39,20,HbO,11,2.2588450558506978e-4,-0.013893725233710399,0.011834027102719752
P39,21,HbO,11,-0.0014734485949433533,-0.013043516599806081,0.008722227629751415
P39,1,HbO,14,-0.0021459878491144123,-0.005121457676201377,0.003967958489321924
P39,2,HbO,14,-0.004362582604980193,-0.001785642404787167,-0.0052078510247225976
P39,3,HbO,14,-0.0022114851877307893,-0.0010886100324307242,-0.0020801471258688332
P39,4,HbO,14,-0.0020924219162388857,-3.390540069862368e-4,-0.0024942141494177887
P39,5,HbO,14,-0.0016799476700171709,-5.298764326508435e-4,-0.0064349603120470635
P39,7,HbO,14,-1.255553779305786e-4,-0.0064204475649686015,0.0027041483618974655
P39,8,HbO,14,-2.201452711980342e-4,1.559694266524297e-4,-6.507424685370961e-4
P39,9,HbO,14,-0.001695287745114437,9.477401546040154e-4,-0.0014391738852177925
P39,10,HbO,14,1.1832358871643038e-5,-0.001284646766282927,-0.0021440715504937096
P39,11,HbO,14,-0.0013154276376978213,1.7797993053348253e-4,-0.004203289068699984
P39,12,HbO,14,-0.0036576580354371517,-0.004364731059483427,-0.002768115405162605
P39,14,HbO,14,-4.957873133910253e-4,-0.0025435438484904174,-4.359911254959708e-4
P39,15,HbO,14,-6.997621356967206e-4,-0.005658034261584981,-0.0010607936727086193
P39,16,HbO,14,-3.005983264633717e-4,1.4529772666267766e-4,-0.004355588894240559
P39,17,HbO,14,8.640759351171694e-4,0.001148103133573973,-0.001180728444050685
P39,18,HbO,14,1.7571855650475045e-6,-8.597697701044732e-5,1.6684625125953673e-4
P39,19,HbO,14,3.0501913071251952e-6,-3.5360304710287764e-5,5.035710283684089e-5
P39,20,HbO,14,5.624253870123518e-4,-0.01425184021370222,0.011777668011260962
P39,21,HbO,14,-8.807026497475042e-4,-0.012618515363872936,0.0077960595212069215
P39,1,HbO,17,-0.0019884851075686175,-0.005098538767179791,0.007306760451212252
P39,2,HbO,17,-0.0037449840609918668,-0.0033287202418724937,-7.762626256817082e-4
P39,3,HbO,17,-0.002010976465577964,-0.0034003255159858518,0.003399610023556847
P39,4,HbO,17,-0.0019643569564397586,-0.0019182950899718843,-2.8483124410359745e-4
P39,5,HbO,17,-0.0016680906039884813,-0.0024607463697987934,-0.003332820070748361
P39,7,HbO,17,-4.2309898248397325e-4,-0.006189599820911551,0.0035041768240830487
P39,8,HbO,17,-2.3051096012321134e-4,1.670315509754291e-4,-5.15958726537442e-4
P39,9,HbO,17,-0.0018546543679448149,7.067431065453192e-4,-5.960994881912918e-4
P39,10,HbO,17,-5.280697132880912e-4,-0.002827815760448375,4.5635973235703156e-4
P39,11,HbO,17,-0.0016450840528574968,-4.978668368258071e-4,-0.00254532155144358
P39,12,HbO,17,-0.00347856600874484,-0.005870224235045171,7.423617202137695e-4
P39,14,HbO,17,-8.284969053288273e-4,-0.0038615624925173136,0.0028816115768396347
P39,15,HbO,17,-8.221412828155888e-4,-0.0062816094140151985,0.0036354794055751104
P39,16,HbO,17,-2.057149488816746e-4,-0.001360251667445135,-4.915226940900205e-4
P39,17,HbO,17,6.13824551687962e-4,0.0014564768478785761,-0.0023043254813538013
P39,18,HbO,17,3.030707643115927e-6,-5.811641252052983e-5,1.8389280953622845e-4
P39,19,HbO,17,5.139539006938165e-7,-2.845519465688399e-5,6.704678410546226e-5
P39,20,HbO,17,8.756199335324173e-4,-0.014130365017370554,0.011594653925456938
P39,21,HbO,17,-3.5681590656294214e-4,-0.011975994950497875,0.007354678296323874
P58,1,HbO,5,5.689903556082019e-5,0.01175472302100424,-0.023838511276075405
P58,1,HbR,5,-3.4944309307229145e-5,-0.001398176407391292,0.004939640638005569
P58,2,HbO,5,-7.131105225880405e-4,0.015753360324946602,-0.034063809808575915
P58,2,HbR,5,-1.626833862921302e-4,-9.057825138723743e-4,0.0028797842087257505
P58,3,HbO,5,-2.7235362029740933e-4,0.011179445582490448,-0.02621662552966443
P58,3,HbR,5,-3.095112180006805e-4,-0.0048171704492712695,0.01048619092964955
P58,4,HbO,5,-5.597025240102264e-4,0.006082607181359569,-0.013424947413477092
P58,4,HbR,5,1.2599706813535373e-4,-0.0026199928653449366,0.005378985822256983
P58,5,HbO,5,-8.103739341013737e-6,0.007495684554892604,-0.01502114602211165
P58,5,HbR,5,4.5186620459287597e-5,-0.0017690916431434402,0.003446250167206442
P58,7,HbO,5,-3.0222931848981904e-4,0.003971686302402228,-0.011993365068411907
P58,7,HbR,5,-9.486067860875191e-5,-4.8521743828826394e-4,0.0016604639313337606
P58,8,HbO,5,-8.527000353500631e-4,0.008197603803111074,-0.01937190989822613
P58,8,HbR,5,1.0223779059477708e-4,-0.0015696547876628527,0.0033677445042293195
P58,9,HbO,5,-0.0010788499515919441,0.011927757126053986,-0.03061195852706754
P58,9,HbR,5,2.738979075601493e-4,-0.004340888889811792,0.008527095181122818
P58,10,HbO,5,1.544353222659712e-5,0.016291017512001654,-0.032806373317135686
P58,10,HbR,5,-4.285607952990057e-4,-0.004193127085242492,0.008560348509689586
P58,11,HbO,5,1.8430687693576293e-4,0.0024746127668433793,-0.006342711081218061
P58,11,HbR,5,-2.413272283339443e-4,-2.4017070570751364e-4,0.0011776873191759207
P58,12,HbO,5,-0.001844475032853277,0.004904687921908103,-0.013879768317170216
P58,12,HbR,5,1.650583199639118e-4,-9.546566099532096e-4,0.003257023332472594
P58,14,HbO,5,-0.002281600585897223,0.013430293751203116,-0.018342527284808393
P58,14,HbR,5,2.30395258325942e-4,-0.0035339254827811465,0.00510494774331919
P58,15,HbO,5,-6.55962781987588e-4,0.009861769146645707,-0.015500017580949633
P58,15,HbR,5,-1.747075963600991e-4,-0.002139023166247145,0.0028553807365087917
P58,16,HbO,5,5.84098426514029e-4,0.008959982896344452,-0.01202678287518794
P58,16,HbR,5,-9.608481994958994e-4,-0.003181841058490396,0.0027948869936373394
P58,17,HbO,5,-0.0015179645329808846,0.014092432628611372,-0.019932253280082284
P58,17,HbR,5,-5.180708933899597e-4,-2.7690138118497033e-4,-0.0013326381885802945
P58,18,HbO,5,-3.67089341682738e-6,-6.087004490074786e-5,7.263789775991056e-5
P58,18,HbR,5,3.3249302329598434e-6,9.321350906958375e-6,-4.0107989832485095e-5
P58,19,HbO,5,-8.116322048045334e-7,-5.495524316566555e-5,7.475511349029936e-5
P58,19,HbR,5,-2.3564588434641936e-6,-1.0978961238116873e-5,-9.584565427234436e-7
P58,20,HbO,5,-0.0013112161491014244,0.026197894738035115,-0.04540975125208477
P58,20,HbR,5,-0.0011467403703260695,-0.0010912487620741555,0.0020593443275294886
P58,21,HbO,5,-1.3364408633355238e-5,0.022384962652093904,-0.044410177343802815
P58,21,HbR,5,-3.366243907043178e-4,-0.0030438713543838964,0.0061941947934908625
P58,22,HbO,5,-0.0029181639979121844,0.020851145039145896,-0.03585502718208504
P58,22,HbR,5,3.725826899298702e-4,-0.0025021715450854586,0.004176708258642542
P58,23,HbO,5,-0.0033331325128531032,0.018620133957437404,-0.029011434045732098
P58,23,HbR,5,4.6933940284263077e-4,-0.0020724336035029185,0.0018151580464820696
P58,1,HbO,8,-8.891955433510773e-4,0.007945300998154317,-0.01630272666414793
P58,2,HbO,8,-0.0019688919080145368,0.014725787516387942,-0.02844829643018282
P58,3,HbO,8,-0.0010174629477057763,0.0054933236331323985,-0.015550359533321175
P58,4,HbO,8,-8.635452699823537e-4,0.0054484513026660944,-0.01154905863680047
P58,5,HbO,8,-5.967812852777931e-4,0.0038962242840041537,-0.009094404969265345
P58,7,HbO,8,-0.0010335244134264871,0.0029849375485918365,-0.00996824723152419
P58,8,HbO,8,-0.0020211813372259194,0.0084462062725506,-0.0189259526466621
P58,9,HbO,8,-0.002251577435217926,0.010875750213710081,-0.026992658766169124
P58,10,HbO,8,-0.00111652572275548,0.01173806114183465,-0.024873014645409433
P58,11,HbO,8,-3.716752981938695e-4,0.0013751470429817065,-0.0039629889848591246
P58,12,HbO,8,-0.0024438412227508312,0.004631928906064851,-0.01120183009871078
P58,14,HbO,8,-0.0030031104283617703,0.011340707238330082,-0.016952566692897977
P58,15,HbO,8,-0.0014666711344736218,0.007252133348238271,-0.012200234391955823
P58,16,HbO,8,-4.924814862723282e-4,0.008472296321150447,-0.010056252733379603
P58,17,HbO,8,-0.0020228250708326325,0.013041217901610423,-0.018649797169639888
P58,18,HbO,8,-4.034692691047773e-6,-5.039933973685476e-6,-2.403121962982583e-6
P58,19,HbO,8,-1.272214951213111e-6,-3.47962666123226e-5,4.747376859492378e-5
P58,20,HbO,8,-0.0031157141580729344,0.021609031943771284,-0.037966459203417964
P58,21,HbO,8,-0.0033636460336120473,0.019921230204807957,-0.040400708418710504
P58,22,HbO,8,-0.004324767095930478,0.019351954359801065,-0.033931935893812465
P58,23,HbO,8,-0.004205247174051371,0.016639370754996205,-0.026312993875387526
P58,1,HbO,11,-0.0014428469344373203,0.005352534977735508,-0.010634671021247589
P58,2,HbO,11,-0.0026342934446397575,0.01414302947033803,-0.02488357427464328
P58,3,HbO,11,-0.0014111585565097645,0.0014178397975701813,-0.0074295028369941105
P58,4,HbO,11,-9.817311918311324e-4,0.005053083255569865,-0.010218602565774273
P58,5,HbO,11,-9.042031685360172e-4,0.0016083143957474001,-0.005157818052440973
P58,7,HbO,11,-0.001372486058420999,0.0026095483418066777,-0.009091527628517415
P58,8,HbO,11,-0.002656387383784069,0.00828938010577926,-0.01826597828398287
P58,9,HbO,11,-0.0028173787728653955,0.010376098452175641,-0.024357471058634016
P58,10,HbO,11,-0.0017666098624936053,0.008806196819388653,-0.01904051916779647
P58,11,HbO,11,-7.312284057365233e-4,5.409917656229982e-4,-0.002079157808942132
P58,12,HbO,11,-0.0025517215013290424,0.0033625213122647,-0.007898611791460073
P58,14,HbO,11,-0.003131138258560863,0.008837661174456864,-0.014630105046644498
P58,15,HbO,11,-0.0018694670088347464,0.004655266412171943,-0.008772306357800004
P58,16,HbO,11,-0.0011904260980430419,0.008038578820355101,-0.009163514493483647
P58,17,HbO,11,-0.002215756903974871,0.011684616800239312,-0.01725931636750614
P58,18,HbO,11,-6.24204560032907e-6,2.292488361962907e-6,-2.0711963495565814e-5
P58,19,HbO,11,-3.147928999291246e-6,-3.231639763933111e-5,3.677427166217232e-5
P58,20,HbO,11,-0.004029043880080987,0.01745368974104925,-0.031532096373293954
P58,21,HbO,11,-0.005269152874044684,0.018698238885116177,-0.03744286029841209
P58,22,HbO,11,-0.0049966592672775895,0.017542776759317296,-0.03157315564510768
P58,23,HbO,11,-0.004461179418711348,0.013780854745063277,-0.022871892175110223
P58,1,HbO,14,-0.0016265274703020883,0.0026152234257086453,-0.004914587518258055
P58,2,HbO,14,-0.002721050954224605,0.011281319814625743,-0.01877515192307136
P58,3,HbO,14,-0.0014847311577237856,-0.0022094833065501806,-2.9204683573814683e-4
P58,4,HbO,14,-8.897132714777655e-4,0.003971093261954793,-0.007882258935447826
P58,5,HbO,14,-9.696471049791545e-4,-9.069842255146269e-4,-9.20755689766829e-4
P58,7,HbO,14,-0.0012951679488151049,9.87767376805261e-4,-0.006379080327063046
P58,8,HbO,14,-0.0026679987512118453,0.005815830267764678,-0.01420880564840569
P58,9,HbO,14,-0.002807660062753846,0.007663746966637114,-0.018538487975931665
P58,10,HbO,14,-0.0020268566344828457,0.005329021193911631,-0.01239703127143616
P58,11,HbO,14,-9.089554325329474e-4,-3.8140691407046324e-4,-1.1835055652801224e-4
P58,12,HbO,14,-0.002282038384311806,5.575114415938421e-4,-0.002588499077194834
P58,14,HbO,14,-0.0027876729205062655,0.005083014922232876,-0.01018749831350553
P58,15,HbO,14,-0.0019622581207670332,0.0015790423338242219,-0.004378759063103524
P58,16,HbO,14,-0.0013332391846083578,0.00617689151988887,-0.006677003875591265
P58,17,HbO,14,-0.001962077832767547,0.008516090331436786,-0.012924165374654793
P58,18,HbO,14,-8.935901248041543e-6,-1.6753279691003783e-6,-2.7218884534103968e-5
P58,19,HbO,14,-5.656687754761965e-6,-3.42181709117147e-5,2.9477126860217747e-5
P58,20,HbO,14,-0.004168266387995573,0.011408243373950881,-0.022314319993380297
P58,21,HbO,14,-0.005886564407177341,0.014314329674317785,-0.029439612553863098
P58,22,HbO,14,-0.0050546277354540925,0.013434738447901199,-0.02591207135716147
P58,23,HbO,14,-0.004311241981294949,0.009155334677718183,-0.017317844686081014
P58,1,HbO,17,-0.001612832895993523,-5.459390114697384e-4,0.0013598503145628854
P58,2,HbO,17,-0.0025096848385304633,0.006055424093710529,-0.009326461378962562
P58,3,HbO,17,-0.0014017009857188963,-0.0054086696898726335,0.00593520978454104
P58,4,HbO,17,-6.890695466579678e-4,0.002141979773782758,-0.004342559034571716
P58,5,HbO,17,-9.240779241884794e-4,-0.003958612466794755,0.004214322961599866
P58,7,HbO,17,-0.0010189224361200856,-0.002221372065685297,-9.49835860099234e-4
P58,8,HbO,17,-0.0023262404616652336,0.0011358589839436052,-0.006397090849708818
P58,9,HbO,17,-0.0025179871570768482,0.0024125581586827687,-0.008854526871701681
P58,10,HbO,17,-0.002082648984967223,8.535687183241385e-4,-0.0042982720454672815
P58,11,HbO,17,-9.712410587637862e-4,-0.0013873987749585706,0.001977211369778072
P58,12,HbO,17,-0.0018725067777167973,-0.002959914789868067,0.0037622898638681778
P58,14,HbO,17,-0.002215090466938233,5.343455104745051e-4,-0.004297398225422663
P58,15,HbO,17,-0.0018724414038450276,-0.001794690669389367,7.594733279240375e-4
P58,16,HbO,17,-0.0011106473206893628,0.0027393793189160616,-0.0019835431234904444
P58,17,HbO,17,-0.001431355649672433,0.0037172857408789535,-0.0058141014409607205
P58,18,HbO,17,-1.0456973294442132e-5,2.8798839402772156e-6,-3.9701680321346186e-5
P58,19,HbO,17,-7.478231539902601e-6,-3.2699863303086766e-5,2.2163666020153902e-5
P58,20,HbO,17,-0.003837223064557519,0.0035602951138635607,-0.010168772733961048
P58,21,HbO,17,-0.005728138643097234,0.006065986641009859,-0.015457461080217274
P58,22,HbO,17,-0.004765603609117979,0.0073557174316002845,-0.01735714003572907
P58,23,HbO,17,-0.003941238601195769,0.00373604708568245,-0.010734466536827981
P19,1,HbO,5,-0.001517918127249325,0.0040957822176558925,-0.015291692388924069
P19,1,HbR,5,-5.647742407595905e-4,-9.77887909468097e-5,0.009945846623634827
P19,2,HbO,5,-0.005803019304988643,-0.0014502444310457697,-0.0157835049053628
P19,2,HbR,5,9.232006112337457e-4,6.953151403298532e-4,0.00607429913783687
P19,3,HbO,5,-0.0030431341237644226,0.002121194423934053,1.522909045238181e-4
P19,3,HbR,5,-1.587799587968687e-4,3.9287728238806944e-4,0.007253457591069229
P19,4,HbO,5,-0.0024613202740370772,-4.1110641213865903e-4,-0.0047094012457517985
P19,4,HbR,5,6.676060844883439e-4,2.0720134722131093e-5,0.002031057096588797
P19,5,HbO,5,-4.003825524510966e-4,1.3385842256281465e-4,-0.002624939421495967
P19,5,HbR,5,7.1023931948204e-5,-5.801498800822777e-5,5.972503950148979e-4
P19,7,HbO,5,-7.66835893898295e-4,-2.774808037414159e-5,-0.004497382809444313
P19,7,HbR,5,2.0280695794290646e-4,6.587618807919937e-5,0.0010710967854353367
P19,8,HbO,5,-0.0030993540721501846,-0.0014660973712042706,-0.012619793336619767
P19,8,HbR,5,9.018977187054863e-4,1.8297046167239442e-4,0.003569784845796604
P19,9,HbO,5,-0.00377909625606919,-0.001692402774684276,-0.021311760292564888
P19,9,HbR,5,0.0010094744883991284,9.556673305877673e-5,0.005288109064361772
P19,10,HbO,5,-0.0032763226176903046,-0.0052600704736418535,-0.023147272745215445
P19,10,HbR,5,8.585826224101102e-4,-0.0017062525684785998,0.00599968412040256
P19,11,HbO,5,-0.0023012233961161557,-0.005529256181635719,-0.015653050692682
P19,11,HbR,5,5.125333048469676e-4,-1.3310360918630522e-5,0.006292912690039951
P19,12,HbO,5,-0.003162099479402706,-0.0025419355714087597,-0.017223119370426445
P19,12,HbR,5,5.454772157653269e-4,-0.0020732555286500304,0.011125073252377332
P19,14,HbO,5,7.965398696130028e-5,0.0019056305844849274,-0.006829780883746512
P19,14,HbR,5,5.458429411417193e-4,-7.049702977107136e-4,0.010104306958365344
P19,15,HbO,5,5.858941483093744e-4,0.0029410787480892765,-0.005855743916135058
P19,15,HbR,5,3.0043532651898095e-4,-0.001095334654395665,0.017321588480769045
P19,18,HbO,5,3.6941567774832746e-6,2.1882609118037174e-6,3.979148313188239e-6
P19,18,HbR,5,1.8791492298404768e-7,-1.5837030915847474e-6,-3.654741865258809e-6
P19,19,HbO,5,3.1154083355536746e-6,-1.1547984662846074e-6,5.687682453819672e-6
P19,19,HbR,5,1.4904668923203383e-6,2.773443969498517e-6,2.226679401471678e-6
P19,1,HbO,8,-0.001631193299181468,0.0034608984456669448,-0.0068801121822862805
P19,2,HbO,8,-0.005607341022337558,-0.0019004126576166582,-0.011014159572758702
P19,3,HbO,8,-0.003120351644474679,0.0018279399650572717,0.004346303538018711
P19,4,HbO,8,-0.0023313368772656198,-6.081126168083391e-4,-0.004210990384903942
P19,5,HbO,8,-4.253942035864842e-4,1.1486044601358134e-4,-0.0020982409430227995
P19,7,HbO,8,-6.951422797382528e-4,-1.4117260522840684e-4,-0.0035684530124257003
P19,8,HbO,8,-0.002652129672974868,-0.0014832266318057792,-0.010035357355279733
P19,9,HbO,8,-0.0033776071233169135,-0.0013067570205762473,-0.01616645061333976
P19,10,HbO,8,-0.0035063107167952975,-0.0033739079485651095,-0.017804429761033344
P19,11,HbO,8,-0.0024974248279083346,-0.003400886702049258,-0.008570813606275903
P19,12,HbO,8,-0.002649565358986976,-0.0020044242418138128,-0.007708858236984404
P19,14,HbO,8,-1.426740124865081e-5,0.001885640315812523,0.0019156290300375545
P19,15,HbO,8,1.7647304021587497e-4,0.002895778481157753,0.0036725441443164223
P19,18,HbO,8,3.34847098543001e-6,1.9136978300897943e-6,-5.1097134803860896e-8
P19,19,HbO,8,2.7679444034809928e-6,-4.2471539588332935e-7,3.307534593889947e-6
P19,1,HbO,11,-0.0016239528611175266,0.0026196637875978215,4.292658711687732e-4
P19,2,HbO,11,-0.00530391340659717,-0.0026167489498330624,-0.0066699967834121295
P19,3,HbO,11,-0.0030619596687077016,0.0011561979735848161,0.0076403046724938225
P19,4,HbO,11,-0.0021728397405540046,-8.917620477582468e-4,-0.0036605239792571187
P19,5,HbO,11,-4.432933895665599e-4,5.934220713962094e-5,-0.00164539148054509
P19,7,HbO,11,-6.05347874752776e-4,-2.4670791956774984e-4,-0.002793415317162281
P19,8,HbO,11,-0.002128053385200618,-0.0014881667416771537,-0.007798686567804414
P19,9,HbO,11,-0.002800482472574918,-0.0010987320554771897,-0.011535718239399162
P19,10,HbO,11,-0.0036146254228052277,-0.0019644372019027895,-0.012368768023624915
P19,11,HbO,11,-0.002610256848504885,-0.0017816553021709044,-0.0027072923207540427
P19,12,HbO,11,-0.0022284877267315963,-0.0013762408573449825,1.1148615256512707e-4
P19,14,HbO,11,-9.160507827442092e-5,0.001942079874465888,0.00914544784381511
P19,15,HbO,11,-2.1097755475254004e-4,0.0028386878446670775,0.011488132356324099
P19,18,HbO,11,2.81655980556796e-6,1.4737619234931572e-6,-3.4233863113635276e-6
P19,19,HbO,11,2.487495338243951e-6,-4.942737033419168e-7,8.441676692223559e-7
P19,1,HbO,14,-0.0015047609432038802,0.0016870390328716039,0.006685124982793018
P19,2,HbO,14,-0.004660567828026534,-0.0030362678204752577,-0.0028518710042948372
P19,3,HbO,14,-0.002760477684301379,3.6899452898018765e-4,0.0095609730383708
P19,4,HbO,14,-0.0018817566413326461,-0.0011272635020565525,-0.0032001597397623904
P19,5,HbO,14,-4.298287876827055e-4,-1.223251045519449e-5,-0.0012419792277111956
P19,7,HbO,14,-4.896874697134693e-4,-2.9339205786740706e-4,-0.0020140624562006524
P19,8,HbO,14,-0.0015050706145576063,-0.0013429536372643615,-0.00541690926271925
P19,9,HbO,14,-0.0020844830502490174,-7.000042735139686e-4,-0.00695164601835584
P19,10,HbO,14,-0.003508750909370383,-8.228003663984994e-4,-0.0068403693795079466
P19,11,HbO,14,-0.0025877735551442377,-4.942857894888342e-4,0.002159545851337073
P19,12,HbO,14,-0.001861495762111706,-6.864922453808161e-4,0.0065524549884657
P19,14,HbO,14,-2.1952052617197888e-4,0.0019417052497225902,0.014825603993330494
P19,15,HbO,14,-6.22262622540608e-4,0.0026525464688944207,0.01753790294574018
P19,18,HbO,14,2.093746125962486e-6,8.679983742697377e-7,-5.2884941062822905e-6
P19,19,HbO,14,2.0985983371591845e-6,-1.6454935046033612e-6,-3.4530694075019927e-7
P19,1,HbO,17,-0.001347344493562437,9.634113183114207e-4,0.01134174355109685
P19,2,HbO,17,-0.0037189615132485363,-0.0026542883105976412,-1.4651360696127497e-4
P19,3,HbO,17,-0.002285160661467367,-9.224922731929597e-5,0.009765085435716657
P19,4,HbO,17,-0.0014697180574904161,-0.0011307043310689654,-0.0029632501076063866
P19,5,HbO,17,-3.788003306936113e-4,-4.978943870763864e-5,-8.929904758530412e-4
P19,7,HbO,17,-3.592608512478329e-4,-2.37332960972711e-4,-0.0012428483715592757
P19,8,HbO,17,-8.697968658049011e-4,-8.870815045344591e-4,-0.0030511168776650704
P19,9,HbO,17,-0.0013802303246194024,1.3842806226849053e-4,-0.002779007570129584
P19,10,HbO,17,-0.0031919042008334217,3.6317711506166295e-4,-0.0019970213175046843
P19,11,HbO,17,-0.0024212005410887915,7.589000410176557e-4,0.005668792534627545
P19,12,HbO,17,-0.001555677175571942,1.2229142210073144e-4,0.011181906982637407
P19,14,HbO,17,-4.504188905771284e-4,0.0018909159145219581,0.018469377774911214
P19,15,HbO,17,-0.0010740084268634309,0.0024057311495406385,0.02146231937455557
P19,18,HbO,17,1.2752637680024873e-6,1.1232633187770919e-7,-4.891239967372259e-6
P19,19,HbO,17,1.564202589067304e-6,-3.3528257476148055e-6,3.7807458046152685e-7
P01,1,HbO,5,-0.0035645551545344374,-0.009881803649974374,9.172350960135516e-4
P01,1,HbR,5,0.0011880117498305495,0.003725962031549872,-0.0013007776834960032
P01,2,HbO,5,-0.0028427566280415,-0.004070416562624361,0.0038741995981947394
P01,2,HbR,5,4.1736402088821486e-4,0.0012041619299768935,-8.210380953483093e-4
P01,3,HbO,5,-0.002843026727302959,-0.01704196104800437,-1.72127313754508e-4
P01,3,HbR,5,7.85669428838291e-4,0.004911602539637264,-8.464924128593966e-4
P01,4,HbO,5,-8.230976603762303e-4,-0.0025302732999137687,0.00483320375575867
P01,4,HbR,5,-9.363912526556218e-4,0.0014754827526209473,-0.0013709527942897329
P01,5,HbO,5,-9.921491483302223e-4,-0.008048097427297077,0.00699565576781187
P01,5,HbR,5,-0.0015603742978995332,0.00233674697621161,-0.0027875098479944477
P01,7,HbO,5,-0.005935416567928049,-0.0031537748868931017,0.0021559796763086303
P01,7,HbR,5,-6.118391378626337e-4,0.0033331960125249295,-1.8102541952373655e-4
P01,8,HbO,5,-0.006553078355980873,0.005883430813803022,0.0015448422851320632
P01,8,HbR,5,2.949881521565632e-4,0.0017599825436495004,7.86439651060291e-4
P01,9,HbO,5,-0.008225019551318612,-0.002169605758665836,0.0011315125877136999
P01,9,HbR,5,4.912654781426792e-4,0.002916421907567064,-0.001332744274905187
P01,10,HbO,5,-0.003144295046245662,-0.005123707395733181,0.0020885948027645714
P01,10,HbR,5,-8.083816525467192e-4,-1.5791479474032668e-4,-0.0014570142422030107
P01,11,HbO,5,-0.0043572280181753695,-2.617765112888493e-4,-1.3796413995973423e-4
P01,11,HbR,5,-2.700147735765624e-4,0.001116466546487005,3.5318304035354337e-5
P01,12,HbO,5,-0.007709908189461365,-3.460026979985125e-4,-0.002884501842095034
P01,12,HbR,5,3.206987162366601e-4,5.157989981181617e-4,0.0012791750434486154
P01,14,HbO,5,-0.0012256490497362202,-0.01036803679128989,0.0011914614201779695
P01,14,HbR,5,-6.50654720570372e-4,0.0017973591436014082,-0.0018688697597316734
P01,15,HbO,5,-0.0014285214209182055,-0.00942369199623394,0.0026307308011432893
P01,15,HbR,5,-1.9967109352904083e-4,0.0019881186859527665,-0.0015067796726855476
P01,16,HbO,5,-6.435618965335006e-5,-1.6311698614241617e-4,-2.2208300341921671e-4
P01,16,HbR,5,-4.120486616429546e-5,-3.958682760453941e-5,-5.831516118134325e-5
P01,17,HbO,5,-5.1869372916259254e-5,-1.1249490940930906e-4,-2.060120516997892e-4
P01,17,HbR,5,-5.7799347684141135e-5,-1.2218458457201117e-5,-7.072620105753252e-5
P01,18,HbO,5,-1.8220597027624106e-6,-6.21958151154093e-7,-2.6179818076333176e-6
P01,18,HbR,5,2.226993868939755e-6,-8.346991738185191e-7,2.3595379034836228e-6
P01,19,HbO,5,-3.8576996266023095e-6,-5.675997759708758e-6,-2.246393992786084e-8
P01,19,HbR,5,-4.6040230585244085e-7,9.041459163296765e-7,-1.6103886432893198e-7
P01,20,HbO,5,-0.0013949041000600577,2.76044304664746e-4,-6.08909584724964e-4
P01,20,HbR,5,-6.909417644715611e-4,1.2737049821160814e-4,-2.922940872525748e-4
P01,21,HbO,5,-0.0013520575855852238,2.7579745416660606e-4,-5.639930391969696e-4
P01,21,HbR,5,-6.74755863811781e-4,1.3143499989884966e-4,-2.8898951008852526e-4
P01,22,HbO,5,0.002470831075843381,-6.403890653019077e-4,9.469108460220454e-4
P01,22,HbR,5,-9.111756110473751e-4,3.9674440175422416e-4,-9.663254452904439e-4
P01,23,HbO,5,-8.640029879204904e-4,-9.333518415837344e-4,-4.229672054875645e-4
P01,23,HbR,5,4.146935768415336e-5,1.3544844119289115e-4,-8.92878294162574e-5
P01,1,HbO,8,-0.0038347083092171086,-0.009451568395945902,-8.239961169581025e-4
P01,2,HbO,8,-0.003719313880551495,-0.003743995176710922,0.0025103750784047103
P01,3,HbO,8,-0.003850435736480194,-0.014145039810926848,-0.002075160703285382
P01,4,HbO,8,-0.002640967327359037,-0.0018043926032280146,0.0031555354034067218
P01,5,HbO,8,-0.005060088419917248,-0.005791912938321621,0.003063894826122365
P01,7,HbO,8,-0.007556689988586391,-0.001573088757340217,5.7120141589943677e-5
P01,8,HbO,8,-0.008113505121209444,0.008378946278175434,-2.9640610305715985e-4
P01,9,HbO,8,-0.010485758225747845,-3.907965200737197e-4,-8.952985611019579e-4
P01,10,HbO,8,-0.0047317490204916235,-0.0046994921861372475,3.0113995899095573e-4
P01,11,HbO,8,-0.004911241350826999,-2.4737551241468646e-4,-8.683909180460303e-4
P01,12,HbO,8,-0.009541998948265455,-4.352615178823246e-4,-0.0031788314439697564
P01,14,HbO,8,-0.002349254403061332,-0.010634238537374245,2.0362036409757867e-4
P01,15,HbO,8,-0.0039659098857116725,-0.009218092615790624,4.994338192722554e-4
P01,16,HbO,8,-3.736296530731435e-5,-8.103137005630517e-5,-1.424849988821184e-4
P01,17,HbO,8,-3.30752628767685e-5,-5.74682975461573e-5,-1.5707628390920693e-4
P01,18,HbO,8,-7.96868909525771e-8,-2.2421952263643485e-7,-1.4689382243594494e-7
P01,19,HbO,8,-2.8323954339264626e-6,-3.3403414648445305e-6,-2.590042719151301e-7
P01,20,HbO,8,-0.0011314318467777922,2.4237879198678856e-4,-4.406236290832498e-4
P01,21,HbO,8,-0.0010958962248162406,2.2196323382637028e-4,-4.0410657798633056e-4
P01,22,HbO,8,8.259662439138224e-4,-0.001357462556553337,-3.310863614811913e-4
P01,23,HbO,8,-0.0015934682633658476,-8.69376628091849e-4,-6.921815120867971e-4
P01,1,HbO,11,-0.004225819162035929,-0.008710915836306204,-0.001928192137152626
P01,2,HbO,11,-0.004410810644257383,-0.003833768306363533,0.0014505756765572295
P01,3,HbO,11,-0.004788211373613338,-0.011289771222279903,-0.0032027423610973133
P01,4,HbO,11,-0.004033035950350057,-0.0016391485341953527,0.0018415880450999508
P01,5,HbO,11,-0.008267789833274544,-0.004843054864432242,5.479210606544317e-4
P01,7,HbO,11,-0.00870546945484355,-0.0010887013744649101,-0.0010907765429625633
P01,8,HbO,11,-0.009012583184793161,0.009134928190896717,-0.001575583882811799
P01,9,HbO,11,-0.011861911073304112,4.091398915637123e-5,-0.002307635843811234
P01,10,HbO,11,-0.006112727294773936,-0.005398682942030713,-6.967487625510014e-4
P01,11,HbO,11,-0.00535925811248132,-8.522071009844281e-4,-0.0012690206570531329
P01,12,HbO,11,-0.011135833381754369,-0.0013067532557148296,-0.002798253112709565
P01,14,HbO,11,-0.0032494066987311253,-0.010837989134653295,-5.550786653740007e-4
P01,15,HbO,11,-0.00593424025526208,-0.00995281102361144,-0.0013101055720956536
P01,16,HbO,11,-1.7020486500273463e-5,-3.743340194511602e-5,-8.503904132353617e-5
P01,17,HbO,11,-2.1636468288445375e-5,-2.3148980618649934e-5,-1.1528899455771419e-4
P01,18,HbO,11,6.715126748716875e-7,-1.3820047606533364e-6,8.502423331545684e-7
P01,19,HbO,11,-2.130790340269316e-6,-1.9826800366051793e-6,-1.2312920959250904e-6
P01,20,HbO,11,-9.194112182200625e-4,2.309837111028916e-4,-3.1057156918738314e-4
P01,21,HbO,11,-8.876139366372597e-4,1.998765823264146e-4,-2.781404581940372e-4
P01,22,HbO,11,-3.6704395226278377e-4,-0.002472724528854309,-0.0011671494455748703
P01,23,HbO,11,-0.002012709045824476,-0.0013894536294468958,-7.847663335663475e-4
P01,1,HbO,14,-0.004539698473786927,-0.007133554519373352,-0.0024721633014102764
P01,2,HbO,14,-0.004929905952679838,-0.003920086254110591,5.089209117232903e-4
P01,3,HbO,14,-0.005448325264505859,-0.007932223415089477,-0.0035469996608661833
P01,4,HbO,14,-0.0050757440282067166,-0.0017210385478899437,7.313076577767067e-4
P01,5,HbO,14,-0.010809070669432996,-0.004205040262265979,-7.966198668402592e-4
P01,7,HbO,14,-0.009495658117475155,-8.49021101909916e-4,-0.001486225947233293
P01,8,HbO,14,-0.009573771066019343,0.008702971465457291,-0.002329862625189778
P01,9,HbO,14,-0.012695366454289474,-2.3294904337412445e-4,-0.0031688605469944267
P01,10,HbO,14,-0.007385264060350089,-0.006641785313289454,-0.0012966777678281164
P01,11,HbO,14,-0.005697211297583827,-0.0018071949872488498,-0.0014997377872379308
P01,12,HbO,14,-0.012295816714762623,-0.0025777769981673152,-0.0021400946571463564
P01,14,HbO,14,-0.003961618417087776,-0.010348895035848,-0.0011574588261576934
P01,15,HbO,14,-0.007488313827940505,-0.010324912036434288,-0.002919242814871352
P01,16,HbO,14,-8.798892767110931e-8,-1.3322247257358763e-5,-4.3831411463639854e-5
P01,17,HbO,14,-1.3803763516556892e-5,-3.204434236251521e-6,-7.538438117139488e-5
P01,18,HbO,14,5.987304223668287e-7,-3.5205193059047168e-6,7.56120445689615e-8
P01,19,HbO,14,-1.7818490073130738e-6,-2.096633326561511e-6,-2.460618872981269e-6
P01,20,HbO,14,-7.111219297117128e-4,2.415391428493e-4,-1.8383803212419227e-4
P01,21,HbO,14,-6.822308857654787e-4,2.0312472066100193e-4,-1.565272601648157e-4
P01,22,HbO,14,-0.0014247579901154037,-0.0031913887441473235,-0.0015238293656299334
P01,23,HbO,14,-0.0024027414668351403,-0.0020085555822964775,-7.117983590500848e-4
P01,1,HbO,17,-0.004574939256348305,-0.004736232865548204,-0.0024748269576840543
P01,2,HbO,17,-0.005210734530235991,-0.0037479792694465747,-4.150584047348645e-4
P01,3,HbO,17,-0.005657592344858179,-0.004164936043774787,-0.003201907322774106
P01,4,HbO,17,-0.005756174744037946,-0.001793420533202754,-2.7937041831706396e-4
P01,5,HbO,17,-0.012636032235381891,-0.0033494837894118383,-0.0016931374751424568
P01,7,HbO,17,-0.009865298880513778,-5.392264220582801e-4,-0.0016024081783260996
P01,8,HbO,17,-0.009820429275755056,0.007467609853096924,-0.0028858207783539484
P01,9,HbO,17,-0.013037680156040891,-7.140253369687357e-4,-0.0037841762461796936
P01,10,HbO,17,-0.00837248410254177,-0.007678183141254326,-0.0018284394826279674
P01,11,HbO,17,-0.005847060588214615,-0.0027448802920559674,-0.0017272442035921075
P01,12,HbO,17,-0.01276601778752602,-0.003828670076788386,-0.0016064624819835268
P01,14,HbO,17,-0.004406967581844175,-0.008985180606187686,-0.0015944772208160427
P01,15,HbO,17,-0.008579993292156312,-0.00958903511842339,-0.004264089546815324
P01,16,HbO,17,1.2967947788700897e-5,5.451570214859384e-6,-1.1192200694989699e-5
P01,17,HbO,17,-8.046753687522522e-6,6.484438370837376e-6,-3.8565062783437636e-5
P01,18,HbO,17,2.2257658486308263e-7,-5.080679445482839e-6,-1.3230406773031952e-6
P01,19,HbO,17,-1.6617396278793153e-6,-2.928736141876203e-6,-3.1970406382554493e-6
P01,20,HbO,17,-4.965882032208634e-4,2.7010269901469133e-4,-5.2787864422704635e-5
P01,21,HbO,17,-4.712037489211458e-4,2.2502091376656657e-4,-3.416544357758605e-5
P01,22,HbO,17,-0.002394120057414688,-0.003219294037009675,-0.001622149248550216
P01,23,HbO,17,-0.002787199169609685,-0.0024118246513187493,-6.642147371116873e-4
P65,1,HbO,5,-7.675658147969985e-4,0.0013086741974491145,0.004890916409472008
P65,1,HbR,5,-9.909791338432402e-5,-2.7841914669056786e-4,-0.001525303713189644
P65,2,HbO,5,-0.0012358710279139016,-4.3337145414914586e-4,0.007036159512618035
P65,2,HbR,5,1.6446249204670645e-4,1.749931534777756e-4,-0.00219186669124015
P65,3,HbO,5,0.0014056856055922517,0.002173416329546883,0.00705129774670404
P65,3,HbR,5,-9.88172664848869e-4,-8.857805958223326e-4,-0.0026613428790448917
P65,4,HbO,5,-2.817975806842778e-4,-5.056666311901233e-6,9.074721771790544e-4
P65,4,HbR,5,1.882341146596381e-5,7.266255804037303e-6,-4.2309787310226425e-4
P65,5,HbO,5,-0.002554901418724959,-0.00372988046802025,0.01751089195985684
P65,5,HbR,5,-4.1225939773403163e-4,4.355152175017948e-5,-0.0019472359123039458
P65,7,HbO,5,-5.490251436979802e-4,-7.218158984271163e-4,0.0021974822305405265
P65,7,HbR,5,5.63238244758316e-5,1.4692026027750938e-4,-8.273261916235329e-4
P65,8,HbO,5,-4.5057386669555064e-5,1.4542087221803314e-5,-2.5577713815603284e-4
P65,8,HbR,5,-2.9534660117677624e-5,-6.421426723407049e-6,-1.7859965807394746e-4
P65,9,HbO,5,-1.7635488038059613e-4,-1.6884785088089397e-4,4.686376167197039e-5
P65,9,HbR,5,5.143891604194883e-6,1.0478089465535843e-4,-3.420888072042664e-4
P65,10,HbO,5,-0.0010897833193173393,-2.2988759304466192e-4,0.0038178746386448147
P65,10,HbR,5,-1.369138416142838e-5,5.26586117314545e-5,-7.30569398365575e-4
P65,11,HbO,5,-6.100312010624628e-5,4.776727707607045e-5,-5.581093847660297e-5
P65,11,HbR,5,-2.1744494494865652e-5,-1.8783629737379894e-5,-1.998683006476337e-4
P65,12,HbO,5,-0.0018937022053169437,-3.350612585206463e-5,0.006214473827167485
P65,12,HbR,5,-3.843409119575557e-5,9.318539239792356e-5,-0.0020788181246364714
P65,14,HbO,5,-0.003960434087268163,0.001264959719970583,0.003350274450661069
P65,14,HbR,5,1.937052304959867e-4,-0.0014295959531804149,2.108699053549821e-4
P65,15,HbO,5,-2.9352639335864677e-4,7.343860501535827e-5,-2.8221195519103494e-5
P65,15,HbR,5,6.9461212511564305e-6,-6.478663430851268e-5,-1.3523876119863286e-4
P65,16,HbO,5,-9.0597972775926e-5,-2.568292321330328e-6,-3.43839502015629e-4
P65,16,HbR,5,-3.634135294434716e-5,4.241544118274899e-6,-2.5682314213734274e-4
P65,17,HbO,5,-1.0046021136798764e-4,-9.90403087712034e-6,-4.7005117963266674e-4
P65,17,HbR,5,-3.6334393101310856e-5,3.362805951369341e-5,-2.4323214093003825e-4
P65,18,HbO,5,3.34781598368982e-6,1.393258692205221e-6,2.7805308471217844e-5
P65,18,HbR,5,8.952699429597299e-7,-6.953767591164237e-7,3.7808116276981244e-6
P65,19,HbO,5,1.8242802173195688e-6,-6.478417850386379e-6,1.3555059861319924e-5
P65,19,HbR,5,1.3936642173360938e-6,2.8983197753135853e-6,1.698489224760762e-5
P65,20,HbO,5,-1.1509235679518292e-6,-3.6511794310590093e-6,3.3150483665581777e-6
P65,20,HbR,5,5.958500807354752e-7,1.4684834921689486e-6,-2.8011551594522568e-6
P65,21,HbO,5,-1.0374739765268476e-6,-1.454413014148247e-6,-2.295371731440573e-6
P65,21,HbR,5,-3.53127308601811e-7,-1.5609988747797755e-6,-1.4253270287150765e-7
P65,22,HbO,5,-1.1307511562291418e-4,-2.367231337938124e-6,-3.359412966850552e-4
P65,22,HbR,5,-3.3741569072703404e-5,3.2666133355301155e-5,-1.94948487234911e-4
P65,23,HbO,5,-8.669357421465523e-5,-2.609896348179081e-5,-3.4480276073122645e-4
P65,23,HbR,5,-4.2841191230233646e-5,4.467477526660624e-6,-2.575028549356753e-4
P65,1,HbO,8,-9.183599458715255e-4,4.730203256786775e-4,0.0035155746798817343
P65,2,HbO,8,-0.0011824226569189507,-0.0010754592389820826,0.00521890642568787
P65,3,HbO,8,5.55366825993865e-4,0.0011382017418739864,0.003789393603657563
P65,4,HbO,8,-2.7069431230041695e-4,-2.1460436626254036e-4,6.108824161512432e-4
P65,5,HbO,8,-0.003465675609521805,-0.004411801834411415,0.011465383470909394
P65,7,HbO,8,-6.249926761402552e-4,-8.132195631562752e-4,0.001139179061717883
P65,8,HbO,8,-5.652181558541232e-5,-3.713159981753446e-5,-2.2214857818560318e-4
P65,9,HbO,8,-1.9746590223825974e-4,-1.795279821924521e-4,5.096345405518003e-6
P65,10,HbO,8,-0.0014485679640416505,-7.159129348644575e-4,0.002796293952500865
P65,11,HbO,8,-7.265533298502883e-5,2.668028012585611e-5,-5.560210171706785e-6
P65,12,HbO,8,-0.0020693273040272913,-7.226829639315035e-4,0.004026110635337172
P65,14,HbO,8,-0.0035925909803567794,-1.3949112079497436e-4,0.0019202113824613501
P65,15,HbO,8,-3.603753666745147e-4,2.884342146932074e-5,-1.0043755743561572e-4
P65,16,HbO,8,-7.929493975938045e-5,-2.9974287725296166e-5,-2.3974924872976022e-4
P65,17,HbO,8,-8.554165701847374e-5,3.352692761227427e-7,-3.4628829410906207e-4
P65,18,HbO,8,4.704595602542124e-6,-2.5659343898644443e-7,1.5876166487033627e-5
P65,19,HbO,8,1.6881945927823853e-6,-5.575900526507147e-6,4.235066239091898e-6
P65,20,HbO,8,-5.845737967495049e-7,-2.2252771338288036e-6,6.2241902759058094e-6
P65,21,HbO,8,-5.499910103975005e-7,-4.7083078871285185e-7,1.0834674896861075e-6
P65,22,HbO,8,-1.1476997421650305e-4,-4.844148267797799e-5,-3.172348293467123e-4
P65,23,HbO,8,-1.578751257197211e-4,-1.2912783460429983e-4,-3.609824545263803e-4
P65,1,HbO,11,-0.0011200215721742161,-1.370327542193758e-4,0.0021849285520853298
P65,2,HbO,11,-0.0012874217794293546,-0.001492485043937744,0.003265590205555912
P65,3,HbO,11,-2.4202137111811013e-4,3.9811565221230266e-4,8.111309749178348e-4
P65,4,HbO,11,-2.815164726283516e-4,-3.242362815305583e-4,2.533924217489429e-4
P65,5,HbO,11,-0.0041352242343922095,-0.004724458524747203,0.005247389650931639
P65,7,HbO,11,-6.81756411431522e-4,-9.065845718804886e-4,3.3356770292313024e-4
P65,8,HbO,11,-6.784790880497514e-5,-7.859693120852272e-5,-2.0382055622674862e-4
P65,9,HbO,11,-2.075755351407012e-4,-1.9394077668443555e-4,-6.434138508435283e-5
P65,10,HbO,11,-0.001681988025715421,-0.001098256737860744,0.0017472856538488682
P65,11,HbO,11,-7.826365159242716e-5,5.250531577867907e-6,1.523324317285427e-5
P65,12,HbO,11,-0.0022931256876866242,-0.0012950276847487172,0.002255808266996792
P65,14,HbO,11,-0.0032895729208271243,-0.00147501184894274,9.18591702687795e-4
P65,15,HbO,11,-3.9745230615752643e-4,-4.703523409027142e-5,-1.6850266872383895e-4
P65,16,HbO,11,-7.139433727519394e-5,-4.404184069023559e-5,-1.4590863469033164e-4
P65,17,HbO,11,-7.214538475992877e-5,7.015200657667788e-6,-2.551022085713683e-4
P65,18,HbO,11,5.358371233067532e-6,-1.9014510394211684e-6,5.472191377732362e-6
P65,19,HbO,11,1.4263605758899198e-6,-4.505077575450991e-6,-4.8364703900499586e-6
P65,20,HbO,11,-3.491601418413519e-7,-8.387681715548468e-7,7.072362329288601e-6
P65,21,HbO,11,-3.777065577726374e-7,7.764867233624023e-8,3.080981579588309e-6
P65,22,HbO,11,-1.2219439443491466e-4,-8.081722265380294e-5,-2.8731842927287154e-4
P65,23,HbO,11,-2.1812065446673748e-4,-2.0338443629105437e-4,-3.3909055950163725e-4
P65,1,HbO,14,-0.0011863589302451146,-6.402905171103025e-4,0.001230614123469418
P65,2,HbO,14,-0.0012708543338001345,-0.0017528841963063814,0.001625466995126497
P65,3,HbO,14,-7.871193212860391e-4,-3.504903010894626e-4,-0.001338470077587852
P65,4,HbO,14,-2.6577363867614525e-4,-3.6624628981356803e-4,-4.0476685482705886e-5
P65,5,HbO,14,-0.0043218151195844965,-0.004620439246757311,-3.979019144187398e-4
P65,7,HbO,14,-6.37907669164819e-4,-9.564023832576611e-4,-2.1035971949901627e-4
P65,8,HbO,14,-6.895979168630277e-5,-9.269023975909006e-5,-1.8030890918647403e-4
P65,9,HbO,14,-1.965239820566356e-4,-2.021572726975204e-4,-9.861482385180695e-5
P65,10,HbO,14,-0.0017149600303206828,-0.0013522676766393787,9.181662966419229e-4
P65,11,HbO,14,-7.268207032596473e-5,-1.2290412495395388e-5,2.0344794666196718e-5
P65,12,HbO,14,-0.002282204175192275,-0.0017261733052576886,0.0010476600871287256
P65,14,HbO,14,-0.0029022023614542047,-0.002632231395749073,7.518083537097058e-5
P65,15,HbO,14,-3.950218665015593e-4,-1.3366466185889622e-4,-2.2608780106690569e-4
P65,16,HbO,14,-5.7717093526044985e-5,-5.4193526975965646e-5,-6.659112997301812e-5
P65,17,HbO,14,-5.6103990519125856e-5,1.029316216002574e-5,-1.6342892966411977e-4
P65,18,HbO,14,5.039078643733425e-6,-2.9097934288869506e-6,-2.260982948480369e-6
P65,19,HbO,14,8.78582775204131e-7,-2.978830065020534e-6,-1.2100990943141404e-5
P65,20,HbO,14,-2.3911590908886733e-7,7.013130776974857e-7,5.528555828102702e-6
P65,21,HbO,14,-2.543297044554755e-7,4.4838108822295037e-7,3.503324531525687e-6
P65,22,HbO,14,-1.221289230295184e-4,-1.0494561979946794e-4,-2.094189286217403e-4
P65,23,HbO,14,-2.4052110531462917e-4,-2.567551212807989e-4,-2.30022383995341e-4
P65,1,HbO,17,-0.0010615083649158,-0.0010191913765784473,5.716605903713028e-4
P65,2,HbO,17,-0.0010299369971478937,-0.001816429312532565,3.572803265230909e-4
P65,3,HbO,17,-0.0010268974696018482,-0.001031759422520071,-0.002704452556817219
P65,4,HbO,17,-2.087399958253675e-4,-3.6407333595849043e-4,-2.3103975264512512e-4
P65,5,HbO,17,-0.003940702996622425,-0.003961767487711693,-0.004951606521364653
P65,7,HbO,17,-4.894473002675821e-4,-8.932132323549929e-4,-6.078994364356262e-4
P65,8,HbO,17,-5.771770450537086e-5,-7.842818483894999e-5,-1.5012447312924316e-4
P65,9,HbO,17,-1.648730273783644e-4,-1.8568424756456835e-4,-9.306958083806592e-5
P65,10,HbO,17,-0.001548884278605027,-0.0014138914814074343,2.9199028804146373e-4
P65,11,HbO,17,-5.815731490578336e-5,-1.9162646406460555e-5,1.7183662925598467e-5
P65,12,HbO,17,-0.001960408197123323,-0.0018724845034150017,1.2309616148599076e-4
P65,14,HbO,17,-0.0023736897147642083,-0.0034252097658730284,-7.781772081563751e-4
P65,15,HbO,17,-3.545735159571464e-4,-0.00019431877902739169,-2.7831989680774326e-4
P65,16,HbO,17,-3.924757811951361e-5,-6.286787837687046e-5,-8.034330460622333e-6
P65,17,HbO,17,-3.8653069851255284e-5,1.0342845753484492e-5,-7.010256162636435e-5
P65,18,HbO,17,4.033422554613487e-6,-3.072148722680081e-6,-6.604555661123109e-6
P65,19,HbO,17,1.9925160333747847e-7,-1.10849745016902e-6,-1.6344207313815926e-5
P65,20,HbO,17,-1.2828389557269523e-7,2.147370847241627e-6,2.7960894164768337e-6
P65,21,HbO,17,-5.5023394336148455e-8,7.529615398361177e-7,2.981536259166075e-6
P65,22,HbO,17,-1.103736325494011e-4,-1.1732985301994571e-4,-9.900192517101496e-5
P65,23,HbO,17,-2.2082708975698124e-4,-2.829338341421299e-4,-7.343894241448428e-5
P29,1,HbO,5,-0.002900279301486094,0.004993105325847762,-0.003276895365106603
P29,1,HbR,5,2.3636393815810907e-4,1.6966974396908625e-5,3.554972912806529e-4
P29,2,HbO,5,-0.002108416228352477,0.003397684865206826,-0.004049311497429112
P29,2,HbR,5,1.9771988583818168e-4,0.0011916408879141646,-9.695418218544743e-4
P29,3,HbO,5,-0.0035383681790186984,0.0019609091524516523,-4.1889497621712754e-4
P29,3,HbR,5,-2.763728974345489e-4,0.0018617795299928973,4.1135374385824794e-4
P29,4,HbO,5,-7.243387281060805e-4,3.53424013907533e-4,-0.0014876310326818979
P29,4,HbR,5,4.292119444016456e-5,1.1017087505620974e-4,2.8107840115016683e-4
P29,5,HbO,5,-0.002373129950226836,-7.233276630492198e-4,3.753646457907806e-4
P29,5,HbR,5,-8.244055017192847e-4,6.16585761293414e-4,-1.394018732390539e-4
P29,7,HbO,5,-0.002336656513311277,1.1606155183019962e-4,-0.0026616186288948205
P29,7,HbR,5,-3.594345568990342e-4,0.0010088658634635208,-3.8012485561770724e-4
P29,8,HbO,5,-0.0017511246624991475,-0.0026643090513790188,1.3781178652559365e-4
P29,8,HbR,5,-7.264782869598583e-5,0.001730516013331655,6.578433841160585e-4
P29,9,HbO,5,-0.0027776554441259695,-0.0012377890818777329,0.0010673716677958422
P29,9,HbR,5,-5.024948752506439e-4,0.001299699647031353,0.0020113661732149065
P29,10,HbO,5,-0.0013359594993480725,-0.004345045432935009,0.0018928857848731398
P29,10,HbR,5,-7.078758894714657e-4,4.318148261843375e-4,0.001833704738713954
P29,11,HbO,5,-9.889018339842507e-4,-0.0012956070135958992,0.0010111887720498085
P29,11,HbR,5,1.0509241624149173e-4,-4.846726476540342e-6,-1.7309010818989886e-4
P29,12,HbO,5,-0.004055106208425588,-0.005464819155463136,0.0054302229501581
P29,12,HbR,5,-5.960361348621796e-4,5.537170629745992e-4,-1.6539091242589576e-4
P29,14,HbO,5,-0.0026601882861373295,0.009027498932705111,0.007597026872068719
P29,14,HbR,5,-6.527725580457253e-4,-0.004282020448562927,-6.550768515884214e-4
P29,15,HbO,5,-0.0016332858649745685,0.01164512264610499,0.004757470002373919
P29,15,HbR,5,-5.478312720604144e-4,-0.005289730487276842,-9.327953663660941e-4
P29,16,HbO,5,-0.001881695183434995,0.007017138999325147,-0.007180492742553927
P29,16,HbR,5,4.4540984124095354e-4,-0.002149301151579255,0.0017493507783916133
P29,17,HbO,5,-0.0014479132683725426,0.004158339137315042,-0.004032547368371326
P29,17,HbR,5,3.554369912813116e-4,-0.0011195590440924524,0.0010875649524676057
P29,18,HbO,5,-5.421035130183717e-6,-5.165468187634763e-7,-6.005230683504787e-6
P29,18,HbR,5,-1.274006026578584e-6,1.1948313953442285e-6,3.875218124050486e-7
P29,19,HbO,5,-7.854973968680211e-7,2.816328964313908e-6,-4.151260855686819e-6
P29,19,HbR,5,-3.0611573314938705e-6,1.254389251328651e-6,-5.256786082207698e-6
P29,20,HbO,5,-7.496301241120374e-7,-4.739422351043171e-6,-5.88651925893621e-6
P29,20,HbR,5,5.779968385572794e-8,1.5906890262120783e-6,2.2678844195885264e-6
P29,21,HbO,5,-1.0749012789654243e-6,-5.3138461277874315e-6,-5.456893828467047e-6
P29,21,HbR,5,-2.588722493153599e-7,-1.2866926371925903e-6,-1.2535361839453735e-6
P29,22,HbO,5,-0.006387422895422617,-0.004141374180906849,0.0014375139268360943
P29,22,HbR,5,-2.271235897185999e-5,-5.168215677211742e-4,9.716549377759149e-4
P29,23,HbO,5,-0.005322284915481663,0.0048310219408398926,-0.008695384204463407
P29,23,HbR,5,-0.0013160659577960275,0.0013395121774831204,-0.0029647675297760434
P29,1,HbO,8,-0.003579203839570978,0.005662859709927589,-0.0039822375614760215
P29,2,HbO,8,-0.0021659812094045735,0.0038607688864362587,-0.004200615837179075
P29,3,HbO,8,-0.004192106033728937,0.002970180018197518,-0.0015843327448082894
P29,4,HbO,8,-9.195818388362688e-4,8.992933431222692e-4,-0.001724922684472677
P29,5,HbO,8,-0.0028494464653366102,0.0011966822604820586,-7.302239451376936e-4
P29,7,HbO,8,-0.0026951900133038377,0.0020149513915530977,-0.003421064476659771
P29,8,HbO,8,-0.0022648042862380264,-7.883609615350447e-4,-0.0013021650924963629
P29,9,HbO,8,-0.0032627381362382826,0.001134280541481975,-1.7499729331870383e-4
P29,10,HbO,8,-0.0024479274324792676,-0.0021495384962245106,0.0012937608726317515
P29,11,HbO,8,-0.001198983665355939,-7.956337462682125e-4,8.6091636296965e-4
P29,12,HbO,8,-0.003986901511560984,-0.0034127961795065655,0.0043612892297005485
P29,14,HbO,8,-0.00290627883013042,0.0067955198972806065,0.009379800645478746
P29,15,HbO,8,-0.0016190264027169225,0.00571749130499925,0.006341969353800351
P29,16,HbO,8,-0.0016029985040764,0.005428587303335782,-0.005722196693972354
P29,17,HbO,8,-0.0014630800671696067,0.004067152587814141,-0.003820624762311762
P29,18,HbO,8,-3.714167680672096e-6,-5.249366407211273e-7,-8.356189105597192e-7
P29,19,HbO,8,-4.3490954627316155e-8,1.5104259800612273e-6,-2.1525456185071447e-6
P29,20,HbO,8,-5.577674685198084e-7,-4.488108415400159e-6,-5.994162988789971e-6
P29,21,HbO,8,-9.498180393941564e-7,-5.176583111853056e-6,-6.6490637925846115e-6
P29,22,HbO,8,-0.006361127070072175,-9.711873634747811e-4,6.116719640372727e-4
P29,23,HbO,8,-0.0044514149241214225,0.0025601518094631485,-0.006117386462186309
P29,1,HbO,11,-0.0039232298648784955,0.005083293742876789,-0.004157272351592505
P29,2,HbO,11,-0.0020853635951670114,0.0030411524265432496,-0.0037319227425444707
P29,3,HbO,11,-0.004663270345669222,0.002809206614798042,-0.0020368549023420993
P29,4,HbO,11,-0.0010168783856494051,9.545804196963703e-4,-0.0016570436816918167
P29,5,HbO,11,-0.0031436042697060382,0.001761169891111155,-0.0013746637836148296
P29,7,HbO,11,-0.0028464058116072326,0.002283735816421103,-0.00357153663184297
P29,8,HbO,11,-0.0025036501105399856,-4.174281455878986e-5,-0.0020064695641167987
P29,9,HbO,11,-0.0034307512079526288,0.00187960901348281,-6.641484424477649e-4
P29,10,HbO,11,-0.003260360105315837,-0.0012703686531490889,0.0010702486940692636
P29,11,HbO,11,-0.001351528277679448,-5.714100559574564e-4,7.569009469505514e-4
P29,12,HbO,11,-0.003754661863068216,-0.0024368445615562334,0.0038898119326263485
P29,14,HbO,11,-0.0030830907056838323,0.003936897615087437,0.01050952125159736
P29,15,HbO,11,-0.0016716173807545063,0.0012326619693728154,0.006961434832294112
P29,16,HbO,11,-0.001317521276608785,0.003574916873984474,-0.0041199657183977
P29,17,HbO,11,-0.00137446083268582,0.003263061520505973,-0.003120337645533085
P29,18,HbO,11,-2.856853498871121e-6,-1.2278320734413028e-6,3.7553228643768503e-6
P29,19,HbO,11,1.5437867922551557e-7,2.0762393087015998e-7,4.543969677413052e-7
P29,20,HbO,11,-6.012463287575627e-7,-4.762234727222504e-6,-5.385986363534703e-6
P29,21,HbO,11,-1.0706643282986047e-6,-4.08824526253804e-6,-6.218140892462344e-6
P29,22,HbO,11,-0.006257905547500852,7.118409336051486e-5,5.862689197174482e-4
P29,23,HbO,11,-0.0037225097246358463,4.384293110149785e-4,-0.00320683233560348
P29,1,HbO,14,-0.003933136294050471,0.003521481571835091,-0.003836194668000581
P29,2,HbO,14,-0.001881078482253586,0.0015472383832908587,-0.0029283673212253196
P29,3,HbO,14,-0.004854807297464884,0.001797389061112655,-0.0019253550676728611
P29,4,HbO,14,-0.0010169502460251043,7.25750421616635e-4,-0.0013423029127057134
P29,5,HbO,14,-0.0031998615551612534,0.001458017213683485,-0.0014591943443706932
P29,7,HbO,14,-0.002701332591785702,0.0015206615377206408,-0.0031035761207061554
P29,8,HbO,14,-0.002444843291278969,3.8840249843618546e-5,-0.0020693688208890354
P29,9,HbO,14,-0.003244375623453013,0.001743609710203895,-5.408657362475348e-4
P29,10,HbO,14,-0.0036474790305617857,-0.0011074935407468563,0.0011698050067578463
P29,11,HbO,14,-0.0014164873750122423,-4.816781632387218e-4,6.551849538060078e-4
P29,12,HbO,14,-0.0033861250672304866,-0.001984917370045412,0.0034990093269959047
P29,14,HbO,14,-0.003163618707703684,8.707039011918646e-4,0.010536974031281834
P29,15,HbO,14,-0.0017676975458806791,-0.002407223540630924,0.006436201304457834
P29,16,HbO,14,-9.72046886404033e-4,0.0016155338604814655,-0.002448090159874964
P29,17,HbO,14,-0.001156578591455108,0.002027312169714179,-0.0020854209039698366
P29,18,HbO,14,-2.3274963028804968e-6,-2.1827353176852276e-6,6.6554935997209125e-6
P29,19,HbO,14,1.564119793175173e-7,-8.296153379091189e-7,2.510548312825366e-6
P29,20,HbO,14,-7.87546368114577e-7,-4.471693746334252e-6,-4.315326757499635e-6
P29,21,HbO,14,-1.3187757495214267e-6,-2.574721727870978e-6,-4.773244726692263e-6
P29,22,HbO,14,-0.005945861307281355,3.439874769705335e-4,5.499572709777302e-4
P29,23,HbO,14,-0.0028990216823075008,-0.0014124017089905676,-4.967067147405588e-4
P29,1,HbO,17,-0.003702733844201388,0.0016953987328584739,-0.0033233795486145015
P29,2,HbO,17,-0.0016114485153708264,1.739611506521814e-4,-0.002206204427865683
P29,3,HbO,17,-0.004800400641296284,5.25902851763625e-4,-0.0017504769501743656
P29,4,HbO,17,-9.550226881020194e-4,4.6940568991513294e-4,-9.861394534583098e-4
P29,5,HbO,17,-0.0030522063775995107,9.059127831325823e-4,-0.0012621553855944095
P29,7,HbO,17,-0.0023183545270945706,6.525820247068356e-4,-0.0024294659411072277
P29,8,HbO,17,-0.0021826284292043446,6.7583575758290194e-06,-0.0018888164061593652
P29,9,HbO,17,-0.002838624872014042,0.0014720438407597458,-3.1747524598796405e-4
P29,10,HbO,17,-0.003704743376645804,-0.001059957730304408,0.0013003479937096923
P29,11,HbO,17,-0.0013952299232153677,-3.7774350901772206e-4,5.203652202220103e-4
P29,12,HbO,17,-0.0029572457385118717,-0.0014617851786082547,0.0028408451900827454
P29,14,HbO,17,-0.0031616092180951007,-0.0017546735780592357,0.00928050841035733
P29,15,HbO,17,-0.0018924051662807906,-0.0052854103243796455,0.004929962936802278
P29,16,HbO,17,-5.944231532257288e-4,-1.0212189058724685e-4,-9.870939401890424e-4
P29,17,HbO,17,-8.63577698398824e-4,8.23960534040392e-4,-0.001068983333384944
P29,18,HbO,17,-1.857550251376532e-6,-2.6087548372696947e-6,7.0929820849683885e-6
P29,19,HbO,17,8.288154907187509e-8,-1.0505469965091722e-6,3.2866653229869255e-6
P29,20,HbO,17,-9.388422437128614e-7,-3.4324268730602113e-6,-3.133588409147324e-6
P29,21,HbO,17,-1.4912738771098998e-6,-1.3302775239739198e-6,-3.0894125195272994e-6
P29,22,HbO,17,-0.0054560965384290285,6.378278638355387e-4,1.6011879126957032e-4
P29,23,HbO,17,-0.0019436959582559833,-0.002717574910417994,0.0015734548582893135
P24,1,HbO,5,0.003996281798892039,0.006189765921304593,-0.002170663581554929
P24,1,HbR,5,-0.0018140452832487888,-6.708883966043515e-4,0.0019708940630404534
P24,2,HbO,5,0.0041253822544016884,-0.0015114115692747897,-0.00240373855987304
P24,2,HbR,5,-0.0015941463185454002,0.0025547747909403775,0.001025004160135073
P24,3,HbO,5,0.003559088664189723,0.007891473688344145,-0.0017177799753930732
P24,3,HbR,5,-0.0017930530621369726,-8.168155692078966e-4,-7.471920470222767e-4
P24,4,HbO,5,0.0011783884024769958,0.002449910742228111,-0.0012706976090100946
P24,4,HbR,5,-4.3667890368193253e-4,-5.447575278099048e-4,4.22615899106882e-4
P24,5,HbO,5,-1.6618006731988725e-4,7.482810188432697e-4,-0.0016270623367215448
P24,5,HbR,5,-4.5506738098305356e-5,-2.732666391737739e-4,2.831692901735284e-4
P24,7,HbO,5,-6.978957240741875e-5,-4.2590574543606213e-4,-5.191819686265984e-4
P24,7,HbR,5,-4.88579726678654e-5,-4.099385664933698e-5,-6.050702487128596e-5
P24,8,HbO,5,-9.748445318078938e-5,-4.150165501219943e-4,-4.167566565697864e-4
P24,8,HbR,5,-3.2071609922660065e-5,-1.553796078106295e-5,-6.09218280400882e-5
P24,9,HbO,5,8.999171621737486e-4,-0.001183039134059628,-0.0010375776590589142
P24,9,HbR,5,-4.6079146745753487e-4,3.307484811934197e-4,-1.1611283193666588e-4
P24,10,HbO,5,0.003519983428657979,-0.002259210340058865,-0.002613513006081849
P24,10,HbR,5,-0.0013000084360616617,7.078542677243222e-4,-3.694201032371722e-4
P24,11,HbO,5,0.0022257297505802283,-0.004320859554028663,-2.329335266427008e-4
P24,11,HbR,5,-0.0013453324473076472,0.0014394241055348618,-0.002251690952199147
P24,12,HbO,5,0.0017730604247722592,-0.0028065291741923484,3.431017026626971e-4
P24,12,HbR,5,-0.0012452791226429084,0.0019456016636410073,-0.0016375287616289418
P24,14,HbO,5,0.0010581529069016852,-0.002702814492771277,0.004795517124544844
P24,14,HbR,5,-0.0014786937652284946,0.0013550751111484508,-0.005551111917595866
P24,15,HbO,5,-2.717410822734045e-4,0.0010842705562848847,0.00992729425500326
P24,15,HbR,5,-6.954395347367897e-4,0.0010498887817688605,-0.005966233755217619
P24,16,HbO,5,0.0024207110601555293,-0.0055804766083841295,-0.004173602165505584
P24,16,HbR,5,-0.002225855924125325,-2.3519239993630083e-4,-0.0021594219390663086
P24,17,HbO,5,0.0027727636228611504,-0.011685132072475452,-0.006587172260926641
P24,17,HbR,5,-0.0018530858413093071,-0.001832889567097861,-5.598695665234268e-4
P24,18,HbO,5,3.5531908467187324e-5,-1.3836974174155175e-4,2.512914346778056e-5
P24,18,HbR,5,3.0069144079852496e-5,-1.0446383208773306e-4,-1.5334887844846504e-6
P24,19,HbO,5,1.6535407378663474e-5,-4.8170625544441456e-5,3.106969379719734e-5
P24,19,HbR,5,1.8261767707393374e-5,-8.727941706583512e-5,-4.329438871132304e-6
P24,1,HbO,8,0.002264113625814718,0.008785180626897846,-0.001977903749263813
P24,2,HbO,8,0.0024813980400933363,0.003943341593959828,-0.004085718240629152
P24,3,HbO,8,0.0016763665094786263,0.01092488883860884,-0.0026717197683650894
P24,4,HbO,8,5.424015220119212e-4,0.003996739557797576,-0.0014853615122316377
P24,5,HbO,8,-2.0008012651224477e-4,9.583393531296602e-4,-0.001408174858638387
P24,7,HbO,8,-3.272116224876588e-5,-5.523530883013933e-4,-4.042226321539392e-4
P24,8,HbO,8,-8.508238834695402e-5,-5.824232097408988e-4,-3.3120344334206854e-4
P24,9,HbO,8,2.8859910638295914e-4,5.555809613578138e-5,-0.0011217999062993183
P24,10,HbO,8,0.0015036077815455732,0.001017860257466492,-0.0017619387440589247
P24,11,HbO,8,0.0012921128536686312,-0.0014881426053686899,-5.853389805782265e-4
P24,12,HbO,8,0.0010418056027471612,-9.153083576830746e-4,9.364717862520078e-5
P24,14,HbO,8,7.386937578587289e-4,-0.0013426313520136935,0.003722145721366479
P24,15,HbO,8,-5.98158853175526e-4,0.001249884030376415,0.007957596617182578
P24,16,HbO,8,0.0010894902256934225,-0.002534767820155846,-0.0038908749374650213
P24,17,HbO,8,0.0011290080898773887,-0.007389571618509001,-0.00685681310448638
P24,18,HbO,8,1.9766611075966636e-5,-8.779664486135939e-5,2.1682140569567396e-5
P24,19,HbO,8,6.577664190156051e-6,-2.5956827955935366e-5,2.5822044069265613e-5
P24,1,HbO,11,0.0011076700505091195,0.01044020802347032,-0.001445449752867241
P24,2,HbO,11,9.938523306201434e-4,0.009113115637055512,-0.0037126144480166194
P24,3,HbO,11,3.320972362006151e-4,0.013218845120361264,-0.0026213342496231324
P24,4,HbO,11,3.562647622256206e-5,0.005373653141278042,-0.001228136496980535
P24,5,HbO,11,-2.544766498055113e-4,0.0012757895670962192,-0.001011036314037061
P24,7,HbO,11,-2.3184921717854707e-5,-5.300890462925451e-4,-2.1369834045574415e-4
P24,8,HbO,11,-8.002724893580044e-5,-6.17793226090275e-4,-2.2081204527788425e-4
P24,9,HbO,11,-1.761193399483443e-4,0.0014383963666697614,-6.726852289174541e-4
P24,10,HbO,11,-2.1512263371069728e-5,0.004553616770555609,-2.4225500783838825e-4
P24,11,HbO,11,6.545077480299247e-4,7.326637853190805e-4,-4.2759848084366134e-4
P24,12,HbO,11,4.4567102155994146e-4,4.806124371305373e-4,3.467003808935019e-4
P24,14,HbO,11,7.012745173584965e-4,-7.235125110072512e-4,0.0027953970637177757
P24,15,HbO,11,-5.905211746324195e-4,6.98788191971457e-4,0.006114138353581057
P24,16,HbO,11,4.530376960878226e-4,-5.319545090297447e-4,-0.0031148974056141024
P24,17,HbO,11,1.188946581710206e-4,-0.003962328093798739,-0.006320374275843697
P24,18,HbO,11,1.1970765321707511e-5,-7.472890246477727e-5,1.079391398527267e-5
P24,19,HbO,11,2.355045671405915e-6,-2.7902589358679e-5,1.6919434924857625e-5
P24,1,HbO,14,3.391940673087672e-4,0.010947431909021099,-0.0010116210348700171
P24,2,HbO,14,-1.808499406242835e-4,0.013272523896527298,-0.002618487557261365
P24,3,HbO,14,-5.325902387265706e-4,0.014257303626601216,-0.0023035412138303077
P24,4,HbO,14,-3.112405916184921e-4,0.0061869435585254415,-8.787454399977883e-4
P24,5,HbO,14,-2.712173622994238e-4,0.0014688286908068132,-5.990847207362647e-4
P24,7,HbO,14,-1.8266932678461228e-5,-4.4438869521084786e-4,-2.43679719813907e-5
P24,8,HbO,14,-7.938254250688537e-5,-6.096045086838889e-4,-1.11780273425385e-4
P24,9,HbO,14,-4.714573409264338e-4,0.0026191092008593046,-1.6048771473330434e-4
P24,10,HbO,14,-0.0010859984341105,0.007143435528296183,0.0010632099169650886
P24,11,HbO,14,2.9172013917322067e-4,0.002351630151598961,-2.1075697933455707e-4
P24,12,HbO,14,5.187952795391566e-5,0.0014240054281051812,6.519999540144168e-4
P24,14,HbO,14,8.605817028346179e-4,-7.2521958476514e-4,0.0019055415643410855
P24,15,HbO,14,-3.479259596002852e-4,-3.3903065776031045e-4,0.004258916847808174
P24,16,HbO,14,2.7399887715948894e-4,8.001652991823127e-4,-0.002211593125496055
P24,17,HbO,14,-4.116327353254892e-4,-0.0011798256535036507,-0.005419567388900996
P24,18,HbO,14,7.445011559087597e-6,-6.886320581473856e-5,2.331505799737962e-6
P24,19,HbO,14,6.196567260073104e-7,-3.3654072844007546e-5,1.118656299717818e-5
P24,1,HbO,17,-1.2254872811160502e-4,0.010149664743138564,-9.507717234347665e-4
P24,2,HbO,17,-8.928160827708017e-4,0.015612160720934179,-0.0018478390556251243
P24,3,HbO,17,-9.496395890079781e-4,0.013822371209326651,-0.0021586203542124285
P24,4,HbO,17,-4.7317969077358834e-4,0.006232633014719181,-6.837638500230427e-4
P24,5,HbO,17,-2.1504150644284026e-4,0.0014513476782696785,-2.8475640568723207e-4
P24,7,HbO,17,-3.5115063793004546e-7,-3.523815428420575e-4,1.0100847675826858e-4
P24,8,HbO,17,-7.459524825220808e-5,-5.973994417087063e-4,-2.6960766001788803e-5
P24,9,HbO,17,-5.754694562366046e-4,0.0033446197916389662,1.1659055142901533e-4
P24,10,HbO,17,-0.0016625948293960246,0.008067930613306854,0.0016709743822703946
P24,11,HbO,17,1.720744332357992e-4,0.003358326285925171,-2.0261812112192068e-4
P24,12,HbO,17,-1.0254525928125742e-4,0.0019005241339134155,7.303865475299272e-4
P24,14,HbO,17,0.001138588599091803,-0.001059417218446737,0.0010576871861401398
P24,15,HbO,17,4.003610223079115e-5,-0.0015151121037155996,0.0024920390675541807
P24,16,HbO,17,3.3896956770962665e-4,0.0015866490081237596,-0.0015550709520229559
P24,17,HbO,17,-5.670764288529464e-4,8.686618581891544e-4,-0.004532954169716671
P24,18,HbO,17,2.9767515033333714e-6,-5.239306422471387e-5,-1.2814098809436415e-6
P24,19,HbO,17,-8.154803539574064e-7,-3.0253093388951703e-5,9.533235855958828e-6
P41,1,HbO,5,0.0021578147858994728,-0.0033403166756776374,0.005999375059133638
P41,1,HbR,5,-7.481635484342557e-4,0.0030358533693541326,-9.944095771324537e-4
P41,2,HbO,5,-0.0017173258413100243,-0.022497202735172077,1.8669041766492897e-4
P41,2,HbR,5,7.748640946770065e-4,0.010534132715901699,-0.0010447279301855888
P41,3,HbO,5,0.0010509384569662376,-0.005638413554935116,0.002188105310959847
P41,3,HbR,5,-8.135094101826917e-4,0.005372155787599759,2.971135057531562e-4
P41,4,HbO,5,-0.0016574849488687664,-0.00886153028710034,-0.0010776093021840076
P41,4,HbR,5,5.666026420886238e-4,0.0038916732220143644,5.609595026341671e-5
P41,5,HbO,5,-0.0031000764959554033,-0.005898561204105068,-5.910212015521969e-5
P41,5,HbR,5,6.059453722036862e-4,6.643663481687797e-4,-5.483655426467457e-4
P41,7,HbO,5,1.8381937428020353e-4,-0.009530655673740571,-2.554788156040965e-4
P41,7,HbR,5,-2.2462241097536223e-4,0.0028385705622649567,-5.46400871148608e-4
P41,8,HbO,5,-4.063851817192231e-5,-0.0025278957053544416,-1.8545290579196684e-4
P41,8,HbR,5,-6.579730055353659e-5,0.0010084412974072038,-9.28092857024608e-5
P41,9,HbO,5,-0.0015752315441022733,-0.011814957178587002,-5.004407052804536e-4
P41,9,HbR,5,6.917119620282563e-4,0.004533917543366467,-7.92050369197994e-4
P41,10,HbO,5,-0.0029444336608317584,-0.011745814974559928,-0.0019385428203131441
P41,10,HbR,5,9.308764722671927e-4,0.007627231452191361,-5.522542305286798e-4
P41,11,HbO,5,-4.8299892131639796e-4,-0.009440551521819522,3.1021845218114123e-4
P41,11,HbR,5,3.5934577593269566e-4,0.007070719276350257,-9.594142119351008e-5
P41,12,HbO,5,-1.1929359985717161e-4,-0.009726539823397549,0.0015822327920891693
P41,12,HbR,5,2.92761260483393e-4,0.007629879270855023,8.971988619290699e-5
P41,14,HbO,5,0.0024356604183101887,0.01432049174706092,0.010307933297438253
P41,14,HbR,5,-0.0014746618823987098,-0.0028118053352121594,-0.0019919658845843147
P41,15,HbO,5,0.002636017266505799,0.01093117013988073,0.009383668893097476
P41,15,HbR,5,-0.0025433687273368174,0.002412606216238636,-0.0017897245079173194
P41,16,HbO,5,0.0016113524827283214,-8.735447527469734e-5,0.004092283091286886
P41,16,HbR,5,-4.0527622462956987e-4,-6.165757727332281e-4,-0.001110133103910842
P41,17,HbO,5,-4.446289634327299e-4,-0.0032723491395665084,-0.0029925875866071063
P41,17,HbR,5,1.9614139726320968e-4,0.0012078151485093835,-2.8437209165547874e-5
P41,18,HbO,5,1.1761222525411563e-5,-4.232156672264042e-5,-1.0250132325665137e-5
P41,18,HbR,5,1.4705182996631226e-5,-7.584530378340508e-5,-1.488472566914435e-5
P41,19,HbO,5,5.431268879883356e-6,-1.0077106835570493e-5,-6.059953895842482e-6
P41,19,HbR,5,8.359538546460728e-6,-3.4619087000772385e-5,-6.505113396967022e-6
P41,20,HbO,5,-3.437934084981827e-7,-9.364230555672509e-7,-2.260403114854838e-6
P41,20,HbR,5,1.9221157676384523e-7,-3.036924165626739e-7,1.0775002243241178e-6
P41,21,HbO,5,-4.5238730786190114e-7,3.4420252411426e-6,-1.1352610119677863e-6
P41,21,HbR,5,1.3941036141053658e-7,4.5021268734744594e-7,1.994342226511926e-7
P41,1,HbO,8,9.1797904274444e-4,-1.171001193048514e-4,0.003923500050688628
P41,2,HbO,8,-0.001689907084535696,-0.01856732604574821,-9.23105400081039e-4
P41,3,HbO,8,-3.252729973961094e-4,-0.0042464359790852215,9.100407499584842e-4
P41,4,HbO,8,-0.00143915159381146,-0.007705507799117272,-0.0013680059269530725
P41,5,HbO,8,-0.0024157270563270705,-0.00678903646322007,-0.0010673643330983127
P41,7,HbO,8,-1.593612129641271e-4,-0.007817103397858322,-0.0011363359897491585
P41,8,HbO,8,-6.708502839750696e-5,-0.0019023240336637423,-5.888002771754658e-4
P41,9,HbO,8,-0.0014718022349819206,-0.009405739621025993,-0.0012119978482480881
P41,10,HbO,8,-0.0029410677687692166,-0.008996678438448353,-0.003120923182116716
P41,11,HbO,8,-8.939145943993111e-4,-0.0064368945097606845,-0.0010418335250301047
P41,12,HbO,8,-5.887949409667285e-4,-0.0057278364695730775,-8.358568161039652e-5
P41,14,HbO,8,4.5048904015947464e-4,0.012509227979094652,0.0071426349662214285
P41,15,HbO,8,4.5777856918459816e-4,0.00965449527138586,0.006448789628819951
P41,16,HbO,8,8.918692940975408e-4,3.2290787860062177e-4,0.0026438794860374312
P41,17,HbO,8,-6.426812391549052e-4,5.311095185860849e-4,-0.002589153979987026
P41,18,HbO,8,8.237079361972949e-6,-4.742765422269681e-5,-1.3417917122464946e-5
P41,19,HbO,8,3.155413464893573e-6,-1.1926959620342018e-5,-6.7200344425708174e-6
P41,20,HbO,8,-5.533441183847776e-7,2.717652008883601e-7,-2.068332140746843e-6
P41,21,HbO,8,-5.320637449504781e-7,1.5867906915439942e-6,-1.0980536957965622e-6
P41,1,HbO,11,-1.7550461095976414e-4,0.0018830880311840872,0.002797781673394077
P41,2,HbO,11,-0.0019181522719437562,-0.014529552889069493,-0.0012914502865248821
P41,3,HbO,11,-0.0014191309110094682,-0.0029369225162075826,6.062103581354404e-4
P41,4,HbO,11,-0.00140298159772108,-0.005898679888653139,-0.0011806956866516046
P41,5,HbO,11,-0.0020447684028569633,-0.005313678020882444,-9.522630635491514e-4
P41,7,HbO,11,-5.692149306181775e-4,-0.005931262149923248,-9.425841294234549e-4
P41,8,HbO,11,-1.708767035143206e-4,-0.0012236441746831107,-6.854077290055182e-4
P41,9,HbO,11,-0.0015484878144798207,-0.006918190207466169,-0.001232292094983402
P41,10,HbO,11,-0.003002203750117532,-0.0065269448546325685,-0.00353492629481484
P41,11,HbO,11,-0.0013154521738394445,-0.0041608923323249595,-0.0017709807900512203
P41,12,HbO,11,-0.0011251219463870037,-0.0028377548024993214,-0.0011044518738414146
P41,14,HbO,11,-9.652808268477772e-4,0.010485183145638274,0.004626823025750738
P41,15,HbO,11,-0.001053589150809574,0.007390507195598403,0.00430703830816202
P41,16,HbO,11,1.582491737635158e-4,6.454391318152476e-4,0.002054945865652164
P41,17,HbO,11,-0.0010364067557758901,0.003659961569121366,-0.0015189886719985583
P41,18,HbO,11,5.472491607574717e-6,-4.922214405269834e-5,-1.3276125174109526e-5
P41,19,HbO,11,2.036574642486608e-6,-1.2973098658717063e-5,-6.262463938458082e-6
P41,20,HbO,11,-5.010539587953527e-7,2.359076516302862e-6,-1.998750848638226e-6
P41,21,HbO,11,-6.40930144762163e-7,1.0030391779157467e-6,-7.422085796987975e-7
P41,1,HbO,14,-0.0010757481677259556,0.0036359904953452535,0.0017933448567965281
P41,2,HbO,14,-0.0021913432485857506,-0.00999468854262029,-0.001701372364743654
P41,3,HbO,14,-0.0021785588085079964,-0.001723383995204008,3.702329690724934e-4
P41,4,HbO,14,-0.001409966372294069,-0.003586745214679517,-0.0011139365306366143
P41,5,HbO,14,-0.0018070570376839488,-0.0028195421980816465,-9.261488084338415e-4
P41,7,HbO,14,-9.268660204684698e-4,-0.003590567034279099,-6.677054216350294e-4
P41,8,HbO,14,-2.8758670430809063e-4,-4.4686630571285014e-4,-7.234210621157958e-4
P41,9,HbO,14,-0.0016761671969737272,-0.004258103897740647,-0.0012007691689279545
P41,10,HbO,14,-0.003035427097159215,-0.00371649074505255,-0.0036382835645875585
P41,11,HbO,14,-0.0016814023711453218,-0.0020488974089906352,-0.0022655003737988544
P41,12,HbO,14,-0.0015813675414385507,-4.223178334497704e-4,-0.0019077367922242564
P41,14,HbO,14,-0.0020131865958180053,0.007984569606544476,0.002186799524930832
P41,15,HbO,14,-0.002109200368874434,0.0045877399179808966,0.002412180648051672
P41,16,HbO,14,-4.971246507600916e-4,0.0013510115846847874,0.001531480653568124
P41,17,HbO,14,-0.001412987677478725,0.006392314660310889,-6.125383685698738e-4
P41,18,HbO,14,4.038824750838304e-6,-4.5877742838716504e-5,-1.1090072315604799e-5
P41,19,HbO,14,2.012283878058244e-6,-1.3643374415111792e-5,-4.9381411710095416e-6
P41,20,HbO,14,-4.127360237659678e-7,3.649305458561643e-6,-1.7154705558706054e-6
P41,21,HbO,14,-8.184102831648253e-7,9.02859198826092e-7,-3.24011097949774e-7
P41,1,HbO,17,-0.0017443060948909275,0.005373546892526631,6.402609764824542e-4
P41,2,HbO,17,-0.002316320962143351,-0.005299158034281281,-0.002368909523665965
P41,3,HbO,17,-0.002589174750840086,-5.618707382320505e-4,-1.627103829921601e-4
P41,4,HbO,17,-0.001345723300436737,-0.001214502563540711,-0.0013360234420561892
P41,5,HbO,17,-0.0015427878507733163,-7.024920387473021e-4,-0.0014691109195988095
P41,7,HbO,17,-0.0011169548404588684,-0.001040499219713266,-7.92580712235892e-4
P41,8,HbO,17,-3.4914446551155787e-4,3.195493354376283e-4,-7.969807715222004e-4
P41,9,HbO,17,-0.0017153848578041282,-0.0017153278486657,-0.0013835613367164843
P41,10,HbO,17,-0.0029263766391138552,-7.15490782092987e-4,-0.0036646791500327056
P41,11,HbO,17,-0.0019054225972502707,-1.5077267602706158e-5,-0.00267441741859861
P41,12,HbO,17,-0.001836931869322582,0.0016802342742172785,-0.0026318215582944405
P41,14,HbO,17,-0.0027943623193873576,0.005076560853848985,-2.0121102332434898e-4
P41,15,HbO,17,-0.002796680922344609,0.0018567308583377704,6.702712984661273e-4
P41,16,HbO,17,-9.613031204842933e-4,0.0024559723721620107,7.766464874446665e-4
P41,17,HbO,17,-0.0015779695491790597,0.008523751678320887,-2.518345870043604e-4
P41,18,HbO,17,3.8846501980010506e-6,-3.676749121684206e-5,-8.293918294496269e-6
P41,19,HbO,17,2.5936000302015442e-6,-1.303764316638649e-5,-3.394932381026107e-6
P41,20,HbO,17,-3.358620442361426e-7,3.430857551289416e-6,-1.2056485376310048e-6
P41,21,HbO,17,-1.0195904639283597e-6,7.217801116839411e-7,-4.661307995305999e-8
P04,1,HbO,5,-8.31326099782494e-5,-6.571090514116018e-5,5.66352835810671e-5
P04,1,HbR,5,1.1889882346822111e-5,3.2798394562461486e-4,8.311811925239795e-5
P04,2,HbO,5,-3.429400996324036e-5,3.2025999116914864e-4,2.2482265247216187e-4
P04,2,HbR,5,-2.17812204891902e-5,-1.1428468718422191e-4,3.7661982121925064e-5
P04,3,HbO,5,-3.6703110626832176e-4,0.0018855788509408865,2.3558544334626849e-4
P04,3,HbR,5,1.472849567939737e-4,-2.937964325945577e-4,-8.45938155063002e-5
P04,4,HbO,5,-2.2427482661481784e-5,2.085277705893503e-4,1.7901020967640618e-4
P04,4,HbR,5,3.3991870058094765e-6,6.323991852768366e-5,2.5456178066006135e-5
P04,5,HbO,5,-0.001816479999909326,0.004421184845705283,5.428417401159492e-4
P04,5,HbR,5,7.363765610965756e-4,-5.078694644901381e-4,2.979617147266212e-6
P04,7,HbO,5,-0.0012454210441878383,0.002661144465008069,0.001109641254743427
P04,7,HbR,5,2.333898382741749e-4,-0.0014234711728021052,-6.329045082587055e-4
P04,8,HbO,5,-6.863591638728355e-4,3.7946227792957823e-4,4.991747966809148e-4
P04,8,HbR,5,1.2325823771037995e-4,-2.630397903597509e-4,-1.7847508169535755e-4
P04,9,HbO,5,-0.0021137662436976,0.004428553338232838,-3.825187569030305e-4
P04,9,HbR,5,-2.697603002105652e-5,4.6646460935511283e-5,-2.9739482345789907e-4
P04,10,HbO,5,-0.002567587130216632,0.0040359705279912625,0.003421393358740161
P04,10,HbR,5,4.263065062168129e-4,-5.18107193128606e-4,-7.143790559662593e-4
P04,11,HbO,5,-0.0015871728867105563,-0.0015294432745292807,-0.0013967225639669846
P04,11,HbR,5,-4.6309864170359776e-4,0.001818784760548734,3.8546945522290705e-4
P04,12,HbO,5,-0.0017452861275367103,5.318207582401008e-4,6.42493319217753e-4
P04,12,HbR,5,-5.034106078775569e-5,4.6480237178623705e-4,-3.647743024895399e-5
P04,14,HbO,5,-0.0016819850100072847,0.003293400971167789,0.003392767855576113
P04,14,HbR,5,-1.3150163537844638e-5,0.0037877234853965053,-0.00100642847912297
P04,15,HbO,5,-4.15835362452654e-4,-0.007479734481007561,6.210693438012194e-4
P04,15,HbR,5,-9.249564375747282e-4,0.013067374565876394,0.0014097067426808243
P04,16,HbO,5,-5.2717197636660825e-5,1.6732848154931283e-4,1.2519817226895938e-4
P04,16,HbR,5,-1.7508872383996723e-5,1.2309467724185247e-4,9.808858843316237e-5
P04,17,HbO,5,-5.110081443132358e-5,1.4475947787150832e-4,1.306096757673436e-4
P04,17,HbR,5,-4.0996073011473564e-6,1.1066898062112142e-4,6.244387510429201e-5
P04,18,HbO,5,5.156598029925025e-6,-2.4427887518788207e-5,1.7781740310248504e-6
P04,18,HbR,5,1.624941173655227e-6,-4.506285452607338e-5,-9.530050353616601e-6
P04,19,HbO,5,3.1342426425807045e-6,-1.3754255055361541e-5,-2.424980854445959e-6
P04,19,HbR,5,2.7760698606320144e-6,-1.1916342521927116e-5,1.341339951704215e-6
P04,20,HbO,5,-4.714670113615147e-7,3.2143666476524956e-5,8.404892920994205e-6
P04,20,HbR,5,-1.4157290949603568e-6,3.2645519359654933e-6,3.519858993834578e-6
P04,21,HbO,5,-7.870442646342023e-7,2.5425732651722397e-5,8.038452052025582e-6
P04,21,HbR,5,-1.0519798014314906e-6,1.0238791195619777e-5,2.8906863236287387e-6
P04,22,HbO,5,-7.580566381588413e-4,0.012712896303294714,4.3750830109916207e-4
P04,22,HbR,5,-4.219502329444937e-4,0.006132217652627864,1.8342330325702016e-4
P04,23,HbO,5,-7.085222584833544e-4,0.011587677230309837,3.319221374322876e-4
P04,23,HbR,5,-3.740647909174734e-4,0.0058912051986871996,2.008323802530777e-4
P04,1,HbO,8,-6.284610920137535e-5,2.9631698822483706e-4,7.174694994990868e-5
P04,2,HbO,8,-2.1364980088359727e-5,1.9385693383290717e-4,1.5290339875762793e-4
P04,3,HbO,8,-2.909787568756749e-4,0.0032915819220410997,4.983557607271217e-4
P04,4,HbO,8,-1.6165935059345516e-5,1.786212915158577e-4,1.5305278103202357e-4
P04,5,HbO,8,-0.0015433603960952856,0.006390487728092306,0.0017096752530083171
P04,7,HbO,8,-0.001083488602520692,0.0040424278085339545,0.0016623990167333044
P04,8,HbO,8,-6.026546808155633e-4,9.0437077428069e-4,7.385460933107091e-4
P04,9,HbO,8,-0.0016391064508713335,0.006668164512363569,8.584586914064718e-4
P04,10,HbO,8,-0.002303905329171927,0.007016835966961922,0.004478234407419757
P04,11,HbO,8,-0.0013480061526895963,0.0021423570094371027,1.5966492204623795e-4
P04,12,HbO,8,-0.0015948500312405497,0.0024542033041231345,0.0012920766264577872
P04,14,HbO,8,-0.0010959687670173272,0.008608597419454286,0.0033974473061065768
P04,15,HbO,8,-2.0192084598602976e-4,0.0026996571119458656,0.0020029973022721017
P04,16,HbO,8,-4.372280472208754e-5,1.2193742894401318e-4,9.080472640839412e-5
P04,17,HbO,8,-3.305089728088109e-5,1.0462009388861238e-4,9.518395516185818e-5
P04,18,HbO,8,3.81355698603801e-6,-3.53581258278419e-5,-1.0171067482856929e-6
P04,19,HbO,8,2.505327026184337e-6,-1.4064908414581289e-5,-1.0014285039262147e-6
P04,20,HbO,8,-2.691419854591946e-6,3.7550712417957856e-5,1.4776184318569692e-5
P04,21,HbO,8,-2.763167050924892e-6,3.181558510169268e-5,1.3112997361873398e-5
P04,22,HbO,8,-3.1090952115291867e-4,0.008481252869384125,1.1689908070197214e-4
P04,23,HbO,8,-2.952868134299957e-4,0.007687172157482074,2.4604901122018875e-5
P04,1,HbO,11,-5.5431557958906886e-5,5.749229616670772e-4,7.223343623742301e-5
P04,2,HbO,11,-1.104585882352851e-5,9.748073246672603e-5,9.204779635874436e-5
P04,3,HbO,11,-2.683443758767764e-4,0.004306159124922496,6.955466185953648e-4
P04,4,HbO,11,-1.6791646072398555e-5,1.4690222353387836e-4,1.1799552361537865e-4
P04,5,HbO,11,-0.0012225884050947819,0.007129388035430176,0.0026206228214553508
P04,7,HbO,11,-9.227836415748219e-4,0.004982888341489302,0.0020281468811526133
P04,8,HbO,11,-5.297552039550406e-4,0.0014285939965823196,9.106450267109503e-4
P04,9,HbO,11,-0.0012745234193448887,0.007834823891003664,0.0015988133984486902
P04,10,HbO,11,-0.00204197850739847,0.008303454959372016,0.004991582698804069
P04,11,HbO,11,-0.0012306204987263482,0.005106981103147352,0.0012205924271573192
P04,12,HbO,11,-0.001483329385853774,0.004027102337907205,0.0015186536141182667
P04,14,HbO,11,-6.975573325032968e-4,0.012573144613967054,0.0032809859109900054
P04,15,HbO,11,-1.5022260937759855e-4,0.010420070923586273,0.0029113234395526442
P04,16,HbO,11,-3.473039374302341e-5,1.2014042252074427e-4,7.379446900499796e-5
P04,17,HbO,11,-2.092317365764234e-5,7.254473269307124e-5,6.278635302360836e-5
P04,18,HbO,11,1.602081967538297e-6,-3.332341314007407e-5,-1.69966611471719e-6
P04,19,HbO,11,1.4967283430489092e-6,-7.998894978347295e-6,8.822230570844993e-7
P04,20,HbO,11,-4.35168963496179e-6,3.96910909331841e-5,1.822250882595824e-5
P04,21,HbO,11,-3.964237486149314e-6,3.550438470524932e-5,1.614729632688772e-5
P04,22,HbO,11,3.5129653339651364e-5,0.005070460698829946,-1.3918247567779667e-4
P04,23,HbO,11,1.966028697152863e-5,0.0045284780072203734,-2.1845297872296961e-4
P04,1,HbO,14,-5.379456555050064e-5,7.608560592463366e-4,6.259813655962656e-5
P04,2,HbO,14,-3.795590978910397e-6,-2.8087804492232967e-5,2.8108674955647955e-5
P04,3,HbO,14,-2.592049822310783e-4,0.004692846522978729,7.608131342856605e-4
P04,4,HbO,14,-1.8783644825731168e-5,8.303303356661877e-5,7.159831891866993e-5
P04,5,HbO,14,-9.596947512931854e-4,0.005207352027143926,0.0025742917765927903
P04,7,HbO,14,-7.864463565572594e-4,0.004416124009794036,0.0017456582184484143
P04,8,HbO,14,-4.448425437780321e-4,0.0012186559670839783,7.481447301077731e-4
P04,9,HbO,14,-9.804315507672891e-4,0.007424632394278873,0.0017126512622086321
P04,10,HbO,14,-0.0018117432590340752,0.00657201490195369,0.004429658341590649
P04,11,HbO,14,-0.001127241791564662,0.006577661944780192,0.0017025090419447006
P04,12,HbO,14,-0.0013636413661851073,0.0042211166444008725,0.001208417552304844
P04,14,HbO,14,-3.6277440893235223e-4,0.015575108150031651,0.003220270306650807
P04,15,HbO,14,-1.951618115102366e-4,0.01630404014085907,0.003590055022742178
P04,16,HbO,14,-2.372446769678037e-5,1.0090945122569723e-4,5.6232964680351015e-5
P04,17,HbO,14,-1.3713168302852939e-5,3.553180685547978e-5,2.6385139478190972e-5
P04,18,HbO,14,-8.352821407708974e-8,-2.2819980639622826e-5,-1.414248669311364e-6
P04,19,HbO,14,7.760841699307163e-7,2.8814388199927185e-7,2.6296613420388154e-6
P04,20,HbO,14,-5.603714256814409e-6,4.11921339685583e-5,2.020020152254589e-5
P04,21,HbO,14,-4.9515299226294826e-6,3.7732685766887216e-5,1.7983018541417744e-5
P04,22,HbO,14,3.2847600105208725e-4,0.0018352023074025537,-0.00040140392787443966
P04,23,HbO,14,2.865741420391395e-4,0.0015328688378420429,-4.642629761841298e-4
P04,1,HbO,17,-4.981817042431095e-5,8.782379580249771e-4,5.732177944249194e-5
P04,2,HbO,17,1.561338011761238e-6,-1.749590290939238e-4,-3.7289117499891566e-5
P04,3,HbO,17,-2.342243969342308e-4,0.004454424886901856,7.042115371319333e-4
P04,4,HbO,17,-1.663611841987311e-5,1.2933857629619192e-6,2.2360803218618996e-5
P04,5,HbO,17,-7.626719393337939e-4,0.001154982669763136,0.0016014322589107952
P04,7,HbO,17,-6.560821672468934e-4,0.0026546907194394775,9.322198842645291e-4
P04,8,HbO,17,-3.266573104294512e-4,4.363353729030773e-4,3.34450444005747e-4
P04,9,HbO,17,-6.927204324739918e-4,0.005998706312461116,0.0014037088321932469
P04,10,HbO,17,-0.0015789889613920876,0.0025942055455048523,0.002996369018675131
P04,11,HbO,17,-9.444889336384109e-4,0.0065937642974375765,0.0017379527989225415
P04,12,HbO,17,-0.0012040229374467863,0.0035015737520944475,6.542723642358126e-4
P04,14,HbO,17,2.8729068942154092e-6,0.01781035905798566,0.003369511873794983
P04,15,HbO,17,-1.9074425257255254e-4,0.02046882881877185,0.004142110375979828
P04,16,HbO,17,-1.330450021842751e-5,4.9676006483480856e-5,3.23014769113594e-5
P04,17,HbO,17,-8.565804826210717e-6,-8.746109916902126e-6,-1.0787029238807768e-5
P04,18,HbO,17,-6.9821512637032e-7,-1.0697513320716655e-5,-1.1029715681787052e-6
P04,19,HbO,17,6.10841993857998e-7,7.210103164513513e-6,3.815353159674786e-6
P04,20,HbO,17,-6.370804604877417e-6,4.207974105789777e-5,2.125054584253344e-5
P04,21,HbO,17,-5.812499325953983e-6,3.8863460723320454e-5,1.9007242079393396e-5
P04,22,HbO,17,5.753320590755222e-4,-0.0012830861812872345,-6.702708604663406e-4
P04,23,HbO,17,5.144930183865636e-4,-0.0013314463933132052,-7.097873327985222e-4
P28,1,HbO,5,-0.0025643444715274808,-0.003640956788193812,0.006340410577333807
P28,1,HbR,5,-4.969230204474429e-4,0.001089049316185676,3.2744797114768167e-4
P28,2,HbO,5,-0.0010508439795586125,7.612724040535552e-5,0.0016546925959542791
P28,2,HbR,5,2.484830641097178e-4,1.5381311939221268e-4,-1.827358959707586e-4
P28,3,HbO,5,-0.0024489372971460244,-0.0012618317269810588,0.005293180445234209
P28,3,HbR,5,-2.6305393939352625e-4,-9.238986946764533e-4,4.603623395564017e-4
P28,4,HbO,5,-2.6557681448948964e-4,4.047982934145669e-4,5.159037074276974e-4
P28,4,HbR,5,4.031103875862581e-6,-1.6515710010858343e-4,-1.773457123947658e-4
P28,5,HbO,5,0.0018826321577275888,0.002094353010418247,0.003017952076578562
P28,5,HbR,5,-0.0022120560700503,2.1016973629195805e-4,0.0015003269208571498
P28,7,HbO,5,0.001416536126639831,-0.002034875698541003,-0.0020883018592676886
P28,7,HbR,5,-0.001163553712704876,0.0025051374902073592,0.001658902575740251
P28,8,HbO,5,1.4841246816923147e-4,-0.002006502683067805,-0.0023390976664548796
P28,8,HbR,5,-0.0015918825599904535,0.0021145852413489603,-8.692567828820378e-4
P28,9,HbO,5,0.0015212786401445169,-0.0034323505489902485,-0.0018098915889786088
P28,9,HbR,5,-0.0018757362977829043,0.004883629360942469,0.0025365309405089814
P28,10,HbO,5,4.574786321141163e-4,8.564079194702348e-4,0.0013915418749026948
P28,10,HbR,5,-0.0012355697542922718,0.0023693058250540146,0.0015483861364987241
P28,11,HbO,5,-1.0258007116821148e-4,0.0028200903001189158,-1.073997327695615e-4
P28,11,HbR,5,-5.529847159886055e-4,-3.6756281585622003e-4,0.001482394876622043
P28,12,HbO,5,-7.434223604470441e-5,3.107884270822418e-4,1.5690674358424065e-4
P28,12,HbR,5,-2.4799246485261127e-5,1.6246347529738771e-6,4.715694119396632e-5
P28,14,HbO,5,-3.878602564618447e-5,1.6563690359754733e-4,1.4036448519666553e-4
P28,14,HbR,5,-3.43353869846955e-5,-5.45128947768599e-6,2.5468794394879563e-5
P28,15,HbO,5,-3.0579811277471836e-4,5.815982984597081e-4,0.0027490673118296806
P28,15,HbR,5,-1.9631168970786998e-4,-3.098134853600214e-4,7.729302897193252e-4
P28,16,HbO,5,-9.929272901662324e-5,2.3509785403639356e-4,2.556180289214852e-4
P28,16,HbR,5,-3.829152081514474e-5,-9.067925373937182e-5,-4.882955320365051e-5
P28,17,HbO,5,-1.0152393956365016e-4,1.4345523532412015e-4,9.94135607179105e-5
P28,17,HbR,5,-3.31343970737061e-5,-5.710838651721618e-6,4.712718076491338e-5
P28,18,HbO,5,-5.910906061622275e-7,2.4345657825659647e-6,-1.1115126263234747e-5
P28,18,HbR,5,-8.374628072799276e-7,8.872493024943802e-6,-1.0986273063280271e-5
P28,19,HbO,5,1.682196616937586e-6,4.129468605909572e-6,-5.61700932017878e-6
P28,19,HbR,5,-4.4947279214830523e-7,1.769593080543736e-6,-7.251881568150685e-6
P28,20,HbO,5,8.44845516580818e-7,-2.358855612297951e-6,-1.570737578485254e-6
P28,20,HbR,5,-4.4399401308408527e-7,7.99698349385935e-7,1.2406853255360457e-6
P28,21,HbO,5,-8.786961227863306e-8,1.3850467257335314e-6,2.1148777538691934e-6
P28,21,HbR,5,-1.4094856846234973e-7,7.097603950877218e-8,1.0587490162362123e-6
P28,22,HbO,5,3.40440860695583e-7,6.846477703437756e-6,1.8931090432571903e-6
P28,22,HbR,5,-8.893593990267812e-8,-3.269521113863771e-6,-7.191563305443489e-7
P28,23,HbO,5,7.801412947433857e-7,1.5223760499490918e-6,1.920024581388101e-6
P28,23,HbR,5,-6.827419460744016e-7,4.803458703693648e-6,7.454853675423529e-7
P28,1,HbO,8,-0.003220438280505494,-0.0030835403382235066,0.0049339640323027775
P28,2,HbO,8,-0.001278067330462977,2.834009410731494e-5,0.0012074601101021436
P28,3,HbO,8,-0.003103837419054743,-9.184530965429295e-4,0.0046988244031471995
P28,4,HbO,8,-4.6766530735554615e-4,4.5016906989367114e-4,4.8319429596885543e-4
P28,5,HbO,8,-7.400711994820043e-4,0.006926070347998509,0.004253513941859352
P28,7,HbO,8,4.548391338834622e-4,8.092458660434512e-6,-9.155712387203196e-4
P28,8,HbO,8,-6.099716837098332e-4,0.0012636076940007858,-3.65672718206778e-5
P28,9,HbO,8,5.818892185117011e-4,-4.2803479383488784e-4,1.100841579946673e-4
P28,10,HbO,8,-7.66231007524166e-4,0.0028853014172797852,0.002151823533468487
P28,11,HbO,8,-0.0011044688861763172,0.0038969255141195792,0.0010265347310452317
P28,12,HbO,8,-1.0734646245940946e-4,2.563018886023926e-4,1.5974324507944524e-4
P28,14,HbO,8,-6.824778287592722e-5,1.5823443950656985e-4,1.1307650827294443e-4
P28,15,HbO,8,-0.001346923822625207,0.001960814483287541,0.0032424272487394257
P28,16,HbO,8,-9.22759116929619e-5,1.058570112258321e-4,1.7352696466342514e-4
P28,17,HbO,8,-8.02680335644399e-5,3.277978496575835e-5,6.34233341342458e-5
P28,18,HbO,8,-9.78517443499045e-7,4.920498738105765e-6,-6.165610856226993e-6
P28,19,HbO,8,1.1015330861902458e-6,6.3119874883368745e-6,-1.6275244885173294e-6
P28,20,HbO,8,9.365796376973787e-7,3.5806934316776226e-7,4.1180015811846366e-7
P28,21,HbO,8,1.709507709129884e-7,3.616793507598315e-6,2.9058663538947643e-6
P28,22,HbO,8,8.500696794197397e-8,4.194906198065652e-6,-6.836693034260959e-7
P28,23,HbO,8,4.070740864952143e-7,2.4759181546049504e-6,9.532117278223755e-7
P28,1,HbO,11,-0.003391440274494943,-0.0024678391311058257,0.004067727515341416
P28,2,HbO,11,-0.0013390946863441654,-1.9531023237289354e-5,0.0010025517747469014
P28,3,HbO,11,-0.0033047507500257012,-4.047022761707239e-4,0.0043728104078296325
P28,4,HbO,11,-5.633397896675449e-4,4.364282725574432e-4,4.450350962065135e-4
P28,5,HbO,11,-0.002223625612442519,0.008612531614173628,0.00416338386666666
P28,7,HbO,11,-1.3041540237321804e-4,9.944681246393707e-4,-3.8932109039257915e-4
P28,8,HbO,11,-9.428805776224457e-4,0.0030869815504001885,0.0012696213157585633
P28,9,HbO,11,1.6912157917363347e-4,9.351771934175023e-4,0.001017074520469284
P28,10,HbO,11,-0.0012782139080516342,0.003455603228546937,0.0023143193310953165
P28,11,HbO,11,-0.0015981797725866964,0.0037072400450595135,0.0015968298352397952
P28,12,HbO,11,-1.2163698475367106e-4,1.5814120775552978e-4,1.3436378667050806e-4
P28,14,HbO,11,-7.746776498796671e-5,1.256531610778561e-4,8.777884271481773e-5
P28,15,HbO,11,-0.0018737258531217158,0.002312751682938996,0.0034846508039651633
P28,16,HbO,11,-7.898259295498223e-5,-7.803629466673121e-6,1.0203478465070608e-4
P28,17,HbO,11,-6.661028478417628e-5,-1.4150018658927988e-5,2.9536003191034215e-5
P28,18,HbO,11,-1.0705023535805175e-6,6.473999034924902e-6,-1.0368678757970066e-6
P28,19,HbO,11,5.291228708064007e-7,7.237276587075729e-6,1.2992268814935443e-6
P28,20,HbO,11,1.090853549671532e-6,2.300980622192706e-6,1.7688398149169855e-6
P28,21,HbO,11,3.7960797916049625e-7,4.9692385031351935e-6,3.332330856250972e-6
P28,22,HbO,11,1.7645964307366376e-7,2.22078532991102e-6,-1.5321858670207887e-6
P28,23,HbO,11,-8.525884133030602e-8,3.3943163722691874e-6,-4.310331241916931e-7
P28,1,HbO,14,-0.003199702309745149,-0.0015895657787392647,0.0032551426623916974
P28,2,HbO,14,-0.001298039891104526,5.974931573423073e-5,8.778569785072419e-4
P28,3,HbO,14,-0.0031589818384137867,3.60312440966739e-4,0.003916072536183835
P28,4,HbO,14,-5.788586977770903e-4,3.9779548401665395e-4,3.839737992396625e-4
P28,5,HbO,14,-0.0031165421936485524,0.008580546558411868,0.0035314376501670176
P28,7,HbO,14,-4.7704040140679374e-4,0.0014305616514000295,-9.182372452631701e-5
P28,8,HbO,14,-0.0010213919148211212,0.004159894902514482,0.002046405996459348
P28,9,HbO,14,-8.392870797859537e-6,0.0016794543989033133,0.0015455456026657567
P28,10,HbO,14,-0.0014952091365181685,0.003419360581878297,0.0021783504858287586
P28,11,HbO,14,-0.0018653918777369485,0.0031899119164889114,0.001961510382717018
P28,12,HbO,14,-1.2085922824468715e-4,6.037577171423094e-5,9.749311999426189e-5
P28,14,HbO,14,-7.597162124429987e-5,8.718613159778936e-5,5.9290340831872026e-5
P28,15,HbO,14,-0.0021257187674385875,0.0023447011922707994,0.0035633638065343384
P28,16,HbO,14,-6.066594865223995e-5,-9.017480554507615e-5,3.714858844970119e-5
P28,17,HbO,14,-5.402764805146163e-5,-3.490526165221192e-5,-1.2714255796216545e-5
P28,18,HbO,14,-9.078417705673811e-7,6.876456187321718e-6,2.5587491796524114e-6
P28,19,HbO,14,2.1589578406041357e-7,7.0146294056042305e-6,3.0574346198771827e-6
P28,20,HbO,14,1.100784650820104e-6,2.9897497430488167e-6,2.349975887022974e-6
P28,21,HbO,14,3.3597811643499305e-7,5.270263884357007e-6,3.3206095302355028e-6
P28,22,HbO,14,3.982789979438904e-7,8.946944063314387e-7,-1.627375161121324e-6
P28,23,HbO,14,-6.534947177139482e-7,3.550464292975955e-6,-1.8431414055097338e-6
P28,1,HbO,17,-0.002756080506023538,-6.11836710555057e-4,0.0022813718967219835
P28,2,HbO,17,-0.0011936521025471723,2.1478087592384726e-4,7.075468434605655e-4
P28,3,HbO,17,-0.002763860773796528,0.0011663453614007438,0.0031919593648176764
P28,4,HbO,17,-5.469383931021131e-4,3.481658912536364e-4,2.871020077027343e-4
P28,5,HbO,17,-0.0037352506866739,0.007953738147222328,0.0028866554902925255
P28,7,HbO,17,-6.884924713836424e-4,0.0016567999547847606,2.475948288247478e-4
P28,8,HbO,17,-9.94028179086153e-4,0.0048398490359136525,0.002620142998533845
P28,9,HbO,17,-1.5446050204261224e-4,0.0023535099163884527,0.0020809980281220495
P28,10,HbO,17,-0.0016666538351198172,0.0032559796662664097,0.0019814128577198575
P28,11,HbO,17,-0.002071825687947862,0.002826867335878485,0.0022586079192209218
P28,12,HbO,17,-1.1201046670492822e-4,-7.920737459566534e-6,6.34397526337147e-5
P28,14,HbO,17,-7.248283603478102e-5,5.929509477713431e-5,3.1135281090585e-5
P28,15,HbO,17,-0.0022593087334676644,0.0024058443148855697,0.0034587970782639873
P28,16,HbO,17,-4.1124550178149886e-5,-1.3842333055960458e-4,-1.7932548616380386e-5
P28,17,HbO,17,-4.093481977714703e-5,-5.3528758554317565e-5,-5.4016441768654785e-5
P28,18,HbO,17,-8.619584300181303e-7,5.636046771805523e-6,4.057976075980152e-6
P28,19,HbO,17,6.823832408849513e-8,5.593640966264589e-6,3.815497456178792e-6
P28,20,HbO,17,8.573813744071056e-7,2.6801834001314054e-6,2.2416917111855355e-6
P28,21,HbO,17,1.0779528825469532e-7,4.6886415808938975e-6,2.8937584064024536e-6
P28,22,HbO,17,5.23196503784069e-7,-1.6195113640230413e-7,-1.7114314812802224e-6
P28,23,HbO,17,-1.1973602686716453e-6,2.9270226954748513e-6,-2.679411553146992e-6
P06,1,HbO,5,-0.0012284489881390977,-0.0035983306478782856,-5.557785302108993e-4
P06,1,HbR,5,-9.729855049679224e-5,2.756351598577765e-4,5.705855286655264e-6
P06,2,HbO,5,-0.004669157100741905,-0.0010862347363265574,5.128235202741514e-4
P06,2,HbR,5,4.536945279990159e-4,-8.975446096658709e-4,4.338755751213907e-5
P06,3,HbO,5,-0.0019115492594976992,-0.008046038259202687,0.002536571761535626
P06,3,HbR,5,8.145639679593705e-5,-0.0015285578715298095,-1.381561496409242e-4
P06,4,HbO,5,-0.002764261918639673,-0.002581288668015119,0.0015369772470433757
P06,4,HbR,5,6.990227169541884e-4,-3.495650645786751e-4,-4.560865723809732e-4
P06,5,HbO,5,-0.002323097295113195,-0.008759675464792636,0.0011748816889053787
P06,5,HbR,5,6.924348183590937e-4,0.0025073082240971473,-2.2871623931455345e-4
P06,7,HbO,5,-0.0034554674847696145,-0.004093090525904616,-5.674873165384041e-4
P06,7,HbR,5,5.369028956244673e-4,6.194978085697012e-5,0.00034428603800533913
P06,8,HbO,5,-0.0034142892204698442,-0.003288685745991223,-2.108675228027847e-4
P06,8,HbR,5,3.6898651749648996e-4,3.069283919733877e-4,2.4289411688758325e-4
P06,9,HbO,5,-0.0038208312368868806,-0.006822355480374973,0.0017913011658692718
P06,9,HbR,5,0.0012521380726700203,0.0016238103199147397,1.8099032296262627e-4
P06,10,HbO,5,-0.003858799986395866,-0.0028580109612204056,0.008156347825900315
P06,10,HbR,5,1.8509720455965804e-4,-0.002003474749385217,-0.001345411817942473
P06,11,HbO,5,-0.002227376506647707,-0.005794850041714754,4.959954561998122e-4
P06,11,HbR,5,-3.2952082730048113e-4,4.362802750404201e-4,-1.3240591489365236e-4
P06,12,HbO,5,-0.005505970170944395,-0.006645244233073537,-2.627291776158323e-4
P06,12,HbR,5,-5.85932556728646e-4,-0.0017756453007498902,6.024984913877561e-4
P06,14,HbO,5,-0.00405274539451284,-0.0072636928165649775,-0.0031881345388219138
P06,14,HbR,5,-0.001394131451312766,-0.0015659329245381896,5.929703453932571e-4
P06,15,HbO,5,-0.0023998090219441988,9.156629462500057e-4,-0.0015840646560493447
P06,15,HbR,5,-0.001954095049022144,-0.0058015950213318864,-8.860938916830182e-5
P06,16,HbO,5,0.0014577875601796545,-3.921138001435187e-4,0.002463700011895451
P06,16,HbR,5,-9.17234078928166e-4,-0.0015677048244285526,8.638316119559933e-4
P06,17,HbO,5,-0.0015941584748688958,0.011021953156731322,0.004357756219898988
P06,17,HbR,5,-4.876191718751756e-5,-0.0029842628240423757,-3.5132590671068493e-4
P06,18,HbO,5,-1.79209747272563e-5,-9.344982558649063e-5,-5.1265139406306416e-5
P06,18,HbR,5,-4.3341968395466946e-6,-3.945060181530725e-5,-1.7905835162026056e-5
P06,19,HbO,5,-1.3998466518788278e-5,-2.4753738998272564e-5,-1.542163506709782e-5
P06,19,HbR,5,-1.000859542710223e-5,-4.9273764657775786e-5,-3.111248094908362e-5
P06,20,HbO,5,-0.001321304697578842,-0.009142900358486644,-0.003160881647367684
P06,20,HbR,5,-0.001288764473610976,-4.468254870385801e-5,6.900609374752738e-4
P06,21,HbO,5,-0.0013846308953022765,-0.01295177210719713,-3.3741281856351877e-4
P06,21,HbR,5,-2.5551755229473814e-5,0.0017719066349234417,3.775884375316442e-4
P06,22,HbO,5,-0.003914805232452594,-0.003140278453650848,-0.0025101353219688506
P06,22,HbR,5,-9.576425389046451e-4,-0.0026583784707898527,-2.3893476105215822e-4
P06,23,HbO,5,-0.0016119135450338076,-0.011103488089245156,0.002243892770861944
P06,23,HbR,5,-4.3258157943308265e-5,-0.002774228754026353,-2.9231325296670617e-4
P06,1,HbO,8,-0.0010549729927462317,-0.0013065194803245648,5.718019049985848e-4
P06,2,HbO,8,-0.003672919808605083,0.0026839612327609072,0.0019733684506779334
P06,3,HbO,8,-0.0019513242598010836,-0.0033952708327339366,0.0036314994049856746
P06,4,HbO,8,-0.002177433228488029,1.559379254585575e-4,0.001898597397374073
P06,5,HbO,8,-0.001918803140586357,-0.0056760946747326955,0.0015870622386372397
P06,7,HbO,8,-0.0027321554747778047,-0.0010514484947479713,8.567309763946025e-4
P06,8,HbO,8,-0.0028782067274362184,-0.0011984930030816256,9.766000323946243e-4
P06,9,HbO,8,-0.0034278547733517834,-0.0030589584059003785,0.0030079744865767984
P06,10,HbO,8,-0.004051327916920974,6.11285367634575e-4,0.009218164369074992
P06,11,HbO,8,-0.001694575248970718,-0.003915748133608042,0.0019436216406670686
P06,12,HbO,8,-0.004803687220192929,-0.005574801765094699,0.0013576519202277138
P06,14,HbO,8,-0.004023592396271198,-0.007309232523128014,-9.423270019375224e-4
P06,15,HbO,8,-0.002535378446056682,-0.00205895995889915,7.436292629467953e-4
P06,16,HbO,8,8.507469441934225e-4,-7.286502560668644e-4,0.00323977416678877
P06,17,HbO,8,-5.889724839552335e-4,0.012312732852813382,0.0065031123108466255
P06,18,HbO,8,-1.868193857422267e-5,-1.2305584889937129e-5,-7.79372265186799e-6
P06,19,HbO,8,-1.4335232149273335e-5,1.6704562513130176e-5,6.7998416025194155e-6
P06,20,HbO,8,-0.001067019532182884,-0.00751427173611939,-0.0013334821405278543
P06,21,HbO,8,-0.001607149264330342,-0.011231592558589121,5.149891590799544e-4
P06,22,HbO,8,-0.0035670880137238996,-0.0014469463225689372,-6.680808362538662e-4
P06,23,HbO,8,-0.001296618867238183,-0.010190712587692309,0.0031722298628951823
P06,1,HbO,11,-9.237334541998579e-4,4.888631468407268e-4,0.0011023988855081972
P06,2,HbO,11,-0.002880881719335683,0.00501211504405881,0.0024299961327271928
P06,3,HbO,11,-0.0019327515186996875,3.351836700961978e-4,0.0037501497268164264
P06,4,HbO,11,-0.0016631053182314774,0.0019936995277306424,0.0016649887924613982
P06,5,HbO,11,-0.0015120258202014594,-0.0030261659853037144,0.0015346288594693315
P06,7,HbO,11,-0.002059018550444061,0.0015910727126989235,0.0016266255438506017
P06,8,HbO,11,-0.0023593260562858667,8.811630511099849e-4,0.0015907262112508428
P06,9,HbO,11,-0.0029883893864609957,2.5934121187096897e-4,0.003441396164391184
P06,10,HbO,11,-0.004031760028636432,0.0033149561619383633,0.008493781726364691
P06,11,HbO,11,-0.0013023486086884916,-0.002167334453806395,0.0025292062986523303
P06,12,HbO,11,-0.004108512207996644,-0.003464689663523236,0.002154534521638051
P06,14,HbO,11,-0.003952458568170855,-0.006914660868991185,6.204656331280584e-4
P06,15,HbO,11,-0.00261946960951769,-0.004050618209968304,0.0022806655471964386
P06,16,HbO,11,2.928546224473036e-4,-8.443377523050429e-4,0.0035406601738001173
P06,17,HbO,11,-3.5932527880310916e-5,0.012987147479507155,0.007257490202303551
P06,18,HbO,11,-1.655074377723109e-5,3.472410924717552e-5,2.0007005190520367e-5
P06,19,HbO,11,-1.3035635344520196e-5,3.966979058207617e-5,1.9960000455531526e-5
P06,20,HbO,11,-8.860908217282592e-4,-0.005675197379139299,-2.6595901762698133e-4
P06,21,HbO,11,-0.0018702665178193152,-0.008995585516224218,7.238703571747141e-4
P06,22,HbO,11,-0.00326650710904602,5.905118613386017e-4,5.506472246978069e-4
P06,23,HbO,11,-0.0010064337074859053,-0.008120433244721784,0.00343815260740759
P06,1,HbO,14,-7.845207580513726e-4,0.0014703153977180237,0.0011926653521380432
P06,2,HbO,14,-0.002152674367587546,0.0055778504739518045,0.0021593929830258153
P06,3,HbO,14,-0.0018066431506707568,0.0023641183951558435,0.0031181943919448944
P06,4,HbO,14,-0.0011610459857037733,0.0024167263951613647,0.0010434850287310952
P06,5,HbO,14,-0.0010315993002951243,-0.0015982154910369648,0.0010121805659396006
P06,7,HbO,14,-0.0014034232746909258,0.0029518827952359594,0.001718217923503397
P06,8,HbO,14,-0.0018141632316753323,0.002125091131943848,0.0016034592187374986
P06,9,HbO,14,-0.0023999426465705423,0.002257958964540575,0.003096650891864813
P06,10,HbO,14,-0.0037592132726370774,0.004154474409623675,0.006402934945009285
P06,11,HbO,14,-0.0010408932211476176,-8.325821106346965e-4,0.0023943050332787983
P06,12,HbO,14,-0.0033630422049837354,-0.0011706384627565838,0.002209783793675684
P06,14,HbO,14,-0.00372378344775476,-0.006185227140590299,0.0017272839991089707
P06,15,HbO,14,-0.0025985044590376358,-0.005488930049396897,0.0031904168317437955
P06,16,HbO,14,-1.5857957270595138e-4,-0.001257708265775857,0.003409148201244696
P06,17,HbO,14,2.2955605604108912e-4,0.011617714175173374,0.006839456785403621
P06,18,HbO,14,-8.317650111929498e-6,3.061313619032586e-5,2.9178929220320448e-5
P06,19,HbO,14,-8.087961186890869e-6,3.2717319097775715e-5,2.1634157561564805e-5
P06,20,HbO,14,-7.278839553411998e-4,-0.004250450281064335,3.4365952412878146e-4
P06,21,HbO,14,-0.0020556445994740235,-0.007351223195069901,5.310019979234867e-4
P06,22,HbO,14,-0.0029111345250945617,0.002107750257159821,0.0011939796524594998
P06,23,HbO,14,-8.910801855209339e-4,-0.005430391742926603,0.0030931280529885217
P06,1,HbO,17,-6.433567182933332e-4,0.0016758219049224816,0.0010819318124370193
P06,2,HbO,17,-0.0014403300318639766,0.004885690975004813,0.0016364317251522586
P06,3,HbO,17,-0.001607898379009069,0.002767037434896354,0.002207104967091195
P06,4,HbO,17,-6.893594891012627e-4,0.0017630207781859088,3.982160408169868e-4
P06,5,HbO,17,-5.417364737505502e-4,-0.0013427251173301258,3.024296774697889e-4
P06,7,HbO,17,-7.98928161784742e-4,0.0029770206560210196,0.0013853342481434296
P06,8,HbO,17,-0.0012698913726285638,0.0023494547517003096,0.001250867681063541
P06,9,HbO,17,-0.0017259078423038459,0.002838982056968365,0.0022950050001772373
P06,10,HbO,17,-0.0033086684944620853,0.0031879627821743087,0.003885069809966543
P06,11,HbO,17,-8.88690029658232e-4,-2.9704240112688567e-5,0.0018981877416938545
P06,12,HbO,17,-0.002612104633232937,7.805639549441621e-4,0.0018879482101577677
P06,14,HbO,17,-0.0033474966650236236,-0.00499097114821302,0.0025448060282058493
P06,15,HbO,17,-0.002466030084332714,-0.0064175781547925245,0.0036399139623008764
P06,16,HbO,17,-4.68474109527047e-4,-0.0017098038594921586,0.0030599906740494546
P06,17,HbO,17,3.484068845833239e-4,0.008625836326553367,0.005870861747548477
P06,18,HbO,17,3.0119498551087463e-6,1.0370536542763749e-5,2.9504053661813468e-5
P06,19,HbO,17,-1.204630569781099e-6,1.532945670986194e-5,1.835500938311264e-5
P06,20,HbO,17,-5.92637536328668e-4,-0.00332159769481951,7.966421539418872e-4
P06,21,HbO,17,-0.0020989396706342553,-0.0065903892527576355,2.4873351148259934e-4
P06,22,HbO,17,-0.0024668015753876666,0.0026859831368161165,0.0014105348465103787
P06,23,HbO,17,-9.127688004266834e-4,-0.003103380967370726,0.002281487903458356
P45,1,HbO,5,3.0835462532633525e-4,0.005728493366576206,-0.0013712584685321898
P45,1,HbR,5,-3.1957245437283364e-4,-2.1147825923221764e-4,8.05145522970586e-4
P45,2,HbO,5,-0.002648012515627443,0.02020752155844191,0.002479805412600032
P45,2,HbR,5,-1.8905469384654662e-5,-0.005421179853601479,-0.0012075879120021248
P45,3,HbO,5,0.0017026349990622715,0.004659610093079752,7.566036788016226e-4
P45,3,HbR,5,-8.79047975504098e-4,-0.001327961705431079,-4.111275958242604e-4
P45,4,HbO,5,-0.001277621278848267,0.0047887708257423455,-0.002467978317110221
P45,4,HbR,5,1.5471448756065474e-4,-0.0012012059696456983,7.824639643603229e-4
P45,5,HbO,5,-0.004161977422355776,0.03276900013620364,0.00454639172034406
P45,5,HbR,5,-1.920116874822043e-4,-0.006059905791678045,-9.842217040258291e-4
P45,7,HbO,5,-0.005435468136491325,0.021279640767174902,0.0013082925752133448
P45,7,HbR,5,1.2372411660048117e-4,-0.0014607958153600247,-1.3030243756086764e-4
P45,8,HbO,5,-0.0015387430100277084,0.014114080457007065,0.0025506991897895994
P45,8,HbR,5,1.0170160986675979e-4,-0.0031564848964625507,-9.911633483342189e-4
P45,9,HbO,5,-0.0023984808892485825,0.01456434349299823,0.0013912755698777606
P45,9,HbR,5,1.5990090914391695e-4,-0.0036445856219784276,-8.694233146292396e-4
P45,10,HbO,5,1.5023008219284287e-4,0.00902714587333172,0.0015002280266532505
P45,10,HbR,5,-0.0010253286955391357,-0.0012567909030171682,-0.0010227758831299917
P45,11,HbO,5,-2.5237408779117904e-4,0.005436985804616945,1.7491738688600936e-4
P45,11,HbR,5,-1.7079288353773553e-4,-0.0012927034443351191,-2.1974584259489704e-4
P45,12,HbO,5,-0.002195088743886898,0.016608562066820508,0.0014913622823564381
P45,12,HbR,5,-1.6765349926753622e-4,0.001114311878690901,0.0015471027375763432
P45,14,HbO,5,0.0011563215244562097,2.955136076883572e-5,-0.003923677990918586
P45,14,HbR,5,-0.001035853850575269,0.004864125113210658,0.0023514800296334636
P45,15,HbO,5,0.00109588107550752,1.7401176216077778e-4,-0.0025362460995473303
P45,15,HbR,5,-7.648025512372219e-4,0.001019392534830531,6.438660973947919e-4
P45,16,HbO,5,-7.102095461164708e-4,0.005889989204555191,0.0011019579930084812
P45,16,HbR,5,9.920833466678463e-5,-0.0016276416552254572,-3.8893576891746315e-4
P45,17,HbO,5,-2.815254983466471e-4,0.0012125818848294624,-8.260019026028663e-5
P45,17,HbR,5,1.690893609994297e-5,-3.432878979406659e-4,-1.1665584076874477e-4
P45,18,HbO,5,2.751076623494227e-6,1.5598807211206418e-5,6.2210492195722234e-6
P45,18,HbR,5,9.83523314398887e-7,5.1941643684256954e-5,2.240179181487921e-5
P45,19,HbO,5,4.545714680774314e-6,1.0125597017878235e-5,1.0033852839388713e-5
P45,19,HbR,5,8.709797887907518e-7,1.6523985799565602e-5,6.922542060370272e-6
P45,22,HbO,5,-7.182176331193588e-5,3.288467281455317e-4,-4.082479292016975e-5
P45,22,HbR,5,1.4292268515917227e-5,-5.014133572923875e-5,-3.9900018343404846e-5
P45,23,HbO,5,-9.683244752756424e-5,6.937302281076224e-4,5.887615377009669e-5
P45,23,HbR,5,2.5023741117027707e-6,-7.476008828567442e-5,-3.58088194400279e-5
P45,1,HbO,8,-2.434183779147348e-4,0.008915685222477808,8.386136082042051e-4
P45,2,HbO,8,-0.0029134363274914196,0.018685601459026913,0.0026777658851711472
P45,3,HbO,8,9.576826896141287e-4,0.005699340380129371,0.0016878538988092343
P45,4,HbO,8,-0.002230358984893886,0.008232467682415227,-6.486382571790424e-4
P45,5,HbO,8,-0.004925797101989817,0.02970467689110991,0.004533718400526115
P45,7,HbO,8,-0.005305694486784251,0.019993928347273857,0.0014191628174959963
P45,8,HbO,8,-0.0014605902090294026,0.013388829628475707,0.002459187769182725
P45,9,HbO,8,-0.002795842033066378,0.013400068979516854,0.0012407596776364115
P45,10,HbO,8,-3.2550447840982993e-4,0.00724324761177485,0.0010313061928539382
P45,11,HbO,8,-6.102107557166678e-4,0.005497920214858814,4.3722545375400325e-4
P45,12,HbO,8,-0.002883207117068158,0.016794890634689173,0.0014832852679322493
P45,14,HbO,8,-2.6569906280405627e-4,0.004537356642066492,-0.0022334474057856676
P45,15,HbO,8,1.2158975335296015e-4,0.0032704645863142084,-9.441802747905685e-4
P45,16,HbO,8,-7.009891698001201e-4,0.005283661252044291,0.001042877778014356
P45,17,HbO,8,-2.469505801848096e-4,0.001193551949429611,5.959886923000372e-5
P45,18,HbO,8,2.9127131021259334e-6,6.134235393634887e-6,4.4020106003754294e-6
P45,19,HbO,8,4.066281190963153e-6,7.154002036149678e-6,7.770636315425913e-6
P45,22,HbO,8,-3.744652146897957e-5,3.3262723933870917e-4,3.8071880585017626e-5
P45,23,HbO,8,-6.930746805811556e-5,6.359570364824278e-4,7.274174097350913e-5
P45,1,HbO,11,-7.43145313796225e-4,0.011426367305083724,0.0025929306215857193
P45,2,HbO,11,-0.0029647659351864776,0.017554234568947086,0.0030137888611955536
P45,3,HbO,11,2.8303597158147446e-4,0.006109179731988055,0.002270697785833406
P45,4,HbO,11,-0.0027838790679080667,0.010597576613561945,9.5016319581504e-4
P45,5,HbO,11,-0.005088204447927217,0.025951044314086034,0.004392112442364925
P45,7,HbO,11,-0.00485225057396431,0.017967181696860568,0.0012898344513586762
P45,8,HbO,11,-0.0012636979290706763,0.011768133077168898,0.0020897957256226195
P45,9,HbO,11,-0.002767286637052481,0.011833057602670892,9.635372030167287e-4
P45,10,HbO,11,-6.398078209572414e-4,0.005480555813508929,6.229890206508301e-4
P45,11,HbO,11,-8.235293205360129e-4,0.005305297828991132,6.506082876014347e-4
P45,12,HbO,11,-0.0031213886734810653,0.0158074792540502,0.0013764493363844852
P45,14,HbO,11,-0.0012999457005424852,0.006789335155726718,-0.0012781860502486238
P45,15,HbO,11,-6.46665891432448e-4,0.005056190919649848,1.0845826445073412e-4
P45,16,HbO,11,-6.607826550017806e-4,0.004442817367912656,8.685950427387098e-4
P45,17,HbO,11,-2.1698222595359628e-4,0.0010252264653993694,1.2393609678239644e-4
P45,18,HbO,11,2.6339188247978275e-6,4.352871619241483e-6,3.6813958832030745e-6
P45,19,HbO,11,3.6158529112570173e-6,6.108900408015204e-6,5.719383732352569e-6
P45,22,HbO,11,-2.1746824347363894e-5,2.1311879382068108e-4,5.391737915331946e-5
P45,23,HbO,11,-5.249878695625474e-5,5.492232918975014e-4,8.055700612787671e-5
P45,1,HbO,14,-0.0012335640238050078,0.012697317681106046,0.0037515989608259397
P45,2,HbO,14,-0.0029535356103771657,0.015870263274384074,0.003257488645935356
P45,3,HbO,14,-3.580385853517548e-4,0.006077672925985669,0.0025392243429923087
P45,4,HbO,14,-0.0031043507915617624,0.011931991651708827,0.0021703607470212436
P45,5,HbO,14,-0.004856640630249672,0.021254913813391743,0.00392035889728351
P45,7,HbO,14,-0.00422864366406947,0.015231790476766698,9.963197467286198e-4
P45,8,HbO,14,-0.001139946522230333,0.009528917792826757,0.0014703025414892885
P45,9,HbO,14,-0.0025040743121255552,0.009471615897556638,3.8382310443372576e-4
P45,10,HbO,14,-8.31762704971966e-4,0.003612918863878897,1.573947532676168e-4
P45,11,HbO,14,-9.574272252762217e-4,0.005034428635256181,8.032336205537409e-4
P45,12,HbO,14,-0.003088712799038701,0.014054566639220492,0.0011765729121780246
P45,14,HbO,14,-0.0019740033563530475,0.007816583599191877,-5.338046927400939e-4
P45,15,HbO,14,-0.0012000486946563724,0.006349742047371059,0.0010225326804704955
P45,16,HbO,14,-6.030033362445124e-4,0.0035151035675150422,6.58068301976931e-4
P45,17,HbO,14,-1.930517234216833e-4,7.567895110246676e-4,1.3223961174055893e-4
P45,18,HbO,14,2.1265319884316026e-6,3.353246497492203e-6,1.9364676843350995e-6
P45,19,HbO,14,2.9620798933922904e-6,6.8948362698475985e-6,3.8051987526970638e-6
P45,22,HbO,14,-1.763104577326601e-5,3.2831379370596126e-5,3.3970156022819225e-5
P45,23,HbO,14,-4.166292808563334e-5,4.3136482054359547e-4,8.479919251240562e-5
P45,1,HbO,17,-0.0016596847907096534,0.012463858439890797,0.004265550697030987
P45,2,HbO,17,-0.0029235597777518465,0.013238405742379965,0.003194512821386094
P45,3,HbO,17,-9.206127562927623e-4,0.005622684303898442,0.0025494088043307
P45,4,HbO,17,-0.0033046795078380178,0.012027380618556899,0.002834586957121069
P45,5,HbO,17,-0.0044910197273359,0.015923326060695547,0.00314141937578029
P45,7,HbO,17,-0.0036032422795414156,0.012102627777598272,6.984618747345945e-4
P45,8,HbO,17,-0.0011317810776493937,0.007236982262792755,8.67717950544504e-4
P45,9,HbO,17,-0.002207550189583312,0.006637562317392869,-3.139672329055652e-4
P45,10,HbO,17,-9.544121556467147e-4,0.0018647984080721728,-2.9526439758259873e-4
P45,11,HbO,17,-0.0010566550452326016,0.004727657550674431,8.974718069646824e-4
P45,12,HbO,17,-0.0029681917466118624,0.011905988989464303,9.603412685537722e-4
P45,14,HbO,17,-0.002357990733772362,0.008069397792251493,1.8145314997483698e-4
P45,15,HbO,17,-0.0015542267817131527,0.007323726680607754,0.0018716143342002738
P45,16,HbO,17,-5.500135735732496e-4,0.0026068597166383693,4.742385076000612e-4
P45,17,HbO,17,-1.728351523847018e-4,4.669687760823458e-4,1.1454289812939639e-4
P45,18,HbO,17,1.5747192414637206e-6,-1.8162716205940334e-6,-1.592781489261003e-6
P45,19,HbO,17,2.159773340123849e-6,6.817114774620589e-6,1.7033558106323468e-6
P45,22,HbO,17,-1.7711284724458864e-5,-1.2774574634377857e-4,1.1100937936855044e-5
P45,23,HbO,17,-3.348416901436066e-5,3.106760102650001e-4,9.067983894984337e-5
P47,1,HbO,5,-0.003584527207228634,0.0037544555844690325,0.011317576850062088
P47,1,HbR,5,0.001918552536443049,7.760439800854989e-5,-0.0022522972691319527
P47,2,HbO,5,-0.006270336675826137,0.005912152439419794,0.012247788450122785
P47,2,HbR,5,0.0025265901031096593,0.001773255781809598,7.636545965229e-4
P47,3,HbO,5,-0.00486028071473373,0.0023712619366396204,0.008195689657796209
P47,3,HbR,5,0.002571039495643156,9.089593851185308e-4,-0.0011216098286816907
P47,4,HbO,5,-0.005128186094215945,0.005187315503070703,0.008652551363136165
P47,4,HbR,5,0.00299715305163799,0.002642800516303285,0.0025606001340593614
P47,5,HbO,5,-0.00484792650244408,0.005684929648445385,0.01465712633830393
P47,5,HbR,5,0.001236652084354459,0.001441906084085274,-7.20867304340152e-4
P47,7,HbO,5,-0.002043966060627727,0.004008628155018429,0.006383534302470897
P47,7,HbR,5,3.797533632918769e-4,-0.0011582245211465127,-0.0021674367079060424
P47,8,HbO,5,-4.6442042391768194e-4,5.434749881984357e-5,7.890941755779445e-4
P47,8,HbR,5,8.512427616456276e-5,2.0684670380252504e-5,-1.5532132917875884e-4
P47,9,HbO,5,-0.0012623847321654917,0.002660752458466653,0.005277355878305286
P47,9,HbR,5,1.434837738753293e-4,-5.494281536122652e-4,-0.0014212391433708006
P47,10,HbO,5,-0.004613723598973024,0.01308272096746238,0.03191169905263016
P47,10,HbR,5,-7.260609244946462e-5,3.341616447526082e-4,-0.003449903244992551
P47,11,HbO,5,-0.002515565124082765,0.006609492405912643,0.01444924390314255
P47,11,HbR,5,-1.0581384843477447e-4,0.0011369867741035113,3.49570682382877e-4
P47,12,HbO,5,-0.005909210045889751,0.010702535802904574,0.022337102681619626
P47,12,HbR,5,0.0015266148375858548,-7.427823800427912e-4,-0.001652313198323334
P47,14,HbO,5,-0.007608343734614482,0.013898865641103512,0.029605319829846738
P47,14,HbR,5,0.0037401919286800503,-0.005026820544546528,-0.010309947264393651
P47,15,HbO,5,-0.010004414302647749,0.009218998814619466,0.0259354715112416
P47,15,HbR,5,0.003877369282976897,-0.0023690086630123084,-0.007668737724720082
P47,16,HbO,5,-0.005810544878937057,0.0045823065437300865,0.014352155714465121
P47,16,HbR,5,0.001573398357667627,-0.0024759972102621724,-0.00519091718438528
P47,17,HbO,5,-0.0034330759288795894,0.00671224730331396,0.01231282055487774
P47,17,HbR,5,0.001210550795317139,-0.0028520279903226997,-0.005412606949253162
P47,18,HbO,5,3.603782992016181e-6,-1.3458089859259033e-5,-2.6238712950528907e-5
P47,18,HbR,5,-2.958235554391537e-7,-2.614834610093335e-6,-2.6838952110532907e-7
P47,19,HbO,5,3.637817476240396e-6,-1.2519974286037372e-5,-2.5928780282051197e-5
P47,19,HbR,5,1.8150012514283113e-6,-6.8860603467815395e-6,-1.1100145801631265e-5
P47,20,HbO,5,3.966606429352038e-4,2.827113886227348e-4,-7.540742163652895e-5
P47,20,HbR,5,3.327554487673947e-5,2.6746100058446142e-5,2.527529213861507e-6
P47,1,HbO,8,-0.0029528790605752855,0.0046999869610526174,0.009812167983573757
P47,2,HbO,8,-0.005676374092121131,0.006225355669406383,0.010295370060128806
P47,3,HbO,8,-0.003997997976164933,0.0037427439654653116,0.007264263175775366
P47,4,HbO,8,-0.00445794837084748,0.005724024946670338,0.00848651686271009
P47,5,HbO,8,-0.004563610079692327,0.006683579721789924,0.012557070686073294
P47,7,HbO,8,-0.001664765717445892,0.004423138114473062,0.005832654227535783
P47,8,HbO,8,-2.5601408800432935e-4,1.4865339427706746e-4,5.048233952637493e-4
P47,9,HbO,8,-0.001044990826376665,0.0027848482221433644,0.004799534981020462
P47,10,HbO,8,-0.004768109265533649,0.014160964337052044,0.02902097532985916
P47,11,HbO,8,-0.0025299454682516914,0.006771828916731613,0.013022179111309703
P47,12,HbO,8,-0.005566483520719673,0.01124132574127208,0.020684419650558564
P47,14,HbO,8,-0.006562829179839369,0.011313974029390121,0.023419816300472098
P47,15,HbO,8,-0.008763405416648076,0.0085077184216928,0.020714470696247666
P47,16,HbO,8,-0.004993554056338437,0.003929704542651942,0.010138207040419189
P47,17,HbO,8,-0.0032928580706836283,0.006123989607488513,0.010618546389380132
P47,18,HbO,8,1.0997188031042964e-6,-9.731627035041464e-6,-2.1479142617756233e-5
P47,19,HbO,8,2.224199954447674e-6,-1.0943927661305447e-5,-2.2924574843697412e-5
P47,20,HbO,8,4.335664370516246e-4,4.1671119280856117e-4,1.7249636857605266e-4
P47,1,HbO,11,-0.002203998593746193,0.005534283215045099,0.008560095811196015
P47,2,HbO,11,-0.004859341132856611,0.0067305807790427425,0.00956994506063078
P47,3,HbO,11,-0.002973077496694008,0.005201678535583362,0.0067788368954277535
P47,4,HbO,11,-0.0037767174527497723,0.006120943452765992,0.008387439756548034
P47,5,HbO,11,-0.004241747043196782,0.00725466222159042,0.010941843633449713
P47,7,HbO,11,-0.001439363579140355,0.004510950622701317,0.005790285832662954
P47,8,HbO,11,-1.4567798842040242e-4,2.0832981274502023e-4,4.3311639396134005e-4
P47,9,HbO,11,-9.462945825760286e-4,0.0026548411712925763,0.004427896832709983
P47,10,HbO,11,-0.0050558643943412,0.014848265961200544,0.026997539426005888
P47,11,HbO,11,-0.0026303058079738023,0.006684045047793037,0.011850045860188705
P47,12,HbO,11,-0.005252933313010285,0.011205217399135946,0.019077620798891647
P47,14,HbO,11,-0.005452828211408348,0.009715448759152374,0.018267274475865753
P47,15,HbO,11,-0.007513509071050638,0.008630855709644128,0.01668158519301118
P47,16,HbO,11,-0.004313421018226,0.0037204018398892366,0.007124052986562772
P47,17,HbO,11,-0.003364622916963172,0.005855520127555052,0.010074849724328608
P47,18,HbO,11,-7.383010407288287e-8,-5.4095625161660174e-6,-1.6418210658001945e-5
P47,19,HbO,11,1.2775263966712508e-6,-7.575805072072413e-6,-1.8091697419566407e-5
P47,20,HbO,11,4.576581320594527e-4,5.020157055194625e-4,3.434841701703145e-4
P47,1,HbO,14,-0.0013337664026571666,0.006037209216848278,0.00694881239004955
P47,2,HbO,14,-0.003722927127625593,0.006979912533168963,0.008746887938859565
P47,3,HbO,14,-0.0018168235777981814,0.006449272353747177,0.006210862134712874
P47,4,HbO,14,-0.0029368771605826735,0.006186159298606012,0.007823001157273659
P47,5,HbO,14,-0.0036889706460226383,0.007182254835204868,0.009315148233160138
P47,7,HbO,14,-0.0012467209599213015,0.004075940184894561,0.005520830120019848
P47,8,HbO,14,-9.02371908732799e-5,2.665433305903148e-4,4.8215993773482e-4
P47,9,HbO,14,-8.590805445840894e-4,0.002292109222200842,0.003946557259639687
P47,10,HbO,14,-0.005079401626130917,0.014571089414613367,0.024430082759078365
P47,11,HbO,14,-0.0026334742795522245,0.006168900870014297,0.010384137791312276
P47,12,HbO,14,-0.0047569383580352564,0.010213419916073654,0.016714756176956266
P47,14,HbO,14,-0.004146455017372182,0.00859672611718788,0.013560109449057778
P47,15,HbO,14,-0.0060035140852715925,0.009003653504727918,0.01334999756059573
P47,16,HbO,14,-0.0035398268894606343,0.003621916542941798,0.004584179412031596
P47,17,HbO,14,-0.0033450970626638893,0.005507430104731962,0.009589832223345546
P47,18,HbO,14,1.3614020413737696e-7,-2.8987312345337124e-6,-1.381065939225757e-5
P47,19,HbO,14,9.872398299518795e-7,-5.542261563479926e-6,-1.5547600404257347e-5
P47,20,HbO,14,4.637840771094252e-4,5.494741948499828e-4,4.5805750520392714e-4
P47,1,HbO,17,-3.989677878618258e-4,0.006002297208499308,0.0047908470977718704
P47,2,HbO,17,-0.0023629039748275624,0.006612030639798021,0.00701984687924682
P47,3,HbO,17,-6.323918798667867e-4,0.006986390125097561,0.005110439471335772
P47,4,HbO,17,-0.001965817413966593,0.005736430484721071,0.006460473289514808
P47,5,HbO,17,-0.0029107995526876356,0.006433925146647877,0.0073419491687475875
P47,7,HbO,17,-0.0010272531816910798,0.003286088583716101,0.00472511516135486
P47,8,HbO,17,-5.0749472752847115e-5,3.373473940939117e-4,5.530302874620204e-4
P47,9,HbO,17,-7.398170733325197e-4,0.0018377999490760796,0.0032714903029077928
P47,10,HbO,17,-0.004726702938123346,0.013196143480622353,0.02074929575962051
P47,11,HbO,17,-0.0024723848616441885,0.005287696477609533,0.008491415691671278
P47,12,HbO,17,-0.004061282049736913,0.008450210566154954,0.013501449323995789
P47,14,HbO,17,-0.0027049514570669413,0.007512180425956635,0.009092840515663272
P47,15,HbO,17,-0.0042462185579646575,0.00903073407855361,0.010262284590767322
P47,16,HbO,17,-0.0025862530702056396,0.0034071922811492123,0.0021682028516590945
P47,17,HbO,17,-0.0030740386265648077,0.00498454337800838,0.00852699050901115
P47,18,HbO,17,1.0940193661796108e-6,-3.0026885718724437e-6,-1.410545084389738e-5
P47,19,HbO,17,1.2455088811745723e-6,-5.85328694469209e-6,-1.5923981460666942e-5
P47,20,HbO,17,4.5123074731437694e-4,5.677773359363614e-4,5.254782207780236e-4
P26,1,HbO,5,-1.5059409988487477e-4,-5.997112982962983e-4,-0.0010798844261816502
P26,1,HbR,5,-8.253909541313054e-5,-2.253094113234637e-4,-4.5036481214301046e-5
P26,2,HbO,5,-3.9152467361773524e-4,8.931355855881285e-4,2.9340256531368855e-4
P26,2,HbR,5,3.842942859991525e-5,-6.149464229747097e-4,-2.7083805460206226e-4
P26,3,HbO,5,-1.6555890567114044e-4,0.0012742945656044628,-0.0015897238952844797
P26,3,HbR,5,-3.0806329959731177e-4,-0.0014460702230463312,-5.507197367841788e-4
P26,4,HbO,5,-1.4279793312008848e-4,-4.5496422177375634e-4,-1.2300188099958196e-4
P26,4,HbR,5,-1.0356780175936442e-5,-1.0333212113805272e-4,-9.423988462544846e-5
P26,5,HbO,5,-0.0014435369087399757,-0.002064817598692712,2.487777426313204e-4
P26,5,HbR,5,2.706078918232672e-5,-0.003001919236562594,-0.00176064819066711
P26,7,HbO,5,-0.0010358527863659954,-0.0015446652964536075,-0.0014458027286406783
P26,7,HbR,5,1.5855491598240366e-4,-0.001076540166441705,-1.6496764187911813e-4
P26,8,HbO,5,-3.4642658380434714e-4,-7.395202039069176e-4,-2.3696516500917216e-4
P26,8,HbR,5,2.8938243797836638e-5,-1.681527848540977e-4,-1.5410658698676157e-4
P26,9,HbO,5,-0.0017711300362518,-0.004780589777824223,-9.425597660961042e-4
P26,9,HbR,5,3.1810210450121954e-4,3.1180700415938615e-4,-2.5384532204590133e-4
P26,10,HbO,5,-0.0011054607029918832,-0.006929780394247262,7.880424194973912e-4
P26,10,HbR,5,-5.944655204810225e-4,-0.0029205359853668625,-0.001684596664298829
P26,11,HbO,5,-4.049084824838043e-4,-5.488489729325089e-4,1.2356277675492792e-4
P26,11,HbR,5,4.1372774518291715e-5,-6.594622502104543e-5,-1.0483602603871533e-4
P26,12,HbO,5,-0.002436012217265345,0.003585545341682926,0.0014580590629421479
P26,12,HbR,5,9.736768807750953e-5,-9.368361553274098e-4,-7.014611362000385e-4
P26,14,HbO,5,-0.0018659191665894002,0.004859148521484364,-0.004096552754385871
P26,14,HbR,5,4.173984456033204e-5,-0.00245534087802079,1.9276049710480853e-4
P26,15,HbO,5,-8.504124762229297e-4,0.0018906034119092947,-0.0029805932199828238
P26,15,HbR,5,-1.5163800850250979e-4,-0.0026045673953983776,-3.3567732320322253e-4
P26,16,HbO,5,-8.60530583096309e-4,0.012415506244133264,-0.005858919682696126
P26,16,HbR,5,-0.001437958988800848,-3.9180129073546646e-4,8.852913877359443e-4
P26,17,HbO,5,-4.082419749720818e-4,-0.009815451747399418,-0.0030332489933607987
P26,17,HbR,5,-0.002809730147951579,-0.0017462888154171083,-0.0015741113741745412
P26,18,HbO,5,-1.921664567312588e-6,1.794811951608616e-5,1.5364214136157818e-5
P26,18,HbR,5,-4.671769421029626e-6,-2.24668972029986e-5,-1.0218692842162688e-6
P26,19,HbO,5,1.1792971916801631e-7,7.78053479253946e-6,9.282366847315346e-6
P26,19,HbR,5,-1.9735996485383365e-6,7.753217796774354e-6,8.227102490199063e-6
P26,20,HbO,5,9.368074951973231e-6,3.597490048627361e-4,8.366379385083441e-5
P26,20,HbR,5,-3.360899813186163e-7,-1.7656157868304033e-5,-4.754144239929617e-6
P26,21,HbO,5,3.466630526731273e-6,1.5346516395608683e-4,3.403830884318743e-5
P26,21,HbR,5,4.775076271542981e-6,1.682227038332545e-4,3.863357255766458e-5
P26,22,HbO,5,-9.017146368385023e-4,-2.8484872127553716e-4,4.133004794889935e-4
P26,22,HbR,5,3.0270013603168115e-5,-7.123827973591092e-4,-4.4293005591846627e-4
P26,23,HbO,5,-0.002938154867300145,0.005790410182356366,0.0033409631186659995
P26,23,HbR,5,4.696480540543966e-4,-0.0032623483692797214,-0.0016531662189134201
P26,1,HbO,8,-2.5502266010050907e-4,-0.0015911220757110825,-0.0014384995603839523
P26,2,HbO,8,-3.7934552195342455e-4,-1.7660500884373304e-4,-3.22149739201769e-4
P26,3,HbO,8,-7.622748935548185e-4,-0.0032275408974462064,-0.0028222665185492026
P26,4,HbO,8,-1.2204237410390581e-4,-4.5446100034234087e-4,-1.621422491717502e-4
P26,5,HbO,8,-0.00157763947097681,-0.0035586095641374836,-0.0010149880316544268
P26,7,HbO,8,-0.0010034732318210365,-0.0038237736507837575,-0.0022000985140564924
P26,8,HbO,8,-3.1753942319864755e-4,-7.907351182520876e-4,-2.9571232555691455e-4
P26,9,HbO,8,-0.0016662618315815836,-0.005415543863277459,-0.001507964229442079
P26,10,HbO,8,-0.0017270961624811976,-0.009276839843238318,-0.0012592098480125069
P26,11,HbO,8,-4.957743677069143e-4,-0.0014774493647460153,-3.7164721297600073e-4
P26,12,HbO,8,-0.002864013790299931,-0.0014268422977036085,-7.464430695916883e-4
P26,14,HbO,8,-0.001779136080544512,0.008424504754677285,-0.0018752291745549414
P26,15,HbO,8,-0.0011768127275195311,0.002130681940880151,-0.0022665174164477092
P26,16,HbO,8,-0.001408515085053556,0.011490719199310639,-0.005428059231893306
P26,17,HbO,8,-0.0010337312359612438,-0.004079861733772632,-9.149020317975186e-4
P26,18,HbO,8,4.450378713661477e-9,3.0787256368892534e-5,1.7653025345332036e-5
P26,19,HbO,8,1.0355692213252034e-6,2.0151026079410008e-5,1.1417804939265904e-5
P26,20,HbO,8,1.4245972582607885e-5,2.965969678339171e-4,6.916041326614859e-5
P26,21,HbO,8,5.117651142453239e-6,1.234785114512284e-4,2.6404361251955623e-5
P26,22,HbO,8,-8.703346002800314e-4,-0.0021759682548353715,-2.1045682646346204e-4
P26,23,HbO,8,-0.002499182888707663,0.0028911098496415366,0.0018115832927048906
P26,1,HbO,11,-3.1351061800549435e-4,-0.0023813805468207647,-0.0016523947928238736
P26,2,HbO,11,-3.353863018208091e-4,-8.329190388073699e-4,-7.189158005150057e-4
P26,3,HbO,11,-0.0011038518452509082,-0.006072831029608568,-0.0035363759787418476
P26,4,HbO,11,-9.957588642806224e-5,-4.746589882537564e-4,-1.9647778504304703e-4
P26,5,HbO,11,-0.0015033514308195408,-0.003985033234115398,-0.0019587758398811
P26,7,HbO,11,-8.817020271899566e-4,-0.004696127330125558,-0.00245640494489874
P26,8,HbO,11,-2.6840723342395494e-4,-6.332319788556618e-4,-3.086363649400087e-4
P26,9,HbO,11,-0.0014382853802749006,-0.00445548811509822,-0.0016369841435721153
P26,10,HbO,11,-0.002015527181242485,-0.009978364643818884,-0.002664429457157207
P26,11,HbO,11,-5.185443825808598e-4,-0.002023177586396013,-6.885828596083743e-4
P26,12,HbO,11,-0.0029092409592993275,-0.005430690642102269,-0.0022457276422934557
P26,14,HbO,11,-0.001610371272883518,0.010373654877839355,-4.835310061490703e-5
P26,15,HbO,11,-0.0013275254411877118,0.0019368970383739689,-0.0016404684897504103
P26,16,HbO,11,-0.0017438876310263546,0.01014973671920096,-0.00505974670277874
P26,17,HbO,11,-0.0012965417229728624,7.123502423991106e-4,6.767059848935386e-4
P26,18,HbO,11,2.0751175994782994e-6,5.6347315384460926e-5,2.2823507696050136e-5
P26,19,HbO,11,1.92641808697099e-6,3.811702634373598e-5,1.5740568853550373e-5
P26,20,HbO,11,1.77193085095588e-5,2.4884403978565856e-4,5.831137682038439e-5
P26,21,HbO,11,6.350381686016969e-6,9.894025596307669e-5,2.0950603197539038e-5
P26,22,HbO,11,-7.808508286943357e-4,-0.003336819414027113,-6.988128287547427e-4
P26,23,HbO,11,-0.0020070558291389365,9.443725065816676e-4,5.366698108747481e-4
P26,1,HbO,14,-3.2823784381609235e-4,-0.00295666830432898,-0.0017189145085109254
P26,2,HbO,14,-2.6873409634213806e-4,-0.0011499268396100485,-9.136777232010775e-4
P26,3,HbO,14,-0.0012531342080795628,-0.007533052894444759,-0.0037077597503793543
P26,4,HbO,14,-7.512917333553851e-5,-4.2622059813037286e-4,-1.9115991571838522e-4
P26,5,HbO,14,-0.0012715589460889928,-0.003268611125396826,-0.002264930126061012
P26,7,HbO,14,-7.073293701793425e-4,-0.004515870682454921,-0.002261431922225757
P26,8,HbO,14,-2.0462118681848437e-4,-4.787194476274151e-4,-0.00031207193513738373
P26,9,HbO,14,-0.0011199742322068164,-0.002352916604679743,-0.001287482998991804
P26,10,HbO,14,-0.002064560471327468,-0.009162294135459144,-0.0033270964708345227
P26,11,HbO,14,-4.890559971149849e-4,-0.0022852520697178398,-8.814329281197144e-4
P26,12,HbO,14,-0.00270618287610075,-0.008637729388490806,-0.0032862671385143344
P26,14,HbO,14,-0.00143672129539301,0.010396071591762323,0.0012857780743183577
P26,15,HbO,14,-0.0013542752537964065,0.001339974753830791,-0.0011074058331908831
P26,16,HbO,14,-0.0018469942491490838,0.008838055221517545,-0.0043277698781284835
P26,17,HbO,14,-0.0013134674252690318,0.0050686064805972675,0.0018183358908112947
P26,18,HbO,14,3.224254419642014e-6,7.754125890251081e-5,2.7576289516379795e-5
P26,19,HbO,14,2.2493045633622158e-6,5.285828531064584e-5,1.9840247982550987e-5
P26,20,HbO,14,1.9836743624635597e-5,2.0327765614835193e-4,4.798477626478501e-5
P26,21,HbO,14,7.061823573426384e-6,7.701217211075134e-5,1.658670963833072e-5
P26,22,HbO,14,-6.47270388310844e-4,-0.003817880319691206,-9.842072301330042e-4
P26,23,HbO,14,-0.0014573661692737134,-4.40921839186007e-4,-5.188619523369152e-4
P26,1,HbO,17,-3.0157226349967933e-4,-0.0032867964873070045,-0.0016593019288514102
P26,2,HbO,17,-1.874258831014681e-4,-0.001296771987409773,-9.834969154360964e-4
P26,3,HbO,17,-0.0012632917973795048,-0.008211300235053013,-0.003536750634734937
P26,4,HbO,17,-5.00566163564845e-5,-3.209263626556839e-4,-1.5810360714465637e-4
P26,5,HbO,17,-9.629341521768021e-4,-0.002158460267142829,-0.0021510419227428277
P26,7,HbO,17,-5.125168007367022e-4,-0.0041114892436332545,-0.001931330674549613
P26,8,HbO,17,-1.3994626826202358e-4,-4.8056616281204735e-4,-3.461130795625817e-4
P26,9,HbO,17,-7.745863107903899e-4,-3.1888319136639046e-4,-8.139094069110185e-4
P26,10,HbO,17,-0.0019493328655571195,-0.007705885385057919,-0.0035223999344164625
P26,11,HbO,17,-4.223186903369257e-4,-0.0024039375641413683,-0.0010137805106226773
P26,12,HbO,17,-0.002338993449237226,-0.01139903936910731,-0.004186851383515485
P26,14,HbO,17,-0.0012430213714863401,0.00870135180701002,0.002049509558442132
P26,15,HbO,17,-0.0012721278712490118,4.769561687393448e-4,-6.731035527568551e-4
P26,16,HbO,17,-0.0017101402095671952,0.007443239765960582,-0.0031548254078237817
P26,17,HbO,17,-0.0011917453693627408,0.008445976955311,0.0024560308160696633
P26,18,HbO,17,3.431076967831216e-6,8.292719348534153e-5,2.860281977843045e-5
P26,19,HbO,17,2.09363949109278e-6,5.8617124659729274e-5,2.1376010950314945e-5
P26,20,HbO,17,2.0765701276281757e-5,1.5666954525495717e-4,3.7247977480611695e-5
P26,21,HbO,17,7.243976760457978e-6,5.744889564315426e-5,1.2650054264313689e-5
P26,22,HbO,17,-4.924584490320052e-4,-0.0039313136441725734,-0.0011261069549398487
P26,23,HbO,17,-8.768941221874327e-4,-0.0017984715244312207,-0.0014545631717536405
P51,1,HbO,5,1.214365119564673e-5,4.335284120224618e-4,2.923941107881615e-4
P51,1,HbR,5,-2.191607548341942e-5,-3.0066516144887264e-4,-2.2207032188565959e-4
P51,2,HbO,5,0.0011525374874588085,-0.0014261722152932904,-0.005572524795229584
P51,2,HbR,5,-2.8929059618612937e-4,5.548805882965214e-4,0.001852561808178227
P51,3,HbO,5,7.494994852427632e-5,-1.5388933905924158e-4,-2.963071147154911e-4
P51,3,HbR,5,-3.588021295156082e-5,-2.61593647691278e-5,-6.198295427101733e-5
P51,4,HbO,5,3.8212760844314283e-4,-1.7008993202433998e-4,-0.0018381050928107366
P51,4,HbR,5,-1.2171671432465678e-4,8.649222424076505e-5,5.894909857978591e-4
P51,5,HbO,5,0.0038787366669648135,2.881828318675898e-4,-0.0044749354369233146
P51,5,HbR,5,-5.88870668283799e-4,-0.00259435041958918,-0.0011324030637928186
P51,7,HbO,5,2.77302757830197e-4,0.0012969028744104034,-2.2968347456951937e-4
P51,7,HbR,5,-1.0066286585663184e-4,-9.847553636568999e-4,-4.465683898147671e-4
P51,8,HbO,5,1.3039323854032524e-4,1.8846327846651104e-4,-2.783359483612259e-4
P51,8,HbR,5,-5.113058967204935e-5,-8.267627287579805e-5,1.4689703453399272e-5
P51,9,HbO,5,0.001462625456639753,0.0016664223127278274,5.071717917246727e-4
P51,9,HbR,5,-3.3233239004298236e-4,-0.001592548395888071,-8.553135327770213e-4
P51,10,HbO,5,0.0034292796846333265,0.009728437234268774,2.5564557653300524e-4
P51,10,HbR,5,-6.090947723338618e-4,-0.004990237168161249,-0.004256615662900854
P51,11,HbO,5,5.680695851807663e-5,-3.1079337068902886e-4,-5.460310311181808e-4
P51,11,HbR,5,1.1381287414764e-6,7.330419320786736e-5,6.348450072935952e-5
P51,12,HbO,5,1.523570307373691e-5,-1.0265269390826328e-4,-1.0433307535411577e-4
P51,12,HbR,5,-2.1398978875557882e-5,-3.903716567919707e-5,-7.885041151754624e-5
P51,14,HbO,5,2.9819135630550675e-4,1.096476475054722e-4,4.104611588579841e-4
P51,14,HbR,5,-1.0393853949578326e-4,1.4608506151248736e-4,-1.1927904603042662e-4
P51,15,HbO,5,0.0031633340085026516,-0.003205263018461211,0.00740313828767453
P51,15,HbR,5,-7.610141357451213e-4,0.00329671719405951,4.6395087204438665e-4
P51,16,HbO,5,9.991447564365445e-6,-2.067093778597441e-6,-8.848798284509507e-5
P51,16,HbR,5,-2.439531446344649e-5,-3.8573610708437236e-5,2.705090830121324e-6
P51,17,HbO,5,-3.1006229466307274e-6,2.961960942502948e-5,4.3826242363398804e-5
P51,17,HbR,5,-1.0846340562985521e-5,-1.1451849600124789e-4,-1.8528274409823818e-4
P51,18,HbO,5,-1.8034731188254375e-6,-2.4737447001226023e-5,-9.253539713153609e-6
P51,18,HbR,5,2.2370819830079423e-6,-7.044780420632385e-6,-3.4721596966053646e-6
P51,19,HbO,5,-8.165605774832275e-7,-8.00590620438076e-6,5.211265267225426e-6
P51,19,HbR,5,-1.4371471410386846e-6,-1.2945389527654792e-5,-8.136767380339883e-6
P51,20,HbO,5,-3.631978457320237e-7,-2.6290430197870694e-6,-3.2689158612376677e-6
P51,20,HbR,5,2.942796085148988e-7,4.918664802381369e-7,9.221859935998583e-7
P51,21,HbO,5,1.274612508777575e-7,-1.0591625233706104e-6,-7.851745810481452e-6
P51,21,HbR,5,-2.3566242842901476e-8,-2.965166048575707e-6,-3.9324356845012635e-7
P51,22,HbO,5,-2.028996158012505e-5,-4.353821754581462e-5,6.293182750109708e-5
P51,22,HbR,5,1.779635535163856e-5,8.957752279425508e-5,-5.4441077814988254e-5
P51,23,HbO,5,2.260660044682057e-5,-2.057149290077082e-5,-1.9435629961762096e-4
P51,23,HbR,5,-7.88104635395366e-6,2.204809553999871e-5,9.597927953924041e-5
P51,1,HbO,8,3.946933420131335e-5,3.3066023959082156e-4,2.560060689389204e-4
P51,2,HbO,8,8.446145427199113e-4,-0.002062170883003994,-0.005648683723216562
P51,3,HbO,8,5.6653389693604854e-5,-6.510497498966542e-5,-2.481263032902375e-4
P51,4,HbO,8,1.0197357543535036e-4,-7.310949335917247e-4,-0.0022108178974249953
P51,5,HbO,8,0.0024861852978752615,-0.0012066111813703558,-0.007238614232113693
P51,7,HbO,8,1.6091455734061115e-4,8.712201655535444e-4,-8.137845093573155e-4
P51,8,HbO,8,1.0539414696047321e-4,1.548089889786358e-4,-3.399587180803606e-4
P51,9,HbO,8,0.0012644525927767226,7.954016636214498e-4,-6.656956211029141e-4
P51,10,HbO,8,0.0019022406933939017,0.005628051532741292,-0.004554882851352042
P51,11,HbO,8,4.910805444893809e-5,-1.538291972219016e-4,-2.743333264068579e-4
P51,12,HbO,8,-4.682648721927396e-6,-6.753907379972744e-5,1.0357915927505391e-5
P51,14,HbO,8,3.057727944960436e-4,1.0498848419720577e-4,3.55594970376246e-4
P51,15,HbO,8,0.00273727882236037,-0.001962225413548808,0.006054339498596262
P51,16,HbO,8,1.4672517084434718e-5,5.193982083118182e-5,-4.661971366325326e-5
P51,17,HbO,8,9.009106969940509e-6,1.6119166637170865e-5,1.043793482531108e-4
P51,18,HbO,8,-2.5408425064076042e-6,-1.4362395682030056e-5,-7.4109980226799545e-6
P51,19,HbO,8,-1.499758128159314e-6,-6.633661777745848e-6,7.224827666734506e-7
P51,20,HbO,8,-4.2528616740991385e-7,-6.823735878680201e-7,-4.3814283183831706e-7
P51,21,HbO,8,1.1751805752685042e-7,-1.496385947016228e-6,-5.636991441006576e-6
P51,22,HbO,8,9.057943648088863e-6,-1.3509973785578356e-5,4.928243524504596e-5
P51,23,HbO,8,7.787338921152299e-6,-2.9423964329257925e-5,-1.7757126778072705e-4
P51,1,HbO,11,5.25496013577813e-5,2.1009745368039682e-4,1.9208364524789947e-4
P51,2,HbO,11,6.460734550357307e-4,-0.0019777025121217578,-0.00466657266794598
P51,3,HbO,11,3.693062002736754e-5,2.6151033813548806e-6,-2.1598547966448063e-4
P51,4,HbO,11,-8.268348619156668e-5,-8.991087187468338e-4,-0.001949510410843145
P51,5,HbO,11,0.0013930344336379108,-0.0010156196189551622,-0.006973327968888368
P51,7,HbO,11,1.2287489086814727e-4,7.392933759316687e-4,-8.322022839904262e-4
P51,8,HbO,11,7.120960376160023e-5,2.590979053764106e-4,-1.6298212641536555e-4
P51,9,HbO,11,0.00110076593674109,3.4547142662633986e-4,-0.0011060393793990984
P51,10,HbO,11,6.695826644356938e-4,0.0020468505993724373,-0.007099181675493619
P51,11,HbO,11,4.0029882236576883e-05,-3.240320340238019e-5,-1.0649397853623288e-4
P51,12,HbO,11,-1.7042245504609552e-5,-8.468044274269413e-5,4.4207187328505097e-5
P51,14,HbO,11,2.773440248442927e-4,1.250323812142804e-4,2.6282771674897195e-4
P51,15,HbO,11,0.00224271709976575,-7.611685899488352e-4,0.004773209679185453
P51,16,HbO,11,7.940706577380696e-6,8.277651431044488e-5,-2.2970387723576845e-5
P51,17,HbO,11,2.1463400757937514e-5,-2.2624358829826806e-5,1.0958519625072463e-4
P51,18,HbO,11,-3.104567221309957e-6,-5.827701464483405e-6,-8.980349490776846e-6
P51,19,HbO,11,-1.7324701237728092e-6,-5.517465061672628e-6,-4.775294936960955e-6
P51,20,HbO,11,-3.1308132683458234e-7,-9.671438990743624e-7,3.7458329406359724e-7
P51,21,HbO,11,-2.7163624269498772e-8,-1.8701742418489e-6,-3.5303871132911666e-6
P51,22,HbO,11,2.374879201928129e-5,-2.7867819388364054e-5,2.274865264344429e-5
P51,23,HbO,11,-8.700682771365617e-6,1.1427538257875397e-5,-7.769710215299967e-5
P51,1,HbO,14,5.038016636577815e-5,7.846886251543255e-5,9.620017544308983e-5
P51,2,HbO,14,5.325738039063412e-4,-0.0016009826011045122,-0.003264440839339034
P51,3,HbO,14,1.3812352189024081e-5,5.454684626320959e-5,-1.7690323413239585e-4
P51,4,HbO,14,-1.8236531037294802e-4,-9.220236368635659e-4,-0.0014215485788454196
P51,5,HbO,14,6.05059133240381e-4,-2.1526450422315886e-4,-0.005217335408046753
P51,7,HbO,14,1.4484584911010064e-4,6.048937426016111e-4,-6.628770903913034e-4
P51,8,HbO,14,4.0870991651794026e-5,3.4495799986063137e-4,5.86765843140235e-5
P51,9,HbO,14,9.904939303773056e-4,-8.078589459986881e-5,-0.0013712504679711673
P51,10,HbO,14,-2.191890578946831e-4,-0.0013349987287052199,-0.00850352556540025
P51,11,HbO,14,2.3170105210133408e-5,3.2158556032863334e-5,-3.424537838124486e-5
P51,12,HbO,14,-1.7389742606555766e-5,-1.0306048685955833e-4,3.870314283412397e-5
P51,14,HbO,14,2.2004066666298845e-4,1.4591486513834307e-4,1.0943994939655545e-4
P51,15,HbO,14,0.0017289345986623093,5.610470751255131e-4,0.0035968689103674668
P51,16,HbO,14,-6.724530698363912e-6,6.248473386202304e-5,-3.408284537362737e-5
P51,17,HbO,14,2.7224179664641765e-5,-4.946516281299683e-5,9.925426212874515e-5
P51,18,HbO,14,-3.3300706673204598e-6,-7.237238007711919e-7,-1.1891952874570067e-5
P51,19,HbO,14,-1.5709475554972514e-6,-5.0394017952681616e-6,-9.553607976872456e-6
P51,20,HbO,14,-1.9917182630620157e-7,-2.2995898741784845e-6,-4.779029892475215e-7
P51,21,HbO,14,-8.979327208787794e-8,-1.919133541004255e-6,-1.7637345973918395e-6
P51,22,HbO,14,2.3808455045376034e-5,-6.536666264746397e-5,-1.880563279767877e-5
P51,23,HbO,14,-1.873390532818864e-5,6.0540062737251876e-5,3.87392769762183e-5
P51,1,HbO,17,3.828271215876507e-5,-3.6990385761753273e-5,-4.904866856146159e-6
P51,2,HbO,17,4.448317895586284e-4,-0.001271935297041513,-0.001997839178552451
P51,3,HbO,17,-9.38973522764542e-6,1.035551091662624e-4,-1.144337073179306e-4
P51,4,HbO,17,-2.2761521885294856e-4,-9.400292168888118e-4,-9.253213141491499e-4
P51,5,HbO,17,7.654472843243402e-5,1.4203516319407324e-4,-0.0035064894077468426
P51,7,HbO,17,1.7467713895531016e-4,3.008791683668165e-4,-5.821362176530369e-4
P51,8,HbO,17,1.843609447254715e-5,3.414905953808372e-4,1.927891707911139e-4
P51,9,HbO,17,8.831243167214375e-4,-6.81219299198397e-4,-0.0017238055352199859
P51,10,HbO,17,-7.592936633716056e-4,-0.004431122022315148,-0.009481832770078453
P51,11,HbO,17,2.8842664315182325e-6,5.170245567807467e-5,-1.1617699779983421e-5
P51,12,HbO,17,-9.5920032222487675e-06,-1.1223518159016768e-4,1.687789098166833e-5
P51,14,HbO,17,1.5058629884258672e-4,1.5422773712908016e-4,-5.2578306338857856e-5
P51,15,HbO,17,0.0012527284973980108,0.0018944633642376894,0.0025683395434733564
P51,16,HbO,17,-2.310121278750286e-5,1.569247010382231e-5,-5.50366022354556e-5
P51,17,HbO,17,2.6179456904685952e-5,-6.062761721658344e-5,9.434119556316019e-5
P51,18,HbO,17,-3.1605918442116e-6,1.6302923935991773e-6,-1.3376212556582528e-5
P51,19,HbO,17,-1.1349468433824266e-6,-4.265488580599383e-6,-1.1673650025519408e-5
P51,20,HbO,17,-1.8876883336664082e-7,-2.5027512703741023e-6,-1.0675273352150453e-6
P51,21,HbO,17,-3.1876828502390163e-9,-1.1451394713154217e-6,-1.0431011372542053e-7
P51,22,HbO,17,1.3875571522209577e-5,-1.0930762665802403e-4,-7.2450287093662e-5
P51,23,HbO,17,-1.8207204057489222e-5,8.543957369426427e-5,1.2143559818451638e-4
P15,1,HbO,5,-0.0014796116551455197,-0.002683675394047237,0.0023116710446353505
P15,1,HbR,5,2.587669358961977e-4,-1.2243372774784853e-4,1.987728411006323e-4
P15,2,HbO,5,-0.003986598899502533,-0.004059686148867792,2.1704164495162074e-5
P15,2,HbR,5,8.405955712570459e-4,6.991205845029591e-4,-1.6464314832025963e-4
P15,3,HbO,5,-9.232680786331397e-4,-0.009003468685710333,0.006885570357739278
P15,3,HbR,5,6.838050139968618e-4,-4.8769752438811967e-4,0.0013975303772633077
P15,4,HbO,5,-0.001395177367082377,5.414828016279948e-4,6.149689665087849e-4
P15,4,HbR,5,3.4273016410592825e-4,-1.6780150751067072e-4,-1.2659629338526997e-4
P15,5,HbO,5,-0.008116574796456109,0.006228486148725651,0.002039177188828633
P15,5,HbR,5,9.639894107593078e-4,-0.0012330055455448614,8.538310578791637e-4
P15,7,HbO,5,-0.01808900854583258,8.652366866957957e-4,0.015201953012910514
P15,7,HbR,5,8.206885570515254e-4,4.237573826293462e-4,-0.0033589705041193563
P15,8,HbO,5,-0.008682455419905219,2.0706217501690986e-4,0.0052704374397704
P15,8,HbR,5,0.0016462564016230903,1.7964505729223677e-4,-0.0013534973349017205
P15,9,HbO,5,-0.00834250305373056,0.002579105362046217,0.004733413348502515
P15,9,HbR,5,4.604198158396728e-4,1.0170442648560097e-5,-4.942255210102306e-4
P15,10,HbO,5,-0.0029219846483351593,0.004172363113097174,-7.163934584194844e-4
P15,10,HbR,5,-2.1031874088693988e-4,-2.6716463769387835e-4,7.195150841078719e-5
P15,11,HbO,5,-6.290756668773205e-4,4.0665998228195724e-4,-9.368997149987527e-5
P15,11,HbR,5,9.77134281191633e-5,-7.474477867812952e-5,1.614767938122197e-4
P15,12,HbO,5,-0.006044736604968249,-0.008078074458492818,6.173114429835365e-4
P15,12,HbR,5,0.0010922387310056735,4.7899046667085636e-4,-7.498234163063361e-5
P15,14,HbO,5,-0.003312532989953378,0.0015203794878476241,-0.0010778643200425454
P15,14,HbR,5,4.367291903571005e-4,-0.001102322804448769,0.0014200659145468563
P15,15,HbO,5,-6.721920566677421e-4,0.002855395838595473,-0.001534972699310385
P15,15,HbR,5,6.849127518905771e-4,-0.0014905855427657453,0.0017462665555729616
P15,16,HbO,5,-0.002868953165078917,-0.0019139286956319328,0.0028935233608686915
P15,16,HbR,5,4.179831896065931e-4,-0.0010269304462450426,5.859606765671386e-4
P15,17,HbO,5,-0.0038389897487751267,-0.0010179321957608516,0.001971492994906397
P15,17,HbR,5,5.621336986677141e-4,-1.6557649939894322e-4,-9.056811609102462e-5
P15,18,HbO,5,1.5979490403146867e-6,1.9592175364182423e-6,-7.031740103078331e-6
P15,18,HbR,5,1.3178765881423101e-6,1.21557774675219e-6,8.943909007211525e-7
P15,19,HbO,5,1.9074379178243442e-7,-5.758691231488374e-7,1.1126171059346336e-6
P15,19,HbR,5,5.99220633112042e-7,1.5264179718748361e-6,-4.488204754880308e-6
P15,20,HbO,5,0.0018390633630679654,-0.01489240069417253,0.016185957134847655
P15,20,HbR,5,0.001236386689342077,7.043368521354107e-4,4.080764953997383e-4
P15,21,HbO,5,9.424627592254131e-4,-0.012720903655116023,0.015786348025659997
P15,21,HbR,5,0.0012801712949344938,8.631314836794103e-4,2.228057813917481e-5
P15,22,HbO,5,-1.0875017086157528e-4,-1.0785299794439538e-4,1.7632283710134237e-4
P15,22,HbR,5,-6.379830631440317e-5,4.567985279275647e-5,8.013752307903033e-5
P15,23,HbO,5,-7.072354547181308e-5,5.0563079125023736e-5,5.852866446547606e-5
P15,23,HbR,5,-7.666843074287627e-5,-2.796065935728086e-5,1.1181724590967152e-4
P15,1,HbO,8,-0.001361934672872954,-0.0036356950886151204,0.002850603556999796
P15,2,HbO,8,-0.004304420897295813,-0.003211728667607714,-8.510829800859584e-4
P15,3,HbO,8,-0.0010005180336927885,-0.009586289340704856,0.007425449801839838
P15,4,HbO,8,-0.001455937705540146,1.9791007184813829e-4,3.7776642843573017e-4
P15,5,HbO,8,-0.01050027277406539,0.003338931065550774,9.389637110930952e-4
P15,7,HbO,8,-0.018522741468917,6.086521379026247e-5,0.010586946810166632
P15,8,HbO,8,-0.00841429552536363,-3.551968093844339e-4,0.004143011163112746
P15,9,HbO,8,-0.00876696898222656,2.08015134211225e-4,0.004107610310721532
P15,10,HbO,8,-0.004390114288161204,0.001371579948959954,0.0012447144673122593
P15,11,HbO,8,-8.192821429393031e-4,1.277559451148804e-4,1.240250007025346e-5
P15,12,HbO,8,-0.0063227256847274,-0.0050022991117555735,-0.0017264615134006177
P15,14,HbO,8,-0.003153015612802707,-0.0012870873201193795,6.69416342089217e-4
P15,15,HbO,8,-0.0011514509045217186,6.905768005246942e-4,3.725198077966791e-4
P15,16,HbO,8,-0.0033379563808082794,-0.002816778144318566,0.002914866619884065
P15,17,HbO,8,-0.0037771269887682084,-0.0021116999799859156,0.001883982535267592
P15,18,HbO,8,1.4790322086091426e-6,4.477664181539123e-6,-5.320428407630602e-6
P15,19,HbO,8,-1.4900681758197262e-7,3.0997522096412523e-6,-1.0491702760686306e-6
P15,20,HbO,8,6.663524715186629e-4,-0.013158866821818927,0.01298694646393567
P15,21,HbO,8,7.908001748613657e-5,-0.011848036959744577,0.013182218409809082
P15,22,HbO,8,-9.323358892482694e-5,-1.3959963141470965e-4,1.238829555464647e-4
P15,23,HbO,8,-5.7603809843472234e-5,2.019012053371216e-5,2.7851529614939908e-5
P15,1,HbO,11,-0.0011771105383239107,-0.004327125512593962,0.003432357455352033
P15,2,HbO,11,-0.004427860574365758,-0.0027661724383853097,-0.0011042092087084558
P15,3,HbO,11,-9.303315939575542e-4,-0.00990792901292724,0.008129603947463017
P15,4,HbO,11,-0.0014170079162365268,-1.400385466065889e-4,3.506439248432814e-4
P15,5,HbO,11,-0.01163496824896443,5.63871535843665e-4,0.0016139028881990455
P15,7,HbO,11,-0.01789410171215279,-9.847929684144937e-4,0.008477118447689353
P15,8,HbO,11,-0.0077904881340048965,-0.0010888593488170408,0.003954535037371921
P15,9,HbO,11,-0.008463918658536036,-0.001643625314431176,0.0047735353369994385
P15,10,HbO,11,-0.004984503616721917,-7.498823381739741e-4,0.0037416397582769054
P15,11,HbO,11,-8.975427387814856e-4,-1.4634017951700669e-4,2.688163433093222e-4
P15,12,HbO,11,-0.006388695218407603,-0.0028897799337845404,-0.002745637339211251
P15,14,HbO,11,-0.0028884721257645086,-0.003590047406781708,0.0025083079466835753
P15,15,HbO,11,-0.0013747263204559853,-9.397455876885327e-4,0.002146018294971276
P15,16,HbO,11,-0.0034569536985128166,-0.003724634533693466,0.0034325635647876524
P15,17,HbO,11,-0.003509006760364767,-0.0032260172843925398,0.002229419493969926
P15,18,HbO,11,1.4144595884187635e-6,5.144641668852958e-6,-3.7130275933268902e-6
P15,19,HbO,11,-3.793320006763011e-7,4.151826146745587e-6,-1.8013297992955404e-6
P15,20,HbO,11,-9.821339580638738e-5,-0.011524623485754755,0.010636059607917463
P15,21,HbO,11,-4.834298937784129e-4,-0.011020752794735128,0.011172633494893832
P15,22,HbO,11,-8.286733945417892e-5,-1.521039682202496e-4,8.294989311650346e-5
P15,23,HbO,11,-5.431783128452557e-5,-1.1683142302823991e-7,8.56131235931337e-6
P15,1,HbO,14,-9.661182910160477e-4,-0.0046993588813002305,0.0038128607074466104
P15,2,HbO,14,-0.004359871621863609,-0.002510596966905061,-0.001109159362171286
P15,3,HbO,14,-8.132593079732638e-4,-0.009707169039986282,0.008435942096066193
P15,4,HbO,14,-0.001318761786404203,-4.733920905654127e-4,3.867985231515785e-4
P15,5,HbO,14,-0.01183332699029939,-0.0017711912814339953,0.0029212904133185187
P15,7,HbO,14,-0.01654342109526074,-0.0026273319439724403,0.007266209719500537
P15,8,HbO,14,-0.00702148338285527,-0.001998970134700949,0.003779216027266757
P15,9,HbO,14,-0.007827470718587526,-0.0031254746314127164,0.005417015708245375
P15,10,HbO,14,-0.005075819918074332,-0.0023088403348794835,0.005642233796563357
P15,11,HbO,14,-8.873640912769432e-4,-3.9418000283059936e-4,5.098802413656291e-4
P15,12,HbO,14,-0.006221754584090567,-0.0014701118933883172,-0.0029917876838935734
P15,14,HbO,14,-0.0025031106947088384,-0.0053410664520451775,0.00405963317977239
P15,15,HbO,14,-0.0014135184323487895,-0.002137717461187037,0.0034619329852349405
P15,16,HbO,14,-0.0033473513699843627,-0.00454739144373541,0.0038800233992610247
P15,17,HbO,14,-0.0030776755847597656,-0.004322099232199133,0.0025993380005165665
P15,18,HbO,14,1.3708025312032196e-6,4.697903365139747e-6,-2.6662864757046865e-6
P15,19,HbO,14,-6.620263242192124e-7,3.6617801892152885e-6,-1.6740437008958738e-6
P15,20,HbO,14,-6.666544449385991e-4,-0.00970963014516678,0.008377812550949833
P15,21,HbO,14,-8.92192398765514e-4,-0.009850666207413834,0.009061501974257773
P15,22,HbO,14,-7.471666325034341e-5,-1.4404689205776438e-4,5.485394035039522e-5
P15,23,HbO,14,-4.87948267756098e-5,-1.4802333820463864e-5,-1.0333991693394694e-5
P15,1,HbO,17,-7.398369793568531e-4,-0.004698453211091187,0.003840281882559633
P15,2,HbO,17,-0.00407451297635264,-0.002298656092191659,-0.001015944562680555
P15,3,HbO,17,-6.934104541662072e-4,-0.0088356777277314,0.007980724114555323
P15,4,HbO,17,-0.001173765797649356,-7.880111686297518e-4,4.0756900528939304e-4
P15,5,HbO,17,-0.01133527830882345,-0.0037733264206412883,0.004032870174496338
P15,7,HbO,17,-0.014678901064492907,-0.0049350818955158264,0.006403634954984059
P15,8,HbO,17,-0.00616715392448623,-0.0030894458028129664,0.0034132047774689664
P15,9,HbO,17,-0.0070022265502675774,-0.004487726137423632,0.00548311314810093
P15,10,HbO,17,-0.004895291349877401,-0.0035515312691164393,0.006374385559396132
P15,11,HbO,17,-8.13271949118039e-4,-5.983815105305517e-4,6.380578526610516e-4
P15,12,HbO,17,-0.005804872251380036,-5.477571238515025e-4,-0.002874038098423038
P15,14,HbO,17,-0.0020227532862394314,-0.006436035708668977,0.004981570985610657
P15,15,HbO,17,-0.001334351336275269,-0.003009040296338396,0.00407603778375798
P15,16,HbO,17,-0.00305399629382383,-0.00510424219539504,0.003910749000569817
P15,17,HbO,17,-0.0025214176341660814,-0.005218212620239581,0.0027983501596307385
P15,18,HbO,17,1.4036724023710943e-6,3.806284239426795e-6,-2.2410586580681203e-6
P15,19,HbO,17,-8.819061577820506e-7,2.7925469523128533e-6,-1.5388729923514023e-6
P15,20,HbO,17,-0.0011313042542137278,-0.0077508352026520065,0.005980844262287665
P15,21,HbO,17,-0.0012265768104804025,-0.00827922342903988,0.0066993919199797684
P15,22,HbO,17,-6.595383241769037e-5,-1.2570077862318458e-4,4.45826964964291e-5
P15,23,HbO,17,-3.829757389000211e-5,-2.3778794155114633e-5,-3.1343673594180374e-5
P67,1,HbO,5,-0.003783854185974144,0.011417056521201438,0.006212850938688262
P67,1,HbR,5,-2.721929971710487e-4,0.010778462628965537,-0.0055216367591918464
P67,2,HbO,5,-0.009255317364494784,0.02173578792403416,-0.03331849055231444
P67,2,HbR,5,-9.872854549783803e-4,0.003458651073383025,-0.0017171542690701139
P67,3,HbO,5,-0.001293702573451492,0.008683317017567298,0.017664550942560853
P67,3,HbR,5,-8.03726637722274e-4,0.008715005199730303,-0.0030099281480057234
P67,4,HbO,5,-0.00350409122855084,0.002054119966990206,-0.009972333816411258
P67,4,HbR,5,-8.802893065093824e-4,0.00393975338841857,-0.003588671974164473
P67,5,HbO,5,-0.0013157839408717068,-0.007836075753103428,-0.011887982558648306
P67,5,HbR,5,-2.6560793930831674e-4,0.0012370929068854966,-0.0013018044463460154
P67,7,HbO,5,-0.005614875717360913,0.0221638499825428,-0.026843732278907045
P67,7,HbR,5,9.103975231670283e-4,0.0016618258213346943,0.0015908598128406637
P67,8,HbO,5,-0.001791382669560568,0.010013600279054883,-0.010898942257214593
P67,8,HbR,5,3.918857478131912e-4,-0.00319244978677712,0.002373760313745201
P67,9,HbO,5,-0.003202287251235078,-0.012912307791216375,-0.0065150621950296195
P67,9,HbR,5,6.372549233155366e-4,0.010677829976043869,-0.007659337767140589
P67,10,HbO,5,-0.0022704117426889797,0.013186888682754094,-0.022901611687750182
P67,10,HbR,5,1.946415413225038e-4,0.0012154174047165668,-5.133517595692215e-4
P67,11,HbO,5,-5.870773341710919e-4,-0.007072791311791338,-0.016827706424416604
P67,11,HbR,5,-5.055813750678388e-4,0.0034985100072468687,8.70668719654993e-4
P67,12,HbO,5,-0.001807574405721141,-0.016364631544404495,-0.015240378964055317
P67,12,HbR,5,-6.499683744816961e-4,0.0015107584185503745,0.0018315826693905948
P67,14,HbO,5,-0.0013276505639329733,0.0012606396151047688,-0.0034521453160916114
P67,14,HbR,5,-0.0010212917603046338,0.012520976978654673,-0.003183933560631308
P67,15,HbO,5,-4.0420783367902275e-4,-0.0038291714520181145,0.005386706207286734
P67,15,HbR,5,-7.1597443804524e-4,0.010442156358451906,-0.005513790897837244
P67,16,HbO,5,-0.0016681731632056558,-0.012212967942533941,0.008673612430141333
P67,16,HbR,5,-5.126888366763949e-4,0.0067632837380841495,-0.0019875017713863706
P67,17,HbO,5,-0.0037243186159283785,0.02104315065052469,-0.012474166993708605
P67,17,HbR,5,2.0766928293838253e-4,-0.0036190104192252363,0.0026084685176318363
P67,18,HbO,5,-1.0523006407154632e-5,-4.2310471750173484e-5,5.149367080310586e-5
P67,18,HbR,5,-4.4421820180327965e-6,3.282705379927838e-5,3.4055132321360085e-5
P67,19,HbO,5,-4.779640260342095e-6,-5.774360364759597e-6,2.3895149590245502e-5
P67,19,HbR,5,-5.8877046862313465e-6,1.1508593310724067e-5,2.3429216181186002e-5
P67,20,HbO,5,-0.008738236950084256,-0.41192283003430596,0.07711817480784737
P67,20,HbR,5,-0.001205735044899891,-0.04962470627260177,0.007077234044126282
P67,21,HbO,5,-0.012457461300371992,-0.45833259718294117,0.07222963086110544
P67,21,HbR,5,-0.0015650610562432249,-0.07288159056994845,0.014348234523877514
P67,22,HbO,5,-0.004065928868171302,0.01348179939388349,-0.02006162837592906
P67,22,HbR,5,3.1619958821852784e-4,2.2449126653057994e-4,0.0034723953564460026
P67,23,HbO,5,-0.002603561409800368,-7.265151205093305e-4,-0.016334107214496615
P67,23,HbR,5,2.660471611971817e-4,-0.002534611854999935,0.004602319965727345
P67,1,HbO,8,-0.004133575671622393,0.023354756393117838,0.004503737802452182
P67,2,HbO,8,-0.010398696185964547,0.059281653644264465,-0.030101801594293553
P67,3,HbO,8,-0.001988334465188004,0.01611646687063663,0.014296170869446748
P67,4,HbO,8,-0.004423274373707596,0.02202744425049131,-0.009699493368128208
P67,5,HbO,8,-0.0026476801443376134,0.017765315554477783,-0.013556099961567437
P67,7,HbO,8,-0.00582241101442162,0.03866369073236454,-0.02591620606276802
P67,8,HbO,8,-0.001918550056694388,0.01528292361675451,-0.010521505187391698
P67,9,HbO,8,-0.0036017019935163687,-0.002960780597727277,-0.008064419698141803
P67,10,HbO,8,-0.0033245077730836205,0.030634392054322952,-0.02318687709530924
P67,11,HbO,8,-0.0016593667575283053,0.005336297404837314,-0.01542205298144612
P67,12,HbO,8,-0.0031843877898436877,0.005614603712705848,-0.014960303178236272
P67,14,HbO,8,-0.0021079146283500654,0.01510650733054469,-0.002443138227400645
P67,15,HbO,8,-0.0013360740811470338,0.012497721519105717,0.002810057285887397
P67,16,HbO,8,-0.0022412575315271773,0.007072112635715696,0.003236037921830949
P67,17,HbO,8,-0.003625680510149075,0.035234555068363045,-0.013505082594568254
P67,18,HbO,8,-7.173234511755228e-6,-1.937164745096998e-5,4.466432565912032e-5
P67,19,HbO,8,-2.8817719614384276e-6,1.2159236720232974e-5,1.7532624599392712e-5
P67,20,HbO,8,-0.006698512779927015,-0.3110777026871975,0.051175333705082524
P67,21,HbO,8,-0.009042680723281907,-0.3624890433766868,0.05002363504382024
P67,22,HbO,8,-0.004403131960577186,0.025896894782117874,-0.019473736347484873
P67,23,HbO,8,-0.002863965306757204,0.011373453257487691,-0.015399075042557402
P67,1,HbO,11,-0.004197510553083617,0.03044647724838936,0.003342457792485155
P67,2,HbO,11,-0.010588427191130137,0.08239952120478539,-0.024999301762327113
P67,3,HbO,11,-0.002511919372356687,0.019438640000020622,0.011415762535251001
P67,4,HbO,11,-0.004829499302819493,0.035198059595741814,-0.008697192312592979
P67,5,HbO,11,-0.003325825382105813,0.03515922079716398,-0.014164710867359138
P67,7,HbO,11,-0.005699245857088844,0.04681254468222448,-0.023814514309673306
P67,8,HbO,11,-0.0018697400840521536,0.018269116795255586,-0.00974465861181049
P67,9,HbO,11,-0.0037222803711252153,0.004420702540292451,-0.008908438027519122
P67,10,HbO,11,-0.003727952943034929,0.040505375801089684,-0.022429488289695494
P67,11,HbO,11,-0.0022298311443547728,0.013920075652744822,-0.013815358969508971
P67,12,HbO,11,-0.0038612637104368697,0.02017377235297322,-0.01405961428369776
P67,14,HbO,11,-0.0024547343276033764,0.02381633602791099,-0.0014023442219321925
P67,15,HbO,11,-0.0018619358346271724,0.023160679248695352,0.0010344361226875822
P67,16,HbO,11,-0.0025837551510256625,0.01948658473557912,-5.729323721053581e-4
P67,17,HbO,11,-0.0033054068574833125,0.042514031568348244,-0.012638455006032117
P67,18,HbO,11,-4.103826219541696e-6,1.1140273898175852e-5,3.0360919832504873e-5
P67,19,HbO,11,-9.728770407639254e-7,3.441042256405993e-5,7.475728204631165e-6
P67,20,HbO,11,-0.0048493295176344434,-0.23005118736268856,0.0323965593424667
P67,21,HbO,11,-0.0062298541006737445,-0.2856083234432632,0.03386125698313574
P67,22,HbO,11,-0.004324663985718193,0.031062425488204964,-0.016945785389190764
P67,23,HbO,11,-0.0028647164956512113,0.01822578254112614,-0.013378034275812552
P67,1,HbO,14,-0.00401053043456612,0.033305180277472424,0.0022828419394405443
P67,2,HbO,14,-0.009962733493826835,0.09194680504243055,-0.018045070108127538
P67,3,HbO,14,-0.002874670790018521,0.0201040661763285,0.00836427702073136
P67,4,HbO,14,-0.0047921388726194945,0.042458770042446095,-0.006948434960822841
P67,5,HbO,14,-0.0035756939613711676,0.04423026385147154,-0.012942140640003949
P67,7,HbO,14,-0.005326733521263694,0.04859916064632486,-0.020346718416701652
P67,8,HbO,14,-0.001701621188059716,0.018808438901663862,-0.008250117499321918
P67,9,HbO,14,-0.003589578502798879,0.009915637822508486,-0.008859404666829515
P67,10,HbO,14,-0.0036503018235020186,0.041817942067872337,-0.01950586531720825
P67,11,HbO,14,-0.002410385646003145,0.017732073241334138,-0.010959285161246904
P67,12,HbO,14,-0.004021228768239895,0.026802524280684477,-0.01126086790157567
P67,14,HbO,14,-0.002476343490224274,0.027495138151705602,-1.7817556945760025e-4
P67,15,HbO,14,-0.0020562592764796885,0.028412997917370307,-2.123008738977138e-5
P67,16,HbO,14,-0.002687718760079411,0.025953066440272975,-0.00266266454948929
P67,17,HbO,14,-0.0027747666330576615,0.04372911450587355,-0.010105594810296947
P67,18,HbO,14,-1.8910160977208528e-6,3.798665434865461e-5,1.4590660574728856e-5
P67,19,HbO,14,3.726104626828679e-7,5.997992112242782e-5,-5.09396041547225e-6
P67,20,HbO,14,-0.002904090215105713,-0.16148573305922628,0.019177237379447137
P67,21,HbO,14,-0.0034771506495864333,-0.21717439170704209,0.02285665040346526
P67,22,HbO,14,-0.003922706298596726,0.03041272661115976,-0.012425728440252574
P67,23,HbO,14,-0.0026111905762525403,0.020547036026903824,-0.010134188672766551
P67,1,HbO,17,-0.003647165722738929,0.033492914177950174,8.314239538723778e-4
P67,2,HbO,17,-0.008772028549530922,0.09321483949910618,-0.011344443077590699
P67,3,HbO,17,-0.0030826344209747645,0.01977487624618877,0.0047072736445769115
P67,4,HbO,17,-0.00442518058900364,0.04614165204296809,-0.005294597181521868
P67,5,HbO,17,-0.0035568650766289703,0.048752614351400186,-0.010954799117353456
P67,7,HbO,17,-0.004781004494696562,0.04990566863845224,-0.01663281327419445
P67,8,HbO,17,-0.001474576762492421,0.01839092616811531,-0.006437851146327825
P67,9,HbO,17,-0.0032616092039777942,0.01591154582569127,-0.00851310347108007
P67,10,HbO,17,-0.003305280977614586,0.039691082124376255,-0.015560904133142954
P67,11,HbO,17,-0.002347407318715183,0.019392128848625397,-0.007591192408832391
P67,12,HbO,17,-0.003857656568206106,0.03053990838105375,-0.007900835250330368
P67,14,HbO,17,-0.002319133290041999,0.02883924637134593,3.5652839176847156e-4
P67,15,HbO,17,-0.0020450020571602945,0.03055793353937601,-0.0011813802427813836
P67,16,HbO,17,-0.002590091298793628,0.029310123851251976,-0.0041200079445332305
P67,17,HbO,17,-0.0021388511921422316,0.04172833147723467,-0.007258800938156822
P67,18,HbO,17,-6.036504524271303e-7,5.156281897897837e-5,4.500513864716446e-6
P67,19,HbO,17,1.056445193795484e-6,8.172584452916323e-5,-1.5688028916447436e-5
P67,20,HbO,17,-9.95573098214984e-4,-0.10111787468999149,0.009739455674907832
P67,21,HbO,17,-7.722444245348565e-4,-0.1528412550325326,0.01569736371280395
P67,22,HbO,17,-0.0033198360147247944,0.028452545422473434,-0.007753095156359106
P67,23,HbO,17,-0.0021999105045973242,0.02125984632730296,-0.006810899506504431
P59,1,HbO,5,-0.0032482942134267907,0.0012907858689942446,0.0036827214000393904
P59,1,HbR,5,2.9277766178030783e-4,8.60466694806137e-4,3.794984840357367e-4
P59,2,HbO,5,-0.010604488825081547,0.007928907979874548,0.00945657693214724
P59,2,HbR,5,0.0011201349381189983,3.414808817974911e-4,-3.598010645433497e-4
P59,3,HbO,5,-5.184115634103448e-4,-0.008116596562021745,0.005647971386540786
P59,3,HbR,5,5.048444860293814e-4,0.001545541132195673,-0.0013013625740113546
P59,4,HbO,5,-0.002881680046562709,-3.5080428081088477e-4,0.002253606721479226
P59,4,HbR,5,7.176566051269224e-4,-2.9452956840229493e-4,-6.766337858475869e-4
P59,5,HbO,5,-0.006434831519519045,-5.024822376689826e-4,0.006395986318668077
P59,5,HbR,5,7.1273332180697e-5,6.565211898224575e-4,-0.0018529139881638351
P59,7,HbO,5,-0.00465703644848708,-7.30385198400996e-4,0.011239628064194455
P59,7,HbR,5,0.0011436033828419873,0.0012262607961621864,-9.374582138190593e-4
P59,8,HbO,5,0.002258261568318274,-0.0024559375383361053,0.001148510598703821
P59,8,HbR,5,3.6424759151948427e-4,-2.2389425873894494e-4,3.316380606989257e-4
P59,10,HbO,5,-0.004190596546131272,-0.0021068318173532398,0.015389422631802588
P59,10,HbR,5,0.0026043684599166344,6.402907151025071e-4,-0.0022539978075935877
P59,11,HbO,5,-0.004028336818973667,4.5525233968567543e-4,0.009687364159564095
P59,11,HbR,5,0.0015084474806032918,-5.133383746166685e-4,-3.113911382218068e-4
P59,12,HbO,5,-0.003490559076455299,0.0021698050008752356,0.005577271238859025
P59,12,HbR,5,0.0010082301907163456,-8.82859481362807e-4,-0.0015592557229284875
P59,14,HbO,5,-1.912507064196863e-4,-9.321639796176478e-4,-3.7922847049708363e-4
P59,14,HbR,5,4.7612725052561675e-6,3.0377550687738983e-4,1.5171696061845691e-4
P59,15,HbO,5,-0.0018979213703169606,-0.005028946007069417,0.0038476990334696706
P59,15,HbR,5,0.0010102500888427733,-7.960124992735708e-4,-0.002016938370005435
P59,16,HbO,5,-0.0025007256156842675,0.0017239078221765532,-5.544846814441313e-4
P59,16,HbR,5,-2.0179762299737733e-4,1.6334795818760925e-4,-4.8095030297653325e-4
P59,17,HbO,5,-0.0018897225170252292,0.0018370858347545743,-1.641130252003819e-5
P59,17,HbR,5,-4.643014967061021e-4,3.578891654947466e-4,-3.6172792867078155e-4
P59,18,HbO,5,-3.4104992852087102e-6,6.980721960757551e-6,-4.100224039463584e-6
P59,18,HbR,5,-4.85955679954758e-7,-6.092604721139938e-8,-8.174903104123245e-7
P59,19,HbO,5,-2.4797177062420217e-6,1.0019055287717415e-05,4.1171660496622325e-6
P59,19,HbR,5,-1.1068372785937646e-6,2.1943558155017396e-6,-2.196290280069197e-6
P59,20,HbO,5,1.5038157679191927e-7,4.390266976551003e-6,-7.048538852846823e-7
P59,20,HbR,5,-7.453961724362804e-8,-1.3089143538086005e-6,7.930522555428813e-7
P59,21,HbO,5,5.453952253857858e-7,9.820336462835025e-7,-2.5395330253987427e-7
P59,21,HbR,5,3.390161430689325e-8,2.2213160451733337e-6,-3.046658921519539e-7
P59,22,HbO,5,-0.001375751273372375,0.0012735987986800467,0.0014819552434042224
P59,22,HbR,5,3.4437094987285424e-4,-2.789862947755441e-4,-3.08293265641923e-4
P59,23,HbO,5,-0.0016128794048873866,0.0022440614826170617,0.0022369730278704596
P59,23,HbR,5,3.0910267081360563e-4,-3.399398829221573e-4,-4.1391900309779134e-4
P59,1,HbO,8,-0.0029446438994261428,0.0014173187749695918,0.0027172174309849184
P59,2,HbO,8,-0.00988001591756934,0.007614276220266662,0.00989312886645759
P59,3,HbO,8,-0.0010579270818408173,-0.00628475702229381,0.0025857838054038486
P59,4,HbO,8,-0.0028657135308353177,6.810777930244105e-5,0.002182257132565234
P59,5,HbO,8,-0.006162443419225229,2.504793714881603e-4,0.00612343626541536
P59,7,HbO,8,-0.004599972094862031,6.32497337166874e-4,0.00920552755489826
P59,8,HbO,8,0.001875967644784621,-0.0019787311407900823,0.0013565230316266784
P59,10,HbO,8,-0.003970068202728314,-5.958972441544875e-4,0.013615290110989577
P59,11,HbO,8,-0.003571575978686781,6.708390635526873e-4,0.007661177888926859
P59,12,HbO,8,-0.0031762779541963325,0.0021626051693825793,0.004263474263129341
P59,14,HbO,8,-1.933261894573438e-4,-6.52021695157347e-4,-3.640887851696451e-4
P59,15,HbO,8,-0.0020100133640723436,-0.00387241375549742,0.003008446819367353
P59,16,HbO,8,-0.0019189726658491244,7.484958864516153e-4,-0.0013676510589140148
P59,17,HbO,8,-0.0014506441041230163,0.0011502820883167572,-5.611404985748408e-4
P59,18,HbO,8,-3.345999797468933e-6,6.6690014168169735e-6,-3.3973649800567155e-6
P59,19,HbO,8,-2.7539141603486812e-6,7.121527235698917e-6,8.392415980846899e-7
P59,20,HbO,8,2.4752153999394076e-7,3.837932749949782e-6,-1.0474998909040363e-6
P59,21,HbO,8,6.800165604429342e-7,6.994920744113894e-7,1.2127311397605077e-6
P59,22,HbO,8,-0.001228508914349209,0.0010031995220474996,8.601892536510862e-4
P59,23,HbO,8,-0.0014529278069997029,0.002009892520167124,0.0018197036822161696
P59,1,HbO,11,-0.0026307076632470306,0.0017371979553632943,0.0016579674298619743
P59,2,HbO,11,-0.008719587663805659,0.007657799709156441,0.008836619608336517
P59,3,HbO,11,-0.0014500430828390525,-0.004165591910854035,5.129816228173721e-4
P59,4,HbO,11,-0.0026383368215163795,6.186347898053079e-4,0.0019580114282858113
P59,5,HbO,11,-0.005546605032613689,0.0014726183084457884,0.005398681059351887
P59,7,HbO,11,-0.004145633335816932,0.002673791921256137,0.007474418956273671
P59,8,HbO,11,0.001564842709513811,-0.0016178888508439156,0.001461355815864804
P59,10,HbO,11,-0.0034646526155507366,6.534661784476517e-4,0.01115705750283755
P59,11,HbO,11,-0.0029521353416820423,0.001075229025266331,0.005667858542025811
P59,12,HbO,11,-0.00273135600395916,0.00236396210996088,0.0032581136529172545
P59,14,HbO,11,-1.8324115097361523e-4,-3.837125787633327e-4,-2.8631675817332724e-4
P59,15,HbO,11,-0.0018522380573449673,-0.0024902925110597053,0.0028518170828412156
P59,16,HbO,11,-0.0014657027372658783,1.2305392562319555e-4,-0.00188165808695571
P59,17,HbO,11,-0.0011153782507135764,6.792337969714669e-4,-9.477556051739362e-4
P59,18,HbO,11,-3.0283906001811637e-6,5.006863351511788e-6,-1.6651515769313526e-6
P59,19,HbO,11,-2.4751562181230356e-6,4.307622502136515e-6,-1.2330982426157987e-6
P59,20,HbO,11,2.802159490501371e-7,3.1028649969645122e-6,-1.6238048199522324e-6
P59,21,HbO,11,7.691505433818639e-7,3.700039992639399e-7,1.8907152629696112e-6
P59,22,HbO,11,-0.0010820495508852494,8.278328246800097e-4,3.032742891733571e-4
P59,23,HbO,11,-0.0012827996154339612,0.0019103924756446945,0.0013881529983435473
P59,1,HbO,14,-0.002354902731179525,0.0020517824310926545,8.160126094339938e-4
P59,2,HbO,14,-0.0072813383432935195,0.00752600868668968,0.007269344831760334
P59,3,HbO,14,-0.0017351990328443223,-0.0019573901009261622,-7.213865286593128e-4
P59,4,HbO,14,-0.0022896537886345288,0.0010815217953202617,0.0017831651370840108
P59,5,HbO,14,-0.0047302646379856865,0.0026007820899467183,0.0045901112087269585
P59,7,HbO,14,-0.003561605392366283,0.004562533175614832,0.006192933348393382
P59,8,HbO,14,0.0012568245130377814,-0.0012965294072051978,0.001479129160671465
P59,10,HbO,14,-0.002871079145230972,0.0017723347734240494,0.008422014880288835
P59,11,HbO,14,-0.0022414808146550636,0.0015880294933267392,0.0038928531248770236
P59,12,HbO,14,-0.0021833727339017547,0.0024344080983352005,0.0025052809334792253
P59,14,HbO,14,-1.594392458190753e-4,-7.483894910578954e-5,-1.3896248266956443e-4
P59,15,HbO,14,-0.0015113294184925573,-4.4279159673774477e-4,0.0031278882971048517
P59,16,HbO,14,-0.0010747095341033124,-3.314803342274764e-4,-0.0021750432572793135
P59,17,HbO,14,-8.199482272353782e-4,3.1974607814035013e-4,-0.0012073264785767133
P59,18,HbO,14,-2.618507826311933e-6,2.7598135171355312e-6,-3.3263740692392957e-7
P59,19,HbO,14,-2.07840933133933e-6,1.9771644952547976e-6,-2.2544556320829183e-6
P59,20,HbO,14,2.887203967306102e-7,2.3531298293395108e-6,-2.235641116471642e-6
P59,21,HbO,14,8.867202466953019e-7,4.5374408187137124e-8,1.893759581214768e-6
P59,22,HbO,14,-9.226845388749234e-4,6.526328989236656e-4,-1.0811974978811925e-4
P59,23,HbO,14,-0.0010984682670699794,0.0017921102950102384,0.0010194004709353389
P59,1,HbO,17,-0.0021011867397331984,0.0022808789211282154,3.10607544402981e-4
P59,2,HbO,17,-0.005771677546396501,0.006983165723922266,0.005785779475011896
P59,3,HbO,17,-0.0018803368582067373,1.5695378710902042e-4,-0.0013051501149321763
P59,4,HbO,17,-0.0018978688947637722,0.001355119826069898,0.0016880077370349585
P59,5,HbO,17,-0.003907343798758387,0.003349272823582627,0.003891744238100923
P59,7,HbO,17,-0.0030742972003865205,0.005881679557712055,0.005358053292752154
P59,8,HbO,17,9.377721700450683e-4,-9.997698965325823e-4,0.0014114766451375044
P59,10,HbO,17,-0.002312281263897294,0.002739948727583226,0.005877977112175019
P59,11,HbO,17,-0.0015619141658573276,0.0021014832586563597,0.0024970126145653264
P59,12,HbO,17,-0.0016280412939203052,0.0022080791485587768,0.0019015875642429017
P59,14,HbO,17,-1.2423225488052237e-4,2.4701482389606687e-4,3.545293286687137e-5
P59,15,HbO,17,-0.0010941013836894774,0.0019601442110114536,0.0033918570607016636
P59,16,HbO,17,-7.221223025742434e-4,-6.694761764673782e-4,-0.002299035430166947
P59,17,HbO,17,-5.443264872279818e-4,3.7364277258594396e-5,-0.0013473475936867827
P59,18,HbO,17,-2.1904794709240218e-6,6.974606312837429e-7,2.6740068466920343e-7
P59,19,HbO,17,-1.7423680707145151e-6,2.0884061677700619e-7,-2.5923818085519894e-6
P59,20,HbO,17,2.755282765283158e-7,1.7102216539862598e-6,-2.484158473010341e-6
P59,21,HbO,17,1.0032392537086716e-6,-1.0715246174663355e-7,1.5180240176992754e-6
P59,22,HbO,17,-7.581795218774124e-4,4.8285848665197357e-4,-3.6004890352551154e-4
P59,23,HbO,17,-9.15794782152245e-4,0.0016040804121726492,7.219090119807545e-4
P50,1,HbO,5,-5.769837394096967e-4,4.939555728203269e-4,4.472110495396752e-4
P50,1,HbR,5,-7.433611832959914e-6,-2.8934512269408486e-4,-1.0542828822157995e-4
P50,2,HbO,5,-0.001878640021156222,0.0032986345220368447,0.00383442067799948
P50,2,HbR,5,-0.0015958023077699821,-0.0038320164521607756,-0.0026543727237808004
P50,3,HbO,5,-0.0018801341861400707,-8.188962840230239e-4,-3.6530908105640046e-5
P50,3,HbR,5,7.39822588550575e-5,-3.749205755866821e-4,5.837127397939155e-5
P50,4,HbO,5,-0.0017774937861721625,-0.001968422531020366,-5.473873520246271e-4
P50,4,HbR,5,-6.743827848306995e-5,-6.009308967642612e-4,3.165069209017726e-4
P50,5,HbO,5,-0.0017040536005192726,0.004000778832649665,-0.0036715282743252967
P50,5,HbR,5,-1.4458779818157338e-4,-0.0019812530814196493,0.001041934975605271
P50,7,HbO,5,-0.0016762991902129272,-0.002700605251452849,-0.0011373172401928252
P50,7,HbR,5,-1.8139472073218546e-5,-3.7219322708185495e-5,0.00068712565974286995
P50,8,HbO,5,-0.007677339644418477,-0.0035161038202511335,-0.01235989652229599
P50,8,HbR,5,-0.00270477894069595,0.0023236233402112376,-0.004415018720390158
P50,9,HbO,5,-0.008649487816788568,-0.005187531367451614,-0.013058127591819487
P50,9,HbR,5,-0.0020451313184078434,0.0022407426839253382,-0.0038819358928483894
P50,10,HbO,5,-0.0029134461071843643,0.0028691601411817503,-9.55306787200078e-4
P50,10,HbR,5,-5.4896673564371654e-05,-5.97978082242158e-4,-6.238284865546963e-5
P50,11,HbO,5,-8.805496786434838e-4,-6.311634251817783e-4,-0.0013937428418933334
P50,11,HbR,5,-3.45627950985962e-4,3.6235518383018433e-4,6.677195943573621e-4
P50,12,HbO,5,-0.002883303583157095,0.005210198752191767,-7.611778412149905e-4
P50,12,HbR,5,-2.513751184936835e-4,0.0019407515167013819,0.003075860404018583
P50,14,HbO,5,-0.002280941439121043,0.001173401354002769,-1.9537120386076836e-4
P50,14,HbR,5,-5.5451941778918605e-5,-0.002444112915213357,-2.4142475227245045e-5
P50,15,HbO,5,-0.001488654718367787,0.0032597329445641153,-1.3725230756208605e-4
P50,15,HbR,5,-2.958955704613503e-4,-0.0028996484212175395,-6.783872347305073e-4
P50,16,HbO,5,-0.001390557875011107,-0.0023576316255576974,-8.097691249004039e-4
P50,16,HbR,5,-4.190816307564182e-5,-2.948066923782962e-4,-2.197980478500325e-4
P50,17,HbO,5,-7.091374501651368e-4,-0.0022820881062895924,-2.1558854270658045e-4
P50,17,HbR,5,-2.0124228692161466e-5,2.825144690378036e-4,-2.716683426660896e-6
P50,18,HbO,5,1.0128726842856924e-6,2.984398941171019e-6,4.904732853018895e-6
P50,18,HbR,5,3.0282838368132356e-6,-2.39491793324189e-6,-2.7464221342794066e-6
P50,19,HbO,5,8.617269615214159e-7,-2.255023163351358e-6,5.0896211504557785e-6
P50,19,HbR,5,1.7999338310281847e-6,3.981608846259964e-6,1.0654640964523933e-6
P50,20,HbO,5,-0.0013814392997605058,-0.001398013581777889,7.563452124501762e-4
P50,20,HbR,5,-5.843807728885279e-4,-5.982375146915176e-4,3.478247009901159e-4
P50,21,HbO,5,-0.0012914349221466918,-0.0013562918594161217,6.732898857605643e-4
P50,21,HbR,5,-5.993104637065816e-4,-6.11129892297379e-4,3.402643628190335e-4
P50,22,HbO,5,-1.308977181226174e-4,2.784972435655257e-4,1.4082546076466933e-4
P50,22,HbR,5,-5.462143757550985e-5,-8.590600653984684e-6,9.888987753742603e-5
P50,23,HbO,5,-1.275790956558237e-4,5.664383566813674e-5,7.712613852235387e-5
P50,23,HbR,5,-4.2222721025101424e-5,1.4178792860812314e-4,1.2313197609324495e-4
P50,1,HbO,8,-5.973823471069247e-4,2.298940379308476e-4,2.5252997907612257e-4
P50,2,HbO,8,-0.0028402972823292614,0.0030666681832377603,0.0019883420039112404
P50,3,HbO,8,-0.002108255824579114,-0.0012700986753507474,-4.8606868311855563e-4
P50,4,HbO,8,-0.0022588658420906456,-9.868678324186793e-4,-0.0014161657237724908
P50,5,HbO,8,-0.0025462736479524373,0.0049916286301301205,-0.0052514659686588305
P50,7,HbO,8,-0.002509567824167244,-6.856005830880681e-4,-0.002220355386884487
P50,8,HbO,8,-0.006318466111075384,-0.0017096629655407485,-0.008749611527294058
P50,9,HbO,8,-0.007364430317085542,-0.0026059463931507806,-0.009094026121560999
P50,10,HbO,8,-0.0037663147807368747,0.004266476604671315,-0.00249904427653947
P50,11,HbO,8,-0.001476636157838748,0.001084719866215983,-0.002407137023802854
P50,12,HbO,8,-0.004496239414228417,0.013034818798340106,-0.0041123724803725364
P50,14,HbO,8,-0.0033766510872834565,0.003047619950477247,-0.002278528879663825
P50,15,HbO,8,-0.0023386185395822324,0.002783417157049802,-0.001242983249980358
P50,16,HbO,8,-0.0015856039844102064,-0.002088754418531407,-9.86218300050257e-4
P50,17,HbO,8,-8.826937930154168e-4,-0.001658782667665165,-3.916498996920594e-4
P50,18,HbO,8,1.5893771975582692e-6,2.9515055347302843e-6,2.965931168045398e-6
P50,19,HbO,8,3.6880428868766604e-7,-5.072771475292493e-7,5.8367762450272676e-6
P50,20,HbO,8,-0.0012071195290728081,-0.0013332924950123911,5.760445941240698e-4
P50,21,HbO,8,-0.0011255518725115591,-0.0012691349240940195,5.153626843345802e-4
P50,22,HbO,8,-1.4314176197739416e-4,1.903590933163178e-4,8.300638368077369e-5
P50,23,HbO,8,-1.1082612802963934e-4,6.109766897135036e-5,4.6318436183210034e-5
P50,1,HbO,11,-5.872088655539077e-4,7.2483949945593e-5,8.131969312043485e-5
P50,2,HbO,11,-0.0034877806949665095,0.002759394867921554,7.610922506470428e-4
P50,3,HbO,11,-0.002158705664467986,-0.0013740806412568642,-8.600770163906838e-4
P50,4,HbO,11,-0.0025668449790155596,-1.945348100996543e-4,-0.0016984977682931858
P50,5,HbO,11,-0.003199661640734145,0.00542041271904425,-0.005360822220637615
P50,7,HbO,11,-0.003156252283364081,9.178384852114461e-4,-0.002280785745031472
P50,8,HbO,11,-0.005266856920021734,6.95680761701141e-5,-0.005272518579138219
P50,9,HbO,11,-0.006338439206815544,-9.874857419754595e-6,-0.005127233775544378
P50,10,HbO,11,-0.004379164706784201,0.004842459318399751,-0.0027876507561564933
P50,11,HbO,11,-0.0019429182308632975,0.0021981221506952127,-0.0024664780384024616
P50,12,HbO,11,-0.0053870897851482445,0.01763400783722165,-0.004916559378321911
P50,14,HbO,11,-0.0040034107531136225,0.004324273125591807,-0.002848087006756749
P50,15,HbO,11,-0.002857801517193409,0.002255250517938764,-0.0015800754730824248
P50,16,HbO,11,-0.0016730685747353461,-0.0017481133988064834,-9.096450950872189e-4
P50,17,HbO,11,-9.927256057433102e-4,-0.001128064780926524,-3.8236864622653437e-4
P50,18,HbO,11,1.4178129955509547e-6,2.426532814341882e-6,1.0740384864114861e-6
P50,19,HbO,11,-2.0093743642066797e-7,4.265894951085654e-7,5.553575897676673e-6
P50,20,HbO,11,-0.0010667870694739848,-0.0012549042256209174,4.4274987491893216e-4
P50,21,HbO,11,-9.916728165977856e-4,-0.001176858460687675,3.9787018252548034e-4
P50,22,HbO,11,-1.4718490106865325e-4,1.2788192628878964e-4,4.4339900882562204e-5
P50,23,HbO,11,-1.023196677362336e-4,7.639964444827781e-5,4.518880730440909e-5
P50,1,HbO,14,-5.477660383146504e-4,-2.7122315478651787e-5,-7.508392913791264e-5
P50,2,HbO,14,-0.0038368365831201183,0.0023382688077859762,-1.758382333275437e-4
P50,3,HbO,14,-0.0020769916267267944,-0.001244796103392711,-0.0010900495041802833
P50,4,HbO,14,-0.0027252089126902656,3.9776741324977895e-4,-0.0015630444151676014
P50,5,HbO,14,-0.0037298285808350846,0.005134621229167478,-0.004501684039368209
P50,7,HbO,14,-0.003586471475173567,0.0019251960379675444,-0.0017033728003949932
P50,8,HbO,14,-0.0041472255595056545,0.001433291679870711,-0.0017585998652990883
P50,9,HbO,14,-0.005176159393126089,0.0020652094223087675,-0.0010159152657382325
P50,10,HbO,14,-0.004729635854635775,0.00459241173208714,-0.0023433551821648944
P50,11,HbO,14,-0.0022624365074352163,0.0026860547132349847,-0.0019025363853859992
P50,12,HbO,14,-0.005857498836291466,0.018460304453819583,-0.0038367120209360536
P50,14,HbO,14,-0.004346080365748399,0.004737109305555209,-0.002260343423840659
P50,15,HbO,14,-0.0031543049714290216,0.0015557117827517252,-0.0013518122189137205
P50,16,HbO,14,-0.0016697713688094396,-0.0013696098256186907,-6.738831080638479e-4
P50,17,HbO,14,-0.0010333165429470027,-6.87387540827065e-4,-2.302297946020131e-4
P50,18,HbO,14,1.0485893261646565e-6,2.065266659127669e-6,-4.196367630434224e-7
P50,19,HbO,14,-5.064718593183503e-7,1.2796353068301647e-6,4.634903380222588e-6
P50,20,HbO,14,-9.182432685570529e-4,-0.001138280961430169,3.1400082310692977e-4
P50,21,HbO,14,-8.503658965297817e-4,-0.0010534910585413145,2.8276406577840667e-4
P50,22,HbO,14,-1.4272013057519943e-4,8.002112150519084e-5,1.948374163183907e-5
P50,23,HbO,14,-9.219077384149205e-5,9.659883419295378e-5,5.81060670112272e-5
P50,1,HbO,17,-4.798550062922388e-4,-1.029014411587472e-4,-2.0492386021892805e-4
P50,2,HbO,17,-0.0038911217209365323,0.0017704522100806409,-0.0010021321571052246
P50,3,HbO,17,-0.0018875805039721835,-0.0010166911062437802,-0.0011542959551451995
P50,4,HbO,17,-0.0027067082668599182,7.932652132845056e-4,-0.0012729270619459122
P50,5,HbO,17,-0.004090002262887885,0.004173145659562333,-0.003398150471996998
P50,7,HbO,17,-0.0037435746427968673,0.0022115232631533255,-0.0010356946146184369
P50,8,HbO,17,-0.0028141232407421553,0.002128378971134817,0.0013244921423284388
P50,9,HbO,17,-0.0037245885964453463,0.0033238919738564758,0.002576608612259563
P50,10,HbO,17,-0.004780982860469292,0.003618175035178445,-0.001711455773542465
P50,11,HbO,17,-0.002393282547124508,0.0026162564966899387,-0.0011623039411647682
P50,12,HbO,17,-0.006135328059184262,0.016249251920372857,-0.00222636499704155
P50,14,HbO,17,-0.004428900688576098,0.00431242290746905,-0.0012472970931408072
P50,15,HbO,17,-0.003249321720700063,7.036577852914227e-4,-9.330106464201148e-4
P50,16,HbO,17,-0.0015656456085468182,-0.0010006538371541427,-4.2689605517870087e-4
P50,17,HbO,17,-9.883680738067065e-4,-3.339852573200411e-4,-3.5820168654202684e-5
P50,18,HbO,17,8.312027307048254e-7,2.084879816667567e-6,-1.6058271949237103e-6
P50,19,HbO,17,-4.578582631633368e-7,2.580606420645234e-6,3.1814072505347103e-6
P50,20,HbO,17,-7.508307516312503e-4,-9.808369406813617e-4,1.763045571372632e-4
P50,21,HbO,17,-6.917831482300532e-4,-8.956318982285586e-4,1.5790040917813657e-4
P50,22,HbO,17,-1.3048305237900533e-4,3.852279958828267e-5,5.038901569948757e-6
P50,23,HbO,17,-7.637173183846578e-5,1.0937019269954343e-4,7.061562059291141e-5
P27,1,HbO,5,-3.9453515129753727e-4,2.458533203367927e-4,1.3207725851859081e-4
P27,1,HbR,5,0.0019563781728647975,0.001984166011731263,-0.010734036540540762
P27,2,HbO,5,-0.0031568943377147693,0.009227930493074969,-0.004246125553496277
P27,2,HbR,5,0.0013436927941580426,-0.0026613353239348845,0.0019204459990505086
P27,3,HbO,5,-8.278177461530069e-5,0.001384161430021129,0.00559640277873425
P27,3,HbR,5,8.589933093603105e-4,-0.002606173613914286,-0.013560483485010301
P27,4,HbO,5,-0.0018162195624119228,0.002793207128003826,-0.0024508707639793142
P27,4,HbR,5,3.900167122830975e-4,-0.0011037921665178405,3.933364966725826e-4
P27,5,HbO,5,-0.002436413977638049,-0.0011957130688212364,-0.00433583747303616
P27,5,HbR,5,-1.9562376127905232e-4,4.843706269996324e-4,-0.0011362076259113355
P27,7,HbO,5,-0.005369946037003461,0.003621955419884574,-0.02091851389125472
P27,7,HbR,5,4.1570841865802967e-4,-1.6082761822236812e-4,0.001146858412631681
P27,8,HbO,5,-0.0020942462912288975,0.008792157177300532,-0.016527018090842775
P27,8,HbR,5,3.545619585382122e-4,-0.002648315505426981,0.004411397548194768
P27,9,HbO,5,-0.0027750260661686837,0.00887562405210766,-0.01706317312004959
P27,9,HbR,5,0.0014345970446727353,-0.0036988407066056235,0.0031745877559579802
P27,10,HbO,5,-0.004416875711608956,0.007430817291809597,-0.017413672029296376
P27,10,HbR,5,-5.568844081329446e-5,-0.003292424728174101,-0.0014221542726502291
P27,11,HbO,5,-0.00391179513141833,0.005964920506712397,-0.013404838825083953
P27,11,HbR,5,9.690867390105028e-4,-0.002800135453094909,0.0019801808790150203
P27,12,HbO,5,-0.0016300470103379398,0.017223037132754505,-0.014094679115709916
P27,12,HbR,5,8.370571823463763e-4,-0.003755529077699787,0.0032023078937708374
P27,14,HbO,5,0.0018100665681004236,0.004935380828217818,0.005162506034152658
P27,14,HbR,5,6.81450050110333e-5,-0.001011763176712207,-0.0052324038949477635
P27,15,HbO,5,-0.0012027678029266165,0.0016095465573623083,0.007808361696731515
P27,15,HbR,5,0.0021068538487810447,-0.0011133822566964974,-0.004874924803723151
P27,16,HbO,5,-0.001205469705337659,0.005410214122148189,-0.022437690436503798
P27,16,HbR,5,0.0012800612666218551,-0.0010683030323028146,-5.3169571593672e-4
P27,17,HbO,5,-0.004164065491568476,0.005107092057402238,0.006363060749588597
P27,17,HbR,5,0.0015607182376494008,-0.0018125893982932758,-5.619935104551653e-4
P27,18,HbO,5,-3.7211274723244847e-6,3.460165403498178e-6,-1.7492001633789278e-6
P27,18,HbR,5,-1.9214983963664907e-6,-2.865848735641987e-6,1.5701797045090557e-5
P27,19,HbO,5,-2.7223056176395278e-6,5.431951307275675e-7,1.2168664808355935e-5
P27,19,HbR,5,-1.5598067423549347e-6,-2.895924733790581e-7,1.72652905836497e-6
P27,22,HbO,5,-0.0014212056174806617,0.006541003694686429,0.0010594846117975678
P27,22,HbR,5,5.773032020477876e-4,8.816116522148925e-4,-0.008156655712800652
P27,23,HbO,5,-0.002070307841830647,0.004399577881158133,0.004031884363901765
P27,23,HbR,5,2.7520170140978755e-4,0.00409198121754757,-0.005414954058827236
P27,1,HbO,8,8.042469687859724e-4,-0.0015409201892014556,-0.0029185432460531987
P27,2,HbO,8,-0.0021755520526667224,0.0057815281160262175,-5.013007887332883e-4
P27,3,HbO,8,6.359830212435227e-4,-0.0024308191861147723,0.0012759837802939448
P27,4,HbO,8,-0.0014519360578882552,8.94662229275558e-4,-7.572516057011301e-4
P27,5,HbO,8,-0.0018647159800663942,-0.001457360209486591,-6.045065928302348e-4
P27,7,HbO,8,-0.004375055917099946,0.0032333708520082168,-0.012817253342546039
P27,8,HbO,8,-0.0019238502626035018,0.006118244692217786,-0.010283375897933478
P27,9,HbO,8,-0.0022723209409035838,0.005407875736723966,-0.011049002136949563
P27,10,HbO,8,-0.003860966546084317,0.00270165911725184,-0.006621735801445174
P27,11,HbO,8,-0.003013274499105379,0.002950191137025296,-0.006482738064419528
P27,12,HbO,8,-0.001251243222260004,0.013230829702645231,-0.008321765238607429
P27,14,HbO,8,0.0020301327283482455,0.002916145285029956,0.004308698940730934
P27,15,HbO,8,-3.0016046548054305e-4,-7.191570483342642e-4,0.0071768787765935736
P27,16,HbO,8,-9.177122531664053e-4,0.0012076146745687519,-0.018517806376887987
P27,17,HbO,8,-0.0023660385455268576,0.002502314654488177,0.00556200580206467
P27,18,HbO,8,-3.6343359944484904e-6,5.423579844694519e-7,4.404562848795753e-7
P27,19,HbO,8,-2.867618352483012e-6,1.2222387782808242e-6,1.043146631565215e-5
P27,22,HbO,8,-3.645055940225435e-4,0.003029371363319737,-2.1976854916442486e-4
P27,23,HbO,8,-0.0012828633971509623,0.002060340328757532,0.0037038292184186834
P27,1,HbO,11,0.0014999687589690724,-0.0024152164903273724,-0.003668878022906933
P27,2,HbO,11,-0.0012149378597995262,0.003176226513651919,0.0026269280022926124
P27,3,HbO,11,9.490771330297939e-4,-0.005186605856908911,-3.1553184600021495e-4
P27,4,HbO,11,-0.0010314387444214238,-4.2125997557471113e-4,4.894342344912533e-4
P27,5,HbO,11,-0.0011860406473789967,-0.0017606759943668755,0.001924527426444097
P27,7,HbO,11,-0.0031946804091515114,0.0027291382335786337,-0.006742725596653452
P27,8,HbO,11,-0.001416762666769484,0.0042003128333096985,-0.00575513089642464
P27,9,HbO,11,-0.0015130624903319635,0.0026608639560968396,-0.006939568807822311
P27,10,HbO,11,-0.002901212540397391,-7.347655928396023e-4,5.333358907325902e-4
P27,11,HbO,11,-0.0019291004520337889,5.881728577544796e-4,-0.0019438275368128788
P27,12,HbO,11,-5.447706881944609e-4,0.009683539864527978,-0.0043843575964419975
P27,14,HbO,11,0.0021508594431344065,0.0016447171937189983,0.004160281687763399
P27,15,HbO,11,4.0527736407681286e-4,-0.0021336327471495123,0.006491679551034371
P27,16,HbO,11,-5.736859357429959e-4,-0.001703333892265869,-0.014018621294024449
P27,17,HbO,11,-7.95470703408133e-4,4.1980238845109214e-4,0.005027670895064163
P27,18,HbO,11,-3.3798401609961703e-6,-1.915368613362906e-6,1.902381585688215e-6
P27,19,HbO,11,-2.4978625194904955e-6,1.4070662717236202e-6,7.753870737740803e-6
P27,22,HbO,11,5.347378454029456e-4,1.4968578469766898e-5,-1.924873303133964e-4
P27,23,HbO,11,-5.869182013873094e-4,-3.1271310307872036e-4,0.0027975647723440518
P27,1,HbO,14,0.0017451547876402428,-0.0031015584105078286,-0.0030787569008631694
P27,2,HbO,14,-5.11936676175566e-4,0.0012399822645282113,0.00597103510823874
P27,3,HbO,14,9.042611467456137e-4,-0.007474152886302411,-4.339548878881937e-4
P27,4,HbO,14,-6.382884213326083e-4,-0.001219726089828666,0.001800221085683366
P27,5,HbO,14,-5.768855250786319e-4,-0.0018287499441568505,0.004337643161455581
P27,7,HbO,14,-0.002031129251367071,0.0023169273553391733,-4.6205811878259476e-4
P27,8,HbO,14,-8.699217906275236e-4,0.002894325322960446,-0.0012190282745398542
P27,9,HbO,14,-7.271767252379109e-4,6.969571552683039e-4,-0.0027311619505044384
P27,10,HbO,14,-0.0018048374338161884,-0.002933739762668264,0.006689193912277106
P27,11,HbO,14,-8.762693646127172e-4,-9.359426619414174e-4,0.002222505451123432
P27,12,HbO,14,1.0899220684706425e-4,0.00681837475228525,-3.8414374025084303e-4
P27,14,HbO,14,0.00212534490098508,8.583650060958905e-4,0.0045439261263379715
P27,15,HbO,14,9.222588732691196e-4,-0.002866123597899768,0.006273268572627853
P27,16,HbO,14,-2.78200646033386e-4,-0.003581031562708733,-0.008958193146277518
P27,17,HbO,14,4.624197851283307e-4,-0.0013163899626731526,0.00571631477755682
P27,18,HbO,14,-2.9107957932160332e-6,-1.3161097043757195e-6,1.3680977506614605e-6
P27,19,HbO,14,-1.8009041913754984e-6,2.6787594062791893e-6,4.1524881316916455e-6
P27,22,HbO,14,0.001160756176849396,-0.0020004263414007658,9.634959837891278e-4
P27,23,HbO,14,-5.607036970152991e-5,-0.002377226192403716,0.001940175151387072
P27,1,HbO,17,0.0017749645257270938,-0.0039232364351108285,-0.002056718291376111
P27,2,HbO,17,-6.0966214540265645e-5,-4.4323858092911085e-4,0.008986882259538042
P27,3,HbO,17,7.242099159862166e-4,-0.009503729646383206,-5.3984984097652194e-5
P27,4,HbO,17,-2.917179211117247e-4,-0.0017551607325079588,0.003123986161820552
P27,5,HbO,17,-8.117365054348513e-5,-0.0016729804348579098,0.006732825190284867
P27,7,HbO,17,-9.920190439060496e-4,0.0017410687481996816,0.006030142037990005
P27,8,HbO,17,-4.315605246711686e-4,0.0017410665236767043,0.003417724938557353
P27,9,HbO,17,-8.857401272125517e-5,-7.454669647918914e-4,0.001995084744812361
P27,10,HbO,17,-8.200920648336004e-4,-0.004293887436031287,0.01250987681022754
P27,11,HbO,17,-8.912148761363732e-6,-0.0018526594186367546,0.006459114363719316
P27,12,HbO,17,5.122784500387357e-4,0.004262651585200003,0.0039091236049446365
P27,14,HbO,17,0.0020116892111755732,1.048172179507592e-4,0.0049251754951248625
P27,15,HbO,17,0.0012737710708881481,-0.0033430315765141856,0.006378210300576121
P27,16,HbO,17,5.496863169397281e-5,-0.005014510125215489,-0.003816709907345344
P27,17,HbO,17,0.0014649445033356487,-0.002758563258031203,0.007164169616034817
P27,18,HbO,17,-2.3296411860017993e-6,1.9725553794576705e-6,3.198971835585352e-7
P27,19,HbO,17,-1.0220045283966385e-6,4.934293567260562e-6,1.0025476385724462e-6
P27,22,HbO,17,0.001553404053425436,-0.0031534252955054253,0.0024812030977516626
P27,23,HbO,17,3.202882006227744e-4,-0.003736126778246867,0.0013682835356234717
P56,1,HbO,5,0.0015218043182780167,-0.0015598936605550914,-7.64934631578891e-5
P56,1,HbR,5,-2.3011053531703322e-5,-0.0013235311559427177,-5.982876246558897e-4
P56,2,HbO,5,-4.978638300560789e-4,-3.525383129561242e-4,-7.511160381250446e-5
P56,2,HbR,5,-4.886101187179714e-6,7.648828071890365e-5,9.158346559522566e-6
P56,3,HbO,5,0.0010681829889538032,-0.003928051792254504,-0.0012538946901742593
P56,3,HbR,5,-1.7624112184447195e-4,-0.001168770588864294,5.092367568843875e-4
P56,4,HbO,5,-1.1029192451510731e-4,-2.6213478612843495e-5,-1.854020444362286e-4
P56,4,HbR,5,-3.205670100894057e-5,9.371082363466417e-6,1.7222662761275014e-4
P56,5,HbO,5,-0.0010029930543836547,-6.555558409772172e-4,-0.005306845112773704
P56,5,HbR,5,-6.103966425964495e-4,-0.001286396505271719,0.0013093053543602635
P56,7,HbO,5,-0.0031781281987073784,3.696932184421646e-4,-3.644441517128759e-4
P56,7,HbR,5,-2.821380060782978e-4,-3.942523274003718e-4,0.00031632213953234223
P56,8,HbO,5,-0.0034951210449488354,9.324436100001375e-4,-0.0012872017713072706
P56,8,HbR,5,-6.485083026833518e-4,2.38052159662444e-4,1.2152471559442692e-4
P56,9,HbO,5,-0.002372523158667289,0.001551493918935784,-0.0026850702954017537
P56,9,HbR,5,8.756127895506479e-5,-4.525628897911759e-4,-3.3287086115142076e-4
P56,10,HbO,5,7.725238554735923e-5,-5.239733460201498e-4,-0.004872151214718647
P56,10,HbR,5,-4.296095762232288e-4,-1.9657472050475883e-4,-0.0010127005986483666
P56,11,HbO,5,0.0017077098429683377,-0.0026679041994195256,-0.003435134477016738
P56,11,HbR,5,-4.1433265674708266e-4,2.3458448516235964e-4,-4.603342682365042e-4
P56,12,HbO,5,7.817535273074556e-4,-0.0017834407539690463,-0.003179542182417458
P56,12,HbR,5,-3.071982045173808e-4,1.5877887120709485e-4,-4.975300108525796e-4
P56,14,HbO,5,0.0015989153135614925,7.973135260429904e-4,-6.348169351573431e-4
P56,14,HbR,5,-5.595503188188391e-4,-6.350743650325384e-4,-0.0012188417193854254
P56,15,HbO,5,0.002860223392432583,-0.004030445904968321,0.0012645363010335606
P56,15,HbR,5,-1.862032593356603e-4,-0.0011364018482108856,-0.0016218449439665318
P56,16,HbO,5,0.0044046255110919965,-0.005889535657626541,0.0023561447653149465
P56,16,HbR,5,-9.225760786158622e-4,5.202812595715831e-4,0.0011287309909236208
P56,17,HbO,5,0.003261896910663361,-0.005855675087195803,0.003317000985819774
P56,17,HbR,5,-4.7024684324478716e-4,-3.2532396043270567e-4,6.046823202566612e-4
P56,18,HbO,5,1.756506509692475e-5,3.16149324227691e-5,-1.1497501752077361e-5
P56,18,HbR,5,3.05422284471185e-5,-3.0024855494842073e-6,-8.556279664800694e-6
P56,19,HbO,5,9.614588093212601e-6,1.4696012311331123e-5,-7.963931579844336e-6
P56,19,HbR,5,1.5893278136286414e-5,1.1778571108672079e-5,-3.014542981005629e-6
P56,20,HbO,5,-5.962434931105315e-7,2.2102712139740954e-6,-1.4991632025635222e-6
P56,20,HbR,5,9.498162302924779e-8,-2.266587074608497e-6,2.838761261683029e-7
P56,21,HbO,5,5.4027243790259584e-8,2.2188711697972492e-7,-1.1873130791275e-6
P56,21,HbR,5,-1.0032677606951102e-7,1.14047592893816e-6,1.7320621303716474e-7
P56,22,HbO,5,3.7031387806724374e-5,-0.002639837689356262,-9.243262540989536e-4
P56,22,HbR,5,-8.743192331193614e-5,5.605362306535766e-4,7.094573532182091e-4
P56,23,HbO,5,-0.0024688582621170524,0.0011026868365928582,0.003971984984862768
P56,23,HbR,5,4.488344797434335e-4,-3.45908861067454e-4,-5.327195490436607e-4
P56,1,HbO,8,7.45092387491783e-4,-0.0027021019923653238,1.0376859598166488e-4
P56,2,HbO,8,-7.131366088290982e-4,-7.266775438629062e-4,-7.999131824771837e-4
P56,3,HbO,8,-2.7674504542600503e-4,-0.0043261263957784105,-6.141988376388767e-4
P56,4,HbO,8,-1.5379743284395003e-4,-7.304089580746429e-5,-2.678043584107887e-4
P56,5,HbO,8,-0.001760769054293577,-0.0017760493594040942,-0.005417770436985883
P56,7,HbO,8,-0.003201114302578893,-6.251754060764386e-4,1.385990619598271e-4
P56,8,HbO,8,-0.004270129255301646,-4.300161292603391e-4,-5.609504471062413e-4
P56,9,HbO,8,-0.002746016372692811,-1.414788235378825e-4,-0.0023572442763460425
P56,10,HbO,8,-0.001910434935637717,-0.0025231610015061354,-0.005657827608057892
P56,11,HbO,8,3.3870850214804206e-5,-0.0031823869707181757,-0.0026410149958208777
P56,12,HbO,8,-7.219040635407434e-4,-0.002847323463868142,-0.0025814210936992853
P56,14,HbO,8,5.763733521158677e-4,-8.731579220603044e-4,-0.0010532114103879674
P56,15,HbO,8,0.001220407740766287,-0.00516127887670195,4.281072776127235e-5
P56,16,HbO,8,0.0032896981159793175,-0.005502735391879868,0.004711434196828423
P56,17,HbO,8,0.002356152016344781,-0.0045448600426746715,0.005637641909118884
P56,18,HbO,8,1.63577044056455e-5,2.522401790191299e-5,-7.6193023171598545e-6
P56,19,HbO,8,9.123144457336234e-6,1.0742906119050696e-5,-3.5630253135496615e-6
P56,20,HbO,8,-8.9518972203262e-7,1.9426614089771125e-6,-1.7553747286040342e-6
P56,21,HbO,8,-8.270698099310624e-8,5.785613534600157e-7,-2.939710226180173e-6
P56,22,HbO,8,-3.834580751186535e-4,-0.0021288428727440313,-4.7117138248240826e-4
P56,23,HbO,8,-0.002203756494694858,2.330610518502913e-4,0.0030957047972742326
P56,1,HbO,11,1.6640667829842003e-4,-0.0035351019074427352,3.819377707364999e-4
P56,2,HbO,11,-8.108633392653844e-4,-9.673651052691376e-4,-0.0012619095579527028
P56,3,HbO,11,-0.0012228914360455875,-0.004677657337224978,1.316678748302555e-4
P56,4,HbO,11,-1.728688946002751e-4,-1.0443182229304595e-4,-3.017108231800038e-4
P56,5,HbO,11,-0.0020637719011161546,-0.002810092268396431,-0.00530991697070508
P56,7,HbO,11,-0.002980348567590231,-0.0014310039765110356,5.625301459553771e-4
P56,8,HbO,11,-0.00448687657158444,-0.0015658072865228259,7.182972677737502e-5
P56,9,HbO,11,-0.0028122284443901887,-0.001399931138571199,-0.0016903061115962005
P56,10,HbO,11,-0.003271979006187581,-0.004035398819772755,-0.005597730639626314
P56,11,HbO,11,-0.0011648032342324803,-0.0036141553584138507,-0.0017772669026298877
P56,12,HbO,11,-0.0016856082154268072,-0.003796101988005517,-0.0016346080492971073
P56,14,HbO,11,-1.7357560230926345e-4,-0.002410666745385731,-8.681013867841942e-4
P56,15,HbO,11,-5.6949557979564164e-5,-0.005810749186814174,-8.38434720657952e-4
P56,16,HbO,11,0.002347355522953746,-0.005116364023395602,0.0060067176430514
P56,17,HbO,11,0.0015650254700162406,-0.0034792831372646546,0.006539519075252656
P56,18,HbO,11,1.3614554954085373e-5,3.227553447845632e-5,-1.393248104706709e-5
P56,19,HbO,11,7.87997511387333e-6,1.5429276410960334e-5,-2.921379957690004e-6
P56,20,HbO,11,-9.209032536275794e-7,1.654056611013633e-6,-7.973946955275216e-7
P56,21,HbO,11,-3.4816624646910015e-7,-2.635068836908445e-8,-3.0432599852922303e-6
P56,22,HbO,11,-6.907160765781257e-4,-0.0017461001752025575,-2.0235081864771425e-4
P56,23,HbO,11,-0.0019459178561241687,-4.147853747931484e-4,0.0025026630693875613
P56,1,HbO,14,-2.557900294194983e-4,-0.00417316103037565,7.11195832339873e-4
P56,2,HbO,14,-8.164290813828054e-4,-0.0011023583600487444,-0.00149241154328062
P56,3,HbO,14,-0.0018153435349869788,-0.005001755501592194,8.952477447413692e-4
P56,4,HbO,14,-0.00017138019026148477,-1.294431980469767e-4,-2.958967612289001e-4
P56,5,HbO,14,-0.002036349729559377,-0.003794199258639918,-0.0053217804649890775
P56,7,HbO,14,-0.002514019122745261,-0.001952120117546542,7.19066351200991e-4
P56,8,HbO,14,-0.004271117753472143,-0.002310433996908448,6.558620785955525e-4
P56,9,HbO,14,-0.0026552151299867118,-0.002294339318752708,-0.0010326183090280559
P56,10,HbO,14,-0.004149280985314821,-0.005054942464208244,-0.005214118154128084
P56,11,HbO,14,-0.002041103085431101,-0.003914345127662905,-9.642231852713046e-4
P56,12,HbO,14,-0.002275077493681584,-0.0045504256198701624,-6.424030668677872e-4
P56,14,HbO,14,-7.042813703939546e-4,-0.003590326677989656,-4.180944392841613e-4
P56,15,HbO,14,-0.001046312768523314,-0.006046259599076153,-0.001405605712008229
P56,16,HbO,14,0.0015009528594717362,-0.004433033217097684,0.006366226831645611
P56,17,HbO,14,8.248436672217453e-4,-0.0022835416952983567,0.006371187237988777
P56,18,HbO,14,8.744949243725512e-6,3.66652486686304e-5,-1.5178065527300379e-5
P56,19,HbO,14,5.002380033634113e-6,1.8339316822049524e-5,-5.311384129187785e-8
P56,20,HbO,14,-8.785337377537751e-7,1.0635234746222292e-6,-1.6426128120307115e-7
P56,21,HbO,14,-5.607965997411654e-7,-6.701780828215185e-7,-2.5558868085191075e-6
P56,22,HbO,14,-9.302626611859849e-4,-0.0014399625179040976,4.7352616092965744e-5
P56,23,HbO,14,-0.001643612301937893,-8.480046279119482e-4,0.002004737952935884
P56,1,HbO,17,-5.443335027384379e-4,-0.004554386780843048,9.494024964398571e-4
P56,2,HbO,17,-7.644927214390589e-4,-0.001130104620210346,-0.0015247350204211643
P56,3,HbO,17,-0.0021207620966389603,-0.00513854525808469,0.0014385580549907714
P56,4,HbO,17,-1.5691921991722247e-4,-1.475828249988767e-4,-2.645757952828926e-4
P56,5,HbO,17,-0.00184991516256895,-0.004508763203860265,-0.005529668943155534
P56,7,HbO,17,-0.0019011548570267267,-0.002160253760848232,5.958490904578536e-4
P56,8,HbO,17,-0.003787037773621765,-0.0026917389481838604,0.001233843394867649
P56,9,HbO,17,-0.0023729945318208567,-0.0028640712641110878,-5.371060412195656e-4
P56,10,HbO,17,-0.004646451377288592,-0.005513908340795169,-0.00481069783809642
P56,11,HbO,17,-0.0026700443878351185,-0.004011079759581961,-3.0265681896327594e-4
P56,12,HbO,17,-0.002613585509674889,-0.00491280227678228,1.5536502945018508e-4
P56,14,HbO,17,-0.001057094648255395,-0.0041602973778706795,-1.7423263399159189e-4
P56,15,HbO,17,-0.0017386251133257853,-0.005874340329069545,-0.0017460679831195333
P56,16,HbO,17,7.476504378492683e-4,-0.003436906345268003,0.005983284504824111
P56,17,HbO,17,1.6948027792911552e-4,-0.0010166271820301455,0.00557044072166598
P56,18,HbO,17,2.594748242454032e-6,2.964856886174402e-5,-1.2281732185531217e-5
P56,19,HbO,17,1.0621541170226783e-6,1.4218628607593236e-5,3.434344198481645e-6
P56,20,HbO,17,-8.007478697263999e-7,2.1962731495202283e-7,-3.493742059290817e-7
P56,21,HbO,17,-5.775098038053089e-7,-8.601504432593665e-7,-2.1755863599150795e-6
P56,22,HbO,17,-0.0011062447658080404,-0.0011954238479187683,2.7976562160437996e-4
P56,23,HbO,17,-0.0012816594448764526,-0.0011304165905325963,0.0014527103764831336
P52,1,HbO,5,-5.928125495450321e-4,-0.0010513317606713447,-0.004327629204888979
P52,1,HbR,5,7.374134592644308e-4,3.12033143141191e-4,1.256405892773092e-4
P52,2,HbO,5,-4.0435747001185343e-4,-7.440896806345886e-4,-2.14973807447423e-4
P52,2,HbR,5,8.911741358706994e-5,8.211224754558341e-5,-1.0173944334124549e-4
P52,3,HbO,5,0.0012796541340432516,0.0019188304436201476,-0.01299645961996675
P52,3,HbR,5,2.0287773826463832e-4,-3.1555767810889765e-4,0.004103645175998074
P52,4,HbO,5,-8.43681664344058e-5,-2.918239411388645e-4,-1.6062612525105614e-4
P52,4,HbR,5,-4.203067985266259e-6,8.59122589984267e-6,-4.304584588298622e-6
P52,5,HbO,5,-0.00924932833940007,-0.01303131366654595,-0.0020169492973204596
P52,5,HbR,5,0.004614724694162014,0.005847024815301301,2.665579120159484e-4
P52,7,HbO,5,-0.002540906008186724,0.002097210253247474,0.0020585650611839577
P52,7,HbR,5,3.1021734379938393e-4,-0.0033179111625306875,1.5432964715494422e-4
P52,8,HbO,5,-0.001319016883315135,-4.847498308888553e-5,-5.823837883118374e-4
P52,8,HbR,5,3.437686209722514e-4,-0.0023373891302763423,4.919450231575422e-4
P52,9,HbO,5,-0.0019063617555694062,0.0010568483486562774,-0.001359975332259789
P52,9,HbR,5,2.5383492625251217e-4,-0.007103111854109929,8.25386360404836e-4
P52,10,HbO,5,7.480401645291368e-4,-0.006707671284848587,-0.006608799843331248
P52,10,HbR,5,-0.0012971996584108009,-7.516660058217278e-4,0.0027759113579520953
P52,11,HbO,5,-6.561540887038336e-4,3.119226783218493e-4,-6.214213637650303e-4
P52,11,HbR,5,2.0393278494719398e-4,-3.0262163015207114e-4,3.4657231620046486e-4
P52,12,HbO,5,-0.003133551373274235,-0.0036140416459104273,1.1733799694567197e-6
P52,12,HbR,5,8.40619209031274e-4,0.001046637904732955,0.0011012842463416388
P52,14,HbO,5,-0.002154625123692375,-0.008376474987575213,0.002847900890260158
P52,14,HbR,5,3.4573883972666884e-5,0.001568121976180438,-4.985444968004551e-4
P52,15,HbO,5,-0.003064777685935519,-0.0095583400795539,0.0029678457332716983
P52,15,HbR,5,0.0014724794818342692,0.00424513897195836,8.423434295211015e-4
P52,16,HbO,5,-1.0259171531515323e-4,-2.7378575357661866e-4,-1.8771979690463956e-4
P52,16,HbR,5,-4.634726846769743e-5,-1.2192965869800412e-4,-3.0956495174691344e-5
P52,17,HbO,5,-8.783693143361285e-5,-4.0458596444988465e-4,-1.7686962953728834e-4
P52,17,HbR,5,-4.482763127974535e-5,1.2929604981707804e-5,-5.644468906081458e-5
P52,18,HbO,5,-4.593347022096205e-6,-9.812941148648291e-6,-2.3153439399048725e-6
P52,18,HbR,5,-2.70571718531375e-6,2.2605060457449134e-6,-4.494419241251156e-6
P52,19,HbO,5,-2.907250855200021e-6,-5.089409586850309e-6,4.153421313421392e-6
P52,19,HbR,5,-1.7553757680777012e-6,3.3013210337330543e-7,-2.6655362790772254e-6
P52,20,HbO,5,-1.4946815960892667e-6,7.736919590133361e-7,4.5193035857986604e-6
P52,20,HbR,5,-5.447522180379e-7,-4.192053818632093e-7,6.285557802847717e-7
P52,21,HbO,5,-1.5263909236871147e-6,1.3020437633544634e-6,1.440827459171094e-6
P52,21,HbR,5,-6.958228584605031e-7,-1.998407164253602e-7,2.762616958150444e-6
P52,22,HbO,5,4.439944698923932e-4,-5.608616377236761e-4,2.9098780097159004e-4
P52,22,HbR,5,0.00022582529100958712,-2.8727417690523397e-4,1.3518944890044497e-4
P52,23,HbO,5,4.1604575138727573e-4,-5.348087320890634e-4,2.5769067651359783e-4
P52,23,HbR,5,2.1003629131606188e-4,-2.6323820815679047e-4,1.3748174799780815e-4
P52,1,HbO,8,-6.776995743080276e-4,-9.498101516797237e-4,-0.003995674547986713
P52,2,HbO,8,-4.1176883836642464e-4,-5.034973427030493e-4,-1.3877944329847866e-4
P52,3,HbO,8,0.0010293505526718376,0.002931086573338155,-0.010967251114168857
P52,4,HbO,8,-8.21693820190851e-5,-1.339377591637041e-4,-1.493410090387051e-4
P52,5,HbO,8,-0.0089940398898145,-0.007824997341683652,-0.004934413307660369
P52,7,HbO,8,-0.004155931380929857,0.00362843273106558,0.0011839501171170988
P52,8,HbO,8,-0.001966610991869011,-2.7723628153619555e-4,-0.0012014105434108972
P52,9,HbO,8,-0.0020456032801256696,0.002569153104035678,-0.002116772683143321
P52,10,HbO,8,-4.935369506621866e-4,-0.004245175618282134,-0.005988168349683776
P52,11,HbO,8,-0.0010948985251399924,4.901368150678904e-4,-8.257380157331155e-4
P52,12,HbO,8,-0.004149629441521355,-0.003009832064969026,-0.001573489333619332
P52,14,HbO,8,-0.001848621670937078,-0.005801579111606419,0.0011288242726419726
P52,15,HbO,8,-0.0029963399826623337,-0.00771788253806304,9.627773256398116e-4
P52,16,HbO,8,-7.325336262553749e-5,-1.8914111614400648e-4,-1.1803692210474601e-4
P52,17,HbO,8,-6.501634794883404e-5,-2.8498487445694734e-4,-1.3486475538943604e-4
P52,18,HbO,8,-3.4262515229047475e-6,-9.541349623512325e-6,-3.0334806758138692e-6
P52,19,HbO,8,-1.7868599589317223e-6,-6.546113490277963e-6,4.369225384670561e-6
P52,20,HbO,8,-1.171278029815353e-6,1.2012929877191633e-6,4.613875624661409e-6
P52,21,HbO,8,-1.19352418107303e-6,1.2109323995951643e-6,1.8307776422728114e-6
P52,22,HbO,8,3.696555490241665e-4,-4.0280440046451863e-4,2.9275033245826723e-4
P52,23,HbO,8,3.421826036928736e-4,-3.850265885100618e-4,2.6485324377443034e-4
P52,1,HbO,11,-8.07077200483165e-4,-0.001258927935528535,-0.0034203447896611885
P52,2,HbO,11,-3.9204716675848633e-4,-2.467084217027368e-4,-5.270589218301287e-5
P52,3,HbO,11,6.542682745309045e-4,0.003216278129002404,-0.008798747004756989
P52,4,HbO,11,-8.5453729389203e-5,-1.323158251158171e-5,-1.226403349193615e-4
P52,5,HbO,11,-0.008584042915227132,-0.003092407315674192,-0.006745749721008843
P52,7,HbO,11,-0.005214993572518146,0.004821463959123644,5.163890565101839e-4
P52,8,HbO,11,-0.0023828524350853367,-2.9792424925570606e-4,-0.001693186218533865
P52,9,HbO,11,-0.0021669397688291797,0.0037021426302120864,-0.0025476516305631618
P52,10,HbO,11,-0.0016442647039750142,-0.0021156581798753744,-0.005061702778203512
P52,11,HbO,11,-0.0013528580979261197,5.111102077717037e-4,-8.389604809613975e-4
P52,12,HbO,11,-0.004681371584160632,-0.0018679284748771346,-0.0022506704024394517
P52,14,HbO,11,-0.0014831576179117054,-0.003708727760218798,-1.2144340631214881e-4
P52,15,HbO,11,-0.0028057252441922305,-0.006298758273310206,-2.4597095999690275e-4
P52,16,HbO,11,-5.209226174034563e-5,-1.2126296807666862e-4,-5.8587148462582045e-5
P52,17,HbO,11,-4.7162793730545164e-5,-1.8494382334130542e-4,-1.0280955746779893e-4
P52,18,HbO,11,-2.8448411228859322e-6,-8.558528620962702e-6,-4.212051209522842e-6
P52,19,HbO,11,-1.2963549917006812e-6,-6.463482063182002e-6,3.9626679580988015e-6
P52,20,HbO,11,-1.1123003909287423e-6,1.2531879461146218e-6,4.816680180583964e-6
P52,21,HbO,11,-1.033878812363382e-6,6.758884886103629e-7,1.6825488935020817e-6
P52,22,HbO,11,3.1591468051478627e-4,-2.914563172259336e-4,2.841577495663759e-4
P52,23,HbO,11,2.890587636548222e-4,-2.7818172554530354e-4,2.613183576176567e-4
P52,1,HbO,14,-9.328854485540657e-4,-0.001765633999480353,-0.0024045301266265627
P52,2,HbO,14,-3.558667078105183e-4,-2.2064154347814955e-6,4.5389969940715455e-5
P52,3,HbO,14,2.501422800878551e-4,0.0026296483808006203,-0.006234397190481587
P52,4,HbO,14,-8.800908510338398e-5,7.770896757070476e-5,-8.506303122013146e-5
P52,5,HbO,14,-0.007895014455882744,0.00108303615763917,-0.0072593812692371236
P52,7,HbO,14,-0.005737676906831637,0.005362286373068213,2.398271274178463e-4
P52,8,HbO,14,-0.0025620299590004693,-3.052413490808045e-4,-0.0017679494951869197
P52,9,HbO,14,-0.0022054349773780835,0.004169352638300972,-0.0023788403082738658
P52,10,HbO,14,-0.0024894599637142324,-5.357945797775034e-4,-0.003593514124114348
P52,11,HbO,14,-0.0014243924115278554,3.41571693239202e-4,-6.719699755702256e-4
P52,12,HbO,14,-0.004805103134242101,-7.598864771943578e-4,-0.002155663842740726
P52,14,HbO,14,-0.001132871737878132,-0.0019194368971119076,-0.0010186352770644063
P52,15,HbO,14,-0.002498230552650018,-0.004720814662440661,-0.001013699038489454
P52,16,HbO,14,-3.431208420394886e-5,-6.891542223771223e-5,-1.1978682821483647e-5
P52,17,HbO,14,-3.402255664323515e-5,-1.1250180623345382e-4,-6.987059364812185e-5
P52,18,HbO,14,-2.186419099804959e-6,-7.756524305227143e-6,-5.497013400262772e-6
P52,19,HbO,14,-8.566396130801604e-7,-5.802328946704502e-6,2.666911254556914e-6
P52,20,HbO,14,-1.1952395181183087e-6,1.3749683946218317e-6,4.495623373458604e-6
P52,21,HbO,14,-8.969121748139467e-7,-1.5130002210378987e-7,1.0455736028852949e-6
P52,22,HbO,14,2.6669150362073095e-4,-2.0795742232897842e-4,2.628007935862938e-4
P52,23,HbO,14,2.4127175668448754e-4,-1.9728940305785276e-4,2.452911514816265e-4
P52,1,HbO,17,-0.0010139722116417858,-0.0021823011453810325,-0.0012213329683246153
P52,2,HbO,17,-3.102560474666168e-4,1.8940168634072198e-4,1.2707691482142196e-4
P52,3,HbO,17,-8.15649937339063e-5,0.0015047976334556068,-0.0036533794642885564
P52,4,HbO,17,-8.410501265148202e-5,1.531821921606685e-4,-4.8807546513949664e-5
P52,5,HbO,17,-0.0068909718124894265,0.004454932258642246,-0.006810501055270622
P52,7,HbO,17,-0.005748567387461947,0.005205191081123455,1.9882214373465225e-4
P52,8,HbO,17,-0.0025309759238074897,-3.6603590511387416e-4,-0.0015061999779661776
P52,9,HbO,17,-0.0021177318502275046,0.004051177248224984,-0.0018370108634646399
P52,10,HbO,17,-0.0028848303504507783,6.41359059175625e-4,-0.0018595334964239022
P52,11,HbO,17,-0.0013496512593734855,6.322142305872072e-5,-4.0912117374845364e-4
P52,12,HbO,17,-0.004592905467870005,9.773097992760835e-5,-0.0016411941089006991
P52,14,HbO,17,-8.425239388891485e-4,-3.350441255324525e-4,-0.001589132979644898
P52,15,HbO,17,-0.0021194873699951658,-0.0028992699307662986,-0.0015801697023067112
P52,16,HbO,17,-1.8390029062374427e-5,-2.992376293314019e-5,1.9846399227647007e-5
P52,17,HbO,17,-2.3247958200687306e-5,-5.4315999934709135e-5,-3.500877520033234e-5
P52,18,HbO,17,-1.224791711250986e-6,-7.4142617709747125e-6,-6.5248318508851044e-6
P52,19,HbO,17,-1.446660651761839e-7,-5.281291147331974e-6,8.729346490764795e-7
P52,20,HbO,17,-1.1987292371049545e-6,1.7588486754767051e-6,3.5590207398887896e-6
P52,21,HbO,17,-6.769778471065803e-7,-7.587205422622329e-7,3.659071576306904e-7
P52,22,HbO,17,2.1689895451566747e-4,-1.4127503709501557e-4,2.2819475420427445e-4
P52,23,HbO,17,1.9368809503106163e-4,-1.3293709363457394e-4,2.1618530587267217e-4
P69,1,HbO,5,-0.0014489786007628508,0.007455276785986438,-0.0026086315975840787
P69,1,HbR,5,-4.185098095922794e-4,-0.003205256913033167,-7.258695108327393e-4
P69,2,HbO,5,-0.0020135163325797037,0.005518368151170393,-0.004094593953922768
P69,2,HbR,5,-3.4877495159868815e-5,-0.002914643257827135,-1.9083785740481925e-4
P69,3,HbO,5,-4.924776954607648e-4,0.009625595302365529,-0.004225875141517378
P69,3,HbR,5,-8.665603221280577e-4,-0.0039019591174305397,0.0014669166634693313
P69,4,HbO,5,-2.3237089497534283e-4,0.004030578941552004,-0.003971004179881356
P69,4,HbR,5,-6.163268730654723e-4,-0.0026077657800016633,0.0010856970585492228
P69,5,HbO,5,0.001965746685015078,0.012620885207849297,-0.001168693042575927
P69,5,HbR,5,-0.0019807147374778116,-0.004699031882456694,3.95192620006416e-4
P69,7,HbO,5,-0.0064351655509955205,0.0016682040415835913,-0.004871494735195434
P69,7,HbR,5,-9.295789389746718e-4,-0.0022642182683253955,-0.0012585329069228345
P69,8,HbO,5,-0.0039000071569301425,-3.2344089865333e-4,-0.003579967630941713
P69,8,HbR,5,-5.963618899829424e-4,-0.001093703325105677,-4.292455512826527e-4
P69,9,HbO,5,-0.004797154204080393,0.0021994903653823434,-0.004348122112581397
P69,9,HbR,5,-6.630280792821234e-4,-9.31167969799892e-4,0.00259410823120973
P69,10,HbO,5,-0.0028294342843391733,0.013609852118635229,-0.006274019746392877
P69,10,HbR,5,-7.98990289601848e-4,-0.004436426761259544,0.003442964933373973
P69,11,HbO,5,-0.0017732598132714922,0.007599929565157343,-0.006799346115240158
P69,11,HbR,5,-2.7986216058693104e-4,-0.0017948449653287584,0.0031793620991597466
P69,12,HbO,5,-0.004089677445765577,0.00988435236129931,-0.006372650502935733
P69,12,HbR,5,2.785465307418754e-4,-0.004276663676592999,0.002273636974274507
P69,14,HbO,5,-0.004228159239518077,0.0021993769844362307,-6.709566009883211e-4
P69,14,HbR,5,9.441096170482051e-4,-0.0014832828671173697,-0.0045950603365468665
P69,15,HbO,5,-0.002951732494149964,0.0032413773417535913,-0.0020981451349201367
P69,15,HbR,5,3.0871496634982965e-5,-0.0011242984260210914,-0.0029818323662996766
P69,16,HbO,5,-0.002057278362642764,-2.6882037735350436e-4,-0.002193233058239134
P69,16,HbR,5,8.758484133065152e-7,-9.910303537637173e-5,-8.910353272984983e-4
P69,17,HbO,5,-0.0036831775173450966,0.001105662731919357,0.0023853033364938186
P69,17,HbR,5,1.9365655678311945e-4,-8.174385269185458e-4,-8.974433039974002e-4
P69,18,HbO,5,-1.0726362213733341e-6,-8.456662085879352e-5,7.220557181299145e-5
P69,18,HbR,5,3.5071883923349726e-6,-7.601085548231059e-5,3.535204311142973e-5
P69,19,HbO,5,5.406379863354694e-6,-5.1863924056709746e-5,3.576194379937326e-5
P69,19,HbR,5,3.2234474719224497e-6,-4.7281371060050575e-5,3.397509812343312e-5
P69,20,HbO,5,-9.111096923840681e-7,-5.2019826020223715e-6,-3.999339976869137e-6
P69,20,HbR,5,4.102496904005792e-7,2.208555564198419e-6,1.0807414409179227e-6
P69,21,HbO,5,-2.131960799299441e-6,-1.102434984146646e-6,8.092007098367397e-8
P69,21,HbR,5,2.226022421978526e-8,-1.7151121157847814e-6,-1.1356169408861686e-6
P69,22,HbO,5,-0.006725806505115251,-9.602228242365487e-4,-0.005884210742097787
P69,22,HbR,5,6.995442750700336e-4,-8.86540338495702e-4,5.90569358576573e-4
P69,23,HbO,5,-0.006562917024341999,-0.004563213870289664,0.002103008001281063
P69,23,HbR,5,-3.681744700036193e-4,-7.081940995227826e-4,6.242382309244599e-4
P69,1,HbO,8,-0.0010710403633771874,0.004560023708498448,-5.66337667655888e-4
P69,2,HbO,8,-6.158736179381454e-4,0.002199660915856594,-0.0014806823330092724
P69,3,HbO,8,-2.0566590693987723e-4,0.006146988117014822,-0.002180723924890288
P69,4,HbO,8,5.2666011464457056e-5,0.00188981231951583,-0.0019626451579420295
P69,5,HbO,8,0.0018956969382090002,0.009492711539436432,0.0020983577827204634
P69,7,HbO,8,-0.005697439986431599,-0.004808370712837215,-0.003508348858431988
P69,8,HbO,8,-0.0038121000806518447,-0.0024220070212887987,-0.0012344179143082459
P69,9,HbO,8,-0.004340986084948835,0.001120976562179947,0.001201424949755848
P69,10,HbO,8,-0.0030339835545465906,0.009036513229873902,-3.5152863088776335e-4
P69,11,HbO,8,-0.001513142493358098,0.004084444371276395,-0.0032209612918510135
P69,12,HbO,8,-0.0041133721572563986,0.004802880037459753,-0.0038338061232009936
P69,14,HbO,8,-0.003574320987500454,-5.32973944490546e-4,-0.0014925872694133541
P69,15,HbO,8,-0.002493629141556194,0.0019021286597606052,-0.0021745504594922077
P69,16,HbO,8,-0.0017551535675055083,-0.00104639898945649,-0.0017313196773276333
P69,17,HbO,8,-0.003526083229106848,5.559162819377036e-4,0.0016499826190639337
P69,18,HbO,8,4.757363092210463e-6,-4.860779085680536e-5,5.5190074019930835e-5
P69,19,HbO,8,7.979757137602811e-6,-4.140438491165801e-5,2.636136849473371e-5
P69,20,HbO,8,-8.431838258140581e-7,-5.314035500202707e-6,-3.0989547453221312e-6
P69,21,HbO,8,-2.252092106521935e-6,-8.698337718756788e-7,-1.9833865855857457e-7
P69,22,HbO,8,-0.006142160643720005,-0.003281704816560889,-0.0023824515760774985
P69,23,HbO,8,-0.00621608178924545,-0.007955923584533842,0.002739413162854349
P69,1,HbO,11,-6.756509840001366e-4,0.003119151068491781,0.0010603730478672675
P69,2,HbO,11,7.16829826041953e-4,0.00172446014086252,6.868898769332466e-4
P69,3,HbO,11,-7.246270143516395e-5,0.003896361145131585,-6.197011148982895e-4
P69,4,HbO,11,3.7919770119340755e-4,0.0011229082415631425,-3.4652306422432004e-4
P69,5,HbO,11,0.0016440393640210465,0.007990426652116588,0.004343401568878115
P69,7,HbO,11,-0.004708618158733296,-0.009205743408240987,-0.002047876801927769
P69,8,HbO,11,-0.0034393891886620766,-0.0028105824482180107,7.559536350934447e-4
P69,9,HbO,11,-0.003742652512295081,0.0012679379314894123,0.005480198039605147
P69,10,HbO,11,-0.0031120543417028942,0.0062352557791355455,0.004232604816804107
P69,11,HbO,11,-0.001327442665686224,0.002022278612428567,-1.7176372665867783e-4
P69,12,HbO,11,-0.003864179855094694,0.002669772535690714,-0.0011185580570182594
P69,14,HbO,11,-0.002918673565241616,-0.00229612121308692,-0.002003970242664598
P69,15,HbO,11,-0.002110913265407571,8.965917505429975e-4,-0.0017606525146371273
P69,16,HbO,11,-0.0015108174942974166,-0.0010627056612315638,-0.0012205671691346439
P69,17,HbO,11,-0.0032140421382171047,6.798106031607134e-4,9.361153944901846e-4
P69,18,HbO,11,7.041160316330028e-6,-2.8410341360525764e-5,3.229524387483762e-5
P69,19,HbO,11,6.994618101036354e-6,-4.0208176251569666e-5,1.2792704936586613e-5
P69,20,HbO,11,-9.111107078112896e-7,-6.138614091404786e-6,-2.433308785512959e-6
P69,21,HbO,11,-2.2351137956135557e-6,-1.5250863708268269e-6,-8.349543131342757e-8
P69,22,HbO,11,-0.005464288940736942,-0.004203199466857448,3.81254290611049e-4
P69,23,HbO,11,-0.005593100209062329,-0.008835790433612338,0.0033580573865225304
P69,1,HbO,14,-3.833481705604851e-4,0.0026071975246633734,0.0020766072218154712
P69,2,HbO,14,0.0015264163961162325,0.0033499703531461003,0.0019381639680268571
P69,3,HbO,14,-2.2656499089234025e-4,0.00242350835208645,4.442113342496633e-4
P69,4,HbO,14,4.995188079504728e-4,0.001327515731348394,6.551735870892391e-4
P69,5,HbO,14,0.0010335124882579533,0.007644792956527589,0.005452539056430584
P69,7,HbO,14,-0.003554008079179152,-0.010803811650324046,-5.04802230955682e-4
P69,8,HbO,14,-0.0030063841884868056,-0.0018288935487967757,0.0022655500592344753
P69,9,HbO,14,-0.003201192518023537,0.0025208307980975476,0.008157788808966624
P69,10,HbO,14,-0.0030751774334167063,0.004681826710547593,0.0070677004665665455
P69,11,HbO,14,-0.0011701372831704937,9.550273492023697e-4,0.0019886261611346363
P69,12,HbO,14,-0.0034882469797283266,0.0022794404852201273,7.554853216396661e-4
P69,14,HbO,14,-0.0022470190307141806,-0.003330730520777293,-0.002358537967024621
P69,15,HbO,14,-0.0017405172483194785,1.7415298432801445e-4,-0.0011003264842238834
P69,16,HbO,14,-0.0013138752802917617,-6.782299152274117e-4,-0.001071652491092732
P69,17,HbO,14,-0.0028559692168441076,0.0011047910098269907,-9.826955892179391e-6
P69,18,HbO,14,7.288010304679357e-6,-1.8634967749208366e-6,1.4497938100770223e-5
P69,19,HbO,14,5.104088436495659e-6,-2.9863450004866292e-5,1.7209137542789964e-6
P69,20,HbO,14,-9.000235517407908e-7,-6.7211115397510696e-6,-1.9811287218590954e-6
P69,21,HbO,14,-1.9179286846168955e-6,-2.3181156279461027e-6,2.960546913483287e-7
P69,22,HbO,14,-0.004698709017335473,-0.004032456616674454,0.002210880289510139
P69,23,HbO,14,-0.004845562544799717,-0.007839725350281898,0.0030391872669251955
P69,1,HbO,17,-2.4019048211705184e-4,0.002370112089603246,0.0023839714159281226
P69,2,HbO,17,0.001653880959745643,0.005388839253862609,0.002148974955310489
P69,3,HbO,17,-5.908001774667444e-4,0.0012945591236106552,0.0011202473109800987
P69,4,HbO,17,3.4354884651748745e-4,0.0017296772260546628,0.0011048265788619251
P69,5,HbO,17,1.3060573589798304e-4,0.007278113943650739,0.005725549455477667
P69,7,HbO,17,-0.002390917995564067,-0.009875610882757877,6.657007461070275e-4
P69,8,HbO,17,-0.002614021733153994,-3.1732961804462e-4,0.0031421657334667497
P69,9,HbO,17,-0.002754313568962311,0.003939341390398838,0.009156344910499924
P69,10,HbO,17,-0.0028849272347249454,0.003456238193388478,0.008170023872139321
P69,11,HbO,17,-9.90142338382953e-4,2.5432465851880004e-4,0.0031071408760971852
P69,12,HbO,17,-0.003072904899589394,0.0022746463754800216,0.0013228072948087786
P69,14,HbO,17,-0.0015940014335030497,-0.003807069020126453,-0.002725384107824688
P69,15,HbO,17,-0.0013834761604131847,-3.180929930735062e-4,-5.607328357027937e-4
P69,16,HbO,17,-0.00115016298294517,-2.7565205478500036e-4,-0.0013545287831513836
P69,17,HbO,17,-0.0025148574915098585,0.001401982054297252,-0.0011257813172558793
P69,18,HbO,17,7.703614459550075e-6,2.987192703246695e-5,4.100006577478857e-6
P69,19,HbO,17,4.602990245579393e-6,-7.884850405121716e-6,-4.188122041229179e-6
P69,20,HbO,17,-7.584012761098446e-7,-6.39115672029879e-6,-1.6790991553075729e-6
P69,21,HbO,17,-1.4455386181967735e-6,-2.5017342808754487e-6,7.491948995666438e-7
P69,22,HbO,17,-0.0038781131260424246,-0.003300661689842463,0.0029582592182521975
P69,23,HbO,17,-0.00405217410118405,-0.005956351727197792,0.0015848836864269702
P25,1,HbO,5,-0.002020485684161693,0.013117447609735216,-0.004811933166674308
P25,1,HbR,5,-0.0016695391145587217,-0.0032816237476710275,-9.669082034328306e-4
P25,2,HbO,5,-0.004429035257616113,-0.017108468234986823,0.005328852410631863
P25,2,HbR,5,3.213507298978215e-4,-0.002691332045628044,-2.4883600362405814e-4
P25,3,HbO,5,-0.005577730511701887,0.007284096623346905,-0.0034501030892490365
P25,3,HbR,5,-0.0013324845008771632,-0.011319075578909328,-9.446414998650268e-5
P25,4,HbO,5,-0.0029900170690095743,-0.006740643379965872,0.0021224794914905505
P25,4,HbR,5,5.173925953629258e-4,-0.0015497627290824703,-2.70439670513637e-4
P25,5,HbO,5,-0.005549372911595349,-0.017662834180787866,0.005793284824210466
P25,5,HbR,5,7.966732113948222e-4,-3.909757083975885e-4,-0.0016987902202816746
P25,7,HbO,5,-0.006077601894454789,-0.009225480766796525,0.004154878715258287
P25,7,HbR,5,5.67636812495077e-4,-0.00258729943455692,-4.5580369629384616e-4
P25,8,HbO,5,-0.0025934916103322533,-0.004360375877235506,0.0019961055174809246
P25,8,HbR,5,5.634498325706878e-4,2.6911466739604743e-4,-4.485890121058659e-4
P25,9,HbO,5,-0.005811752183077857,-0.010382190441021967,0.004880763263253834
P25,9,HbR,5,5.843858975922354e-4,-7.511535449748619e-4,-0.001501717236668591
P25,10,HbO,5,-0.005828162169131137,-0.006981448352107841,0.005708867571065586
P25,10,HbR,5,4.343904284944055e-4,-0.006298580263362094,-0.0016060732561097861
P25,11,HbO,5,-0.0023680175690877336,-8.058966330407803e-4,0.003359485896724044
P25,11,HbR,5,-4.3219649264042263e-4,-0.009250203946375794,-1.5541972140026367e-4
P25,12,HbO,5,-0.004075180258901456,0.0032431299026233454,0.002237740565105417
P25,12,HbR,5,-5.340223154650075e-4,-0.010654800950390252,-0.0017176293477642764
P25,14,HbO,5,-0.0020637604019084124,0.018308263373309423,-0.0014384103079730305
P25,14,HbR,5,-0.0019433821671104123,-0.016205561271879405,-8.07119878253139e-4
P25,15,HbO,5,-0.003054991756321842,0.020392130779572297,-0.0017794151922582674
P25,15,HbR,5,-0.002919643120182155,-0.019327232689855246,-0.0025059615994207527
P25,16,HbO,5,-0.005204908696368991,0.02974485924953731,-0.0030224646170701934
P25,16,HbR,5,-0.002900557100654749,-0.00947480225228482,7.877016436837305e-4
P25,17,HbO,5,-0.004046234762665486,0.0022907899786941046,0.0034505612411982003
P25,17,HbR,5,-5.772313563713456e-4,-0.0010972350331526176,-6.071267752695911e-4
P25,18,HbO,5,-1.7606158149539458e-5,-1.6433170758948555e-4,5.060633415611753e-5
P25,18,HbR,5,-2.536254060153228e-5,-2.501254261150857e-4,6.331308942433798e-5
P25,19,HbO,5,-1.2028417361133247e-5,-1.1377981954624698e-4,2.9814196199074537e-5
P25,19,HbR,5,-1.0295905847340342e-5,-1.2878369359672779e-4,3.1558759142397204e-5
P25,20,HbO,5,9.896366504510065e-8,1.341553454056824e-6,8.461995229325328e-7
P25,20,HbR,5,4.718927150440903e-7,1.4155375884062307e-6,-5.204408263914655e-7
P25,21,HbO,5,-8.236578090239879e-7,5.112362773641087e-6,-2.443978392067279e-6
P25,21,HbR,5,4.770542785691262e-7,-6.915300111794417e-6,7.719801782136523e-7
P25,22,HbO,5,-2.698557345498837e-5,-0.07977596346607942,0.01383266393824349
P25,22,HbR,5,2.9929477951884967e-4,-0.005290640151953893,-0.0016782374917812806
P25,23,HbO,5,8.906388821358217e-4,-0.07690528088876189,0.017690082380368122
P25,23,HbR,5,1.117394345577677e-4,-0.01470672337451684,-0.002428590625663847
P25,1,HbO,8,-0.002336567337011756,0.010866859969796878,-0.0053877549484422195
P25,2,HbO,8,-0.004210216730066861,-0.01405620884454869,0.004260826572994191
P25,3,HbO,8,-0.005263127210729213,0.006830880697176842,-0.0036335693016768546
P25,4,HbO,8,-0.002600510294543566,-0.0037063899386752587,0.001650909397215515
P25,5,HbO,8,-0.004725416484391508,-0.011582662197097872,0.004189463178265945
P25,7,HbO,8,-0.005356814271466413,-0.0023053374813918146,0.003328971346631315
P25,8,HbO,8,-0.002187063051862107,-0.005768878047315921,0.0017611208277607255
P25,9,HbO,8,-0.005022306282976369,-0.007750930760047789,0.0036616085979573046
P25,10,HbO,8,-0.005151046454003366,-0.005747212100352223,0.003784383932345221
P25,11,HbO,8,-0.0020700854722164076,-0.001107044821214171,0.0027013480726326834
P25,12,HbO,8,-0.0037444547830511325,-0.001722427185736507,0.0010208278925594545
P25,14,HbO,8,-0.0025490089011124518,0.007933510422774286,-0.003566398297550639
P25,15,HbO,8,-0.0031625152322100566,0.010969861826233778,-0.0033950214275359574
P25,16,HbO,8,-0.004264048357815088,0.011970600303221906,-0.003278198014918922
P25,17,HbO,8,-0.0032053641057189337,-0.007229201370515765,0.0019351790814819013
P25,18,HbO,8,-1.0324778626321585e-5,-1.3566328810685825e-4,4.062313314919823e-5
P25,19,HbO,8,-7.263847189973054e-6,-8.922171403605812e-5,2.314321167538114e-5
P25,20,HbO,8,4.0820171876657546e-7,4.061804154380571e-6,-7.580017605116594e-7
P25,21,HbO,8,-7.374884777733496e-7,5.185181801495813e-6,-3.7568741487434084e-6
P25,22,HbO,8,9.229439268603645e-5,-0.06817760350901096,0.009227212873820572
P25,23,HbO,8,5.179911197652999e-4,-0.06856020674296232,0.01379988336032551
P25,1,HbO,11,-0.0024427527558933907,0.009058087644023579,-0.005570700649439545
P25,2,HbO,11,-0.0039359226865091496,-0.009579931400982981,0.00291265792803989
P25,3,HbO,11,-0.004811014163677778,0.006526484680586199,-0.0034952263288706336
P25,4,HbO,11,-0.0022114896129755805,-8.98136876883182e-4,0.0011129799506050333
P25,5,HbO,11,-0.003956116004918755,-0.006559527441556509,0.002582123726373348
P25,7,HbO,11,-0.00457211700950582,0.003053567429031039,0.002309076753037322
P25,8,HbO,11,-0.0018047522169148515,-0.004984292659761009,0.001280938722085848
P25,9,HbO,11,-0.004323701710557452,-0.003476371724961,0.0020455651748413095
P25,10,HbO,11,-0.004521793424875307,-0.003931347058468227,0.001827197188613136
P25,11,HbO,11,-0.0018305927648140348,-0.00124068880414855,0.002027032460068454
P25,12,HbO,11,-0.0035635892381008396,-0.0046067403669448545,-7.775776001360054e-5
P25,14,HbO,11,-0.0029504587129069687,-2.519160827611852e-4,-0.004810494464327428
P25,15,HbO,11,-0.0032362013262557817,0.00349130001887619,-0.00429848785052046
P25,16,HbO,11,-0.003479350160991432,-0.0021648685802579696,-0.0027794499420222283
P25,17,HbO,11,-0.0025501589109349276,-0.012682508160892543,6.914814955173574e-4
P25,18,HbO,11,-7.792665726492093e-6,-9.330493430722875e-5,2.7949731261173166e-5
P25,19,HbO,11,-4.962763489060457e-6,-5.726281400792749e-5,1.367033805900376e-5
P25,20,HbO,11,5.94213744541714e-7,2.124641206579871e-6,-1.1967807749098214e-6
P25,21,HbO,11,-6.828392937799999e-7,2.402168375992814e-6,-3.532985150890087e-6
P25,22,HbO,11,-6.44471029144351e-5,-0.05734995585206838,0.00542014261722538
P25,23,HbO,11,6.272677983754329e-5,-0.06152823717902523,0.010695082282690208
P25,1,HbO,14,-0.002385808196868061,0.007328912560630321,-0.005312412559884759
P25,2,HbO,14,-0.0034474766145871703,-0.0047203552668773265,0.0012821116968511675
P25,3,HbO,14,-0.004187053475259413,0.00598838367087495,-0.0033019820291422504
P25,4,HbO,14,-0.0017574385122947373,0.001477418366432291,3.7216955480290153e-4
P25,5,HbO,14,-0.003098288762211772,-0.0018728161836944898,5.202545708393773e-4
P25,7,HbO,14,-0.0036920040143886964,0.007043374321374321,7.324566798716425e-4
P25,8,HbO,14,-0.0013680231759737108,-0.0033890028463427428,5.894380956401597e-4
P25,9,HbO,14,-0.003491252218779151,0.0017345574436327478,-2.9334468852272117e-4
P25,10,HbO,14,-0.0037372175864322107,-0.0010893472042632875,-8.079017180637499e-4
P25,11,HbO,14,-0.0015431549510801933,-0.0010407633572137752,9.388836002656088e-4
P25,12,HbO,14,-0.0033526168107727195,-0.005395405844569292,-0.001525344029544741
P25,14,HbO,14,-0.0032509485184168494,-0.006175707962468,-0.0056092223335498055
P25,15,HbO,14,-0.003237268296604152,-0.0020865113280916464,-0.004960327210140453
P25,16,HbO,14,-0.0026653083793091144,-0.014529632590643023,-0.0019299579276673994
P25,17,HbO,14,-0.0018993127529334474,-0.015470916365889464,-4.7779084494941e-4
P25,18,HbO,14,-6.927151920728796e-6,-4.9428091665160124e-5,1.733641680709415e-5
P25,19,HbO,14,-3.858616618260214e-6,-2.9636902502538687e-5,6.116699210522785e-6
P25,20,HbO,14,5.258716951482193e-7,-1.6142811423492587e-6,-8.957409667543766e-7
P25,21,HbO,14,-5.804549838624341e-7,-1.0237987730132107e-6,-2.9418918869889954e-6
P25,22,HbO,14,-3.4592497897563483e-4,-0.04538905255303508,0.0017632200283547175
P25,23,HbO,14,-4.141893816464561e-4,-0.051733794888363174,0.006757922916684564
P25,1,HbO,17,-0.0022302570105301963,0.005302996129069815,-0.004646972689466603
P25,2,HbO,17,-0.0028109477487043197,-0.0012336598465209573,-4.3860675103230234e-4
P25,3,HbO,17,-0.003493682743245148,0.004555349188221329,-0.00318356757629742
P25,4,HbO,17,-0.0012773805531978565,0.0029408378890616546,-5.075514707013716e-4
P25,5,HbO,17,-0.002203977403039509,0.0019727500410808784,-0.0018353063729321505
P25,7,HbO,17,-0.0028166830978695392,0.00945079835240227,-0.0012762587592563596
P25,8,HbO,17,-9.274912059424191e-4,-0.0024178183778127004,-1.698091989860291e-4
P25,9,HbO,17,-0.002580831260324982,0.005999446885077808,-0.002968549233842604
P25,10,HbO,17,-0.002861058426143589,0.001525172628510065,-0.0038141031222335155
P25,11,HbO,17,-0.0012161584812165945,-8.756747356031791e-4,-4.89087130801861e-4
P25,12,HbO,17,-0.0030423513529465825,-0.004935383595005687,-0.0031636937901103083
P25,14,HbO,17,-0.003392199064212628,-0.009729349385691475,-0.006038733188972153
P25,15,HbO,17,-0.0031291192227394845,-0.005549460714193801,-0.005446013227546688
P25,16,HbO,17,-0.0017993490926487415,-0.02491050772896702,-0.001128564965805364
P25,17,HbO,17,-0.0012092307583431163,-0.016709847216800508,-0.001579004570955723
P25,18,HbO,17,-4.99272348464703e-6,-2.0328102532434067e-5,1.2157534694883429e-5
P25,19,HbO,17,-2.6157248995340365e-6,-1.4783980645599855e-5,3.325873837956915e-6
P25,20,HbO,17,2.775717093402704e-7,-3.975809354424813e-6,-4.5370007896272003e-7
P25,21,HbO,17,-3.2228982152287545e-7,-3.0298260378330896e-6,-2.53683390938282e-6
P25,22,HbO,17,-6.306777784335822e-4,-0.03249770799308176,-0.0016784337922314894
P25,23,HbO,17,-8.340089547732707e-4,-0.038259417733020905,0.0018803774162141147
P22,1,HbO,5,-0.002647511005837392,-0.0017341788303174772,0.004451507600774327
P22,1,HbR,5,-8.725196926223102e-4,-5.24414850201716e-4,0.0012663019959853908
P22,2,HbO,5,-0.009126008421271073,0.006480140792984946,-0.00440842305146881
P22,2,HbR,5,-2.3942845958272084e-4,-1.8701585263619988e-4,6.391314751472566e-5
P22,3,HbO,5,-0.005024377667644167,0.003998452302477916,0.0025079895893109945
P22,3,HbR,5,1.7487737171566821e-4,-5.436802648847586e-5,-0.001076118339467413
P22,4,HbO,5,-0.006475982845565159,0.004720049576536494,-0.0013919186331034523
P22,4,HbR,5,-8.098047901257585e-4,2.86469535262826e-4,-0.0013897797451058432
P22,5,HbO,5,-0.004549418443266409,0.0036769157483194643,-0.004045387497218107
P22,5,HbR,5,2.222957406119973e-4,5.613906185216469e-4,-1.029849079905946e-4
P22,7,HbO,5,-0.007926624409326462,0.0018977829723355515,0.002821761490490185
P22,7,HbR,5,2.920980077730886e-4,0.001208105763898546,-6.953022764446869e-4
P22,8,HbO,5,-0.008108181860130674,0.006791688483934467,-0.00445480410071781
P22,8,HbR,5,4.930410785975791e-4,-3.323969294435081e-4,0.0012056850034932534
P22,9,HbO,5,-0.007049730823009834,0.00563395298624213,-0.005783725277961282
P22,9,HbR,5,4.2871409595065634e-4,2.5611808192599935e-4,-4.7453731341681927e-4
P22,10,HbO,5,-0.006892768625362117,0.0032933716516101923,-0.002485517874624666
P22,10,HbR,5,-5.407380483364983e-4,0.0014115925154446,-0.0033957873294360643
P22,11,HbO,5,-0.005392872061934182,0.007931846478137411,0.0020769226516312946
P22,11,HbR,5,-9.068302734383471e-4,3.556239624320258e-4,-0.002061082416656616
P22,12,HbO,5,-0.006906747631562778,0.010582475755991106,0.0034749658764236
P22,12,HbR,5,7.2938538410293e-4,-0.0022106928233918623,-0.0013984650599106903
P22,14,HbO,5,-0.003584159050690622,0.006336459622553544,0.005364778244279031
P22,14,HbR,5,0.001098058505037219,-4.058358041388048e-4,-0.005558999950494259
P22,15,HbO,5,-0.002789929190924088,0.0028037586503762324,0.006781125076883692
P22,15,HbR,5,-1.5930981146419242e-4,5.470328564935128e-4,-0.0072523177307664095
P22,16,HbO,5,-0.004294375978076765,0.0036283213618627736,-0.003675169291746074
P22,16,HbR,5,6.013778633937972e-4,-0.0013425068792977542,8.554530955168316e-4
P22,17,HbO,5,-0.004391478722567315,0.009074661650041305,-0.005654796013500132
P22,17,HbR,5,6.55470744208835e-4,-0.0025889457646003124,0.0014783126499768157
P22,18,HbO,5,1.651014670270716e-6,4.438008963209747e-6,-4.873850712701811e-6
P22,18,HbR,5,2.1896478701871675e-7,2.5818208302205453e-6,-6.639505890302145e-6
P22,19,HbO,5,9.185178784780309e-7,1.866958476157155e-9,4.0429445854649696e-6
P22,19,HbR,5,5.250461925034297e-7,9.83534853664954e-7,-1.4870174472292808e-6
P22,20,HbO,5,1.0757314371466785e-7,-2.9240976805931557e-6,5.2395563566972846e-6
P22,20,HbR,5,-1.6705155713010364e-7,1.6688452929827702e-6,-2.5433705859069012e-6
P22,21,HbO,5,-5.808175609782959e-7,8.967386702038687e-7,2.0606714010618384e-6
P22,21,HbR,5,7.322572658433491e-8,-7.522593629254058e-7,1.087279252736847e-6
P22,22,HbO,5,-5.602683455546822e-4,6.617705307741054e-4,-2.477668022066267e-4
P22,22,HbR,5,7.221190277287268e-5,-3.7147411048450035e-4,4.6226066160387425e-5
P22,23,HbO,5,-5.78100206304437e-4,6.951215594894346e-5,-2.6722402254850304e-4
P22,23,HbR,5,1.2897163974059415e-4,-8.767209440626351e-5,6.977629838416872e-5
P22,1,HbO,8,-0.0030805873902280696,-0.001844216229567206,0.003346266256323881
P22,2,HbO,8,-0.008962775263644125,0.004291585082523769,-0.005149669343148572
P22,3,HbO,8,-0.005318470944516292,9.526279310810849e-4,9.009272153418181e-4
P22,4,HbO,8,-0.006198285463767261,0.0028788706332907904,-0.001476684751399178
P22,5,HbO,8,-0.00414155228213226,0.0018323564326446632,-0.003771149850442337
P22,7,HbO,8,-0.007223075867523133,1.1810363368778122e-4,9.845023095015385e-4
P22,8,HbO,8,-0.007498573220040843,0.004312501366215393,-0.004059861165295381
P22,9,HbO,8,-0.006429785891050748,0.0030647276738371273,-0.004018896975004557
P22,10,HbO,8,-0.006512822956920166,7.62831649469812e-4,-0.001358864852143698
P22,11,HbO,8,-0.005471819724576907,0.0058171357721389,4.5934864571967515e-4
P22,12,HbO,8,-0.006151953912367598,0.005990190662647385,0.002653274282614423
P22,14,HbO,8,-0.0042926544330313164,0.0010479733741138788,0.0073723607232473965
P22,15,HbO,8,-0.003071803902467543,8.66410549662482e-5,0.007659813645299951
P22,16,HbO,8,-0.0039878469474909336,0.0022298200744315425,-0.00353181190426971
P22,17,HbO,8,-0.003950787247542602,0.007230266659873527,-0.0050352863086414665
P22,18,HbO,8,-1.4074477534802404e-7,5.1845381716163306e-6,-5.197143597320092e-6
P22,19,HbO,8,-3.9325002403891326e-7,1.0447708923433808e-6,3.3231597577463536e-6
P22,20,HbO,8,-2.4773373162123344e-7,-2.5630405712243788e-6,4.281996595278638e-6
P22,21,HbO,8,-1.8685758662147368e-7,1.2661771293232267e-6,2.6807128561917033e-7
P22,22,HbO,8,-4.999940544091381e-4,3.5880845248382847e-4,-4.6812740462518244e-5
P22,23,HbO,8,-4.739212436114797e-4,1.0679253538871988e-5,-1.4259263327843905e-4
P22,1,HbO,11,-0.003408717380506138,-0.001481284873472191,0.0024469100403877665
P22,2,HbO,11,-0.008617798968716,0.00338029930570957,-0.005313605044237058
P22,3,HbO,11,-0.005468804704111547,-3.6478471622310523e-4,-3.153967263167776e-4
P22,4,HbO,11,-0.005862359621889974,0.0018437044981295218,-0.0013952749212982852
P22,5,HbO,11,-0.003764409091362767,9.707717618955682e-4,-0.0034301709014063955
P22,7,HbO,11,-0.006601282685182382,-7.424304828039447e-4,-5.352227582937185e-4
P22,8,HbO,11,-0.0068303813412359474,0.0025684628096309422,-0.0036031563961014487
P22,9,HbO,11,-0.005857377833399209,0.0015512190937454408,-0.0026359217256772603
P22,10,HbO,11,-0.005998226012319185,-6.069749128156783e-4,-6.170371156082137e-4
P22,11,HbO,11,-0.005475629427850837,0.004254945272751781,-6.236124356102064e-4
P22,12,HbO,11,-0.00536567318126026,0.0025541277797999063,0.002567905718741594
P22,14,HbO,11,-0.004794617668773759,-0.0036039210470336816,0.009263309095378855
P22,15,HbO,11,-0.0034538410108427863,-0.001965142188825678,0.007524472544306523
P22,16,HbO,11,-0.0036532845294233686,0.001291583353042882,-0.003030015414540742
P22,17,HbO,11,-0.0035395244792423273,0.005748653020432384,-0.004284201724286772
P22,18,HbO,11,-1.3526539440873058e-6,4.7800955547240835e-6,-4.925965947989023e-6
P22,19,HbO,11,-1.1134034113039385e-6,1.8863376008800669e-6,1.7897828242000035e-6
P22,20,HbO,11,-4.951505955215129e-7,-2.789861455145509e-6,3.1656397561607538e-6
P22,21,HbO,11,3.9101552455083355e-7,1.198690993187279e-6,-7.766688160803661e-7
P22,22,HbO,11,-4.633333436447534e-4,1.4538507709351104e-4,1.5231455805217776e-4
P22,23,HbO,11,-3.956335111234454e-4,-1.262656219888093e-5,8.960560107464014e-6
P22,1,HbO,14,-0.003630430556254228,-7.695547272771712e-4,0.001767031207425784
P22,2,HbO,14,-0.007972431095490793,0.003046902440849035,-0.0049704592408285914
P22,3,HbO,14,-0.005531326559202624,-7.627570503675037e-4,-0.001036156379181425
P22,4,HbO,14,-0.005432681140240777,0.0012803882417291425,-0.0010403276275245616
P22,5,HbO,14,-0.0034382218517542413,5.354752169989749e-4,-0.0029838910239155373
P22,7,HbO,14,-0.00597373739751759,-9.84689761094669e-4,-0.001840899447389751
P22,8,HbO,14,-0.006097864989179055,0.0013364135683847937,-0.003165791567821481
P22,9,HbO,14,-0.005258256409971053,4.3083603566016284e-4,-0.0015563602974256717
P22,10,HbO,14,-0.005414416460402038,-0.00123672448795681,-1.9296669357579143e-4
P22,11,HbO,14,-0.005292035143774835,0.0028847788340418453,-0.001319263252716713
P22,12,HbO,14,-0.004598568023458176,-2.186431802026881e-4,0.003016007027847445
P22,14,HbO,14,-0.005121656355267727,-0.00763002658158723,0.01087241768033644
P22,15,HbO,14,-0.0038502871407272857,-0.003681783029022794,0.006855819138113272
P22,16,HbO,14,-0.003326640117817619,6.391339714831481e-4,-0.002065578551309459
P22,17,HbO,14,-0.003162669332348187,0.0043330791711245235,-0.0031850572298057853
P22,18,HbO,14,-1.833052075915413e-6,2.9116476354232826e-6,-3.543121289270591e-6
P22,19,HbO,14,-1.205069762894939e-6,2.0633720723577142e-6,-1.8433794186781645e-7
P22,20,HbO,14,-5.621256698723075e-7,-3.0899074812875937e-6,2.1944979491523897e-6
P22,21,HbO,14,8.918719530155035e-7,9.809240995015183e-7,-9.88984668799716e-7
P22,22,HbO,14,-4.353876931060529e-4,-3.919979797632809e-6,3.3530786785126375e-4
P22,23,HbO,14,-3.3480488899639084e-4,-3.6352384042545405e-5,1.6822156317023584e-4
P22,1,HbO,17,-0.0036868896293009586,-4.0428416036403577e-05,0.0011982218552126522
P22,2,HbO,17,-0.007046965997082113,0.0025134362858157794,-0.00421988748929307
P22,3,HbO,17,-0.005436754453546426,-9.935181070514592e-4,-0.001399015549314376
P22,4,HbO,17,-0.00486769345971934,6.962161443796288e-4,-4.2637626079794716e-4
P22,5,HbO,17,-0.0031300928854948225,3.8960853283055005e-5,-0.002447196322212649
P22,7,HbO,17,-0.005269914648467651,-0.0010672110255604615,-0.0027832908035388152
P22,8,HbO,17,-0.005299191671148292,2.9787018240562223e-4,-0.0025863692091537744
P22,9,HbO,17,-0.004595929249683369,-6.542203024824304e-4,-6.717064863077562e-4
P22,10,HbO,17,-0.004803637531864912,-0.0015416623473503727,2.0821500446517488e-5
P22,11,HbO,17,-0.004855728374842189,0.001577653976196967,-0.001776671115628813
P22,12,HbO,17,-0.0038516239649346996,-0.00239007014566096,0.0034451122205108324
P22,14,HbO,17,-0.005173275394727715,-0.01039485283974149,0.011469799546511469
P22,15,HbO,17,-0.0040669017918507225,-0.005055615039065112,0.005908712388628142
P22,16,HbO,17,-0.0029884662213184995,1.0202657759964214e-4,-9.054372803871244e-4
P22,17,HbO,17,-0.002788624011511861,0.0028457383581992316,-0.0018504411903099858
P22,18,HbO,17,-1.8993920050815948e-6,1.0498851442496155e-6,-2.6436385635627892e-6
P22,19,HbO,17,-9.755841858416079e-7,1.81431709403679e-6,-2.4222342929304714e-6
P22,20,HbO,17,-5.075332811450193e-7,-3.2781452195038777e-6,1.6143802219888223e-6
P22,21,HbO,17,1.140892888803266e-6,6.748203825492117e-7,-8.326578576832408e-7
P22,22,HbO,17,-3.9730932371130157e-4,-1.0509482118675256e-4,4.757260648673216e-4
P22,23,HbO,17,-2.794745352974209e-4,-7.215169202671468e-5,3.044579793853115e-4
P36,1,HbO,5,-0.004425943015489836,0.00250852927887213,-0.004051127911769771
P36,1,HbR,5,6.865116362340136e-4,-5.911018247964227e-4,-2.8364291097315105e-4
P36,2,HbO,5,-0.004226452218223068,0.0022850156986743923,-0.004438134610250671
P36,2,HbR,5,-6.815710938635804e-4,-0.0031282085544926765,0.0011074206481647148
P36,3,HbO,5,-0.004340006006294909,-0.0019607871782621137,-0.002108349999699442
P36,3,HbR,5,-8.072015012009977e-4,-0.002390829169026071,-4.489120961315735e-4
P36,4,HbO,5,-0.004445840236535938,-9.558814635530334e-4,-0.0011124837286794584
P36,4,HbR,5,-9.633970366094151e-5,-8.753065520598225e-4,3.9707710024587293e-4
P36,5,HbO,5,-0.0033290717979362443,-0.00295391681944086,-4.444234908686165e-4
P36,5,HbR,5,-1.7663553557819618e-4,-6.19802381945327e-4,-6.547428896270006e-4
P36,7,HbO,5,-0.004555543195635952,0.006996251666028233,-0.0013308748980058196
P36,7,HbR,5,-6.190997619599327e-4,0.0018592626103098313,1.906911245834028e-4
P36,8,HbO,5,-0.006790504083518878,-0.0033312893927453817,-0.004842470996631373
P36,8,HbR,5,0.0016401864782353884,0.0012311271488240536,-1.814443444638256e-4
P36,9,HbO,5,-0.0038207820158373852,-0.008863785381740255,-0.0015518362695854423
P36,9,HbR,5,8.152963536091142e-4,0.001984161924487517,-7.419773185544001e-4
P36,10,HbO,5,-0.0038460606616571532,-0.00858734500905435,-0.0012319446574307706
P36,10,HbR,5,2.2264959525766583e-4,0.0013986794408816104,7.230268007095146e-4
P36,11,HbO,5,-0.0028835531316614613,-0.0022424313133547038,-8.991526235834259e-5
P36,11,HbR,5,3.982971982474027e-4,3.17474405373854e-4,-1.4596171481420976e-4
P36,12,HbO,5,-0.0028241647059534408,-7.446355127533249e-4,-0.002790343128376324
P36,12,HbR,5,5.519681104088455e-4,2.651048243079467e-4,6.58188102408625e-4
P36,14,HbO,5,-6.388317064430112e-4,-0.0020220764634232198,-0.0014524070832433894
P36,14,HbR,5,8.392042145446892e-5,0.0013931372239275287,-3.818588593342389e-4
P36,15,HbO,5,-0.002472623941053934,-0.004350030065760443,-0.0027735949073797537
P36,15,HbR,5,-8.337955388156112e-5,0.002341050326312482,-4.431103933698393e-4
P36,16,HbO,5,-0.003803849169743253,2.688829947829006e-4,-0.002336590385686985
P36,16,HbR,5,9.100480941617877e-4,1.8460218967033005e-4,1.7394733364999143e-4
P36,17,HbO,5,-0.0017781997499323058,-8.404684742430224e-4,-6.009642091559575e-4
P36,17,HbR,5,3.9757661324681885e-4,2.3566032665782522e-4,-2.1655563190228694e-5
P36,18,HbO,5,-1.5871169907371563e-6,-1.1558914287350312e-5,3.4051838977223573e-6
P36,18,HbR,5,2.6208418745575853e-6,-1.570077954212722e-5,-3.6912312381435733e-6
P36,19,HbO,5,8.324985089821495e-8,-8.498404619123909e-6,3.5996919453022264e-6
P36,19,HbR,5,-1.43669848987495e-7,-1.0130318474413209e-5,-1.345443366796467e-6
P36,20,HbO,5,-1.5296490544335475e-7,3.90612255404395e-6,1.82825534109251e-6
P36,20,HbR,5,3.138744713695453e-7,-1.9241915602136963e-6,-1.4498811752369266e-6
P36,21,HbO,5,-9.837449470773365e-7,-2.570350873608507e-6,-2.5571738530192316e-6
P36,21,HbR,5,6.342205964981217e-7,8.320753091289467e-7,8.348581624135899e-7
P36,22,HbO,5,-0.00471411508649153,0.004677619111043578,6.847428248215058e-4
P36,22,HbR,5,8.042997484565775e-4,-4.533497646288744e-4,-7.816225711775702e-4
P36,23,HbO,5,-0.008486413093246688,-7.112286717259351e-4,-0.0017837641966494723
P36,23,HbR,5,6.486718825242245e-4,5.283811526501951e-4,-2.9969721893732245e-4
P36,1,HbO,8,-0.005061276970912324,0.0017308940524221343,-0.003959162289634601
P36,2,HbO,8,-0.0051750648324886146,-0.001174311919714289,-0.002792823067574732
P36,3,HbO,8,-0.004734493759342208,-0.0019314951263753077,-0.0018127127737137731
P36,4,HbO,8,-0.005048028419922331,-0.0019200509250178303,-5.528350992374982e-4
P36,5,HbO,8,-0.0038652595788309647,-0.004233343413537142,3.93777497644653e-4
P36,7,HbO,8,-0.005064989932104566,0.002607958874909125,-0.0011084688913495537
P36,8,HbO,8,-0.007917515379614845,-0.006138564975605164,-0.003231878154599811
P36,9,HbO,8,-0.005092242630116975,-0.010473319542858494,1.081571746519997e-5
P36,10,HbO,8,-0.004209135441560112,-0.008533738772521839,-3.6117372229861394e-4
P36,11,HbO,8,-0.0031277535406464716,-0.0031614318932349414,1.677727750916075e-4
P36,12,HbO,8,-0.0032469831814596834,-0.0013490599473215898,-0.0013186983748479562
P36,14,HbO,8,-0.0011340713602717351,-0.0022332303078855934,-0.0014131733688908076
P36,15,HbO,8,-0.002747824353749266,-0.003972354425981988,-0.0024071752491379344
P36,16,HbO,8,-0.0030450245001939985,-7.669358301364071e-5,-0.0014417644735490777
P36,17,HbO,8,-0.0014728848933360118,-9.243453113968205e-4,-5.449826538412479e-4
P36,18,HbO,8,-1.3440115856611873e-6,-1.0961553534046389e-5,1.4017134411957184e-6
P36,19,HbO,8,4.752238604162072e-7,-7.0635488809192566e-6,2.3527306214045704e-6
P36,20,HbO,8,-2.310173202327376e-7,3.207636880559662e-6,2.159430534888913e-6
P36,21,HbO,8,-1.2515613976636743e-6,-2.8352979989252526e-06,-1.9773195621717598e-6
P36,22,HbO,8,-0.0037039638047577984,-6.133675885493667e-4,-6.294506196533229e-4
P36,23,HbO,8,-0.008150788847359074,-0.007958913087797911,-0.004927013836691479
P36,1,HbO,11,-0.00515227146463353,0.0014212397902783475,-0.003606660846674612
P36,2,HbO,11,-0.005731149511782007,-0.002812057898254214,-0.0018309021892613652
P36,3,HbO,11,-0.004776692686503389,-0.0014481311406890464,-0.0015197011559555586
P36,4,HbO,11,-0.005216519421198546,-0.0021141492629710838,-3.7437335348039594e-4
P36,5,HbO,11,-0.0040231478497432275,-0.004432300740981924,5.203566250965412e-4
P36,7,HbO,11,-0.005329812663303155,3.561545174043355e-5,-0.001505437492077384
P36,8,HbO,11,-0.00856748072376323,-0.006674827712000521,-0.002663151632963731
P36,9,HbO,11,-0.005796480492497108,-0.01021468939089641,8.182932208474061e-4
P36,10,HbO,11,-0.004311058918815552,-0.0074901984484964336,1.5381902336311084e-4
P36,11,HbO,11,-0.003095530614658155,-0.003259888180357689,-4.4398464718526496e-5
P36,12,HbO,11,-0.003457252043403574,-0.0013493240521232992,-2.89301465533291e-4
P36,14,HbO,11,-0.0014456209790671053,-0.002316938839577392,-0.0012930061502423147
P36,15,HbO,11,-0.002817448478625686,-0.0032765809864146868,-0.002181787072948676
P36,16,HbO,11,-0.0023409566957120214,1.0642676030764716e-4,-8.320153700659306e-4
P36,17,HbO,11,-0.0011626381500542988,-7.92775783176973e-4,-4.985581197612224e-4
P36,18,HbO,11,-1.541085078314141e-6,-7.537845757383204e-6,-7.989097825505401e-7
P36,19,HbO,11,4.297327641034626e-7,-4.103453991651382e-6,1.0992809396831488e-6
P36,20,HbO,11,-3.190215222121151e-7,2.636787446610731e-6,2.3203638462487767e-6
P36,21,HbO,11,-1.435167220357107e-6,-2.2899330821089947e-6,-1.7729667191918346e-6
P36,22,HbO,11,-0.0025819981058269304,-0.003758419179038318,-0.0018472093709649294
P36,23,HbO,11,-0.007193805516135051,-0.01151289146136313,-0.007662576126726626
P36,1,HbO,14,-0.004783203330178108,0.0010592044768846806,-0.0032144259509691085
P36,2,HbO,14,-0.005822760852356696,-0.00378805477863932,-0.0016778860377903093
P36,3,HbO,14,-0.004499404600831142,-9.087147587609931e-4,-0.0014127808823408495
P36,4,HbO,14,-0.005010376693869786,-0.0022135778996556017,-7.057442455849339e-4
P36,5,HbO,14,-0.0038403151976558487,-0.004316001423195773,-5.8374398443998024e-5
P36,7,HbO,14,-0.005342039363837541,-0.002144048246875885,-0.0024019557150818643
P36,8,HbO,14,-0.008598288537310109,-0.0064485924655879115,-0.003087740587061256
P36,9,HbO,14,-0.005972838286246317,-0.009493132267996323,3.757249620903001e-4
P36,10,HbO,14,-0.004231766833324611,-0.006128376006418141,4.261011391472237e-5
P36,11,HbO,14,-0.0028501891814815944,-0.003228587285096102,-8.059591026926794e-4
P36,12,HbO,14,-0.003464507673263537,-0.001273371617526921,2.0925686945262177e-4
P36,14,HbO,14,-0.0015687790893768483,-0.002281479875348675,-0.0011393804000714366
P36,15,HbO,14,-0.002668041379256507,-0.002640098330561245,-0.002240698597513089
P36,16,HbO,14,-0.0016161976253501013,2.2666388408896932e-4,-5.358745104464728e-4
P36,17,HbO,14,-8.392163657483603e-4,-6.835059836421417e-4,-5.115961659164069e-4
P36,18,HbO,14,-2.1079200081898823e-6,-1.9371803599482088e-6,-1.9930815932993123e-6
P36,19,HbO,14,-1.3390373780130548e-7,-1.9922623849993764e-7,6.777327445877534e-7
P36,20,HbO,14,-4.650905237257519e-7,1.8834001402301856e-6,2.286202948238843e-6
P36,21,HbO,14,-1.5495712468574394e-6,-1.8715151697612877e-6,-1.8645219746436146e-6
P36,22,HbO,14,-0.0015745906715259126,-0.005856234694029069,-0.0031701645204876712
P36,23,HbO,14,-0.005968289222200145,-0.012807998302053192,-0.009807395476688458
P36,1,HbO,17,-0.004082651033182889,5.998553581233485e-4,-0.0027559794744341443
P36,2,HbO,17,-0.00544926754644116,-0.0043534377874214,-0.0018515342839194977
P36,3,HbO,17,-0.00397945636311866,-4.2215922027300754e-4,-0.0013715060348268198
P36,4,HbO,17,-0.004521930502103919,-0.002314242621660759,-0.0012038770459151353
P36,5,HbO,17,-0.0033829455431815575,-0.003999120563924695,-8.023762038187316e-4
P36,7,HbO,17,-0.005039644807171018,-0.004165051587847022,-0.0031647737820107266
P36,8,HbO,17,-0.007960275570487757,-0.006002739168192376,-0.00368366315550842
P36,9,HbO,17,-0.005654005040848523,-0.008546084291520829,-6.353720708564793e-4
P36,10,HbO,17,-0.004008808921382096,-0.004633274307950468,-4.3553916902893454e-4
P36,11,HbO,17,-0.0025015558756724026,-0.003117127534891737,-0.0016668542721111298
P36,12,HbO,17,-0.003309920058231828,-0.0012189076399221378,3.619710678603656e-4
P36,14,HbO,17,-0.001526969318412573,-0.0021291442326544486,-9.333923672283218e-4
P36,15,HbO,17,-0.0023773255217953318,-0.0020789384451033372,-0.002338919371667619
P36,16,HbO,17,-9.057202053175628e-4,5.803260124590387e-5,-4.229923239852526e-4
P36,17,HbO,17,-5.295737446044536e-4,-6.609645346378189e-4,-5.475202958259336e-4
P36,18,HbO,17,-2.6076288589571694e-6,3.4352358834714784e-6,-1.5470432473332175e-6
P36,19,HbO,17,-8.743491302885767e-7,3.2654008437242702e-6,1.296639928517803e-6
P36,20,HbO,17,-7.364805823123436e-7,8.882723074916786e-7,2.0078111568446946e-6
P36,21,HbO,17,-1.567383604362774e-6,-1.891084131252373e-6,-1.979455192116502e-6
P36,22,HbO,17,-7.653054763822588e-4,-0.007284160082351322,-0.004363921488586488
P36,23,HbO,17,-0.00469093712299668,-0.012660957694330323,-0.01094055404025744
P13,1,HbO,5,9.442321041649791e-4,-5.429839546511397e-4,-4.499400546255117e-4
P13,1,HbR,5,-4.1709466185119897e-4,1.1768228476811401e-4,3.756820997971316e-5
P13,2,HbO,5,-9.559209144632605e-4,-0.004515194518497256,-9.3688668230022e-4
P13,2,HbR,5,-1.3275650195746606e-4,0.0013268323450784463,7.978857140297047e-4
P13,3,HbO,5,0.0026259756755296986,-0.0017187421365892383,-8.721652268994074e-4
P13,3,HbR,5,-0.0010359932855090708,4.1099929935555857e-4,1.848444643346939e-4
P13,4,HbO,5,-0.0011036693821258694,-2.2550727589861216e-5,5.886600631598666e-4
P13,4,HbR,5,1.9578674135928425e-4,-1.4577726250871873e-5,-4.348738776399347e-5
P13,5,HbO,5,-0.0038880227446298596,0.0032919757787166722,0.0014023495002535547
P13,5,HbR,5,-4.1460876482581017e-4,-4.065211176786402e-4,-1.227158346863506e-4
P13,7,HbO,5,-0.001559433156938316,-0.0019388739532269744,-0.0016639970043572385
P13,7,HbR,5,-4.8795511336677494e-4,8.021067884581975e-4,-3.586864679365704e-4
P13,8,HbO,5,-6.005156559008906e-4,7.091209279906722e-4,-0.00273537328939903
P13,8,HbR,5,-7.144655160098851e-4,7.888876283917134e-5,0.001185225168020178
P13,9,HbO,5,-0.0038021113366839697,0.003998278752597054,-0.005320110875171161
P13,9,HbR,5,-3.75397220818789e-4,-0.0011543511100129856,0.0017306035765919288
P13,10,HbO,5,-0.00248884551953783,0.003563196642680053,-0.005254615872831425
P13,10,HbR,5,-0.0011260806199446857,-9.867144782280332e-4,7.960364008106954e-4
P13,11,HbO,5,-0.0028528703612442276,0.0029100081260195394,-0.0013935489409090123
P13,11,HbR,5,-7.849728628877565e-4,-1.7569368636835756e-4,8.520789650347299e-4
P13,12,HbO,5,-0.004987898649236709,5.047439641191848e-4,0.0013138807235410174
P13,12,HbR,5,4.6566248054607715e-4,-6.027945756955456e-6,1.3356039765579167e-4
P13,14,HbO,5,0.008087238046383408,-0.006923905555929985,0.0038114589940983477
P13,14,HbR,5,-0.0012795414674776485,0.003474861424102414,-0.0039510219652726455
P13,15,HbO,5,0.004662309877826157,-0.006976688371598261,0.003846233294616011
P13,15,HbR,5,-4.016705684111915e-4,0.001326012715742272,-0.0024170617121262
P13,16,HbO,5,-1.0243509243273512e-4,-5.593032165421811e-5,-5.3147166290162925e-5
P13,16,HbR,5,-3.0311648929578484e-5,-8.650194067739518e-5,-4.737139676907717e-5
P13,17,HbO,5,-9.222280485471312e-5,-1.6186589998797937e-4,-5.926538581674182e-5
P13,17,HbR,5,-2.6612957158701733e-5,-2.12814437651354e-5,-7.757400831300081e-5
P13,18,HbO,5,4.1442902392091576e-8,8.151281224768233e-6,-5.276621023426646e-6
P13,18,HbR,5,-2.028319324105957e-6,1.5941600050354168e-6,-1.290679276855991e-5
P13,19,HbO,5,-8.583527022999704e-7,4.712414271241409e-6,5.605924975969765e-7
P13,19,HbR,5,-6.249255509402249e-7,6.037408811843352e-7,-3.996927033469746e-6
P13,20,HbO,5,-0.005263169949400684,-0.004146435702949191,-0.0072572779358595855
P13,20,HbR,5,-0.0026058920540011445,-0.0022034840828339584,-0.0038920161084467944
P13,21,HbO,5,-0.00502730174212617,-0.004143411745788557,-0.0067972531760260736
P13,21,HbR,5,-0.002586875000655074,-0.002044521246669125,-0.0036504225512035836
P13,22,HbO,5,5.867531608218333e-4,-0.003051122183448956,-0.0030644756856719312
P13,22,HbR,5,-2.624675384174506e-4,9.539164909567349e-4,8.818285727877664e-4
P13,23,HbO,5,-5.72903450086789e-4,-0.0024133430550955385,-0.003745178590920831
P13,23,HbR,5,-2.3495281255696136e-4,9.362097424236275e-4,0.0010071443117681943
P13,1,HbO,8,4.514737966322604e-4,-5.923482014051695e-4,-3.9358538740794763e-4
P13,2,HbO,8,-0.0014819099860323057,-0.0037207907174245584,8.049230514610777e-4
P13,3,HbO,8,0.0019946424245581213,-0.0016870317223454578,-0.0012708259285090905
P13,4,HbO,8,-0.0012783221850158786,3.8404787351759766e-4,0.0012788347357401651
P13,5,HbO,8,-0.004476359626914981,0.003706507437232159,0.004097488905942471
P13,7,HbO,8,-0.0017761262124755643,-0.002590093182245543,5.247321565191331e-4
P13,8,HbO,8,-0.0014679367176753705,-5.548767068545757e-4,8.014918057909652e-5
P13,9,HbO,8,-0.004713502126850078,0.0018602638561604785,-0.0012557972053791114
P13,10,HbO,8,-0.0034820495586705127,0.002315717031121248,-0.001861545987582547
P13,11,HbO,8,-0.0039221938404587885,0.0026182722162331885,0.0015385888153229999
P13,12,HbO,8,-0.005745487026709636,0.0014542500310323312,0.003933727347297931
P13,14,HbO,8,0.007538286593333281,-0.00609859320358293,7.530230318554891e-4
P13,15,HbO,8,0.00405508665158794,-0.006334453574168843,0.0023904358994889835
P13,16,HbO,8,-7.308201562711854e-5,-4.749130484483794e-5,-5.2243614173523746e-5
P13,17,HbO,8,-8.383331073279951e-5,-1.2838938491825593e-4,-5.412840086263966e-5
P13,18,HbO,8,1.297810610616705e-7,7.028999270511732e-6,-5.91094318849448e-6
P13,19,HbO,8,-3.107910257860702e-7,3.7452264780190107e-6,-1.993565151563878e-6
P13,20,HbO,8,-0.0037262078069094018,-0.0012141693678180358,-0.0040947972280856075
P13,21,HbO,8,-0.0035410305151673677,-0.0011454681863240503,-0.0036257728681434996
P13,22,HbO,8,3.0835597369670357e-4,-0.002368960346125441,-0.0013643317362717101
P13,23,HbO,8,-0.00170201457099937,-1.8250155952109897e-4,2.780372676637154e-4
P13,1,HbO,11,6.126536596145984e-5,-5.832436027705048e-4,-2.478419382155224e-4
P13,2,HbO,11,-0.0017389960849439126,-0.002529113475851508,7.757738392654825e-4
P13,3,HbO,11,0.0014238607124014329,-0.0015053484241300242,-0.0012835028587576782
P13,4,HbO,11,-0.0013255533860303196,6.881957486852408e-4,9.889548129161088e-4
P13,5,HbO,11,-0.004538782200312964,0.0038238966410237005,0.004657753475725362
P13,7,HbO,11,-0.0018181297489125766,-0.0025972995309449906,0.0010613865588629113
P13,8,HbO,11,-0.001899094556382294,-0.0010815311424426021,0.0012205556258752552
P13,9,HbO,11,-0.005021221850915596,9.834800065258833e-4,2.2774788317570082e-5
P13,10,HbO,11,-0.00397783047462165,0.0014854491190582344,-5.639406691785351e-4
P13,11,HbO,11,-0.004431499974928265,0.00237461113960372,0.0024629559736310553
P13,12,HbO,11,-0.006002293565838413,0.0022973965528817557,0.003704814977947568
P13,14,HbO,11,0.0066864568059329275,-0.004865998102590718,-0.002432102806599815
P13,15,HbO,11,0.003450947666511702,-0.005178331325254923,3.3600963275967795e-4
P13,16,HbO,11,-4.943631548513388e-5,-4.17526703176728e-5,-5.909024800458368e-5
P13,17,HbO,11,-7.272035778654431e-5,-1.0169202033797806e-4,-7.830129815073618e-5
P13,18,HbO,11,7.483260513792187e-7,6.153375963753126e-6,-5.429755189887095e-6
P13,19,HbO,11,5.417097031541414e-7,3.702658632369032e-6,-3.247851741528468e-6
P13,20,HbO,11,-0.002489228129064481,0.0010395341051021398,-0.0012620377263527975
P13,21,HbO,11,-0.0023468817903625934,0.0011342476402379472,-7.835093383511691e-4
P13,22,HbO,11,1.0099025029748487e-4,-0.0015220630776452042,-6.420961779163757e-4
P13,23,HbO,11,-0.002502076471264342,0.0019605382388847106,0.0023752366274293634
P13,1,HbO,14,-2.7622709538603586e-4,-4.573568109388278e-4,5.9610499567747874e-5
P13,2,HbO,14,-0.001844413953203341,-9.954778298693736e-4,-1.4633227392181098e-4
P13,3,HbO,14,8.54883919885591e-4,-0.0011683749072510124,-8.791795974631051e-4
P13,4,HbO,14,-0.0012641708450368337,8.465083001138163e-4,2.0136380294309068e-4
P13,5,HbO,14,-0.004174395219578299,0.0037182376408974004,0.0034911691378725733
P13,7,HbO,14,-0.0016931334205596013,-0.0019558831247627373,4.924393660058531e-4
P13,8,HbO,14,-0.002029537879276855,-8.851801924144405e-4,0.001138933132905146
P13,9,HbO,14,-0.004830605340783049,9.310779744876283e-4,-7.387769927776411e-4
P13,10,HbO,14,-0.004096774120239338,0.0011802381930860555,-0.0010570160366497722
P13,11,HbO,14,-0.004475977979970518,0.002132132646804839,0.0017807060853055438
P13,12,HbO,14,-0.005804328481385516,0.0031886625686230923,0.001690043594245349
P13,14,HbO,14,0.005484383569871263,-0.003171216867405352,-0.005039408163105852
P13,15,HbO,14,0.0027694775697349795,-0.003515224727101204,-0.002069972110132531
P13,16,HbO,14,-3.107707409389411e-5,-3.234021341616917e-5,-6.364545187039233e-5
P13,17,HbO,14,-5.717887870456908e-5,-7.417470223661567e-5,-9.408874843695881e-5
P13,18,HbO,14,1.3715367806876535e-6,4.617668059132332e-6,-4.589756023308689e-6
P13,19,HbO,14,1.141420097860471e-6,4.5291000808143195e-6,-3.859477351942777e-6
P13,20,HbO,14,-0.0013569366923118832,0.002668036686951202,0.0014681221148950454
P13,21,HbO,14,-0.0012604825527699527,0.002772400548016264,0.00192994018111816
P13,22,HbO,14,-4.0560043256136565e-5,-5.157902180220072e-4,-4.501411316133433e-4
P13,23,HbO,14,-0.002982979338652883,0.004219173596152523,0.003003648782177358
P13,1,HbO,17,-5.491854219335216e-4,-2.5801194616999657e-4,4.4716182126396055e-4
P13,2,HbO,17,-0.001908581652562875,3.032715265356806e-4,-8.763845916658158e-4
P13,3,HbO,17,3.0104095638767135e-4,-7.51479605600846e-4,-2.735323635629076e-4
P13,4,HbO,17,-0.001142992821281334,8.033206814062842e-4,-4.1664827888428967e-4
P13,5,HbO,17,-0.0035868759356518357,0.0031638586280367227,0.001913771163824116
P13,7,HbO,17,-0.0014880425675258368,-0.0012254112833420205,-1.642967330076615e-4
P13,8,HbO,17,-0.002013174636425513,-4.7674445024967926e-4,7.19277141320222e-4
P13,9,HbO,17,-0.004364838815549647,8.019021440378016e-4,-0.0017606285305145407
P13,10,HbO,17,-0.003982612079203067,9.361443699805718e-4,-0.0018790164102336318
P13,11,HbO,17,-0.004202411422060749,0.0016147005080499653,7.432534821446279e-4
P13,12,HbO,17,-0.005298660167730524,0.00359879803607794,-2.906863472924214e-4
P13,14,HbO,17,0.004053741047840401,-0.001438754365035066,-0.006422777909462462
P13,15,HbO,17,0.0020044278781956473,-0.0017715146831301359,-0.0040125900975718845
P13,16,HbO,17,-1.7696790333257194e-5,-1.8574054979804162e-5,-6.202258818597818e-5
P13,17,HbO,17,-3.784200732489284e-5,-5.0933380106317835e-5,-7.57488110602966e-5
P13,18,HbO,17,1.5300075806491071e-6,2.4764812933386486e-6,-3.979619738020618e-6
P13,19,HbO,17,1.3194297869104648e-6,5.4438826659353495e-6,-4.2523582399810284e-6
P13,20,HbO,17,-3.290826350705889e-4,0.0035235970507118924,0.003879077458986168
P13,21,HbO,17,-2.8502932008469514e-4,0.003644722603770385,0.00427970650166006
P13,22,HbO,17,-1.6819927267916425e-4,2.494011929605351e-4,-2.186619132078478e-4
P13,23,HbO,17,-0.003203384423010487,0.005689163626540147,0.003136909371723777
P46,1,HbO,5,0.003263582846812825,-0.16712437238806677,-0.39210475634120157
P46,1,HbR,5,-0.001569215833462988,0.09927647609311696,0.2468656578832124
P46,2,HbO,5,-0.0016457028959954857,-0.01579782169763806,-0.02405921811351113
P46,2,HbR,5,4.5737707901659803e-4,0.007329228004453522,0.01927966877763398
P46,3,HbO,5,0.003915322079805833,-0.15003214031169174,-0.33544582083871216
P46,3,HbR,5,-0.0026799760054032028,0.11248965891126621,0.27318977540388306
P46,4,HbO,5,-0.0010510562370115986,0.03627304739303192,0.09052436670927083
P46,4,HbR,5,-8.22145735050618e-5,-0.001370924554664697,-8.926294334648314e-4
P46,5,HbO,5,-0.0012447174065373823,0.021670726259979636,0.06730536736128097
P46,5,HbR,5,-9.58343765097943e-4,-0.005021187577381016,-0.015659793247553132
P46,7,HbO,5,-0.005069767450385868,-0.018512954117293926,-0.021171626679797734
P46,7,HbR,5,-6.0639517528755e-4,0.03016157068231648,0.06123957844093597
P46,8,HbO,5,-0.002882553040148658,-0.025511746659146767,-0.05024763000361868
P46,8,HbR,5,1.6860201076011362e-4,0.039311567368353416,0.08340022493615558
P46,9,HbO,5,-0.004949496987762602,-0.028502187129666554,-0.04019139385515475
P46,9,HbR,5,7.698242818957219e-4,0.03629689830750865,0.07208822244737778
P46,10,HbO,5,-0.004456944125734906,0.03688553853361569,0.10155921174211405
P46,10,HbR,5,-9.487925275679963e-4,9.581341665920194e-4,0.0036285827692091556
P46,11,HbO,5,2.182768406416829e-5,0.02004203821097892,0.050414944504517445
P46,11,HbR,5,-6.301628665715222e-4,-0.004919420331177154,-0.011626769701451418
P46,12,HbO,5,0.0015001061853728347,-0.0020715178285455366,0.03652252762850544
P46,12,HbR,5,-4.881811184826859e-5,0.008574083326545693,0.014297342095854659
P46,14,HbO,5,0.004320543609183828,-0.06909565442902431,-0.13574061255714964
P46,14,HbR,5,-2.1650661385659237e-5,0.05771656283178968,0.132800042951752
P46,15,HbO,5,0.0011930617457334906,-0.0895239147622101,-0.19525136475997032
P46,15,HbR,5,-1.3987517906257735e-4,0.059598268599147616,0.13993206719303575
P46,16,HbO,5,0.0019242071668031388,-0.10973317129841964,-0.23255775610422777
P46,16,HbR,5,1.2689625357617084e-4,0.0832713450413877,0.19850369589757708
P46,17,HbO,5,-5.036985929612634e-4,-0.08173490409017856,-0.1790580192731508
P46,17,HbR,5,-0.001013393609195138,0.05077479008714264,0.11146214234411976
P46,18,HbO,5,9.397592693193061e-6,6.946481642456678e-5,5.9557968409446925e-5
P46,18,HbR,5,1.11884994874029e-5,1.22627969391703e-4,1.3602730093753104e-4
P46,19,HbO,5,7.687008052900475e-6,-2.2076160473478445e-5,-1.023572163570149e-4
P46,19,HbR,5,6.882217069725055e-6,6.121920967335389e-5,6.254495344355805e-5
P46,20,HbO,5,-2.1148701113126785e-7,-1.8236565523338726e-5,-4.8734519279174766e-5
P46,20,HbR,5,2.0640822712579393e-7,1.451496842628737e-5,3.386348636879979e-5
P46,21,HbO,5,1.984108153701878e-7,-3.471108325445373e-5,-7.072091919395976e-5
P46,21,HbR,5,-6.612453673030562e-7,1.1145269251255736e-5,2.259428343539863e-5
P46,22,HbO,5,-2.85817306318746e-4,-0.0393548767548643,-0.06872406427467383
P46,22,HbR,5,-8.118194512087999e-4,0.02631606499543509,0.05893066741329476
P46,23,HbO,5,-8.983706243082226e-4,0.004076700800908604,0.018102678094737347
P46,23,HbR,5,-4.664046673204089e-4,0.0023061257921543,0.007420511073920113
P46,1,HbO,8,0.002404062449601477,-0.1421008209498885,-0.32388288734340454
P46,2,HbO,8,-0.0024300941982398887,-0.008967976124968895,-0.010164418993054912
P46,3,HbO,8,0.001873733173903819,-0.11087758054773006,-0.23872183283212245
P46,4,HbO,8,-0.0018680672090939498,0.02361913535879167,0.06025171476131674
P46,5,HbO,8,-0.0019405931619472948,0.0153949762393693,0.04570823213250493
P46,7,HbO,8,-0.005244348291040305,-0.024047540051815926,-0.035494205620312635
P46,8,HbO,8,-0.0030839492551655483,-0.028833069995895824,-0.0587583498686552
P46,9,HbO,8,-0.0053100237585617495,-0.03506224834073891,-0.05856870823500342
P46,10,HbO,8,-0.005057990024533666,0.01894922528775451,0.05655855722406678
P46,11,HbO,8,-0.001089009412703912,0.01523166300011146,0.03837898635809405
P46,12,HbO,8,-3.910075124308362e-4,0.009791912295858256,0.05736910928945119
P46,14,HbO,8,0.0030446107973849303,-0.02802836974523757,-0.04136272780140354
P46,15,HbO,8,6.015408230580382e-4,-0.06315653808110684,-0.1311341677478509
P46,16,HbO,8,0.0013699769325591549,-0.06536290690104825,-0.1295100426494084
P46,17,HbO,8,-8.527368349983447e-4,-0.0559257041264043,-0.11777649267540208
P46,18,HbO,8,7.969887231437273e-6,9.774646547919429e-5,1.310121819265709e-4
P46,19,HbO,8,6.1091997578382905e-6,1.4660801292459578e-5,-1.5972264598488064e-5
P46,20,HbO,8,-5.8528280327238424e-8,-1.6453079390216907e-5,-4.645216035013439e-5
P46,21,HbO,8,-3.368003066338463e-7,-3.200683392693266e-5,-6.354277979833584e-5
P46,22,HbO,8,-0.0013595093387830548,-0.03500623662215792,-0.060160287279525895
P46,23,HbO,8,-0.0011325904903068068,4.1325495582842243e-4,0.011126723603053452
P46,1,HbO,11,0.0018043203146983892,-0.12057134760503681,-0.26600198953934956
P46,2,HbO,11,-0.0029790618248028548,-0.0062522689467893015,-0.0051783588616367065
P46,3,HbO,11,4.5980071354308585e-4,-0.0803647404049932,-0.16413090513136042
P46,4,HbO,11,-0.002422066337877464,0.01388928317200832,0.03692444010279594
P46,5,HbO,11,-0.0025398392888527827,0.010442935327887225,0.029111068563949405
P46,7,HbO,11,-0.005097024107976958,-0.028188740144408548,-0.046535852060073164
P46,8,HbO,11,-0.0031419847404528262,-0.030372939133521827,-0.06216294664906722
P46,9,HbO,11,-0.005358303593489292,-0.039329070431825326,-0.0700570636385158
P46,10,HbO,11,-0.0053103980543325645,0.0022475703759655993,0.01621582431133226
P46,11,HbO,11,-0.0017563005221824931,0.009049323547730878,0.024657923951612464
P46,12,HbO,11,-0.0015914993122392396,0.013221025955986964,0.05975700512491282
P46,14,HbO,11,0.001974813684375739,0.0021167037062366566,0.026838625486551148
P46,15,HbO,11,1.2072188669666631e-4,-0.04210861867681265,-0.0804351914351111
P46,16,HbO,11,0.0010055386651804659,-0.03343083493953317,-0.05699203167064086
P46,17,HbO,11,-0.0010362559931513956,-0.037615682947252455,-0.0749414792767397
P46,18,HbO,11,6.637274320701927e-6,1.1504421774156907e-4,1.8863207378533718e-4
P46,19,HbO,11,4.565689470620824e-6,4.474609410002358e-5,6.115816380406036e-5
P46,20,HbO,11,1.76168069469934e-7,-1.3301554133469876e-5,-4.0283474343058424e-5
P46,21,HbO,11,-5.308261159613643e-7,-3.1561533556347736e-5,-6.220125965098899e-5
P46,22,HbO,11,-0.002092510548554604,-0.03246659751968314,-0.056292824725172406
P46,23,HbO,11,-0.0012985678181195125,-0.004146570183289594,0.0012683711723888273
P46,1,HbO,14,0.0013188784385058832,-0.097071867064324,-0.20581229428381842
P46,2,HbO,14,-0.0032711793526159533,-0.0071574814058570115,-0.008815536597321826
P46,3,HbO,14,-4.960887674873245e-4,-0.05393820022131391,-0.1009729516349547
P46,4,HbO,14,-0.0027133795227079964,0.004339845594783084,0.01408655475248615
P46,5,HbO,14,-0.0029550579086452884,0.004890537853783663,0.012643507888953865
P46,7,HbO,14,-0.004645179230692364,-0.03239430489371618,-0.05821072228375126
P46,8,HbO,14,-0.0029548908069072753,-0.03174567640316404,-0.06532948331203613
P46,9,HbO,14,-0.005031751269433087,-0.04203568496607729,-0.07742937757479448
P46,10,HbO,14,-0.005139794588902076,-0.013528635519217704,-0.02171287250982147
P46,11,HbO,14,-0.0020567999375141178,0.001107087413133456,0.007298076571683195
P46,12,HbO,14,-0.002343305076244885,0.011190848173990879,0.04846829792345007
P46,14,HbO,14,0.0011569369812395802,0.02571942374560356,0.07870370322765587
P46,15,HbO,14,-1.7833401899074492e-4,-0.02274166915460437,-0.03500319170016987
P46,16,HbO,14,7.560738141432252e-4,-0.008722951466483872,-0.002714015047433109
P46,17,HbO,14,-0.0010054347350898056,-0.023490075606924805,-0.04307528286482605
P46,18,HbO,14,5.755074375488134e-6,1.3310603723757915e-4,2.393556180449205e-4
P46,19,HbO,14,3.348389564090103e-6,6.878964543190196e-5,1.2022960945464596e-4
P46,20,HbO,14,3.105101764310811e-7,-8.135459525851045e-6,-2.841445214000865e-5
P46,21,HbO,14,-4.5489021160294054e-7,-3.108772672638822e-5,-6.189595382743753e-5
P46,22,HbO,14,-0.0024606423492555493,-0.030635313918038403,-0.0551540298304813
P46,23,HbO,14,-0.0013207975454083115,-0.009308775837835332,-0.010583202670121385
P46,1,HbO,17,8.921512797535178e-4,-0.07089920215266783,-0.14147848651078487
P46,2,HbO,17,-0.003251933102777002,-0.010137996953589258,-0.017292982218480732
P46,3,HbO,17,-0.0010843917320669107,-0.030453385969361133,-0.045905564002103466
P46,4,HbO,17,-0.00271959980058871,-0.005570200448050428,-0.008999094570968176
P46,5,HbO,17,-0.0030433806069446526,-0.0023281200924554885,-0.0056180382715750096
P46,7,HbO,17,-0.00394252231882846,-0.03669355849755092,-0.07019124031857574
P46,8,HbO,17,-0.0025259934638723084,-0.03325067136256381,-0.06899285282669103
P46,9,HbO,17,-0.004315801617218386,-0.04387903790168289,-0.08272096012693031
P46,10,HbO,17,-0.004579436396586907,-0.027476993453799236,-0.05525210199873556
P46,11,HbO,17,-0.002050783847144848,-0.007301570936110183,-0.010955616427014076
P46,12,HbO,17,-0.002709686618208532,0.006690185285437997,0.030851161667191578
P46,14,HbO,17,6.237975347084005e-4,0.04353525148264152,0.11645693987169256
P46,15,HbO,17,-2.7842235624145795e-4,-0.004482814297294841,0.0065645527315299195
P46,16,HbO,17,5.654916377724022e-4,0.01124999479320101,0.040225942188454544
P46,17,HbO,17,-8.079976872062706e-4,-0.0114167691741238,-0.016745143488872252
P46,18,HbO,17,5.416864456719895e-6,1.5623151603983337e-4,2.835846698753342e-4
P46,19,HbO,17,2.7127591322246108e-6,8.762190929812058e-5,1.5700192066235295e-4
P46,20,HbO,17,3.5299613414467985e-7,-2.67662521363586e-6,-1.5248055305918982e-5
P46,21,HbO,17,-2.511862502116642e-7,-2.830115940963418e-5,-5.7098076654592275e-5
P46,22,HbO,17,-0.002497509683004812,-0.028476412306337198,-0.05373844640824865
P46,23,HbO,17,-0.0011783260648704427,-0.013708371139013928,-0.02083525575828849
P68,1,HbO,5,-0.00199691020136719,-0.008752315702193694,0.006151755741887023
P68,1,HbR,5,1.8584757107180153e-4,0.0027654681693159906,-0.0018137734482127968
P68,2,HbO,5,-0.0027348699892682776,-0.01401450759926003,0.0068017981823455375
P68,2,HbR,5,2.4485420754481654e-4,0.00330979141009927,-0.0022157334704325875
P68,3,HbO,5,-0.0010516953797490626,-0.007905015778693434,0.0054659698905655234
P68,3,HbR,5,-2.0463783623238133e-4,0.0029017070535659445,-0.001124312261246223
P68,4,HbO,5,-8.634204339078194e-4,-0.005368855616492954,0.0035217678399376458
P68,4,HbR,5,1.550757000296066e-4,0.0012800750107389675,-0.0011302573044876406
P68,5,HbO,5,-0.001546216650584698,-0.009246862502402248,0.006968705227168805
P68,5,HbR,5,2.2150934869478105e-4,0.0020885997172391175,-0.0014041285151506356
P68,7,HbO,5,-8.989931015097786e-4,-0.00818620956139434,0.01007280371916323
P68,7,HbR,5,-2.3675343237020626e-5,0.0023159151668587746,-0.0028380324441172632
P68,8,HbO,5,-0.0012008158752403167,-0.008191226374992732,0.009064445737703174
P68,8,HbR,5,2.8815733818008586e-6,0.0016284555686778895,-0.0024191529730213466
P68,9,HbO,5,-0.0019244810329880032,-0.006510138139432871,0.009195890938208268
P68,9,HbR,5,7.204542507463126e-5,8.962757332496531e-4,-0.0019471285791892174
P68,10,HbO,5,-4.11102874634215e-4,-0.003668275043749942,0.0051868920060789995
P68,10,HbR,5,-6.65394279979017e-4,0.0021370542534221754,-0.0010419033225531988
P68,11,HbO,5,-0.0011676747977895673,-0.0010386150263623616,0.0029350008102153355
P68,11,HbR,5,1.3277101883392694e-4,6.92030029358985e-4,-0.0010003267733226817
P68,12,HbO,5,-0.0027071219347266037,-0.008546719915471755,0.005472891743207919
P68,12,HbR,5,-1.2826968667074845e-4,0.0010464787822701447,-0.001295342073603485
P68,14,HbO,5,-0.0019716952641939327,0.005867232975415882,0.001162943881384943
P68,14,HbR,5,1.9599088701659751e-4,-0.001439374219261637,3.9964703384401466e-4
P68,15,HbO,5,-0.0019207090363225112,0.006766766616324818,0.004108085517564535
P68,15,HbR,5,-1.5339137042870993e-4,-6.886703769886205e-4,3.126466114214227e-4
P68,16,HbO,5,-0.0012046602089947015,-0.003139434705913819,0.00644381029722573
P68,16,HbR,5,-9.713003766482941e-4,-0.0014193289459914118,0.0023403342539125706
P68,17,HbO,5,-2.6687544670715284e-4,-0.0028239749752821067,0.003881267279975636
P68,17,HbR,5,-1.6178346461882576e-4,4.2034149283324445e-4,-6.66058868778201e-4
P68,18,HbO,5,-4.0517433226356355e-6,-1.3582585263014648e-5,7.878552735536123e-6
P68,18,HbR,5,1.315169593144747e-6,-3.585294786905823e-5,1.4857819997291717e-5
P68,19,HbO,5,-2.437098913718036e-6,3.176703638747431e-5,-1.5496015539475867e-5
P68,19,HbR,5,-1.37508704232407e-6,-1.3737748365605363e-5,9.243790250012383e-6
P68,20,HbO,5,-8.503705444983557e-8,-1.6043617315714165e-6,-3.403581114033437e-6
P68,20,HbR,5,5.485760023367281e-8,1.1676350795989975e-6,1.4401623531628464e-6
P68,21,HbO,5,-3.0998871188818654e-7,2.408353287717324e-6,-8.274087281559226e-6
P68,21,HbR,5,4.3708547469918594e-7,4.340518956843403e-6,-2.945043413092938e-6
P68,22,HbO,5,-6.034284870130352e-4,-9.664693227581472e-4,1.5143085988499196e-4
P68,22,HbR,5,-9.748244001249463e-6,-2.9487574432521756e-4,3.0368056143865595e-4
P68,23,HbO,5,-7.628932965149197e-4,-9.054961798835946e-4,1.6275334923919422e-4
P68,23,HbR,5,1.0972577422087045e-4,-1.1212176144381507e-4,1.1982705016817416e-4
P68,1,HbO,8,-0.0024016735662924643,-0.006309036625001648,0.0013610918686056844
P68,2,HbO,8,-0.00328360747500267,-0.00928173595293175,-3.095216987158431e-4
P68,3,HbO,8,-0.0019585261345801534,-0.005703400293642625,0.0012017194826470208
P68,4,HbO,8,-0.0012075038175715293,-0.003973499643692145,9.781974352485194e-4
P68,5,HbO,8,-0.002014320623999797,-0.0074699769502007225,0.0032899595587734
P68,7,HbO,8,-0.0014165993538987572,-0.008316414203180127,0.006554683489042684
P68,8,HbO,8,-0.001592007972823739,-0.00812259179993691,0.0049485816109367305
P68,9,HbO,8,-0.002444804528876308,-0.00661054175474421,0.003873403211073568
P68,10,HbO,8,-0.0013764870647291275,-0.0015992805319591109,0.0010101374026882035
P68,11,HbO,8,-0.0015033703564279243,-3.427449853591583e-4,8.703425961810416e-4
P68,12,HbO,8,-0.003059058345511937,-0.004371985242393999,-1.4758216420013306e-4
P68,14,HbO,8,-0.0018270229266895246,0.006517854654847316,-4.482494581281209e-4
P68,15,HbO,8,-0.001958978837643239,0.0071134100500326305,0.002744760184177374
P68,16,HbO,8,-0.0016623873740285108,-0.002583402762840893,0.0034154468441847117
P68,17,HbO,8,-4.1870280848849215e-4,-0.002501766528222568,0.0023470552149652026
P68,18,HbO,8,-4.677873690245673e-6,-2.194919269623919e-6,6.060283987709379e-7
P68,19,HbO,8,-2.5856351200419804e-6,3.111438464009657e-5,-1.3563544854780612e-5
P68,20,HbO,8,-1.0519906653115546e-8,-8.979892405250955e-7,-1.2418556400706512e-6
P68,21,HbO,8,-7.329510938499026e-7,7.279579483373538e-6,-7.539452445673442e-6
P68,22,HbO,8,-6.052831736772998e-4,-4.683054410520825e-4,-6.873545151399164e-4
P68,23,HbO,8,-8.268634823343551e-4,-5.466403893725944e-4,-3.746709265685129e-4
P68,1,HbO,11,-0.002516456940340759,-0.0036975798022546975,-0.001963413645233498
P68,2,HbO,11,-0.003360196703639521,-0.004486946976583822,-0.005222064792815029
P68,3,HbO,11,-0.00245449612522387,-0.0037640264200862967,-0.0014167244832130953
P68,4,HbO,11,-0.001370879711868227,-0.0027683433257920578,-6.505491120277377e-4
P68,5,HbO,11,-0.0022739841839129263,-0.005901966421513872,9.808759717840694e-4
P68,7,HbO,11,-0.0017785584072779977,-0.007821194831370556,0.004113248566180815
P68,8,HbO,11,-0.0017931227560168096,-0.007236894976140952,0.002212521761704124
P68,9,HbO,11,-0.002633632858566982,-0.006155162483871116,5.639162785523862e-4
P68,10,HbO,11,-0.0019889515382607676,-1.1346186307024609e-4,-0.0016542917587493648
P68,11,HbO,11,-0.0016241457974493832,3.359392368608832e-4,-6.3987724289135e-4
P68,12,HbO,11,-0.003027092911092852,-6.525700228865007e-4,-0.004082519288075455
P68,14,HbO,11,-0.0016064504561861136,0.006351386145243741,-0.001337915163400797
P68,15,HbO,11,-0.0018341986258745187,0.0064041375958042174,0.0018237572006218387
P68,16,HbO,11,-0.0019361353107225008,-0.0018714880953477676,0.0013686793579254337
P68,17,HbO,11,-5.243325461423013e-4,-0.0020183685382713853,0.0012139340056508557
P68,18,HbO,11,-2.7121681770836137e-6,1.0397564754061042e-5,-5.454540899833462e-6
P68,19,HbO,11,-1.3275978550817028e-6,3.2455029146437556e-5,-1.1180462617686417e-5
P68,20,HbO,11,2.998581119599185e-7,3.588197308534728e-7,6.226431118163601e-7
P68,21,HbO,11,-8.28816727309146e-7,1.0404095069314626e-5,-6.152788180493857e-6
P68,22,HbO,11,-5.46778923929174e-4,2.0700436198707568e-5,-0.0011906490861932633
P68,23,HbO,11,-8.016468461081552e-4,-1.677636905021687e-4,-7.025101158153952e-4
P68,1,HbO,14,-0.002361124214863613,-0.0012186656146370818,-0.004070305857607177
P68,2,HbO,14,-0.0030775366414625078,6.586733614315689e-5,-0.008315670750886864
P68,3,HbO,14,-0.0025531075091212037,-0.0019147635393717377,-0.0028730419700145372
P68,4,HbO,14,-0.0013309334610873145,-0.001551439662078483,-0.0016521785422040516
P68,5,HbO,14,-0.0022764344872592463,-0.004178645557820827,-4.0942115651654976e-4
P68,7,HbO,14,-0.0018696524064872979,-0.00666459441630758,0.0024784268315066593
P68,8,HbO,14,-0.0017009240259834412,-0.005719608066996953,5.269795175553108e-4
P68,9,HbO,14,-0.0024418336106285703,-0.005111670810796888,-0.0011922989908699283
P68,10,HbO,14,-0.002266106313190893,9.700273838754044e-4,-0.0031495784327742046
P68,11,HbO,14,-0.0015535339110495639,8.207585961008516e-4,-0.0016647536815464082
P68,12,HbO,14,-0.002692417946173209,0.0022990015593336954,-0.0064824588108707455
P68,14,HbO,14,-0.0013586171266065227,0.005315816357805585,-0.0015118397909664753
P68,15,HbO,14,-0.0016633984299051815,0.0046069314121363805,0.0013590311669531407
P68,16,HbO,14,-0.001915993106435808,-0.0012901358432937428,3.019616460687216e-4
P68,17,HbO,14,-5.281038219668585e-4,-0.0014511963952247692,4.269125994180831e-4
P68,18,HbO,14,-1.6277226031175692e-7,1.5834763171408838e-5,-8.070624262589862e-6
P68,19,HbO,14,-2.7667995882976154e-7,2.954370100043257e-5,-6.994913546974247e-6
P68,20,HbO,14,4.3404954701452e-7,1.7121629548881682e-6,2.3645861912926755e-6
P68,21,HbO,14,-9.044672842956275e-7,1.1158319460305354e-5,-4.051480135512797e-6
P68,22,HbO,14,-4.508229594486062e-4,4.763548145104063e-4,-0.0014508425680090494
P68,23,HbO,14,-7.281660795222658e-4,2.0517635816749496e-4,-8.932152714943029e-4
P68,1,HbO,17,-0.002064977310267097,9.053124821487285e-4,-0.005225422118039451
P68,2,HbO,17,-0.0026525863519225755,0.003951720858078235,-0.009999626761604295
P68,3,HbO,17,-0.002392481731811098,-1.5911164146335962e-4,-0.0036364467340485934
P68,4,HbO,17,-0.0011562179864643323,-2.953724596447437e-4,-0.002279484262011822
P68,5,HbO,17,-0.002098402852625024,-0.0022392849623334436,-0.0012755221617073674
P68,7,HbO,17,-0.001759734856689893,-0.005056590895232542,0.0013268085721202692
P68,8,HbO,17,-0.0014299958833038238,-0.0038925644546744936,-5.41587181912727e-4
P68,9,HbO,17,-0.0020254745462431624,-0.0036474231503501476,-0.0020493809704593673
P68,10,HbO,17,-0.002286339872008067,0.0017655895861360762,-0.003843608340301572
P68,11,HbO,17,-0.0013605309875989841,0.0010636786111903242,-0.0022609264989813327
P68,12,HbO,17,-0.0021970088482229718,0.004349238606019839,-0.007621551991548784
P68,14,HbO,17,-0.0011234754794081233,0.0037023019228430475,-0.0011535261815039464
P68,15,HbO,17,-0.001495298292913154,0.0021055557762973396,0.0013431267627303518
P68,16,HbO,17,-0.0016796304675258116,-9.514496341842572e-4,-6.692807121306251e-5
P68,17,HbO,17,-4.5084096252502614e-4,-8.809214325455858e-4,-9.528634173242076e-5
P68,18,HbO,17,1.619245050810213e-6,1.3239870108451522e-5,-6.91401373968808e-6
P68,19,HbO,17,1.6258357199769088e-8,2.1397537688079918e-5,-1.5937778522893452e-6
P68,20,HbO,17,3.4300411041541267e-7,2.291649819213434e-6,3.5292021384817766e-6
P68,21,HbO,17,-1.021726583816644e-6,9.600778088842478e-6,-1.8815977648586534e-6
P68,22,HbO,17,-3.480303497232052e-4,8.871995080579501e-4,-0.0015599348640711172
P68,23,HbO,17,-6.539927239898311e-4,5.405432861695157e-4,-9.647113073441523e-4
P08,1,HbO,5,-0.0024999763539472883,-0.004675494881458741,0.0030991467725567192
P08,1,HbR,5,-8.603117320140086e-6,9.469165798277954e-4,-0.0010510635725466822
P08,2,HbO,5,-5.3528612890072515e-5,8.186238012876486e-5,-2.690078102940694e-4
P08,2,HbR,5,-3.650150029355857e-5,0.00011098030168462123,-8.957736817575135e-5
P08,3,HbO,5,-0.0011183142404107321,-8.608059925940554e-4,8.504858246879028e-4
P08,3,HbR,5,3.0471531445293168e-5,-8.432372922585684e-5,-9.741306860597974e-4
P08,4,HbO,5,-2.5304685074461058e-5,1.5281609926898673e-4,-1.6257482612028483e-4
P08,4,HbR,5,-3.0094984617926075e-5,1.6993120296096758e-5,-6.706992310027899e-5
P08,5,HbO,5,-1.3622003152963027e-4,4.764553700552654e-6,-1.961336058921671e-4
P08,5,HbR,5,4.268751995189639e-6,9.520771808502918e-5,-5.076300308881432e-5
P08,7,HbO,5,-4.2509823074025796e-4,-3.80877669006914e-4,-1.3321640532075465e-4
P08,7,HbR,5,7.62553516390842e-5,1.9450799638979385e-4,-4.2417067057420805e-5
P08,8,HbO,5,-3.564480235591092e-6,1.379986429320509e-5,-1.1891130522429563e-5
P08,8,HbR,5,-4.401394411110826e-6,1.5527614693204343e-05,-1.0153678271324084e-5
P08,9,HbO,5,-4.292888784707181e-6,8.027356618760582e-6,-5.79980621717362e-6
P08,9,HbR,5,-1.8670785712684416e-6,1.0778350075687962e-5,-8.055007623342705e-6
P08,10,HbO,5,-1.1316798032319012e-4,-1.392157318636784e-4,-2.4168043855832123e-5
P08,10,HbR,5,9.24008722103887e-6,1.4970221103841427e-4,-1.690436948983505e-4
P08,11,HbO,5,-4.3204163799556325e-5,7.78119932848291e-5,-1.6723114469930551e-4
P08,11,HbR,5,-2.136575062574867e-5,4.3523284134711815e-5,-5.065061246485421e-5
P08,12,HbO,5,-7.171924281684726e-5,1.5310835607811572e-4,-2.4112013233741993e-4
P08,12,HbR,5,-4.831730703830282e-5,1.1599992207527972e-4,-1.570706290937707e-4
P08,14,HbO,5,-3.173160512252523e-4,-5.062477428873523e-4,1.6781409686575095e-4
P08,14,HbR,5,4.3106330251130666e-5,2.8403612166435084e-4,-2.221588121881892e-4
P08,15,HbO,5,-4.915635535975221e-4,1.2437661324538363e-5,6.718468369406318e-4
P08,15,HbR,5,5.6675327291986375e-5,-6.486025493402732e-5,-5.283790506342892e-4
P08,16,HbO,5,-0.004726776076748338,-0.006624144817147754,0.001078985962275541
P08,16,HbR,5,-0.0012838894776213607,5.294091795468174e-4,-0.0021597438018162497
P08,17,HbO,5,-2.911024243416586e-4,-0.005052685136003946,0.00448828005241635
P08,17,HbR,5,-0.001374268956544418,-0.0013073345409584445,-0.004784496675878817
P08,18,HbO,5,7.363660338910367e-6,1.4961983781432951e-5,1.1659922127293744e-6
P08,18,HbR,5,3.778002452351816e-6,-4.870259642263415e-7,-1.7131530474554507e-5
P08,19,HbO,5,5.5371202334614186e-6,4.638775026532944e-6,2.3259768238949074e-6
P08,19,HbR,5,2.847317786851673e-6,6.184815107605852e-6,-8.587347319865003e-6
P08,20,HbO,5,-4.5969150062932674e-7,3.222404988273547e-6,4.703843982326668e-6
P08,20,HbR,5,4.190623194182745e-7,-9.63741490012814e-7,-1.4972914959589057e-6
P08,21,HbO,5,1.1769075838201822e-6,-2.4265602773007354e-7,2.7931880173355875e-6
P08,21,HbR,5,-3.409230898884247e-7,7.531988103855694e-7,7.853554143100057e-7
P08,22,HbO,5,-2.795792059734497e-4,-1.2285936744139544e-4,-1.0642091139068962e-4
P08,22,HbR,5,-9.024199550594262e-6,2.2438946325099922e-4,-2.508702705579518e-4
P08,23,HbO,5,-0.002346601561522568,-0.004994310366849073,0.005567367939143958
P08,23,HbR,5,4.408090969279514e-4,0.0016484737545287749,-0.001882101033744562
P08,1,HbO,8,-0.002769872966542739,-0.003917728760773183,0.0020939245238925618
P08,2,HbO,8,-3.968029086125813e-5,6.793650949503206e-5,-2.0062408144589093e-4
P08,3,HbO,8,-0.0014264404405244747,-6.845643535986687e-4,9.240306529625306e-4
P08,4,HbO,8,-1.6184262792858742e-5,1.1723166584803345e-4,-1.3273368793307406e-4
P08,5,HbO,8,-1.3184868030210377e-4,-1.4135801754172407e-5,-1.5858238130788085e-4
P08,7,HbO,8,-4.7638836727977024e-4,-2.2217719909888877e-4,-8.667701830354267e-5
P08,8,HbO,8,-3.0229048333569744e-6,1.4575909276690141e-5,-1.3862792716554563e-5
P08,9,HbO,8,-3.3722219670058804e-6,1.0455104383440296e-5,-5.34393959852422e-6
P08,10,HbO,8,-1.3086787853409558e-4,-7.574202284445351e-5,-2.652357743305649e-5
P08,11,HbO,8,-3.168395714184152e-5,8.245514905151501e-5,-1.2566141760798495e-4
P08,12,HbO,8,-5.838256914415737e-5,1.2072655868418036e-4,-1.874264805753991e-4
P08,14,HbO,8,-3.524881324652804e-4,-3.9023683449639074e-4,1.8504365127892705e-4
P08,15,HbO,8,-5.721301819693597e-4,8.166288756646888e-5,5.882261545660348e-4
P08,16,HbO,8,-0.005758748531597105,-0.0057937844892271976,0.003021608994524638
P08,17,HbO,8,-0.00169409559218365,-0.004647834653379699,0.003878494671001461
P08,18,HbO,8,5.345931978514435e-6,1.6671125983497784e-5,1.0679162688801562e-5
P08,19,HbO,8,4.0753640597006235e-6,8.726644112617586e-6,7.815431177135902e-6
P08,20,HbO,8,-5.43966542857621e-7,1.1450887965985512e-6,3.052224909546604e-6
P08,21,HbO,8,1.590080254580631e-6,-7.205234964467608e-7,1.946480522432e-6
P08,22,HbO,8,-2.7220522896872834e-4,-8.372149456487495e-5,-8.897261132709915e-5
P08,23,HbO,8,-0.0026667222085295823,-0.0034182740460181765,0.0037099438826951755
P08,1,HbO,11,-0.0026181311712875034,-0.00299326121452151,0.001497195319677807
P08,2,HbO,11,-2.861524879448836e-5,4.568109916634414e-5,-1.4499368829965615e-4
P08,3,HbO,11,-0.0014385887621128299,-3.54944705725852e-4,9.632726210947935e-4
P08,4,HbO,11,-1.2341219532271601e-5,8.328304667361607e-5,-1.012963108995849e-4
P08,5,HbO,11,-1.2044487274970504e-4,-2.001761174310123e-5,-1.263949312322542e-4
P08,7,HbO,11,-4.5606475012742567e-4,-8.428750907345676e-5,-2.736027432802633e-5
P08,8,HbO,11,-3.135017541805244e-6,1.199576754395911e-5,-1.662120831384514e-5
P08,9,HbO,11,-3.260512623260153e-6,9.66756076737026e-6,-7.494497246632722e-6
P08,10,HbO,11,-1.2664559537789663e-4,-1.7218552886419058e-5,-2.925225802166505e-5
P08,11,HbO,11,-2.509210075343619e-5,8.43337078019911e-5,-8.506643158085405e-5
P08,12,HbO,11,-4.6604246446079936e-5,9.043146398726436e-5,-1.4877504628412898e-4
P08,14,HbO,11,-3.230721908685464e-4,-2.3169945829578888e-4,2.3136757894107413e-4
P08,15,HbO,11,-5.29784243419369e-4,1.7210608097442147e-4,5.704515104608694e-4
P08,16,HbO,11,-0.005642031514280735,-0.005189454978885546,0.004112488106614105
P08,17,HbO,11,-0.0023294525170609293,-0.003927468062742624,0.0033255240501371274
P08,18,HbO,11,3.736108714831771e-6,1.2240287427345449e-5,1.729062483195506e-5
P08,19,HbO,11,2.8332702467654322e-6,8.796643721058373e-6,1.3477068637103552e-5
P08,20,HbO,11,-5.759454292006396e-7,-2.262978305017233e-8,2.6422181114062574e-6
P08,21,HbO,11,1.7738249158743158e-6,-2.697827788175968e-7,2.6269130694022556e-6
P08,22,HbO,11,-2.3159503404738364e-4,-2.243454599680517e-5,-3.904732588455381e-5
P08,23,HbO,11,-0.002478374183132999,-0.002005270935330449,0.0024652982546936614
P08,1,HbO,14,-0.002231556667860564,-0.0019034935981978782,0.0011734133226082193
P08,2,HbO,14,-1.7491044784139673e-5,1.6580420445681272e-5,-8.500519807279457e-5
P08,3,HbO,14,-0.0012943755966126362,1.704033826513081e-5,0.0010211506766536916
P08,4,HbO,14,-1.0325699194418851e-5,5.5366261100864675e-5,-7.043760071706099e-5
P08,5,HbO,14,-1.0338662384928354e-4,-1.6636702912860643e-5,-8.315123879949906e-5
P08,7,HbO,14,-3.797584323408348e-4,3.283883709467537e-5,6.036157832267235e-5
P08,8,HbO,14,-3.7311425847431986e-6,8.555102951141563e-6,-1.8420988890855917e-5
P08,9,HbO,14,-3.6499364237750263e-6,8.297248038102576e-6,-1.08064552472705e-5
P08,10,HbO,14,-1.0627594441296005e-4,3.060850264125962e-5,-5.355725830169734e-6
P08,11,HbO,14,-1.951315837069125e-5,7.738786675487937e-5,-4.780683575835124e-5
P08,12,HbO,14,-3.4577664599407806e-5,6.559169679169435e-5,-1.007514009781402e-4
P08,14,HbO,14,-2.5999810536864724e-4,-5.005353430689813e-5,3.00326822441031e-4
P08,15,HbO,14,-4.2845404204000704e-4,2.2012446197584162e-4,5.51063253417191e-4
P08,16,HbO,14,-0.004707171495322115,-0.004486664731729187,0.005147589285105562
P08,17,HbO,14,-0.0023649490668803674,-0.0030595696035945743,0.003292437455705827
P08,18,HbO,14,3.2429391448328075e-6,3.946248877591459e-6,1.975096118143381e-5
P08,19,HbO,14,2.278133433907651e-6,5.187089761194659e-6,1.6837108053268754e-5
P08,20,HbO,14,-4.2078519622337655e-7,-9.88770414367714e-7,2.551015512441922e-6
P08,21,HbO,14,1.7447220039603396e-6,-1.1582214284171328e-7,3.4113638651653634e-6
P08,22,HbO,14,-1.7364209026268088e-4,5.131849980506378e-5,3.6214944636683385e-5
P08,23,HbO,14,-0.0020003636026132763,-7.358366703088542e-4,0.0016501635854626168
P08,1,HbO,17,-0.0017815754560639965,-7.318659016389315e-4,9.394275239846272e-4
P08,2,HbO,17,-8.228095736052373e-6,-8.880771488348574e-6,-2.3384361215756025e-5
P08,3,HbO,17,-0.0011198881020406638,3.617384648407841e-4,0.0010715889771737823
P08,4,HbO,17,-8.392254466228047e-6,3.342946219462845e-5,-4.1622689322576296e-5
P08,5,HbO,17,-8.333696870117097e-5,-7.622547941513031e-6,-2.9328041528246636e-5
P08,7,HbO,17,-2.800439110093846e-4,1.3077906889385221e-4,1.4795973788853727e-4
P08,8,HbO,17,-4.114685067471972e-6,5.832630004412792e-6,-1.845823462477234e-5
P08,9,HbO,17,-3.838634615890534e-6,7.584201064745491e-6,-1.3137891007199745e-5
P08,10,HbO,17,-8.160133605384947e-5,6.743541350318274e-5,3.816532262964649e-5
P08,11,HbO,17,-1.3901230215633603e-5,6.0092252671664516e-5,-1.5994296447150956e-05
P08,12,HbO,17,-2.35312040891145e-5,4.8415603303762237e-5,-4.101231135466983e-5
P08,14,HbO,17,-1.9445295778367788e-4,1.347325609054581e-4,3.629555411539561e-4
P08,15,HbO,17,-3.297202503053093e-4,2.2018423347041626e-4,4.822984779007544e-4
P08,16,HbO,17,-0.003506903068749353,-0.0035729374602664244,0.006031024026083031
P08,17,HbO,17,-0.0021231355159012895,-0.002099027733774762,0.0035229235747666764
P08,18,HbO,17,3.363641269279022e-6,-4.206211884001044e-6,2.015974792899234e-5
P08,19,HbO,17,2.0940463576206415e-6,4.6867334385176313e-7,1.795613321984207e-5
P08,20,HbO,17,-1.7392561572283846e-7,-1.7064988948550428e-6,2.189868578854863e-6
P08,21,HbO,17,1.535903080277901e-6,-5.926081308160148e-7,3.388198485478894e-6
P08,22,HbO,17,-1.1647322352628808e-4,1.2187638965931815e-4,1.0455868759233376e-4
P08,23,HbO,17,-0.001462479849032188,4.1388718836032825e-4,9.889762847324192e-4
P62,1,HbO,5,9.737267642061385e-6,2.4022583542334275e-4,-5.5207579454467524e-5
P62,1,HbR,5,-2.40242074246634e-5,6.0993301841859806e-5,5.321346809670687e-5
P62,2,HbO,5,-0.0016238011795764102,0.0035339898752162926,1.6085080821590187e-4
P62,2,HbR,5,4.1620113201690717e-4,-7.509383073930155e-4,9.114901945959597e-5
P62,3,HbO,5,-4.268497021322541e-5,1.5331284632866927e-4,-6.995501516785733e-5
P62,3,HbR,5,3.404690040725732e-6,8.362116585419212e-5,1.1632623099987022e-5
P62,4,HbO,5,-0.0018086879497059773,0.0022072258313517853,-3.8971670058372056e-4
P62,4,HbR,5,2.7990703664272664e-4,-5.73155515217554e-4,4.803057324908688e-4
P62,5,HbO,5,-3.94216441532854e-4,5.734219255711978e-4,-9.773104153907532e-4
P62,5,HbR,5,1.2086423766637074e-4,-4.309586362240905e-5,4.1279064884868687e-4
P62,7,HbO,5,-3.9005064018397204e-4,0.0010648305244421435,3.947865059443209e-4
P62,7,HbR,5,1.2612831705164745e-4,-1.2800853903937237e-4,-1.892875900113534e-4
P62,8,HbO,5,-0.003729820451455147,-0.004893450203174661,0.006363712416642578
P62,8,HbR,5,3.2655715977324167e-4,-9.851042451323043e-4,-3.524848071933561e-4
P62,9,HbO,5,-0.006353811322990416,-0.008831476145593046,0.011967089177892527
P62,9,HbR,5,3.119606062617031e-5,-0.001215658883727125,-0.005121848123659226
P62,10,HbO,5,2.732544776976832e-4,0.002889138858060238,-0.0037170903436352437
P62,10,HbR,5,8.219380206000117e-4,-1.1927145765138114e-4,-0.005594060414602685
P62,11,HbO,5,-3.874164341270921e-4,0.011853444994035109,0.00121823003054149
P62,11,HbR,5,2.8253055810560505e-4,-0.002662786907363546,-0.0095500176694677
P62,12,HbO,5,-0.003423254012582796,0.012358120189033215,0.005792942444815963
P62,12,HbR,5,6.099597200701895e-4,-0.004475952453807055,-0.006432292669145515
P62,14,HbO,5,-1.4688240809613998e-4,0.004913804607937717,-0.003296596145077031
P62,14,HbR,5,-8.354348391657608e-4,-0.005928060212226581,-0.0069716439785718004
P62,15,HbO,5,2.330955167789494e-4,-3.6991695373054894e-4,-0.003927367465045972
P62,15,HbR,5,-8.039503625815283e-4,-0.004271048994828973,-0.008085075414446282
P62,16,HbO,5,-0.0013951295494052203,-4.6602989531519494e-4,5.745089816837046e-4
P62,16,HbR,5,3.8548696973153155e-4,2.3753776759801595e-4,-6.400997443330246e-4
P62,17,HbO,5,-0.0026147283184079265,4.051744481108744e-4,0.004736216038748836
P62,17,HbR,5,6.417028293310937e-4,-2.013272147016028e-4,-0.001555910643324315
P62,18,HbO,5,3.3715121661454685e-7,-6.856221771612838e-6,-2.4949583030238628e-5
P62,18,HbR,5,8.756154768289824e-8,1.7902711408635894e-6,8.089776335637306e-6
P62,19,HbO,5,-5.055416021433118e-7,-1.8908599790687396e-6,-3.2008665747584966e-6
P62,19,HbR,5,7.140136238067643e-7,-3.69374504801494e-6,-6.6371058315750626e-6
P62,22,HbO,5,-1.3272301398027674e-4,0.001078345065368133,4.102439858938891e-4
P62,22,HbR,5,-6.157902482920199e-6,-1.700040237013447e-4,-6.895536323874093e-5
P62,23,HbO,5,-3.938495264230675e-4,5.892337497532147e-4,4.50752617027174e-4
P62,23,HbR,5,4.901491541080425e-5,7.424444934865569e-5,-1.353723432321183e-4
P62,1,HbO,8,1.0044428101680606e-5,1.7168965464090682e-4,-3.755489688278486e-5
P62,2,HbO,8,-0.0010399393852903185,0.0025505932689323368,0.0023017131174243853
P62,3,HbO,8,-3.050136535030354e-5,8.990407785898079e-5,-7.4164003335988e-5
P62,4,HbO,8,-0.001283387847377112,0.002187909758226573,0.0015163964596141962
P62,5,HbO,8,-3.2996488961591953e-4,5.590484858763014e-4,-3.287601103391172e-4
P62,7,HbO,8,-3.0689671609998906e-4,8.138247378704814e-4,4.404465713361238e-4
P62,8,HbO,8,-0.0021438875271744587,-0.003316564132176005,0.0085624546840257
P62,9,HbO,8,-0.0033025614111164146,-0.006286617364317316,0.013142271270979961
P62,10,HbO,8,1.2084720984594012e-4,0.002120281878978668,-0.00611190776580024
P62,11,HbO,8,-3.896108636882299e-4,0.00864264308965924,1.8489271058062893e-4
P62,12,HbO,8,-0.0032239591662316463,0.0077922924991497234,0.0038819481883146257
P62,14,HbO,8,-8.087920474658846e-4,2.3084404779567753e-4,-0.006702201164731797
P62,15,HbO,8,-5.396064668561109e-4,-0.0031930820104211248,-0.009811571262471066
P62,16,HbO,8,-0.0010226313658189255,-1.0543452619140292e-4,4.532548695413179e-4
P62,17,HbO,8,-0.002052563206938189,4.2369180154350433e-4,0.004603743069629113
P62,18,HbO,8,1.4420739545054902e-7,-1.6497493586496046e-6,-1.9691465788913677e-5
P62,19,HbO,8,-4.862109062072089e-7,2.8969937478792395e-6,1.5920072232700663e-6
P62,22,HbO,8,-6.503296103986837e-5,6.348721612565262e-4,-2.1729065792498065e-5
P62,23,HbO,8,-2.5182834971654224e-4,6.142149118930284e-4,5.356240629212198e-4
P62,1,HbO,11,9.550592630830884e-6,1.0237107176832997e-4,-4.2633634046991515e-6
P62,2,HbO,11,-5.441721039504003e-4,0.0018267737024075439,0.003654944380592786
P62,3,HbO,11,-2.2620105927393014e-5,5.0830448569070336e-5,-1.0123306797415962e-4
P62,4,HbO,11,-7.9369661958374e-4,0.002064200654309659,0.002699685518775887
P62,5,HbO,11,-2.503160410907354e-4,5.18805486175417e-4,7.128717104785139e-5
P62,7,HbO,11,-2.0803255861753374e-4,6.039082276636662e-4,2.988996884944313e-4
P62,8,HbO,11,-7.524558468125954e-4,-0.0020634301404858276,0.009380497805889999
P62,9,HbO,11,-7.689387385195583e-4,-0.004413461132317423,0.013447666953693
P62,10,HbO,11,2.028331428116389e-4,0.0014744877399668968,-0.007549973789035776
P62,11,HbO,11,-2.581774316843054e-4,0.00601470804917522,-9.105984724616121e-4
P62,12,HbO,11,-0.0029683306847111323,0.00439428936656227,0.003149959258856183
P62,14,HbO,11,-0.0011983758260380502,-0.0031237607866305916,-0.00798933716305556
P62,15,HbO,11,-9.211707443273079e-4,-0.005085898903349294,-0.013099404880604017
P62,16,HbO,11,-7.340122872076462e-4,1.1231127950425061e-4,6.119718024471997e-4
P62,17,HbO,11,-0.0015947215239098369,4.2872117585583675e-4,0.004658577892854282
P62,18,HbO,11,-2.760797406257408e-7,1.931760129265378e-6,-9.848315380284916e-6
P62,19,HbO,11,-7.491982725733458e-7,5.3822766990625004e-6,6.616641523090559e-6
P62,22,HbO,11,-1.0491306728101463e-5,2.999687381728469e-4,-2.7391805625421933e-4
P62,23,HbO,11,-1.325324812573392e-4,6.194513509345517e-4,6.016651970799219e-4
P62,1,HbO,14,8.1746666843543508e-06,3.589019077415976e-5,1.6548980162434514e-5
P62,2,HbO,14,-1.4782309390508116e-4,0.0012093205808477686,0.004365952378054545
P62,3,HbO,14,-1.7966927188290972e-5,2.633241309721833e-5,-1.1117408366439548e-4
P62,4,HbO,14,-3.6734719750977407e-4,0.0019078249801869228,0.0035249047001160356
P62,5,HbO,14,-1.7056969684071954e-4,4.4683548987558576e-4,3.226253589649074e-4
P62,7,HbO,14,-1.3102089559343074e-4,4.087812133498159e-4,1.2179803601748204e-4
P62,8,HbO,14,3.8496939930567395e-4,-8.477843363636246e-4,0.009514262543764753
P62,9,HbO,14,0.0012767958273325988,-0.002793944782290401,0.01355329014940964
P62,10,HbO,14,3.1412682854184664e-4,5.305630767507515e-4,-0.008370229773261116
P62,11,HbO,14,-2.9370351643313902e-5,0.0033266191787888833,-0.0015822704840625266
P62,12,HbO,14,-0.0025376062401409943,0.0012983959578657216,0.0032545869905812514
P62,14,HbO,14,-0.0012968595506964962,-0.005478830108480439,-0.007694035298932709
P62,15,HbO,14,-8.904467428582982e-4,-0.006456006140189219,-0.014357307691400926
P62,16,HbO,14,-5.033971980321269e-4,2.550329668272654e-4,9.254522120238472e-4
P62,17,HbO,14,-0.0011950288153570513,4.753664734612227e-4,0.004840285460728656
P62,18,HbO,14,-6.691370818524759e-7,3.8039196363251063e-6,-8.782037151485923e-7
P62,19,HbO,14,-9.437604930555684e-7,5.1409230984250444e-6,9.266740164331285e-6
P62,22,HbO,14,3.869000066316026e-5,3.234455962302452e-5,-3.704093523781321e-4
P62,23,HbO,14,-1.7988985142724722e-5,5.928326840508599e-4,6.549410698657683e-4
P62,1,HbO,17,5.563786813805197e-6,-2.0051592798650142e-5,1.2732678894439949e-5
P62,2,HbO,17,1.3929302797063776e-4,7.53591574125292e-4,0.004627037483983377
P62,3,HbO,17,-1.2864157255749381e-5,7.753794376902523e-6,-9.471159167870326e-5
P62,4,HbO,17,-2.5126598655405918e-5,0.0018150053103071532,0.004039946025889915
P62,5,HbO,17,-1.0158593619304744e-4,3.658281455700662e-4,4.64374059875899e-4
P62,7,HbO,17,-8.249115767173733e-5,2.514206454101083e-4,-1.9198155086120386e-5
P62,8,HbO,17,0.0012301805104349252,5.591689290639512e-4,0.009055542952410654
P62,9,HbO,17,0.002819926760580484,-8.871815793941292e-4,0.013173735375506002
P62,10,HbO,17,3.9977205840618484e-4,-4.8489594585682326e-4,-0.008986767722484999
P62,11,HbO,17,2.68662180033155e-4,8.012691263631036e-4,-0.0020015722971648497
P62,12,HbO,17,-0.001884135477896119,-0.0013043467091843157,0.003413171850367981
P62,14,HbO,17,-0.0011434171437198816,-0.006857641362290433,-0.006598687090491953
P62,15,HbO,17,-5.566205195827096e-4,-0.00731101454602583,-0.01418794100078136
P62,16,HbO,17,-3.081748048119297e-4,3.9759835255862643e-4,0.001251683993915771
P62,17,HbO,17,-8.3578018111389e-4,6.180130412504486e-4,0.00495928931194869
P62,18,HbO,17,-1.0059532199254002e-6,4.814243893557771e-6,4.674980360677979e-6
P62,19,HbO,17,-9.88448321806388e-7,3.7815735604874172e-6,9.614359300060653e-6
P62,22,HbO,17,8.305772272569113e-5,-1.5959475175044438e-4,-3.6807657353119406e-4
P62,23,HbO,17,9.156018828876035e-5,5.54288500268067e-4,6.849486398250337e-4
P38,1,HbO,5,-5.230858822370862e-4,-0.00553340722238508,7.5631807328623e-4
P38,1,HbR,5,-2.596488671603886e-4,1.6197875959008786e-4,-5.0178297994772467e-5
P38,2,HbO,5,-0.00137948692663371,-0.0016570413648444606,-8.043377498092926e-4
P38,2,HbR,5,-8.795849177995469e-5,-1.1371141300025789e-4,1.1326245370898581e-4
P38,3,HbO,5,-5.2896152627831384e-5,-0.0020684018783640543,-6.37458291726727e-5
P38,3,HbR,5,-2.1721711589982667e-4,2.528739873791796e-4,-2.7114624076181617e-5
P38,4,HbO,5,-4.2787259669795075e-4,-2.284542904827175e-4,-1.3069207073260355e-4
P38,4,HbR,5,7.161404727506175e-5,9.073619884259702e-5,1.865769769428096e-5
P38,5,HbO,5,-0.0017334659022032832,-4.908992161932114e-4,-4.523093739639985e-4
P38,5,HbR,5,2.1487066622382189e-4,-3.8992529185545517e-4,2.717075251966873e-5
P38,7,HbO,5,-7.908023556557586e-4,1.0339473228175049e-4,-9.948725538875196e-4
P38,7,HbR,5,1.7189835423167044e-4,-4.485309823665827e-5,1.9977081852010564e-4
P38,8,HbO,5,-0.0013040368030881955,-0.0012533708045112057,-4.6756489455668243e-4
P38,8,HbR,5,1.9211543181971415e-4,2.26486940184989e-4,1.4167909267473216e-5
P38,9,HbO,5,2.970229041778073e-5,-0.0012750736395656659,4.135049945020077e-4
P38,9,HbR,5,-6.227089068351882e-4,1.0813338262107849e-4,-8.686539986393218e-4
P38,10,HbO,5,0.0014958135999401133,-0.00521024413678796,0.001724931857501095
P38,10,HbR,5,-0.0011364244822979898,5.324388707488194e-4,-6.645729377575164e-4
P38,11,HbO,5,6.056691064987294e-4,-0.001924004831642966,0.0016490428972273363
P38,11,HbR,5,-4.7423999872750244e-4,2.3270811110939022e-4,-4.227268411813395e-4
P38,12,HbO,5,-5.177192423853912e-4,-6.549003350769551e-4,8.876838536190196e-4
P38,12,HbR,5,-2.913850187537447e-5,1.0225644825488669e-4,-4.7987288460118733e-4
P38,14,HbO,5,0.0024320108890085205,7.900010947247558e-4,-0.002554491999352597
P38,14,HbR,5,-0.002030427191060491,-0.005603160386578028,5.680288274452749e-4
P38,15,HbO,5,0.003117199577719465,-0.0015138540266941133,0.0017746453194483478
P38,15,HbR,5,-0.002897306561061285,-0.01016879529373634,0.0015903256878741377
P38,16,HbO,5,-1.1528003256588096e-4,9.546650685138814e-5,-1.1497646454988899e-4
P38,16,HbR,5,-2.9098282226570972e-5,1.220496536097295e-4,-4.2631832775627685e-5
P38,17,HbO,5,-9.297148484702563e-5,2.6768478231375243e-4,-1.3820551123987557e-4
P38,17,HbR,5,-4.297926743778366e-5,1.2109663607059995e-4,-7.693234642258135e-5
P38,18,HbO,5,1.1430915138407619e-6,-1.7447556931933118e-5,1.065682847672721e-5
P38,18,HbR,5,-1.5176897478831624e-6,6.474595524348081e-6,2.387476943087429e-6
P38,19,HbO,5,-3.959581181220854e-7,-4.136043177810975e-6,3.850966336003476e-6
P38,19,HbR,5,-4.026855539083853e-8,-4.665178506845464e-6,5.368331987186072e-6
P38,20,HbO,5,2.6346998200647206e-5,-2.877019620026122e-4,-0.002638765268005084
P38,20,HbR,5,2.5581953249677605e-06,-1.5052957240270127e-4,-0.001314512521527997
P38,21,HbO,5,-5.26415590616048e-6,-2.5554257731716265e-4,-0.0025741339035118853
P38,21,HbR,5,1.5157707179861935e-5,-1.2738639367915625e-4,-0.0012817640647912677
P38,22,HbO,5,-5.0613635337913645e-5,8.302659416256988e-5,-5.24068744531172e-5
P38,22,HbR,5,-3.68784895649445e-5,2.714114006140603e-5,-3.140088392832126e-5
P38,23,HbO,5,-3.5739262804294715e-5,7.420620556777727e-5,-8.698667209212975e-5
P38,23,HbR,5,-3.303346722059339e-5,5.165312559170923e-5,-1.854945001789071e-5
P38,1,HbO,8,-8.508445896194752e-4,-0.005654516354885433,4.830742904230817e-4
P38,2,HbO,8,-0.001501714741596319,-0.0016012784238837484,-0.0014493043839485444
P38,3,HbO,8,-3.065067208161697e-4,-0.002025867731041312,-2.2743977808556916e-4
P38,4,HbO,8,-4.4638965702247847e-4,-1.7865412581086987e-4,-3.4858756191534236e-4
P38,5,HbO,8,-0.001740165510723396,-2.8628179173205507e-4,-0.0010842490892824068
P38,7,HbO,8,-9.18566064725627e-4,-9.619722660922742e-6,-0.001320658411500921
P38,8,HbO,8,-0.0013133164533419063,-0.0011774333456262848,-8.120247762003492e-4
P38,9,HbO,8,-4.70558676320989e-4,-0.0012800732981887,-2.8266351984557663e-4
P38,10,HbO,8,6.42670249627076e-4,-0.0047741570561158206,8.255980327363412e-4
P38,11,HbO,8,1.007051119323732e-4,-0.0018690067363227535,8.857651202884582e-4
P38,12,HbO,8,-8.672421242128178e-4,-9.030506221115596e-4,3.0743228012362466e-4
P38,14,HbO,8,7.690201640986777e-4,-0.0027147743389660923,-0.0017935123228990386
P38,15,HbO,8,0.0016849088851879643,-0.00484190775865465,0.00220023429346125
P38,16,HbO,8,-9.374242530713108e-5,4.841677662573204e-5,-7.787027225381938e-5
P38,17,HbO,8,-6.772544333756141e-5,1.8454740145920303e-4,-8.731305016211442e-5
P38,18,HbO,8,1.115537019203318e-6,-1.4955761257414717e-5,8.66219181976913e-6
P38,19,HbO,8,-7.32377599217152e-7,-2.2109324957522403e-6,2.967527854655535e-6
P38,20,HbO,8,2.4214527121778495e-4,-2.4386144719935388e-4,-0.001910768455676384
P38,21,HbO,8,2.1256404822590075e-4,-2.2124196513925406e-4,-0.0018813431786532397
P38,22,HbO,8,-4.2749461321979844e-5,5.589360287002601e-5,-3.359548089093749e-5
P38,23,HbO,8,-3.4145828268723124e-5,4.759614531323469e-5,-6.11468691039297e-5
P38,1,HbO,11,-0.00112993630656736,-0.005214930215637284,3.860721196480578e-5
P38,2,HbO,11,-0.0015967346402987086,-0.0010795072801187998,-0.002285514383055547
P38,3,HbO,11,-5.234592511983112e-4,-0.0017532635019862687,-4.110529559763875e-4
P38,4,HbO,11,-4.618378697948454e-4,-4.1401672922947635e-5,-6.032664947536291e-4
P38,5,HbO,11,-0.0016710825590519824,1.1294210777754658e-4,-0.0017811024733301684
P38,7,HbO,11,-9.539143852204703e-4,1.0102646161317392e-4,-0.001618264830884004
P38,8,HbO,11,-0.00126624834191011,-9.403696308406046e-4,-0.0011970297235101882
P38,9,HbO,11,-8.224487546331856e-4,-7.995510072259578e-4,-0.0011695202067589906
P38,10,HbO,11,-9.967607737889947e-5,-0.0033318719765368676,-7.335766971749621e-4
P38,11,HbO,11,-3.788370849936415e-4,-0.0012245671280753424,-1.535972689298145e-4
P38,12,HbO,11,-0.0011285809797847031,-6.760528601431204e-4,-4.225357258356441e-4
P38,14,HbO,11,-3.644095253032734e-4,-0.0051118840643187505,-8.854576750415989e-4
P38,15,HbO,11,6.088697017313709e-4,-0.006491491556045728,0.0023915088377590523
P38,16,HbO,11,-7.395984123234741e-5,9.324075397106521e-6,-5.4586823682696636e-5
P38,17,HbO,11,-4.673830134966638e-5,1.257862245385013e-4,-5.1202577502715274e-5
P38,18,HbO,11,1.259894052625235e-6,-1.0657078410608513e-5,7.817976147437197e-6
P38,19,HbO,11,-7.725176124906333e-7,-6.812934848653602e-7,2.4517660018280465e-6
P38,20,HbO,11,3.9968718407044766e-4,-1.970795139634072e-4,-0.001359795898727655
P38,21,HbO,11,3.7227372772219897e-4,-1.8244305143634223e-4,-0.0013573134037935032
P38,22,HbO,11,-3.74311429599264e-5,2.095424891382752e-5,-9.709015821724044e-6
P38,23,HbO,11,-3.39628771543826e-5,2.450390069152011e-5,-4.061364607585327e-5
P38,1,HbO,14,-0.001351708411748983,-0.0043148349566228894,-4.91333792306718e-4
P38,2,HbO,14,-0.0017230550825832168,-4.555521132547863e-4,-0.0029557748912360173
P38,3,HbO,14,-6.982730677278061e-4,-0.0013652377268639532,-5.793060781442817e-4
P38,4,HbO,14,-4.8493149529152196e-4,8.319876846015109e-5,-7.984005854685647e-4
P38,5,HbO,14,-0.0016200700795102711,3.439409998839291e-4,-0.002289055751026601
P38,7,HbO,14,-9.404620808807279e-4,2.3777804139804746e-4,-0.0017701220420226103
P38,8,HbO,14,-0.0011954064379313598,-7.246248873706059e-4,-0.0014324793420588309
P38,9,HbO,14,-0.0011513178977481777,-2.582626896938474e-4,-0.00196065374330251
P38,10,HbO,14,-9.2167665380872e-4,-0.0019073755650163297,-0.002099704069825178
P38,11,HbO,14,-8.124868158385969e-4,-4.3626075158984445e-4,-0.0011116208809900806
P38,12,HbO,14,-0.0013422040729847812,-3.203879287935052e-4,-0.0011118123306732655
P38,14,HbO,14,-0.0011914126341460714,-0.006324506965597398,-9.865646649079579e-5
P38,15,HbO,14,-3.139884359458626e-4,-0.00668805267469184,0.0021418225339175675
P38,16,HbO,14,-5.58047354877208e-5,-1.8549498759385956e-5,-3.123909716543844e-5
P38,17,HbO,14,-2.867763522235797e-5,7.775358369000616e-5,-2.2971786297418165e-5
P38,18,HbO,14,1.5441874705395046e-6,-6.217863431559295e-6,6.913528375712859e-6
P38,19,HbO,14,-5.410026275416658e-7,-2.0880097228194564e-8,1.799411426043026e-6
P38,20,HbO,14,5.150025542119906e-4,-1.327887422188735e-4,-8.804691235247036e-4
P38,21,HbO,14,4.902034797365971e-4,-1.251262080113106e-4,-9.005917543543305e-4
P38,22,HbO,14,-2.9839998665220188e-5,-1.4202034880712302e-5,1.1723379053536558e-5
P38,23,HbO,14,-3.002574533963352e-5,-3.450078027322602e-6,-2.4035093388113204e-5
P38,1,HbO,17,-0.0014564675530248316,-0.003125393256309797,-9.754099692167504e-4
P38,2,HbO,17,-0.0017744741354485693,4.9024000479945724e-5,-0.0031565002109641615
P38,3,HbO,17,-7.973000390721764e-4,-9.335179237627729e-4,-6.863682816171945e-4
P38,4,HbO,17,-4.898071124849168e-4,1.46254614185124e-4,-8.62741433560304e-4
P38,5,HbO,17,-0.0015463869078656228,3.554128129229386e-4,-0.0024220740365301398
P38,7,HbO,17,-8.709754002208766e-4,2.992748210614589e-4,-0.0016792418661063188
P38,8,HbO,17,-0.0010730041450914695,-5.597395771610345e-4,-0.0014140087701941043
P38,9,HbO,17,-0.0013956775875105245,9.490944152461661e-5,-0.002366711434705213
P38,10,HbO,17,-0.0016822129214231515,-8.736046477459611e-4,-0.0025705545014895414
P38,11,HbO,17,-0.001093805007227031,2.0323364651397057e-4,-0.001669243224238053
P38,12,HbO,17,-0.0014552864902528104,-2.764001680463271e-5,-0.0015536825639088268
P38,14,HbO,17,-0.0017887315415963153,-0.006324772266083194,3.4509819885669756e-4
P38,15,HbO,17,-0.0010784051995852422,-0.005757501725994252,0.0014423745143068289
P38,16,HbO,17,-3.954085361830026e-5,-3.681792118857131e-5,-1.4477638966995669e-6
P38,17,HbO,17,-1.4811028218901018e-5,3.342161576335415e-5,1.973636352867707e-6
P38,18,HbO,17,1.9101805640120666e-6,-2.844403911439273e-6,5.664054109319048e-6
P38,19,HbO,17,-1.090274592418897e-7,9.531206587983659e-9,1.0465116675782202e-6
P38,20,HbO,17,5.908041316820236e-4,-4.0949058504724594e-5,-4.503581796467935e-4
P38,21,HbO,17,5.688990266347198e-4,-3.97812701468503e-5,-4.889702551863089e-4
P38,22,HbO,17,-2.1169879092590945e-5,-4.18291156278619e-5,2.4457801320461855e-5
P38,23,HbO,17,-2.2494517279273867e-5,-3.2059212130359196e-5,-1.0102799508696741e-5
P53,1,HbO,5,-5.899319288574604e-4,-0.01214090432655846,0.004142018830404754
P53,1,HbR,5,-3.7562770832692794e-4,-3.596816191666643e-4,-0.006040335204192449
P53,2,HbO,5,-0.002421623152525495,-0.01284393530231954,2.4346750151403126e-4
P53,2,HbR,5,-5.139794725253424e-4,-0.0017923246459706525,-0.007581062032593919
P53,3,HbO,5,0.0011729328785476337,-0.005030906966949607,0.019234327344319783
P53,3,HbR,5,-0.0011212349343696433,-9.726649674017046e-4,-0.00882080181176523
P53,4,HbO,5,-0.0010884947532953618,-0.0035233830293157626,0.0061635703141023936
P53,4,HbR,5,-3.867221443051892e-4,-0.0013868969179606245,-0.004921917832873756
P53,5,HbO,5,5.399310731466592e-4,-0.0063219047214334,0.019861520546729874
P53,5,HbR,5,5.476466088369176e-4,-4.6387464597244765e-4,-0.01826494588036693
P53,7,HbO,5,1.6852687884684846e-4,-0.011601626352699049,0.0017284861537783262
P53,7,HbR,5,0.00121440917077785,0.004024791779172009,-0.004414769405175014
P53,8,HbO,5,-0.0027297937920338074,-0.0031144943466613834,0.008419205756437516
P53,8,HbR,5,0.0010168505777336913,4.8802483315424534e-4,-0.0032693302663923222
P53,9,HbO,5,-0.0019391385368005447,-0.006903048702089099,0.00366828597158928
P53,9,HbR,5,6.119985849166122e-4,0.0012757622468117687,-0.005379755609912037
P53,10,HbO,5,-4.508124137507781e-4,-0.01082628413445567,-0.0021933576756306386
P53,10,HbR,5,3.604627950019569e-4,0.0019197614914879947,-0.0040464929039338215
P53,11,HbO,5,-0.0011987323603209568,-0.00432643900670992,0.006626518074021757
P53,11,HbR,5,4.437224871873179e-4,6.715464578790139e-4,-0.0036427401977456534
P53,12,HbO,5,3.410443068671975e-4,-0.0045561414249319235,0.015037998523298717
P53,12,HbR,5,-2.3369787928855413e-4,2.008820519474625e-4,-0.005745779233743332
P53,14,HbO,5,-0.0010799163576339496,-0.004919206197189104,1.0755511499744654e-4
P53,14,HbR,5,-1.4834810162849338e-4,-7.529356179594529e-4,-0.003823541563732608
P53,15,HbO,5,6.956545854720004e-5,-0.006086523171057629,-1.285373513592131e-4
P53,15,HbR,5,7.253253577251215e-5,-0.0029369053156098617,-0.0036163479092857784
P53,16,HbO,5,5.056826395371132e-4,-0.002683006736510676,0.00767015456782266
P53,16,HbR,5,-2.160367170521947e-4,2.131677786275492e-4,-0.003479330192517226
P53,17,HbO,5,6.146278562592703e-4,-0.0024843226312936933,0.007048631104863609
P53,17,HbR,5,7.824227201830178e-5,-4.507945116553271e-4,-0.0032971195903455683
P53,18,HbO,5,6.9667299342574685e-6,-2.0344648813229844e-5,4.645449389045685e-5
P53,18,HbR,5,-4.4920030712243665e-8,1.4399308498198457e-5,1.962472236321708e-5
P53,19,HbO,5,1.8295548011294811e-6,-2.2247326076874753e-5,6.600910250117363e-6
P53,19,HbR,5,3.3650657572925736e-6,-7.993894797643135e-6,1.83223989357036e-5
P53,22,HbO,5,-0.0014770674638305535,-0.0028676251022499892,1.2825874744406605e-4
P53,22,HbR,5,3.858793059066815e-4,0.0010041284056153993,-5.098497571293114e-4
P53,23,HbO,5,-0.0028042324875794077,-0.0029628078208664347,0.0017966930117526484
P53,23,HbR,5,8.154713375470593e-4,0.0011949011495512173,-6.966957079841003e-4
P53,1,HbO,8,-0.0015839044607652247,-0.01355313649219815,-0.0036057671509469825
P53,2,HbO,8,-0.0033652510251227646,-0.013209811563223702,-0.005103107420287046
P53,3,HbO,8,-0.001105334163807749,-0.008488986152625222,0.009308319569742004
P53,4,HbO,8,-0.0024997746716662324,-0.005162541662773478,0.0013380301874251425
P53,5,HbO,8,-0.0025630136725229642,-0.00812088273921204,0.011232184679556455
P53,7,HbO,8,-0.001661697935107995,-0.011949645967480793,0.0019163443599672244
P53,8,HbO,8,-0.0037097862720625674,-0.004192502920172378,0.004259677836285316
P53,9,HbO,8,-0.0043882906043382665,-0.007895394272558736,-0.0034445254986053982
P53,10,HbO,8,-0.0030323501449514016,-0.012575156163770381,-0.01122443793059103
P53,11,HbO,8,-0.001802982359391616,-0.005259390679859604,1.7672418695941822e-5
P53,12,HbO,8,-0.0013221710149830719,-0.005993456177013945,0.009818820134215686
P53,14,HbO,8,-0.0012573864037363131,-0.005415692323067997,-0.0032880028542648905
P53,15,HbO,8,-3.1775606275491204e-4,-0.006663488203948839,-0.004106895469006632
P53,16,HbO,8,-2.3836421518769982e-4,-0.003953790663116438,0.004830372591434113
P53,17,HbO,8,4.646010358256614e-5,-0.0037557887361479793,0.005508832919152359
P53,18,HbO,8,5.81755436697791e-6,-2.668367587237969e-5,3.427891535786788e-5
P53,19,HbO,8,6.8396660694593e-7,-2.35746275805995e-5,-2.694912368668896e-6
P53,22,HbO,8,-0.0014576920888283123,-0.0029429084938501285,-0.0012836265079180591
P53,23,HbO,8,-0.0027678911959481403,-0.0035762417056079765,0.001444154224442908
P53,1,HbO,11,-0.0022795357796395244,-0.014548159290257365,-0.01017252354114965
P53,2,HbO,11,-0.003763339547639872,-0.013151065875302473,-0.01073153876930386
P53,3,HbO,11,-0.0026802183958670443,-0.011096079480553689,4.141160207655879e-4
P53,4,HbO,11,-0.003200440524302815,-0.006191315598258009,-0.002994960083226651
P53,5,HbO,11,-0.0047909447012444185,-0.008679585141698363,0.003794522649126237
P53,7,HbO,11,-0.003202266231360784,-0.011798345988544531,0.0021033342309990156
P53,8,HbO,11,-0.004146557251459003,-0.005071998253142676,-7.063260040154913e-4
P53,9,HbO,11,-0.005743472498127537,-0.008272585770447581,-0.009131123577392156
P53,10,HbO,11,-0.004600323157962575,-0.013639036538922813,-0.018093671397036836
P53,11,HbO,11,-0.0020513251532112862,-0.006115417935352449,-0.005681149860564438
P53,12,HbO,11,-0.002446163621174091,-0.00677373619965429,0.0037748578573848766
P53,14,HbO,11,-0.0014657650586484068,-0.005709578119828099,-0.005308948134181108
P53,15,HbO,11,-7.380120213856999e-4,-0.006909116296893417,-0.006877468513834281
P53,16,HbO,11,-7.095668288895307e-4,-0.005119871645847137,0.0013607581207032938
P53,17,HbO,11,-3.431488252151369e-4,-0.004708702940733178,0.00278363154467118
P53,18,HbO,11,3.796537860882558e-6,-3.380686598238946e-5,2.1613310698865705e-5
P53,19,HbO,11,-7.69148938100732e-7,-2.439627909645837e-5,-5.415902260169876e-6
P53,22,HbO,11,-0.0014216547231530843,-0.0027655902873852624,-0.0032350708664509787
P53,23,HbO,11,-0.0023946711265348773,-0.003740546569464757,-4.525482227342323e-4
P53,1,HbO,14,-0.002755325640338391,-0.014685096755609032,-0.015506002059539928
P53,2,HbO,14,-0.003849722210756015,-0.012270124644085152,-0.015702789507115237
P53,3,HbO,14,-0.003709630922752585,-0.012496884055596319,-0.007550870472415041
P53,4,HbO,14,-0.003458626720588734,-0.006460062654705586,-0.006754835682939237
P53,5,HbO,14,-0.006285325582119639,-0.007940208095590288,-0.0032811259372534985
P53,7,HbO,14,-0.004542897737901144,-0.01091062070379913,0.0014535211733920248
P53,8,HbO,14,-0.004229871077744924,-0.005555448098468061,-0.006175262262653162
P53,9,HbO,14,-0.006308061778527702,-0.007835528137161008,-0.014213257911268921
P53,10,HbO,14,-0.0054425734238814074,-0.013430780834735475,-0.023108474016587412
P53,11,HbO,14,-0.0020773757251621185,-0.006444884967539345,-0.01071321662701652
P53,12,HbO,14,-0.0031341272814870784,-0.006840416797139793,-0.0027759069789408523
P53,14,HbO,14,-0.0015932193053811528,-0.0057405415875268154,-0.006734253548504975
P53,15,HbO,14,-0.0011467544223976887,-0.006769474710484181,-0.009043666023721997
P53,16,HbO,14,-9.640197934125484e-4,-0.00584167248031975,-0.0024641149918788584
P53,17,HbO,14,-6.015381448815338e-4,-0.005130616055203623,-2.9209399651010045e-4
P53,18,HbO,14,1.319919658420222e-6,-3.939828712577413e-5,2.5037549970918266e-6
P53,19,HbO,14,-1.966572008075488e-6,-2.4892564590473133e-5,-8.630327173369213e-6
P53,22,HbO,14,-0.001381085974461593,-0.0022420705946031502,-0.004873492907020031
P53,23,HbO,14,-0.0019670406860784447,-0.0031720475329291343,-0.0029901301672926456
P53,1,HbO,17,-0.003018988040957206,-0.013810103365411452,-0.0188273603558573
P53,2,HbO,17,-0.0037711060140286127,-0.010626280773206175,-0.018335235621140387
P53,3,HbO,17,-0.004330071148822349,-0.012563842715917315,-0.01325144138891986
P53,4,HbO,17,-0.0034667065656204966,-0.0060780195624200025,-0.00896730045010859
P53,5,HbO,17,-0.007094480899969213,-0.006360073419906353,-0.008809745786077093
P53,7,HbO,17,-0.005646999170238869,-0.009260863729999135,3.467781987593765e-4
P53,8,HbO,17,-0.004105042994195092,-0.00563279082788292,-0.010448014390056807
P53,9,HbO,17,-0.006348900436542364,-0.0067393322210484745,-0.017618827916355037
P53,10,HbO,17,-0.005837864368419487,-0.011834857225381858,-0.025476408890937934
P53,11,HbO,17,-0.002008761415187174,-0.0060952204293790195,-0.014342559713302063
P53,12,HbO,17,-0.003443513760933602,-0.006307669377850239,-0.007984130228038372
P53,14,HbO,17,-0.0015709261457366372,-0.005513656618679754,-0.00781465280341864
P53,15,HbO,17,-0.0014691310729698691,-0.006256552927310833,-0.010583256959077973
P53,16,HbO,17,-0.0010726342174044465,-0.0059952314307653055,-0.005527223007943988
P53,17,HbO,17,-7.517649034440624e-4,-0.0050164217984680765,-0.0025524545742037184
P53,18,HbO,17,-6.020784084303435e-7,-4.163396576529222e-5,-1.745259129240853e-5
P53,19,HbO,17,-2.4047109732823346e-6,-2.4565558311597433e-5,-1.295897137897406e-5
P53,22,HbO,17,-0.001293189427777842,-0.0016336895932763781,-0.0054574940355028145
P53,23,HbO,17,-0.001646604147788478,-0.0020640452583342646,-0.004548414019593827
P17,1,HbO,5,-4.289780487391642e-4,-0.009831556102456226,0.01597887410054985
P17,1,HbR,5,-0.003265521375919153,0.0035448071079536175,-0.008537106649693555
P17,2,HbO,5,0.0023639465050322717,-0.01736554533006207,0.003354200988648838
P17,2,HbR,5,-0.0015769518228216856,-0.0010124537835796013,-0.0032829941076928655
P17,3,HbO,5,0.0012036139052382885,-0.010172280264723721,0.00692794730717474
P17,3,HbR,5,-0.0030828007519808904,8.729701602372902e-4,-0.005484417231056962
P17,4,HbO,5,0.001980587853543573,-0.00836405037412123,0.004090292549561655
P17,4,HbR,5,-0.001834124136532289,-2.658291550938501e-4,-0.0027212012382011297
P17,5,HbO,5,0.0026491833091763766,-0.005042571384092724,0.004451012733258426
P17,5,HbR,5,-0.0019701831009998404,-0.005256898604159381,-0.002786575587424683
P17,7,HbO,5,9.28208378583797e-4,-0.009480063421307841,0.003971630839814291
P17,7,HbR,5,-5.55622932234246e-4,-0.0025971921147385966,-7.200632134532312e-4
P17,8,HbO,5,2.482462576665703e-4,-0.005730368264781498,0.0019472211032473081
P17,8,HbR,5,-2.4810567041564437e-4,8.3874742567406e-4,-5.577995684205576e-4
P17,9,HbO,5,0.0012079647173415895,-0.010805969415278,0.0024796211478412184
P17,9,HbR,5,-0.001016801223397104,-0.0015338638007665235,-0.001778835446726745
P17,10,HbO,5,0.0027125814529209594,-0.004135949333964098,-0.00493506884735817
P17,10,HbR,5,-0.0019588630218991487,-0.0033990389267712228,0.0010881539186693918
P17,11,HbO,5,9.121412557421588e-4,-0.005476618138611648,-0.0037092509436940854
P17,11,HbR,5,-9.905798537526555e-4,-0.0022790174074001964,3.3090552983850845e-4
P17,12,HbO,5,2.950065323829118e-4,-0.012762983421083242,-0.006362926543751729
P17,12,HbR,5,-6.967164299702534e-4,-2.3462369807363643e-4,-9.372544586780548e-4
P17,14,HbO,5,8.456632395893446e-4,-0.007004405585246954,0.0067855179863813755
P17,14,HbR,5,-0.002318107921651401,0.0032630402662457963,-0.00716289024326389
P17,15,HbO,5,0.002076365063358725,-0.004078650399244736,2.018755661553973e-6
P17,15,HbR,5,-0.0017263240322129287,0.0010400985191550292,-8.723425472340799e-4
P17,16,HbO,5,0.001981286168531534,-0.011009883030335588,0.009731622799851024
P17,16,HbR,5,-0.002478064023366501,0.002831555269503995,-9.466169908184038e-4
P17,17,HbO,5,0.0028722557530809047,-0.018038962819485794,0.012769631162860673
P17,17,HbR,5,-0.0029261551228125593,0.0034394978619553974,-0.003920755913587859
P17,18,HbO,5,-7.004012461150312e-7,-9.310470783454364e-6,-1.5989197264097908e-5
P17,18,HbR,5,8.896890595727635e-7,-1.1036952237024409e-6,-1.3089106353842035e-5
P17,19,HbO,5,-7.210913127246588e-7,-2.187302463227493e-7,-6.63956327592436e-6
P17,19,HbR,5,1.5910400626589626e-7,-2.507930320053246e-6,-5.668189679466272e-6
P17,20,HbO,5,0.0043266824438833364,0.0031938697211006295,0.0074594704041410645
P17,20,HbR,5,2.9596568986484e-4,0.002329511553804895,-0.0013098360411582808
P17,21,HbO,5,0.003219039986238622,-1.2797696446629797e-4,0.009643744054479925
P17,21,HbR,5,0.0016797562784643947,0.0040750045466658195,-0.004046932012720356
P17,22,HbO,5,0.0011588552584381392,-0.004815829509142911,0.006675854750175184
P17,22,HbR,5,-5.41995634591776e-4,7.550977912498726e-4,-0.001220593291245645
P17,23,HbO,5,8.339196429130541e-4,-0.005130034082863558,0.003684424910163607
P17,23,HbR,5,-0.0012259816329905778,-4.7892835837277367e-4,-0.0010969360863893665
P17,1,HbO,8,-0.0010899054344567427,-0.00781648182023908,0.011843228731477685
P17,2,HbO,8,0.0023572002901125874,-0.021881854911728487,0.0028007417120784993
P17,3,HbO,8,1.68922636249289e-4,-0.01067219868833218,0.004646659540875349
P17,4,HbO,8,0.0018991301841334747,-0.01106950027583015,0.003848731551708622
P17,5,HbO,8,0.002364846424155349,-0.008309809335584537,0.0035414894631530117
P17,7,HbO,8,0.0015461452749911642,-0.010392061112294548,0.00451942789813814
P17,8,HbO,8,5.64192849540169e-4,-0.006798964797922602,0.0027540385101192943
P17,9,HbO,8,0.001540377496337068,-0.012664810492464203,0.0035501182632158615
P17,10,HbO,8,0.002203073385990015,-0.009470766191377506,-0.005362675830317003
P17,11,HbO,8,8.655135554510467e-4,-0.008667914916468199,-0.0034044426138854942
P17,12,HbO,8,4.174399764468523e-4,-0.017231915142045254,-0.005347930837288135
P17,14,HbO,8,1.4387406414896934e-4,-0.0074974223499012765,0.006060819413930586
P17,15,HbO,8,0.0013180533160855898,-0.004768962633258689,-3.822719343385842e-4
P17,16,HbO,8,7.988286381288612e-4,-0.008336008844377747,0.008518919162903026
P17,17,HbO,8,0.0013654717735664507,-0.015535005028145884,0.010784192721197305
P17,18,HbO,8,-2.6165526683822604e-7,-1.1328319140947187e-5,-1.1632504554893673e-05
P17,19,HbO,8,-1.115257797787718e-6,-1.6286882639626555e-6,-3.8133460795628686e-6
P17,20,HbO,8,0.0042333175584875465,0.0033714119995934106,0.004585780376076088
P17,21,HbO,8,0.002577181895183875,-4.762515164887519e-4,0.005904914044989316
P17,22,HbO,8,0.0011812107867768995,-0.0052618087732071404,0.0040327450386253025
P17,23,HbO,8,9.133302334017592e-4,-0.007033008683701809,8.948977435302096e-4
P17,1,HbO,11,-0.0014951437466479234,-0.00518540594359496,0.008681622093221894
P17,2,HbO,11,0.0022210062792809536,-0.023048927858263728,0.0013300548371468443
P17,3,HbO,11,-4.463630977744462e-4,-0.010072994515147385,0.002938116199642463
P17,4,HbO,11,0.0017312362277246234,-0.012210532770404686,0.0028670931979960057
P17,5,HbO,11,0.0020691626527680395,-0.009907588908545312,0.0024739970919154257
P17,7,HbO,11,0.0019515865050809646,-0.010341563166994064,0.004001482922127985
P17,8,HbO,11,9.275256006951783e-4,-0.007001632940098188,0.0028172135921519757
P17,9,HbO,11,0.0017497057644720337,-0.013169792502397278,0.0035357607843804523
P17,10,HbO,11,0.0017273360852762198,-0.012953795804967484,-0.005735439212575793
P17,11,HbO,11,8.02517693098926e-4,-0.010453450719679092,-0.003305066069444101
P17,12,HbO,11,6.29804372273765e-4,-0.019021602972705103,-0.0046054678482397235
P17,14,HbO,11,-3.386401596717069e-4,-0.00679930609664932,0.005525962033709884
P17,15,HbO,11,7.685391286724339e-4,-0.004835912374800654,-4.8337510031793004e-4
P17,16,HbO,11,3.007073708088834e-5,-0.005096890612439117,0.007607261146518668
P17,17,HbO,11,4.0723561952966323e-4,-0.012100330299940606,0.009125506618028533
P17,18,HbO,11,2.587936989294165e-7,-1.1679143232026225e-5,-7.929341186628247e-6
P17,19,HbO,11,-1.6100913070058875e-6,-1.7523598596571745e-6,-1.1589060719592967e-6
P17,20,HbO,11,0.0040385901459254105,0.003767582228909549,0.00269499511818228
P17,21,HbO,11,0.002135709718481872,-5.353378436696838e-5,0.0036279245562238264
P17,22,HbO,11,0.0012399756270557246,-0.005104428397134382,0.0022308802387531372
P17,23,HbO,11,9.985064705679172e-4,-0.008060294631615417,-9.091862657554101e-4
P17,1,HbO,14,-0.001687141396544105,-0.0021269054370569923,0.006019057104133676
P17,2,HbO,14,0.0018721462594999448,-0.021857303735770398,-7.442459368943176e-4
P17,3,HbO,14,-7.981302116424874e-4,-0.008537447981892744,0.0013952830581026863
P17,4,HbO,14,0.0014084364692848836,-0.012045315871278415,0.0015403732440710995
P17,5,HbO,14,0.0015899831093997758,-0.010361307359720302,0.0013898033206404979
P17,7,HbO,14,0.0018815444847165705,-0.010049441091265541,0.002656821804401059
P17,8,HbO,14,0.0010915787586158986,-0.0068616000909873485,0.0020837502984198844
P17,9,HbO,14,0.0016324314376548932,-0.013027204079832395,0.002918260271334111
P17,10,HbO,14,0.0011693591770334873,-0.014871679354973409,-0.005756571239747768
P17,11,HbO,14,6.066283735233619e-4,-0.011201037304762925,-0.0031582681766695172
P17,12,HbO,14,7.172492149054052e-4,-0.019048759601351377,-0.004109468860570816
P17,14,HbO,14,-6.908397750147366e-4,-0.005252319979289149,0.005045628792485251
P17,15,HbO,14,3.316639560401749e-4,-0.00439707750596536,-4.31674706654655e-4
P17,16,HbO,14,-5.259406900849937e-4,-0.0014454431169215,0.006565192585904012
P17,17,HbO,14,-2.9029259308539546e-4,-0.007928827065526639,0.00698411733057786
P17,18,HbO,14,8.151928522314241e-7,-1.0345995950234605e-5,-3.910482885219536e-6
P17,19,HbO,14,-1.7475866526812075e-6,-1.5389368162646096e-6,1.4109539564699432e-6
P17,20,HbO,14,0.003570512728144546,0.004200359701194973,0.001568204002930605
P17,21,HbO,14,0.0016135849863480013,7.549986270882604e-4,0.0017385028171633806
P17,22,HbO,14,0.0011381989036962244,-0.004766816665749179,6.054806267066432e-4
P17,23,HbO,14,8.861546854148487e-4,-0.008767029574200254,-0.0021821475432006617
P17,1,HbO,17,-0.00168121783071674,9.294775609983547e-4,0.0035813068807658117
P17,2,HbO,17,0.0014371711070257727,-0.018860043448689624,-0.0027219014215898014
P17,3,HbO,17,-9.575860853297047e-4,-0.0063408341632486,-9.320234491430464e-5
P17,4,HbO,17,9.818315473851817e-4,-0.010777516262447518,2.659730326016524e-4
P17,5,HbO,17,0.0010054441931585775,-0.009923834957072277,3.834488841322563e-4
P17,7,HbO,17,0.0014735807274183325,-0.009400276629878171,0.0010787258230075224
P17,8,HbO,17,0.0010473645021784146,-0.0064503813822743145,9.76297218152235e-4
P17,9,HbO,17,0.0012989044630726113,-0.0123166937744135,0.0020876581179180933
P17,10,HbO,17,6.358826674579876e-4,-0.015281591832328871,-0.005408816742797698
P17,11,HbO,17,3.598006679639659e-4,-0.010983205554055818,-0.0028603023734197976
P17,12,HbO,17,7.721265556475136e-4,-0.01743723692492395,-0.0036969676634789183
P17,14,HbO,17,-9.267482323233805e-4,-0.0033009888089311433,0.004470648184266174
P17,15,HbO,17,-1.1787330471984814e-6,-0.003568933176186403,-3.329954783135799e-4
P17,16,HbO,17,-9.404766787406049e-4,0.0021389854516496672,0.005091782605748406
P17,17,HbO,17,-8.456410418824729e-4,-0.003358154075679586,0.004316228621672548
P17,18,HbO,17,9.835387024080685e-7,-8.352881508296673e-6,-5.019089763446546e-7
P17,19,HbO,17,-1.6360555969271048e-6,-1.5573217042980163e-6,2.9428515576190245e-6
P17,20,HbO,17,0.002877699074111903,0.00449507543004706,8.651291515643759e-4
P17,21,HbO,17,0.001006984540010858,0.0017916277605279553,-1.4576510345584243e-4
P17,22,HbO,17,8.786609981664415e-4,-0.004329520528552565,-0.0010622041059924513
P17,23,HbO,17,5.922283829327585e-4,-0.009243941679933665,-0.0032516282751195082
P16,1,HbO,5,-3.9090913204013175e-4,0.0037122565529982172,-0.0010872706561432357
P16,1,HbR,5,3.034583692709e-5,-0.0010828281934280564,4.370747335265347e-5
P16,2,HbO,5,-5.748338791130158e-5,1.4741969665866696e-4,6.177315146269153e-5
P16,2,HbR,5,-1.2857946716597771e-5,-8.659646243208952e-5,1.447806607636745e-4
P16,3,HbO,5,5.002849705197935e-5,0.010807058229899384,3.142617853562783e-4
P16,3,HbR,5,5.029999991244662e-5,-0.0023625553021918736,-0.0015544752360223974
P16,4,HbO,5,-7.90741947360313e-5,3.922750199713517e-5,2.1088898044438107e-4
P16,4,HbR,5,5.71739615465945e-6,-1.160811674218936e-4,-8.008513714487077e-6
P16,5,HbO,5,-2.1818351830139537e-4,0.006635627454881587,-0.001643789139065307
P16,5,HbR,5,-2.0547203229983116e-4,1.1382604527039235e-4,-5.267455105307398e-4
P16,7,HbO,5,-0.002365935299451758,0.005853015081168484,-0.0036117350818039326
P16,7,HbR,5,3.2221873290022476e-4,-4.064677997058598e-4,4.100717902333219e-4
P16,8,HbO,5,-6.429244134887197e-4,-5.752200821375522e-4,2.3977414787031942e-4
P16,8,HbR,5,9.36475581909318e-5,8.424959786671635e-5,8.127900287113179e-5
P16,9,HbO,5,-0.0016545356972657674,0.0039247042256766625,-0.0010278020053008968
P16,9,HbR,5,-6.507807506515863e-5,-7.923250095293827e-4,4.389759681130665e-5
P16,10,HbO,5,-2.2663865230175334e-4,3.572992505294907e-5,0.009008048417209218
P16,10,HbR,5,-3.5599565049889185e-4,0.0037614751159782836,-0.002981619943453351
P16,11,HbO,5,-5.09846894859918e-4,0.0024285503420666075,-6.770210886087231e-4
P16,11,HbR,5,5.3096587997177954e-5,-4.039281602927481e-4,-2.2199755743323033e-5
P16,12,HbO,5,-1.7303529400334916e-4,1.5698307879414883e-4,-8.455148852428947e-5
P16,12,HbR,5,-4.611436654591512e-5,-7.809468169671683e-6,1.1354418595448104e-4
P16,14,HbO,5,-1.815915739881733e-4,3.827388466207912e-4,-1.8354253784512103e-4
P16,14,HbR,5,-8.124249744331607e-6,-1.2754456797287153e-4,1.6799341944380251e-4
P16,15,HbO,5,4.344508684317284e-4,0.008922155747303706,-0.002053781584258561
P16,15,HbR,5,2.1459758350009874e-4,5.156598085869842e-4,-4.365884981462192e-4
P16,16,HbO,5,-5.287637956219891e-4,0.0020068085681501104,0.0010995901723836277
P16,16,HbR,5,5.7403692957561e-5,-3.39079051939715e-4,-3.758330330509013e-4
P16,17,HbO,5,-4.0290513772041966e-4,-3.989933205380374e-4,6.336585262799225e-4
P16,17,HbR,5,4.0905060314184124e-5,3.101957698965861e-4,-1.501279831814803e-4
P16,18,HbO,5,7.123830160626361e-7,-1.3749363202771037e-5,5.775412653034868e-6
P16,18,HbR,5,4.0815041933329735e-7,-1.7611405580573545e-5,7.817948879866475e-6
P16,19,HbO,5,6.238187381211965e-7,-3.913043313774738e-6,7.591297471847666e-6
P16,19,HbR,5,-5.062784524049342e-8,-1.204224809490087e-5,7.158348993645191e-6
P16,20,HbO,5,8.548268768924426e-7,-8.816150884285604e-6,2.9817267618113023e-6
P16,20,HbR,5,-2.1603186680208962e-7,3.3569948793798714e-6,-1.6347723076440644e-6
P16,21,HbO,5,-4.0298711608275147e-7,4.122317471607875e-6,-3.8473423734052645e-6
P16,21,HbR,5,5.479293313999655e-7,-3.806594030618268e-6,1.5254032702015263e-6
P16,22,HbO,5,-0.0018994098532577946,0.001856236370141709,0.0017856215080259401
P16,22,HbR,5,4.101491108457064e-4,1.0187755863972764e-4,-5.822310577768002e-4
P16,23,HbO,5,-7.479170571562254e-4,0.00300529989520745,-3.9417590654216095e-5
P16,23,HbR,5,1.6284350486518536e-4,-9.170786224068131e-4,2.6458603024909243e-4
P16,1,HbO,8,-4.3037293396876186e-4,0.003439849843805057,-0.0011682984571843873
P16,2,HbO,8,-1.802054532011177e-5,1.897463619591738e-4,1.646375849694382e-5
P16,3,HbO,8,-1.312823373521701e-4,0.008999866544663181,-4.1946973981274156e-4
P16,4,HbO,8,-5.8575976257654836e-5,2.287918101457781e-5,1.2138190585627685e-4
P16,5,HbO,8,-9.770327717673708e-4,0.007352475783212478,-0.00211471899843305
P16,7,HbO,8,-0.002455777604900954,0.006257124700170534,-0.0035532604112977024
P16,8,HbO,8,-6.957130421006162e-4,-4.855890148179682e-4,7.354794442122652e-5
P16,9,HbO,8,-0.002097600382746792,0.002870417557029272,-7.459678360777602e-4
P16,10,HbO,8,-0.0021995034944969493,0.00126775740405296,0.006632207263160314
P16,11,HbO,8,-9.237415666256508e-4,0.0018347024781437547,-7.688143150479916e-4
P16,12,HbO,8,-1.523942993892316e-4,1.624088288575387e-4,-9.558312118087803e-5
P16,14,HbO,8,-2.3098752013757262e-4,4.296828303671294e-4,-5.768571818647948e-5
P16,15,HbO,8,-3.84513907017221e-4,0.008565546422351742,-0.0016954315205530987
P16,16,HbO,8,-5.258228050866621e-4,0.0017146751626818748,6.50230357926836e-4
P16,17,HbO,8,-4.1078539978932826e-4,-2.2683338281354786e-4,4.200679978359055e-4
P16,18,HbO,8,-1.3787377830297209e-6,-1.732126307612454e-5,9.3469320177138165e-06
P16,19,HbO,8,-3.5555139900784635e-7,-1.026675958120374e-5,1.1014869303637871e-5
P16,20,HbO,8,6.671256858541924e-7,-5.20999250335886e-6,2.487409616365067e-6
P16,21,HbO,8,-2.1439974801537942e-7,3.7275933452207664e-6,-1.7921006439504322e-6
P16,22,HbO,8,-0.0019721344576201024,0.0029589212491663982,0.0016206596162456068
P16,23,HbO,8,-7.692774297609805e-4,0.0024954517975762655,-4.396054036262883e-5
P16,1,HbO,11,-3.904939485581469e-4,0.003109382045884123,-0.0012425374662081302
P16,2,HbO,11,-5.119593167222569e-6,1.5332692111924922e-4,1.1980205105254773e-5
P16,3,HbO,11,-1.039339052206139e-4,0.007510657563824862,-0.00123726814970091
P16,4,HbO,11,-3.676033867016904e-5,-1.869569757937499e-5,7.921490897118832e-5
P16,5,HbO,11,-0.0013566431071817618,0.008066803367382958,-0.003031831880408442
P16,7,HbO,11,-0.0022978344524404773,0.006107523372703778,-0.003774500775018951
P16,8,HbO,11,-6.292880731723938e-4,-5.462461994950426e-4,-4.697601704240027e-6
P16,9,HbO,11,-0.002051746740868257,0.0018598969247401935,-7.806457616859831e-4
P16,10,HbO,11,-0.0030168485969432894,0.003423352068364212,0.002737165344771276
P16,11,HbO,11,-0.0010893911417231374,0.0015140527369565519,-0.0010555749822214102
P16,12,HbO,11,-1.2969211949908792e-4,1.387373572929535e-4,-8.088017403809593e-5
P16,14,HbO,11,-2.481212199645312e-4,4.626524660289763e-4,2.916799621300338e-5
P16,15,HbO,11,-7.935349253232046e-4,0.008469684160722964,-0.0018193494586561348
P16,16,HbO,11,-4.5274971489288595e-4,0.001521799532554225,1.8309562583927324e-4
P16,17,HbO,11,-3.6257807846442816e-4,1.1980585748550839e-4,1.494947782915285e-4
P16,18,HbO,11,-2.157949303004752e-6,-1.5017970178574399e-5,8.748366495794672e-6
P16,19,HbO,11,-7.797924001972113e-7,-1.1087489021170948e-5,1.063460929121973e-5
P16,20,HbO,11,4.0744169283460295e-7,-3.3520603098900453e-6,2.1202524053513475e-6
P16,21,HbO,11,-2.207549065925803e-7,2.6108884246342572e-6,4.352099131701875e-7
P16,22,HbO,11,-0.0018400257514626745,0.003851174378580566,0.0014213879641671934
P16,23,HbO,11,-6.992908935847066e-4,0.0018837694019377203,-1.763556490560886e-4
P16,1,HbO,14,-3.257021614807598e-4,0.002602527978974801,-0.001255829595053756
P16,2,HbO,14,2.6866030341751254e-6,7.504540766717587e-5,4.969306260823029e-5
P16,3,HbO,14,8.270076051807225e-6,0.005969874190488309,-0.002122310692537613
P16,4,HbO,14,-1.620050366933273e-5,-9.746788399235956e-5,8.508077031957915e-5
P16,5,HbO,14,-0.0014019007607715668,0.008029033273410615,-0.0038397150777610533
P16,7,HbO,14,-0.0019668109857826827,0.005146585383588075,-0.003758481779588058
P16,8,HbO,14,-5.448530534535702e-4,-8.601533824103251e-4,6.810452130482331e-5
P16,9,HbO,14,-0.0017879556340835237,2.4362754623594073e-4,-6.357730535417458e-4
P16,10,HbO,14,-0.0028907987978639706,0.004944995063060188,-0.0013798514559780854
P16,11,HbO,14,-0.0010620363415762737,0.00110304997663621,-0.0012577521922319083
P16,12,HbO,14,-1.0168072157794898e-4,9.353977992146794e-5,-4.9574702373445676e-5
P16,14,HbO,14,-2.3581418994390787e-4,4.724347663523185e-4,8.447515325280371e-5
P16,15,HbO,14,-9.219247080487575e-4,0.00794267365992924,-0.0021066374422607096
P16,16,HbO,14,-3.486139088273211e-4,0.0013845164472006807,-3.0672858885425364e-4
P16,17,HbO,14,-2.8095576697539687e-4,5.409756227017613e-4,-1.3429821739181755e-4
P16,18,HbO,14,-2.1155580195072194e-6,-1.0474348905214158e-5,6.919313706718517e-6
P16,19,HbO,14,-9.556073321820167e-7,-8.92491982331469e-6,9.244318828639101e-6
P16,20,HbO,14,1.9675994842012603e-7,-2.5781295036216573e-6,2.0964176157422177e-6
P16,21,HbO,14,-2.19770272744288e-7,9.375237694717626e-7,2.163763830610625e-6
P16,22,HbO,14,-0.0016183422474191531,0.004315135321750964,0.0012332229725072058
P16,23,HbO,14,-5.750564468747024e-4,0.0011082687039419118,-2.903834116892684e-4
P16,1,HbO,17,-2.731348692137585e-4,0.00193597093742208,-0.001175836864600718
P16,2,HbO,17,1.6374123558371314e-5,5.410762381809934e-6,1.0207296464219931e-4
P16,3,HbO,17,9.145979905113538e-5,0.004349951875103623,-0.0028935076205352495
P16,4,HbO,17,-5.5613742753403e-7,-1.7108680139019732e-4,1.0520354649152096e-4
P16,5,HbO,17,-0.001268646184644398,0.007120190701316309,-0.004134804906415265
P16,7,HbO,17,-0.0015610463576897894,0.0038268735346694742,-0.003297361561095457
P16,8,HbO,17,-4.849061195131567e-4,-0.0012027501738010374,2.179126598992762e-4
P16,9,HbO,17,-0.0015114077404371738,-0.0015475776143623178,-2.364267159214637e-4
P16,10,HbO,17,-0.0023578303673934425,0.00544883152039134,-0.004564647835180151
P16,11,HbO,17,-9.4077132375743e-4,5.559297815399488e-4,-0.0012377835776253927
P16,12,HbO,17,-6.941195689818874e-5,5.1233858763364635e-5,-1.4876718650957497e-5
P16,14,HbO,17,-2.0346692268734717e-4,4.3451322291772446e-4,1.248984850400503e-4
P16,15,HbO,17,-9.311511368454398e-4,0.00670253797262031,-0.0022610618809979404
P16,16,HbO,17,-2.5024374884516083e-4,0.001262847839999266,-7.500914162914025e-4
P16,17,HbO,17,-1.9541848285903373e-4,8.977273252616215e-4,-3.535359530875544e-4
P16,18,HbO,17,-1.6363289537651753e-6,-6.579146875387159e-6,5.534995924004621e-6
P16,19,HbO,17,-9.298631951645781e-7,-6.04106132339958e-6,8.22048062233093e-6
P16,20,HbO,17,7.176838307707694e-8,-2.2269932168239263e-6,2.312547225964162e-6
P16,21,HbO,17,-1.698594273915899e-7,-3.497840623886279e-7,2.7279759865848948e-6
P16,22,HbO,17,-0.001375713535238192,0.004285198393978941,0.0010987900324129422
P16,23,HbO,17,-4.4026624195804537e-4,2.8622084670977267e-4,-2.8711192372590067e-4
P10,1,HbO,5,-0.00106989531055347,0.0010250888012457242,-0.005186664797834345
P10,1,HbR,5,-0.0038557317623144354,-0.002075015570182841,0.0014028058338672823
P10,2,HbO,5,-0.00431974876983563,8.924740517169929e-4,0.002666107599745013
P10,2,HbR,5,-8.861116133464841e-4,-7.648068911596245e-4,-3.978404987801109e-4
P10,3,HbO,5,-0.001640298728554531,0.002555948454630006,-0.0062980196529878185
P10,3,HbR,5,-0.0016156004789956975,-5.665215981519066e-4,9.40110604305295e-4
P10,4,HbO,5,-8.343124625177026e-4,-0.0015032021952143323,0.0016152360239873136
P10,4,HbR,5,-7.385807678304205e-4,1.7739757363148892e-4,2.824575246863818e-5
P10,5,HbO,5,-0.0012874077229891303,9.655160084408429e-4,8.789520453855358e-4
P10,5,HbR,5,-8.565535277570778e-4,-4.4398124691797725e-4,1.1351864120476073e-4
P10,7,HbO,5,2.6284632381265205e-4,-0.0016555224070543954,0.0012157100434368557
P10,7,HbR,5,-0.002350098385972352,3.392162790874632e-4,1.1239644785238276e-4
P10,8,HbO,5,-0.006608465217486912,8.072121813608855e-4,-0.0010486590369240924
P10,8,HbR,5,-0.0011999738790776841,-6.743765127972099e-4,5.389913604091645e-4
P10,9,HbO,5,-0.0041792851622223645,-0.0013122191163484954,0.0017737245083280524
P10,9,HbR,5,-7.317826867798705e-4,0.0012859875052670148,-0.0010765046643641369
P10,10,HbO,5,-0.002335506097339889,3.441316269561672e-4,1.9529911360214973e-4
P10,10,HbR,5,-4.1604843780050063e-4,9.17798456322965e-4,-7.86189573888013e-4
P10,11,HbO,5,-2.1956723163968502e-4,1.6655986898702585e-4,1.6606371127480412e-4
P10,11,HbR,5,-0.0012518812680917565,-1.650747341614115e-4,-3.670635170473779e-4
P10,12,HbO,5,0.0025815617147140636,0.0010567317648590114,-8.314298353976698e-4
P10,12,HbR,5,-0.003626092036970194,-0.0014843037059652671,0.0011678545960709067
P10,14,HbO,5,-3.1698080240794664e-4,-2.213149621157577e-4,-0.002230514915945434
P10,14,HbR,5,-0.0012196688792746678,-0.0020140912478099028,4.947809625969909e-4
P10,15,HbO,5,-3.183136997636442e-4,-5.176003422809448e-4,-0.002151552658972031
P10,15,HbR,5,-0.001776537932057622,-0.002060079963298644,9.066056228495173e-4
P10,16,HbO,5,-0.002386631659279089,0.0018109093414154416,-0.0017480278973582785
P10,16,HbR,5,-0.004025393447298512,-0.0018158680885622038,0.0013241033662664838
P10,17,HbO,5,-0.005240096427802735,0.0043398754047797704,-0.0035602698437467665
P10,17,HbR,5,-7.003559115515473e-4,-0.002333489462981111,0.0022783800631620043
P10,18,HbO,5,1.432919560975115e-6,1.9004150416623714e-6,-1.1101933949032048e-5
P10,18,HbR,5,-2.4674155053416657e-6,-2.152885893658813e-6,1.4620110963634993e-5
P10,19,HbO,5,-1.4030789394756997e-6,2.7637220105781643e-7,3.782695479480214e-7
P10,19,HbR,5,3.911305002694902e-7,1.6883583181389441e-6,-2.2075749979251295e-6
P10,20,HbO,5,2.870629568952288e-7,2.720726785642e-7,-8.455942360128067e-7
P10,20,HbR,5,6.15665452021292e-7,-6.965871197181584e-7,7.001205825578466e-7
P10,21,HbO,5,-1.924173526276725e-6,-2.633217721644403e-6,5.5766927545103756e-6
P10,21,HbR,5,2.830834392733029e-7,6.270092536944862e-7,-1.5246932711487913e-6
P10,22,HbO,5,-0.00475922178754546,0.001604762967267732,-4.8468497383397546e-4
P10,22,HbR,5,-0.0013806180626576873,-0.0014604544940880226,8.106100825506372e-4
P10,23,HbO,5,-0.004626818751223089,7.72772999841693e-4,0.002083402982529973
P10,23,HbR,5,-2.982841357475416e-4,-5.470710113269992e-4,-1.8136716334699382e-4
P10,1,HbO,8,-0.00387471904482872,0.001361410787558471,-0.005557308108511399
P10,2,HbO,8,-0.006267317652859478,0.0015154484368485378,9.388059505624099e-5
P10,3,HbO,8,-0.004944324957386598,0.001909234019025727,-0.006082367885780165
P10,4,HbO,8,-0.002186895181997873,-8.879529224801061e-4,5.262555076263688e-4
P10,5,HbO,8,-0.002116605726680129,9.265483098239764e-4,-6.573571463937324e-4
P10,7,HbO,8,2.597261834836453e-4,-0.001246105725307521,0.0014417982569452056
P10,8,HbO,8,-0.007697410540965583,5.973517572683318e-4,-0.0021435039005494763
P10,9,HbO,8,-0.004832281089281428,-7.654105611131275e-4,1.9847901359302422e-4
P10,10,HbO,8,-0.003485007183643549,7.014673884588523e-4,-0.001553253292947948
P10,11,HbO,8,-0.0016197713656078154,5.44474684477677e-4,-0.0014271891086415568
P10,12,HbO,8,0.00294988883904495,5.519650697338166e-4,-2.964907721827033e-4
P10,14,HbO,8,-0.0014851698880644362,-7.377241765764978e-4,-0.0020336328456887188
P10,15,HbO,8,-0.0020749378983392526,-0.0010028515272428229,-0.0020579605604366187
P10,16,HbO,8,-0.004383625249374732,-6.215374385060797e-4,-7.561135619821937e-4
P10,17,HbO,8,-0.007004168988302071,0.0014996011600270289,-0.002596091698424121
P10,18,HbO,8,8.987842136533242e-7,4.0763845478468724e-6,-9.980370204497287e-6
P10,19,HbO,8,-7.86703525295817e-7,9.59354405871662e-7,7.959096913370165e-7
P10,20,HbO,8,-2.405028803990631e-8,-1.2796387227406611e-6,-2.3239434115461517e-7
P10,21,HbO,8,-2.467087426625117e-6,-3.0268674054724297e-6,5.589962140800245e-6
P10,22,HbO,8,-0.005264688765593205,0.0013684790930054472,-5.085150322088267e-4
P10,23,HbO,8,-0.0045386269044265905,7.50079196039728e-4,0.0016112558304665224
P10,1,HbO,11,-0.00564424171056223,0.001136863376171964,-0.004829575917776571
P10,2,HbO,11,-0.0074284670827195545,0.0015659671022048858,-9.771578797945575e-4
P10,3,HbO,11,-0.006934058693115054,9.308823652410815e-4,-0.004544929300817262
P10,4,HbO,11,-0.0030785528549167095,-6.096235006364131e-4,2.0291631433412094e-4
P10,5,HbO,11,-0.002576728130963415,8.021114498504049e-4,-0.0012247939570797725
P10,7,HbO,11,2.0108643579544891e-4,-9.320695071497538e-4,0.0014143066112114165
P10,8,HbO,11,-0.008095989956044365,2.3697992101446223e-5,-0.002111519807248513
P10,9,HbO,11,-0.005028224869866476,-4.866499220364226e-4,-5.694426682798558e-4
P10,10,HbO,11,-0.0041013824121550625,4.8601261784198506e-4,-0.002169700533933654
P10,11,HbO,11,-0.0025862200515483977,5.032084211936579e-4,-0.0021855044864698085
P10,12,HbO,11,0.0031148577519338853,2.533583269251265e-4,-3.6007208734743455e-5
P10,14,HbO,11,-0.0022624618314584727,-0.0012399228301415582,-0.001664529248083913
P10,15,HbO,11,-0.0032658415572559122,-0.0014024491095869225,-0.0016852394538412487
P10,16,HbO,11,-0.005561738605912055,-0.00255251249776576,5.260360153624941e-4
P10,17,HbO,11,-0.007839662039693737,-8.314041449365896e-4,-6.951196409861847e-4
P10,18,HbO,11,1.4260480051612294e-7,4.254336046310949e-6,-9.875759998342346e-6
P10,19,HbO,11,-6.704741072362542e-7,9.779423319138864e-7,8.125935663358396e-7
P10,20,HbO,11,4.577224559644053e-8,-2.166515200034229e-6,5.39706454768878e-7
P10,21,HbO,11,-2.5704861335773023e-6,-3.314799749164365e-6,5.834343316668968e-6
P10,22,HbO,11,-0.0053142192536130405,9.241180334745031e-4,3.240562491114904e-4
P10,23,HbO,11,-0.0042911058872502385,6.198455004466603e-4,0.0017268359330714033
P10,1,HbO,14,-0.0066615065591108915,7.541816310625604e-4,-0.0036281678167415124
P10,2,HbO,14,-0.008007062830634988,0.0013287906431839124,-8.457910682778052e-4
P10,3,HbO,14,-0.008046703225117538,4.259140938259924e-5,-0.0024984400896192207
P10,4,HbO,14,-0.0036173379210534774,-4.7605292585599124e-4,5.58186188776727e-4
P10,5,HbO,14,-0.002744979190385456,6.255406911833046e-4,-7.103037825665402e-4
P10,7,HbO,14,1.3806456410809148e-4,-6.923434663279925e-4,0.001201253448116185
P10,8,HbO,14,-0.00797472568890186,-5.320909473980273e-4,-0.0010001385516014876
P10,9,HbO,14,-0.0049029074522186685,-3.1881821275802204e-4,-4.919629338266877e-4
P10,10,HbO,14,-0.004334105599949883,9.504876134282391e-5,-0.0018704510623139083
P10,11,HbO,14,-0.0031617369284805564,1.993151185979606e-4,-0.001917467481872122
P10,12,HbO,14,0.0031149295020873502,9.670004289824041e-5,-8.798902397547441e-5
P10,14,HbO,14,-0.0027627610480342843,-0.0016585666250987117,-0.0013034709618755574
P10,15,HbO,14,-0.003973889789410637,-0.001630412120703937,-0.0012422259590873766
P10,16,HbO,14,-0.006226809948620496,-0.004051250590011283,0.0018054014732040802
P10,17,HbO,14,-0.008089569880676831,-0.0027611989722307103,0.0016503555541326187
P10,18,HbO,14,-1.1177967938471152e-7,3.2566032771672647e-6,-1.023275737456017e-5
P10,19,HbO,14,-6.236033805940583e-7,9.287311658836603e-7,-2.4234635124038477e-7
P10,20,HbO,14,2.8299100698816835e-7,-2.4594029119110176e-6,1.4115536589784251e-6
P10,21,HbO,14,-2.4070145653398552e-6,-3.6555964654617765e-6,6.259726659404666e-6
P10,22,HbO,14,-0.005156463174750606,2.6254060070279926e-4,0.0015801376128324143
P10,23,HbO,14,-0.004039494892831812,3.6862259469045756e-4,0.0020847296262734684
P10,1,HbO,17,-0.007028872026289446,4.7229804460057135e-4,-0.002527812140863496
P10,2,HbO,17,-0.0081419421770751,0.0010042433796707407,-1.2103275090041071e-4
P10,3,HbO,17,-0.008483324270489413,-5.046451349827311e-4,-7.196048705940488e-4
P10,4,HbO,17,-0.003884327937001701,-3.7183624209621407e-4,0.001228378504586989
P10,5,HbO,17,-0.0027535029997282985,4.520234144388465e-4,3.576822869506426e-4
P10,7,HbO,17,7.294908780031825e-5,-5.095957556676644e-4,8.979553482465931e-4
P10,8,HbO,17,-0.007572042712396941,-7.788188094024483e-4,5.355205554876878e-4
P10,9,HbO,17,-0.004643047870144185,-8.087040346956593e-5,-1.4419902592875295e-5
P10,10,HbO,17,-0.004318904788682806,-1.7204884818826352e-4,-0.001182897523923104
P10,11,HbO,17,-0.003447844177237297,-1.3550672268315025e-4,-0.0010228112059144727
P10,12,HbO,17,0.0029820449806669987,7.5985932537498854e-6,-3.122605540574226e-4
P10,14,HbO,17,-0.0030156550623467444,-0.0019153262427667977,-0.0010010063150518043
P10,15,HbO,17,-0.00424920624148564,-0.0016301097484914251,-8.709684809662741e-4
P10,16,HbO,17,-0.00652075864632133,-0.005087433928301461,0.0027278418994827014
P10,17,HbO,17,-0.00794227643878307,-0.004231116864315017,0.0036411309026523372
P10,18,HbO,17,7.313774676791639e-8,2.030070459032114e-6,-9.578939708401635e-6
P10,19,HbO,17,-5.527315209787488e-7,9.669428692973672e-7,-1.7267921487928847e-6
P10,20,HbO,17,4.256548038568633e-7,-2.3484001033132945e-6,2.0088391910282868e-6
P10,21,HbO,17,-2.1482705842730816e-6,-3.822675338317118e-6,6.433742886452949e-6
P10,22,HbO,17,-0.004869794735579229,-4.211453932989981e-4,0.00260526734723131
P10,23,HbO,17,-0.0037707392330959015,1.1853635163354424e-4,0.002251152807120628
P32,1,HbO,5,1.898126654454392e-4,-5.731678060419888e-4,6.634057605220766e-4
P32,1,HbR,5,-7.762169439957685e-6,8.847767574943301e-5,-1.6605633383695427e-4
P32,2,HbO,5,-5.339715514379611e-4,-9.351492615178877e-4,0.0021335498967154747
P32,2,HbR,5,5.7665187210445406e-5,3.5736005831460275e-4,-4.56347206464313e-4
P32,3,HbO,5,1.3309518789956945e-4,-4.565769980118197e-4,9.552494266918071e-4
P32,3,HbR,5,-4.0086279737929525e-5,3.5994318002392236e-5,-2.255383504432696e-4
P32,4,HbO,5,9.112898524066741e-5,-3.519182229398953e-4,6.965500130422313e-4
P32,4,HbR,5,-6.55049995516313e-5,5.790779050141769e-5,-1.8934447928569355e-4
P32,5,HbO,5,0.003478318623705608,-0.006544389142510831,0.0062874854766621305
P32,5,HbR,5,-4.85242002985917e-4,5.743516002151604e-4,-0.0018093886554813362
P32,7,HbO,5,5.544458159806138e-4,-0.0028188225675951917,0.0052654812736686925
P32,7,HbR,5,1.853820579369743e-4,5.678588139697618e-4,-7.9204453019594e-4
P32,10,HbO,5,0.0025342280873644645,-0.0027477612386854816,0.006350545416577671
P32,10,HbR,5,1.029755087121988e-4,4.593287666033382e-4,-5.374043229365007e-4
P32,11,HbO,5,1.991997815423771e-4,7.627938348291512e-5,0.0012902412118958098
P32,11,HbR,5,-8.720596877079879e-5,-5.341658837053031e-5,-2.0496854249346053e-4
P32,12,HbO,5,-1.0080614465500181e-4,-2.118074613568114e-4,1.9147181078514066e-4
P32,12,HbR,5,-2.128560110215162e-5,6.563314866966528e-5,-5.268175084889119e-5
P32,14,HbO,5,-3.7810583104307845e-05,-1.8082053074201622e-6,5.476176219638315e-5
P32,14,HbR,5,-1.5288829928592938e-5,-2.2195044190979797e-5,-6.559121817833979e-6
P32,15,HbO,5,0.001524098544475953,0.0015482772762994766,-7.235552075590651e-4
P32,15,HbR,5,4.2387746562704047e-4,2.226488164798382e-4,-1.556856847647749e-4
P32,16,HbO,5,0.002160542876787145,-0.0013730786733994538,0.0018357026193111141
P32,16,HbR,5,-2.269247988260638e-4,-1.45578262543971e-5,-4.2254778552304673e-4
P32,17,HbO,5,0.0014846714851216606,-0.0024282394507998185,0.002770359164551729
P32,17,HbR,5,-3.2986404502692975e-4,7.696619622071133e-4,-4.1129372884894563e-4
P32,18,HbO,5,-1.5006784834269646e-6,-3.583370232916897e-6,-5.369859980869277e-7
P32,18,HbR,5,-1.333177979461369e-6,1.0181370104849814e-5,-2.2867254297624005e-7
P32,19,HbO,5,-7.42043181976607e-7,-1.311242059800961e-6,9.153288355807446e-7
P32,19,HbR,5,-1.0163374861313506e-6,9.378196605829837e-7,-1.4189510084443592e-7
P32,20,HbO,5,-9.90952005107855e-7,6.822299741850637e-6,-7.661073318508696e-7
P32,20,HbR,5,3.367580069954284e-7,-3.474565012918539e-6,2.1142905123304932e-7
P32,21,HbO,5,-2.0275876927560884e-6,1.3590025215296872e-8,-7.849436820953657e-7
P32,21,HbR,5,-4.443073828844251e-7,3.1486492927230264e-6,1.2719970176316536e-8
P32,22,HbO,5,-5.1399810931620906e-5,-1.8534827962731474e-4,1.7510278844853376e-4
P32,22,HbR,5,-2.3102642884719855e-5,1.8156556327855254e-5,-1.343020694698122e-5
P32,23,HbO,5,-3.348616609863269e-5,-4.461748866320957e-5,3.004346399792697e-5
P32,23,HbR,5,-3.9912041626924286e-5,-3.846806019926191e-6,2.565291816208996e-5
P32,1,HbO,8,3.033602992230303e-4,-3.7743240084983133e-4,5.516997459622875e-4
P32,2,HbO,8,-5.970274544343378e-4,-4.1788802827839844e-4,0.002546709797202711
P32,3,HbO,8,1.4751536544842082e-4,-4.294704236075549e-4,8.854448162383148e-4
P32,4,HbO,8,5.609564194223073e-5,-2.520404933878368e-4,6.399028579861069e-4
P32,5,HbO,8,0.0024185906953442904,-0.005234207221200733,0.005315589470605245
P32,7,HbO,8,2.9965748186306392e-5,-9.46900367035693e-4,0.0036720520689017128
P32,10,HbO,8,0.002774389660215803,-8.103785402871054e-4,0.0053987635455512535
P32,11,HbO,8,3.03970543584823e-4,4.104313435718452e-4,0.001130293545279723
P32,12,HbO,8,-9.591343472155095e-5,-1.6013917975857256e-4,2.1290156709202483e-4
P32,14,HbO,8,-3.366720390168304e-5,-1.1647001433841646e-5,5.083836733264766e-5
P32,15,HbO,8,0.0026052927807557924,0.0030938064368457316,-0.0010920320379010234
P32,16,HbO,8,0.0023147728984245722,-5.676217850185327e-4,0.0017178405161413618
P32,17,HbO,8,0.0014532914725463697,-0.001735985709206985,0.002993309403583669
P32,18,HbO,8,-1.1861474433514922e-6,-3.839805068769705e-6,-3.1335014570296947e-6
P32,19,HbO,8,-4.9684634567840724e-8,-1.361857621772941e-6,-2.416838577118461e-6
P32,20,HbO,8,-1.0527487781665208e-6,5.72451869192857e-6,-1.4469689813376666e-6
P32,21,HbO,8,-1.7380336523613165e-6,1.0440517491789222e-6,-6.788754772252952e-7
P32,22,HbO,8,-4.9518358845642424e-6,-1.4209745117041433e-4,1.64675992300595e-4
P32,23,HbO,8,3.1105730664333084e-6,-2.652823285609183e-5,3.305056456203842e-5
P32,1,HbO,11,4.288597537133745e-4,-2.238782921475227e-4,4.0357439810743186e-4
P32,2,HbO,11,-5.16642574753027e-4,-4.8826663782276747e-5,0.0021177005352178585
P32,3,HbO,11,1.6587339017345466e-4,-3.049103904162742e-4,7.064263236881745e-4
P32,4,HbO,11,3.9972033323961045e-5,-1.2280418003421164e-4,4.939284816996929e-4
P32,5,HbO,11,0.0016516671350830445,-0.003167957325420804,0.0039289856985139995
P32,7,HbO,11,-3.071149532621731e-4,9.57138590632638e-4,0.0016791962795625365
P32,10,HbO,11,0.002870051752359077,5.700462331478855e-4,0.004350169561346211
P32,11,HbO,11,4.1335585392228484e-4,6.20163568416201e-4,9.198236680137492e-4
P32,12,HbO,11,-8.689188370381736e-5,-1.236714765534578e-4,2.2635227113947465e-4
P32,14,HbO,11,-2.9053624108912697e-5,-2.706270638175998e-5,5.2900962654749275e-5
P32,15,HbO,11,0.003233011735789115,0.003885143612186083,-0.001197698570908385
P32,16,HbO,11,0.002379414612660528,2.5005950879446225e-4,0.0013619658820639851
P32,17,HbO,11,0.0013996310868712124,-0.001081421161055748,0.002765428846574507
P32,18,HbO,11,-3.890453118285212e-7,-2.2188685764782327e-6,-3.5984685292655656e-6
P32,19,HbO,11,6.449072289899768e-7,-3.0538810418417526e-7,-4.092275412322689e-6
P32,20,HbO,11,-1.0276476055884015e-6,3.952855761079827e-6,-2.431573559449688e-6
P32,21,HbO,11,-1.4899366463184948e-6,1.543460031522965e-6,-1.1476602208664935e-6
P32,22,HbO,11,2.8047646151824355e-5,-1.0785164644064024e-4,1.4096563806697242e-4
P32,23,HbO,11,2.2945883113081782e-5,-2.1539792945357567e-5,3.556835445928631e-5
P32,1,HbO,14,5.249875423055398e-4,-8.315473667551483e-5,2.4239448499397963e-4
P32,2,HbO,14,-3.1345026994291e-4,-4.7957704312371806e-5,0.0014066201896724122
P32,3,HbO,14,1.8362168986963936e-4,-1.7889540954141146e-4,4.681062959153475e-4
P32,4,HbO,14,4.353134916125528e-5,-4.4535005230327855e-5,3.180658301376995e-4
P32,5,HbO,14,0.0011459366682104687,-9.597918062769385e-4,0.0023668900018145303
P32,7,HbO,14,-4.421973842580909e-4,0.0022069224123040286,2.6244661501808298e-5
P32,10,HbO,14,0.00279992499581981,0.001478460409328767,0.0034074235779045733
P32,11,HbO,14,4.893888404952318e-4,6.586050211107019e-4,7.317218451531816e-4
P32,12,HbO,14,-7.253708976039244e-5,-1.0246344971125436e-4,2.2640688065092733e-4
P32,14,HbO,14,-2.2974058714785008e-5,-3.7767248421357344e-5,5.0889016080472e-5
P32,15,HbO,14,0.0034259100472993085,0.003973017277451132,-9.74865736153738e-4
P32,16,HbO,14,0.0023364138113193458,8.270057464992562e-4,9.533732407752024e-4
P32,17,HbO,14,0.0013013100173098783,-6.198822505825291e-4,0.002351682991975709
P32,18,HbO,14,1.4062250235087172e-7,6.234598526793254e-7,-2.729654357193908e-6
P32,19,HbO,14,9.909777469584867e-7,8.713646159787654e-7,-3.868553023110049e-6
P32,20,HbO,14,-8.939623806129291e-7,2.4061326929865394e-6,-3.1041328785367263e-6
P32,21,HbO,14,-1.1070655185418502e-6,2.28467959620206e-6,-2.030883984378602e-6
P32,22,HbO,14,5.01736468238181e-5,-7.402549929752456e-5,1.1624423714889314e-4
P32,23,HbO,14,3.7885478573400805e-5,-1.8017330732875085e-5,3.396852052779795e-5
P32,1,HbO,17,5.61775099312738e-4,7.783892072981449e-5,8.006415278820786e-5
P32,2,HbO,17,-8.076279208464094e-5,-3.453538483519445e-4,8.05457561221663e-4
P32,3,HbO,17,1.9379313565951275e-4,-9.841952576908687e-5,2.2956461920044913e-4
P32,4,HbO,17,5.577040415092579e-5,-3.487664066375975e-5,1.6722735938329658e-4
P32,5,HbO,17,7.987283333730418e-4,7.184752991081185e-4,9.678447333327957e-4
P32,7,HbO,17,-4.754208383185838e-4,0.002541696094278545,-9.479759781060329e-4
P32,10,HbO,17,0.0025821254217554923,0.002069484011040394,0.002598218833122554
P32,11,HbO,17,5.134224640117605e-4,5.655879399475627e-4,5.752288262354887e-4
P32,12,HbO,17,-5.564926383291446e-5,-8.732123734271066e-5,2.0821107949501582e-4
P32,14,HbO,17,-1.6368432392716067e-5,-4.164806874769206e-5,4.13290480132824e-5
P32,15,HbO,17,0.003294912097302035,0.0036997619847302762,-6.578143102724859e-4
P32,16,HbO,17,0.0021495288870248836,0.00102390405410948,6.145662133817952e-4
P32,17,HbO,17,0.0011339341719918852,-4.13017693384512e-4,0.0019493297384395815
P32,18,HbO,17,1.6661771686773607e-7,3.393200564230683e-6,-1.4232741746693063e-6
P32,19,HbO,17,9.248157807418156e-7,1.7095285097469878e-6,-2.530470972273665e-6
P32,20,HbO,17,-6.424375971802539e-7,1.392530612351454e-6,-3.152007662337386e-6
P32,21,HbO,17,-5.897569586286589e-7,3.2112663402935307e-6,-2.834143827737539e-6
P32,22,HbO,17,6.27814823907329e-5,-4.392640654992642e-5,9.77601304967918e-5
P32,23,HbO,17,4.975202174113733e-5,-1.0034358615423762e-5,2.898407475836903e-5
