subject_id,motion_correction,channel_index,chromophore,r,rmse_over_sd,sd_mine,sd_theirs
P40,none,1,HbO,0.6665925061941335,1.1956070932483505,2.463532747673008e-07,1.5384117587521943e-07
P40,none,1,HbR,0.8566728359788245,0.5957962645924316,1.1090612459499375e-07,9.60463975876447e-08
P40,none,2,HbO,0.9315079757756658,0.3650185928876807,3.5413133966484383e-07,3.918784860971255e-07
P40,none,2,HbR,0.9252585570892778,0.3896938265354454,2.475169803347225e-07,2.4411699449277295e-07
P40,none,3,HbO,0.5939782582387718,1.3254640563998825,3.0553808534036924e-07,1.855564138943638e-07
P40,none,3,HbR,0.7693485995445826,0.6629201279223572,1.233400645999479e-07,1.3078913197332738e-07
P40,none,4,HbO,0.9249460462830973,0.40855768488694955,2.2693324813706672e-07,2.1129761052351237e-07
P40,none,4,HbR,0.963822624361426,0.28053322116186974,1.4915095631586834e-07,1.4192761748014575e-07
P40,none,5,HbO,0.8844757301961453,0.607559316002508,2.956453696907507e-07,2.3215020075427864e-07
P40,none,5,HbR,0.8239991076328137,0.726037307307042,9.136718717802469e-08,7.14956015166879e-08
P40,none,7,HbO,0.8932590257792666,0.5286328814524073,2.942269633879532e-07,2.5120794255186604e-07
P40,none,7,HbR,0.80947915564353,0.6391208772352026,7.681579061151498e-08,7.247404703163273e-08
P40,none,8,HbO,0.8000015661379607,0.7909258444494003,2.85851891257262e-07,2.1733023843814372e-07
P40,none,8,HbR,0.60413413436897,1.5345795539371982,1.6887426904746948e-07,8.816336796789358e-08
P40,none,9,HbO,0.8527530752752648,0.6271022414016741,4.0903287528807406e-07,3.4098041925154513e-07
P40,none,9,HbR,0.6849636022898771,0.7532897653954378,8.082254183579496e-08,9.267731920191964e-08
P40,none,10,HbO,0.7712436946613989,0.9572719495317634,3.708796464925067e-07,2.4954665207027286e-07
P40,none,10,HbR,0.7782337322677552,0.7210072751624292,1.0363444976023888e-07,9.151954968670396e-08
P40,none,11,HbO,0.8236663595124692,0.7093886622180986,2.2113579202562514e-07,1.7694672092833534e-07
P40,none,11,HbR,0.8601929161639468,0.5127304840065271,1.072420814984137e-07,1.1791133046124052e-07
P40,none,12,HbO,0.7009881721417728,1.2628808450974238,4.33419131383746e-07,2.48631184630353e-07
P40,none,12,HbR,0.48343971452697687,1.4493594993538546,1.1712223399934826e-07,7.147774630293006e-08
P40,none,14,HbO,0.8730878982476854,0.6214979316693571,1.6035415577235388e-07,1.2743688173959592e-07
P40,none,14,HbR,0.9029246444455741,0.4573671058483453,7.606136550557345e-08,7.181117640052699e-08
P40,none,15,HbO,0.7915657306019764,0.7929093945270381,1.9719773424634366e-07,1.5209946600871826e-07
P40,none,15,HbR,0.7888597588754847,0.7300182916421669,1.1249682176866728e-07,9.51405635501024e-08
P40,none,16,HbO,0.8145757869740383,0.5874017425757488,8.267146812982732e-08,9.15364855432358e-08
P40,none,16,HbR,0.8647562541499259,0.6863841470185463,6.011205261569882e-08,4.516563764397815e-08
P40,none,17,HbO,0.9031516440364102,0.5414736824026685,7.522572130829295e-08,6.102630110095807e-08
P40,none,17,HbR,0.8346251564633774,0.6109881088699347,5.463168571884283e-08,4.971179260283727e-08
P40,none,18,HbO,0.9323363235358074,0.3626203166553581,5.852267792067218e-10,6.233011283360924e-10
P40,none,18,HbR,0.9181378573229837,0.4037822788968264,5.909945932538877e-10,7.002549933413878e-10
P40,none,19,HbO,0.9711226991204044,0.24231055242115926,4.3766557478843944e-10,4.3307835959911814e-10
P40,none,19,HbR,0.9023598161090329,0.4390964134314817,3.5001199561235897e-10,4.2527366578617004e-10
P40,none,20,HbO,0.9627930463079672,0.2804943514481055,2.3601455624515634e-10,2.278390759753642e-10
P40,none,20,HbR,0.9154353463369514,0.40617355909112696,1.2922346842595183e-10,1.340015626137492e-10
P40,none,21,HbO,0.9585188861765271,0.3363635770955782,2.2654550865473282e-10,1.9924534386625276e-10
P40,none,21,HbR,0.9035917580499774,0.43097821734264413,1.2030211795057423e-10,1.393925387619487e-10
P40,none,22,HbO,0.847900486209612,0.5321518392782509,3.2295055429706146e-07,3.6270539811619104e-07
P40,none,22,HbR,0.8654712016172098,0.5028664779263302,2.1267881755305798e-07,2.56987265519619e-07
P40,none,23,HbO,0.9258410305190675,0.45287943071687,2.759305507424835e-07,2.3480098880961894e-07
P40,none,23,HbR,0.8702403763916028,0.4958386398690089,1.911495283643629e-07,2.0694066276737116e-07
P40,wavelet,1,HbO,0.3252477520247246,1.6665084941348856,2.6028831300348245e-07,1.5384117587521943e-07
P40,wavelet,1,HbR,0.6486590140980849,1.0070077997283258,1.256184257433266e-07,9.60463975876447e-08
P40,wavelet,2,HbO,0.8957494585830694,0.44558275300760636,3.628532253997866e-07,3.918784860971255e-07
P40,wavelet,2,HbR,0.845700549330581,0.5350038802591378,2.1329812498969287e-07,2.4411699449277295e-07
P40,wavelet,3,HbO,0.42364193889877616,1.111192340310266,1.9752515676030307e-07,1.855564138943638e-07
P40,wavelet,3,HbR,0.5529945814867708,0.8872311012303883,1.11691807537767e-07,1.3078913197332738e-07
P40,wavelet,4,HbO,0.7189821381331266,0.7689853066378679,2.2038618995929398e-07,2.1129761052351237e-07
P40,wavelet,4,HbR,0.8809450617705216,0.4946301516240107,1.454023372763709e-07,1.4192761748014575e-07
P40,wavelet,5,HbO,0.8328754342586834,0.6383109467705214,2.6701927993284765e-07,2.3215020075427864e-07
P40,wavelet,5,HbR,0.8099664759380355,0.6911070262502815,8.40048781947297e-08,7.14956015166879e-08
P40,wavelet,7,HbO,0.7790918599248307,0.7123227531429357,2.8063397824790645e-07,2.5120794255186604e-07
P40,wavelet,7,HbR,0.4990614541488634,1.6096935329076365,1.3430657835220884e-07,7.247404703163273e-08
P40,wavelet,8,HbO,0.7795506320844788,0.7365563166337176,2.5274752263580744e-07,2.1733023843814372e-07
P40,wavelet,8,HbR,0.5240290267605036,1.824818127955753,1.8795636614566965e-07,8.816336796789358e-08
P40,wavelet,9,HbO,0.8786222425374027,0.5123183602240775,3.6286399102606324e-07,3.4098041925154513e-07
P40,wavelet,9,HbR,0.7305134200890621,1.002785145954286,1.356892007178499e-07,9.267731920191964e-08
P40,wavelet,10,HbO,0.7065768299994152,0.8136039286936243,2.7649114718708024e-07,2.4954665207027286e-07
P40,wavelet,10,HbR,0.7012251278778059,0.9555375008091642,1.2240010502811574e-07,9.151954968670396e-08
P40,wavelet,11,HbO,0.815627370603204,0.6572332395399326,1.9943573005527606e-07,1.7694672092833534e-07
P40,wavelet,11,HbR,0.8270169876481765,0.57207189245711,1.0964842076494496e-07,1.1791133046124052e-07
P40,wavelet,12,HbO,0.789347284262538,0.8763974487945476,3.51699846157766e-07,2.48631184630353e-07
P40,wavelet,12,HbR,0.6230510523911873,1.2523530994178012,1.1441568443344833e-07,7.147774630293006e-08
P40,wavelet,14,HbO,0.2954999134814843,2.1892286551892006,2.8747326432266783e-07,1.2743688173959592e-07
P40,wavelet,14,HbR,0.433222763129117,1.653881831275647,1.3033488792058807e-07,7.181117640052699e-08
P40,wavelet,15,HbO,0.6019754180900398,1.353606257386516,2.570578429835094e-07,1.5209946600871826e-07
P40,wavelet,15,HbR,0.7385942878274195,0.9139036056590246,1.289255144201953e-07,9.51405635501024e-08
P40,wavelet,16,HbO,0.8478943058543003,0.5876946321122929,1.0071990139281017e-07,9.15364855432358e-08
P40,wavelet,16,HbR,0.41942299735839744,1.8077161513846962,8.915348227793558e-08,4.516563764397815e-08
P40,wavelet,17,HbO,0.6165592535985128,1.5383236407288918,1.1784005923593374e-07,6.102630110095807e-08
P40,wavelet,17,HbR,0.7878193947615124,0.8099104675627274,6.521027462149784e-08,4.971179260283727e-08
P40,wavelet,18,HbO,0.8339094770095393,0.5771283053538878,6.216545880780117e-10,6.233011283360924e-10
P40,wavelet,18,HbR,0.799582049511452,0.6016923505042144,5.586684471314274e-10,7.002549933413878e-10
P40,wavelet,19,HbO,0.8363597524554583,0.5832312753118862,4.470537955823332e-10,4.3307835959911814e-10
P40,wavelet,19,HbR,0.8831289801988188,0.47324753305340866,3.5217484453672365e-10,4.2527366578617004e-10
P40,wavelet,20,HbO,0.9282922990933012,0.3769592004251336,2.2524747387077118e-10,2.278390759753642e-10
P40,wavelet,20,HbR,0.8697920850724352,0.4939894876604021,1.1779508675293447e-10,1.340015626137492e-10
P40,wavelet,21,HbO,0.9320200369962686,0.4076354799824348,2.2285709459466362e-10,1.9924534386625276e-10
P40,wavelet,21,HbR,0.8935446384393699,0.4496929325458998,1.217320625342296e-10,1.393925387619487e-10
P40,wavelet,22,HbO,0.9041847303653489,0.4420782189864756,3.6894869094393287e-07,3.6270539811619104e-07
P40,wavelet,22,HbR,0.7403383854466798,0.6774310497416633,1.7104512553598578e-07,2.56987265519619e-07
P40,wavelet,23,HbO,0.859896143512519,0.5599748685410328,2.5571362799045885e-07,2.3480098880961894e-07
P40,wavelet,23,HbR,0.8749044615267403,0.488367986082042,1.9403406615551075e-07,2.0694066276737116e-07
P18,none,1,HbO,0.8570785341178364,0.7657958301403529,5.595266712561186e-07,3.930169848506817e-07
P18,none,1,HbR,0.8078672143165113,0.6677932769564935,1.1023379405404823e-07,9.830994634665232e-08
P18,none,2,HbO,0.9460801179902826,0.3502148503714979,5.085394972771058e-07,4.7124410751267405e-07
P18,none,2,HbR,0.8968542326580968,0.48701349871120836,1.0010545999419292e-07,9.095243708265164e-08
P18,none,3,HbO,0.9084688828850307,0.5596840392479062,5.812379307109988e-07,4.5384153094331405e-07
P18,none,3,HbR,0.5327225025192945,1.0243132651036684,8.576618095635505e-08,7.728268956425635e-08
P18,none,4,HbO,0.9597079925582259,0.3028999293910881,6.288711083712942e-07,5.862146060728732e-07
P18,none,4,HbR,0.8328024538604967,0.5559447919856705,5.681892250355941e-08,6.426731551889762e-08
P18,none,5,HbO,0.9638477193742987,0.28260778489201144,3.374054325342362e-07,3.1890569032545057e-07
P18,none,5,HbR,0.9327321121185709,0.38272279410178955,7.215046849010372e-08,6.8000913547707e-08
P18,none,7,HbO,0.9421845486159373,0.3553718191057971,3.875823898581143e-07,3.6546836138565663e-07
P18,none,7,HbR,0.8777142532533434,0.491184572111231,7.324340596551081e-08,7.454074904550479e-08
P18,none,8,HbO,0.907053017434954,0.4622925370675714,3.3864667461302753e-07,3.084283011750756e-07
P18,none,8,HbR,0.8656681065521673,0.5108385336583102,5.5189536010737517e-08,5.721168926926973e-08
P18,none,9,HbO,0.9417068294435627,0.35765472947401317,3.574087839414832e-07,3.362048457077577e-07
P18,none,9,HbR,0.7537631960261206,0.7375361645331768,6.831971548545264e-08,6.275972174895821e-08
P18,none,10,HbO,0.9460646854892987,0.38364048431895303,5.464211900924258e-07,4.7451954804066234e-07
P18,none,10,HbR,0.9052346176814011,0.5000795266240163,1.040961258454216e-07,8.905429977415631e-08
P18,none,11,HbO,0.9168413347589356,0.4777334596755129,5.00091176993451e-07,4.2409900610916845e-07
P18,none,11,HbR,0.8141694751798357,0.6612480958047889,6.903776602427574e-08,6.115190363858825e-08
P18,none,12,HbO,0.9376934881116844,0.38651275352556336,4.1659812216684847e-07,3.763352442737929e-07
P18,none,12,HbR,0.7140592721211702,0.9680299912439034,6.437699351698215e-08,4.6638048448605476e-08
P18,none,14,HbO,0.6450307137332679,1.619699962618621,4.968226414982464e-07,2.396626133481624e-07
P18,none,14,HbR,0.831144910002026,1.0493845932899568,1.676970899469835e-07,9.744031195668748e-08
P18,none,15,HbO,0.6353716445178685,1.6157594147641325,5.17644707644158e-07,2.51937799491174e-07
P18,none,15,HbR,0.7258802509523693,1.4594425456289775,2.111941789341312e-07,1.0491503064612225e-07
P18,none,16,HbO,0.8031125741333607,0.9327855044811993,5.423218780808051e-07,3.5660450925715365e-07
P18,none,16,HbR,0.8087656352205855,0.6983556925581721,1.1919637520548405e-07,1.0056386334765073e-07
P18,none,17,HbO,0.7227994993280243,1.1236078944955514,6.393809994516607e-07,3.974368877052185e-07
P18,none,17,HbR,0.6342319623913162,1.0260568207767122,9.094434651143548e-08,6.948712815828762e-08
P18,none,18,HbO,0.9296765039342193,0.3727682885168575,5.964042526583986e-10,6.066674630470918e-10
P18,none,18,HbR,0.9441454000530803,0.3303011201660857,4.6483403961759346e-10,4.950465004758441e-10
P18,none,19,HbO,0.8530267388526603,0.522942742290083,5.018344012933139e-10,5.93699706891058e-10
P18,none,19,HbR,0.913219563564909,0.41199015234012737,2.9912435152748835e-10,3.0872720682048265e-10
P18,none,20,HbO,0.9406287019733086,0.35429760937934013,3.0952387822825673e-10,2.970069855762691e-10
P18,none,20,HbR,0.8610340508365146,0.60885744173248,1.7276159863640992e-10,1.4455199959200823e-10
P18,none,21,HbO,0.9416945809052003,0.4500548747832555,2.4527463334101426e-10,1.9770910018005665e-10
P18,none,21,HbR,0.9361073295132416,0.3864834244360722,1.6298634299264762e-10,1.486686054486161e-10
P18,none,22,HbO,0.8806408978533491,0.5878741284076844,3.421728559556536e-07,2.7849779863338267e-07
P18,none,22,HbR,0.9108735322408424,0.47120888548416734,9.034579603493117e-08,7.944002277686736e-08
P18,none,23,HbO,0.8567555914415007,0.6823049714051348,3.9346336020330426e-07,3.0189118273513377e-07
P18,none,23,HbR,0.871407738494728,0.5961018641535645,1.481849717337915e-07,1.2264130007604757e-07
P18,wavelet,1,HbO,0.6769303755430384,0.8252402358360246,4.12580822378546e-07,3.930169848506817e-07
P18,wavelet,1,HbR,0.5313560257929264,1.0709640783899939,1.1647322735971308e-07,9.830994634665232e-08
P18,wavelet,2,HbO,0.7921639865790485,0.6377769639796899,4.605409565048762e-07,4.7124410751267405e-07
P18,wavelet,2,HbR,0.6397760500286971,1.0817527988606865,1.2742659931524692e-07,9.095243708265164e-08
P18,wavelet,3,HbO,0.5953326811920757,0.9010689099767928,4.552763292697247e-07,4.5384153094331405e-07
P18,wavelet,3,HbR,0.24602259749459904,1.8455344978223902,1.4038709153868292e-07,7.728268956425635e-08
P18,wavelet,4,HbO,0.6827376508889087,0.9690274936180643,7.725594951186484e-07,5.862146060728732e-07
P18,wavelet,4,HbR,0.5000147469105083,3.6479209935039227,2.597427485892341e-07,6.426731551889762e-08
P18,wavelet,5,HbO,0.8442670137166879,0.5984794093677467,3.541920752782518e-07,3.1890569032545057e-07
P18,wavelet,5,HbR,0.48511286490543953,1.6390665589274884,1.2721675835978634e-07,6.8000913547707e-08
P18,wavelet,7,HbO,0.6397020336744575,0.8201986143495298,3.383827551841835e-07,3.6546836138565663e-07
P18,wavelet,7,HbR,0.2226063568655967,1.4971965410714185,1.012400462245014e-07,7.454074904550479e-08
P18,wavelet,8,HbO,0.8447818271922036,0.5356582482819711,2.666439688390331e-07,3.084283011750756e-07
P18,wavelet,8,HbR,0.3092242574824913,1.3681857154710682,7.384891540933071e-08,5.721168926926973e-08
P18,wavelet,9,HbO,0.8550780467316891,0.548052308448153,3.4716941530702557e-07,3.362048457077577e-07
P18,wavelet,9,HbR,0.33397096952819083,1.763376081968376,1.1449091387687743e-07,6.275972174895821e-08
P18,wavelet,10,HbO,0.8547504776511976,0.59505279366987,5.436775807227372e-07,4.7451954804066234e-07
P18,wavelet,10,HbR,0.3916463893924381,1.5918112764385324,1.505541176108365e-07,8.905429977415631e-08
P18,wavelet,11,HbO,0.7966627257453798,0.6468337593048299,4.354674098788766e-07,4.2409900610916845e-07
P18,wavelet,11,HbR,0.7818067079709254,0.8393337915362408,8.192136758217206e-08,6.115190363858825e-08
P18,wavelet,12,HbO,0.6316945729265376,0.8082770739585218,3.237091986218728e-07,3.763352442737929e-07
P18,wavelet,12,HbR,0.3013173481756487,2.206559628996823,1.0684946375905235e-07,4.6638048448605476e-08
P18,wavelet,14,HbO,0.5988394521838023,1.0167943410282576,2.936455670683335e-07,2.396626133481624e-07
P18,wavelet,14,HbR,0.5692572992343161,1.5114765888352673,1.7893273847969843e-07,9.744031195668748e-08
P18,wavelet,15,HbO,0.4614634200948584,1.2367037400705667,3.3308160290774197e-07,2.51937799491174e-07
P18,wavelet,15,HbR,0.3770742377063835,1.9000879497606544,2.1330936795667589e-07,1.0491503064612225e-07
P18,wavelet,16,HbO,0.8204463602433468,0.6115443251846037,3.6925113601198593e-07,3.5660450925715365e-07
P18,wavelet,16,HbR,0.7400370783838897,0.9408664395701009,1.4044733154270586e-07,1.0056386334765073e-07
P18,wavelet,17,HbO,0.8042012679608921,0.6482868841176548,4.2239302959190455e-07,3.974368877052185e-07
P18,wavelet,17,HbR,0.5986626249547553,1.1495852503100614,9.889700161856718e-08,6.948712815828762e-08
P18,wavelet,18,HbO,0.8961378938728647,0.48245410591697613,6.584401705144742e-10,6.066674630470918e-10
P18,wavelet,18,HbR,0.6377706430849623,0.8615754302142241,5.040801754367418e-10,4.950465004758441e-10
P18,wavelet,19,HbO,0.929359282382678,0.370067406150101,5.65753445789785e-10,5.93699706891058e-10
P18,wavelet,19,HbR,0.7122874927974008,0.7597784404064611,3.0794632554591343e-10,3.0872720682048265e-10
P18,wavelet,20,HbO,0.9214724187066808,0.388781068847832,2.7790571763563335e-10,2.970069855762691e-10
P18,wavelet,20,HbR,0.8451982700748762,0.5668046311172151,1.4932498121825944e-10,1.4455199959200823e-10
P18,wavelet,21,HbO,0.8747117436995853,0.558260893232039,2.2769550056303707e-10,1.9770910018005665e-10
P18,wavelet,21,HbR,0.8709677537327773,0.5430391859863005,1.6379997317839246e-10,1.486686054486161e-10
P18,wavelet,22,HbO,0.7926060464013629,0.6325600893466793,2.6746457844412984e-07,2.7849779863338267e-07
P18,wavelet,22,HbR,0.6891930185883323,0.9900537368716685,1.0804196684818301e-07,7.944002277686736e-08
P18,wavelet,23,HbO,0.6413995611590426,0.8494244552758481,3.034623207815195e-07,3.0189118273513377e-07
P18,wavelet,23,HbR,0.7834414238137664,0.7841621020784938,1.5473124219772342e-07,1.2264130007604757e-07
P44,none,1,HbO,0.7483661758520899,0.9022391572853727,3.1053977031131323e-07,2.2835306848639145e-07
P44,none,1,HbR,0.7595618974452651,0.8354811691779778,1.201017990157315e-07,9.356441445049285e-08
P44,none,2,HbO,0.9301810942544558,0.40276529445282366,3.8318143976325477e-07,3.498974727660545e-07
P44,none,2,HbR,0.8312949495241606,0.6246801042196801,8.715335389108432e-08,7.824934034347973e-08
P44,none,3,HbO,0.8408706713714796,0.6382340284201166,3.60728105759851e-07,3.0604174021127073e-07
P44,none,3,HbR,0.9228804642800289,0.3923251566770126,1.232916498108422e-07,1.236192130888202e-07
P44,none,4,HbO,0.9249934433860314,0.44382575923175893,3.810709380091376e-07,3.3015928994773336e-07
P44,none,4,HbR,0.9097109372859904,0.43224763512204123,9.763808348595727e-08,9.497674711039312e-08
P44,none,5,HbO,0.9328470780641466,0.41385503261864337,6.043108531575702e-07,5.318982674861754e-07
P44,none,5,HbR,0.9188777168459602,0.4813155195274049,2.5226584462890315e-07,2.1119891420329666e-07
P44,none,7,HbO,0.7935209000370579,0.8462901401236202,7.989442581688141e-07,5.782630352971317e-07
P44,none,7,HbR,0.7563763324505542,0.8648250555941298,1.7826322604427702e-07,1.3483905622037365e-07
P44,none,8,HbO,0.8665025644859331,0.5309256306140397,3.975789296554386e-07,3.798916713022016e-07
P44,none,8,HbR,0.9603825234339202,0.3227019614058523,2.4031970682740594e-07,2.14005090586673e-07
P44,none,9,HbO,0.6811904459684776,0.9839556515202428,4.777581131537157e-07,3.5694806558172613e-07
P44,none,9,HbR,0.865300664273649,0.5135692064677394,2.1580319998441216e-07,2.211030019032095e-07
P44,none,10,HbO,0.8703483453358486,0.6207178782626024,6.550276589040543e-07,5.24811614718035e-07
P44,none,10,HbR,0.9304092240243783,0.4346216762633478,1.820860738811609e-07,1.5643936768640056e-07
P44,none,11,HbO,0.9192033570639957,0.4338378800316067,4.587637326629232e-07,4.165842356693124e-07
P44,none,11,HbR,0.9279411203537014,0.37370411714163587,1.4091662808706458e-07,1.5560634266607642e-07
P44,none,12,HbO,0.9013265088120429,0.5270513181550325,5.268162426321819e-07,4.3846107490536324e-07
P44,none,12,HbR,0.727619825408599,0.8495163350663459,1.028936895574553e-07,8.385660363816883e-08
P44,none,14,HbO,0.8782117230650491,0.5272664773152193,2.8685654092730066e-07,2.6088387387040445e-07
P44,none,14,HbR,0.9029504636672172,0.4579456588593961,1.0431362757059058e-07,9.850271376449625e-08
P44,none,15,HbO,0.943938942032243,0.34674631374516607,4.3279433536848204e-07,4.1219728636327385e-07
P44,none,15,HbR,0.9476476884863542,0.3238023391416766,1.4121274580948666e-07,1.4103786742868175e-07
P44,none,16,HbO,0.8150066988767181,0.7935430903730922,3.2445414372100214e-07,2.3906788881494967e-07
P44,none,16,HbR,0.9117487056766714,0.4373443293522394,7.131816492659956e-08,6.716967140450025e-08
P44,none,17,HbO,0.34951163142027664,1.9167878717412772,1.5332426187468142e-07,7.588929595972943e-08
P44,none,17,HbR,0.5010839832430755,1.85403673478823,1.5634426938877982e-07,7.303942822525076e-08
P44,none,18,HbO,0.9472694403084185,0.32210638101927624,1.3697845886062602e-09,1.4963856606327993e-09
P44,none,18,HbR,0.9498472924676955,0.3129951208920416,1.19664102561842e-09,1.2640687658585448e-09
P44,none,19,HbO,0.949210911231583,0.31467979421115894,1.02718275814969e-09,1.0868807458141095e-09
P44,none,19,HbR,0.9506662414658466,0.3111162608940624,7.630365597525841e-10,8.212279951950849e-10
P44,none,20,HbO,0.8384567407620919,0.5747993457569501,2.520947994536012e-10,3.8240868851245317e-10
P44,none,20,HbR,0.7738740946250445,0.639077781880549,1.478992876380483e-10,2.1201894953269394e-10
P44,none,21,HbO,0.8835522024985752,0.4760740519905586,2.1380919754326483e-10,2.2154953280082867e-10
P44,none,21,HbR,0.9439683521917825,0.37080195724018616,1.0881942534632911e-10,9.777272535349476e-11
P44,none,22,HbO,0.8071864320450988,0.8473589070715488,4.137685558318972e-07,2.923941545694872e-07
P44,none,22,HbR,0.912880971386077,0.43962734053926317,2.2881095705528224e-07,2.1269449461362866e-07
P44,none,23,HbO,0.9291775222840255,0.4203159845208671,3.591236723633429e-07,3.181124854744439e-07
P44,none,23,HbR,0.9273816505326306,0.3936361394792481,2.0279769617649392e-07,1.9352525176454088e-07
P44,wavelet,1,HbO,0.5441014813920342,1.1980646966252093,3.17968027181185e-07,2.2835306848639145e-07
P44,wavelet,1,HbR,0.6668979690152526,1.0340482161725966,1.2894961809632913e-07,9.356441445049285e-08
P44,wavelet,2,HbO,0.7056753387208399,0.8106499817920947,3.8471549132868147e-07,3.498974727660545e-07
P44,wavelet,2,HbR,0.6427766725141492,1.4886278020155026,1.5016302240039474e-07,7.824934034347973e-08
P44,wavelet,3,HbO,0.6965239841709515,0.9244823774088922,3.906320942949749e-07,3.0604174021127073e-07
P44,wavelet,3,HbR,0.7994977325800094,0.759296998314109,1.5624913112717923e-07,1.236192130888202e-07
P44,wavelet,4,HbO,0.6682070104338739,0.8851528498101954,3.788596022069303e-07,3.3015928994773336e-07
P44,wavelet,4,HbR,0.532104991125661,1.4532196182336494,1.6226841256160658e-07,9.497674711039312e-08
P44,wavelet,5,HbO,0.6605869058266641,1.0061689546025818,7.047678624961032e-07,5.318982674861754e-07
P44,wavelet,5,HbR,0.6923816723139632,0.8899649266362915,2.55945996170147e-07,2.1119891420329666e-07
P44,wavelet,7,HbO,0.7890933934324927,0.6656068698218697,6.04466672359645e-07,5.782630352971317e-07
P44,wavelet,7,HbR,0.5468730207106601,1.3106609669227574,2.096389892855271e-07,1.3483905622037365e-07
P44,wavelet,8,HbO,0.823711962970665,0.5789085371789634,3.5687979519726614e-07,3.798916713022016e-07
P44,wavelet,8,HbR,0.8617468527012512,0.547274212347856,2.2831146738225198e-07,2.14005090586673e-07
P44,wavelet,9,HbO,0.8474730671911471,0.5358572978841942,3.2812100020935883e-07,3.5694806558172613e-07
P44,wavelet,9,HbR,0.8666863672968572,0.5041732694948222,2.0740634353075495e-07,2.211030019032095e-07
P44,wavelet,10,HbO,0.6845987881933041,0.8283983490853795,5.644611931057886e-07,5.24811614718035e-07
P44,wavelet,10,HbR,0.6789930965656163,0.9112605934802934,1.9066172412655347e-07,1.5643936768640056e-07
P44,wavelet,11,HbO,0.8285058003359222,0.5817493416443023,4.1080674201915057e-07,4.165842356693124e-07
P44,wavelet,11,HbR,0.785622921967469,0.6464050493367655,1.512849290443958e-07,1.5560634266607642e-07
P44,wavelet,12,HbO,0.6221760802964003,0.9958310071647075,5.426515138193092e-07,4.3846107490536324e-07
P44,wavelet,12,HbR,0.26810199770482535,3.0131866973979684,2.6105062033558905e-07,8.385660363816883e-08
P44,wavelet,14,HbO,0.4309314373934261,1.3715280490870547,3.7985728301081545e-07,2.6088387387040445e-07
P44,wavelet,14,HbR,0.7813614782394658,0.7456771603356924,1.1713646659021823e-07,9.850271376449625e-08
P44,wavelet,15,HbO,0.8401902615767253,0.5761442919813503,4.256896057166836e-07,4.1219728636327385e-07
P44,wavelet,15,HbR,0.7169965912474929,1.2254658388285846,2.423195759525275e-07,1.4103786742868175e-07
P44,wavelet,16,HbO,0.47628340359646126,1.3707922715444782,3.637639172580198e-07,2.3906788881494967e-07
P44,wavelet,16,HbR,0.6001140417320854,1.2533073395838445,1.0511472612358368e-07,6.716967140450025e-08
P44,wavelet,17,HbO,-0.106069634551614,4.183042935658685,2.9874253751904663e-07,7.588929595972943e-08
P44,wavelet,17,HbR,0.7726696291200914,0.8092475336468163,9.303653259687164e-08,7.303942822525076e-08
P44,wavelet,18,HbO,0.887274270686588,0.46550886846736844,1.4216777982415244e-09,1.4963856606327993e-09
P44,wavelet,18,HbR,0.8767687857991836,0.485022115620724,1.1838318934800338e-09,1.2640687658585448e-09
P44,wavelet,19,HbO,0.831004269472544,0.560397431358962,9.757937290712305e-10,1.0868807458141095e-09
P44,wavelet,19,HbR,0.919033243077115,0.40241373669830616,8.212228149881799e-10,8.212279951950849e-10
P44,wavelet,20,HbO,0.8380639497401062,0.585702104584029,2.400921426343814e-10,3.8240868851245317e-10
P44,wavelet,20,HbR,0.8020547112681972,0.6218639815165713,1.3411548792919557e-10,2.1201894953269394e-10
P44,wavelet,21,HbO,0.8924360334553593,0.46255131732806093,2.2025742503370164e-10,2.2154953280082867e-10
P44,wavelet,21,HbR,0.779101303254602,0.7637217289374901,1.1858085856743068e-10,9.777272535349476e-11
P44,wavelet,22,HbO,0.7746669328086041,0.8249612262739343,3.807592811697439e-07,2.923941545694872e-07
P44,wavelet,22,HbR,0.6234877848746474,0.9145108753786797,2.3250883126623712e-07,2.1269449461362866e-07
P44,wavelet,23,HbO,0.7464397087106611,0.9375479476628295,4.459929534370184e-07,3.181124854744439e-07
P44,wavelet,23,HbR,0.8539661578109782,0.6140100450138912,2.2777189197666754e-07,1.9352525176454088e-07
P21,none,1,HbO,0.7859954875306769,0.8641640786652656,1.9341763401376165e-07,1.3917717503192732e-07
P21,none,1,HbR,0.7657808485229998,0.8799644679985772,1.0461031496443096e-07,7.661456378520328e-08
P21,none,2,HbO,0.9401257444906932,0.4307362338031049,2.338638212332563e-07,1.9433096211797834e-07
P21,none,2,HbR,0.8290876242032008,0.6628439755071533,6.247640995758136e-08,5.2720040620710877e-08
P21,none,3,HbO,0.866385125710708,0.7239827802610987,2.1077228260002514e-07,1.5160806766013274e-07
P21,none,3,HbR,0.8926009356293774,0.4952342152020812,1.0107265588129293e-07,9.214159355138081e-08
P21,none,4,HbO,0.954694620313945,0.31596871405897015,1.6504750235068543e-07,1.555751933698509e-07
P21,none,4,HbR,0.61594450923002,0.9747521834787575,5.844627671939451e-08,4.911657668840287e-08
P21,none,5,HbO,0.9519217730134293,0.33498032102059067,2.7957624261819174e-07,2.571191163689043e-07
P21,none,5,HbR,0.8629635155261502,0.5373406173309835,7.610283312743716e-08,7.278975240348046e-08
P21,none,7,HbO,0.9319322045736999,0.39273617634960006,1.3885981371149007e-07,1.282568160566548e-07
P21,none,7,HbR,0.7985147708118908,0.7254202333029856,6.515507392719363e-08,5.4153883632706555e-08
P21,none,8,HbO,0.908602246001474,0.5259772438137278,2.4440664853276675e-07,1.9897979359621073e-07
P21,none,8,HbR,0.9114550306493236,0.47336045268567145,7.643367908302315e-08,6.67225728402015e-08
P21,none,9,HbO,0.9316707989368896,0.3975838547853267,1.890249979287463e-07,1.7303638709702851e-07
P21,none,9,HbR,0.9124509795173708,0.4335992619279936,5.6335982552652956e-08,5.345651620090931e-08
P21,none,10,HbO,0.9668504284660768,0.30058886348903496,1.8133342589895054e-07,1.611211796908388e-07
P21,none,10,HbR,0.956333115262236,0.323485302392039,6.55029214958481e-08,5.9822945840838e-08
P21,none,11,HbO,0.940061426799395,0.3877298134709251,2.2898675571954048e-07,2.0362713529245855e-07
P21,none,11,HbR,0.9233036994386769,0.40602850466995216,7.711255893090776e-08,7.311147300235236e-08
P21,none,12,HbO,0.9200817454991082,0.44123132275598526,1.475547232571569e-07,1.3138884342605826e-07
P21,none,12,HbR,0.7165360096155481,0.8757792398966258,5.393563898962818e-08,4.328640288855266e-08
P21,none,14,HbO,0.9193216891886413,0.5104102423694603,1.4120539125786128e-07,1.134770395790607e-07
P21,none,14,HbR,0.9267153682203579,0.441827114427566,5.251303398184479e-08,4.532032432426292e-08
P21,none,15,HbO,0.961458709662889,0.348715833084842,2.429986240488762e-07,2.0665539338488782e-07
P21,none,15,HbR,0.8920639347816629,0.5200154181934132,1.0201744756918557e-07,8.877888514130383e-08
P21,none,16,HbO,0.8004001135951285,0.910771883018544,3.4070219957358563e-07,2.2930877522170652e-07
P21,none,16,HbR,0.8182398726918252,0.575548528252696,1.9083023925876988e-07,2.3346452627671596e-07
P21,none,17,HbO,0.8963855397952566,0.44423684772626204,3.673844399483745e-07,3.9879055879754515e-07
P21,none,17,HbR,0.9084908293438893,0.4185534271939434,2.0256068041555168e-07,2.2303855414396306e-07
P21,none,18,HbO,0.9190336710241727,0.3953688105371158,7.397998129825115e-10,7.830103809677898e-10
P21,none,18,HbR,0.9253217831037995,0.38180579852378743,6.115307352598549e-10,6.926203001960361e-10
P21,none,19,HbO,0.9627878044592577,0.270412456842869,5.241639238983342e-10,5.48610524960485e-10
P21,none,19,HbR,0.9466016048990954,0.35734051007365536,4.0758279134308543e-10,3.7030865011974987e-10
P21,none,20,HbO,0.9673757798786674,0.25693972597847453,4.200928830006466e-10,4.543338508667425e-10
P21,none,20,HbR,0.9387261446513406,0.3455782381375706,1.9334112704023434e-10,2.1013049084957703e-10
P21,none,21,HbO,0.9744445974442683,0.22872637361658796,2.967751118206475e-10,3.186518702969637e-10
P21,none,21,HbR,0.9760444420096591,0.22599719721703318,2.1444525922889186e-10,2.0685105153560488e-10
P21,none,22,HbO,0.9641115601194936,0.26581688648926405,1.7958771739268957e-07,1.8379148907667764e-07
P21,none,22,HbR,0.9724481928484379,0.28827074415614573,1.2286744374008054e-07,1.0768329583128466e-07
P21,none,23,HbO,0.8984505059300664,0.46260455190251765,1.374825327554588e-07,1.3197530027127712e-07
P21,none,23,HbR,0.9794133646748188,0.2480509993370927,1.0970681916017194e-07,9.780454443247015e-08
P21,wavelet,1,HbO,0.6678757534280434,1.0672572249828614,1.987885075387018e-07,1.3917717503192732e-07
P21,wavelet,1,HbR,0.5851917950140991,1.4284505197874375,1.3468094019686796e-07,7.661456378520328e-08
P21,wavelet,2,HbO,0.6719341654313997,0.8663448615342009,2.1760457187112434e-07,1.9433096211797834e-07
P21,wavelet,2,HbR,0.6418667413326578,1.1327691725160722,7.77539129139286e-08,5.2720040620710877e-08
P21,wavelet,3,HbO,0.702915786138298,1.0070211543436074,2.141859613284878e-07,1.5160806766013274e-07
P21,wavelet,3,HbR,0.6802063035817716,1.1909028533356183,1.4876519944225157e-07,9.214159355138081e-08
P21,wavelet,4,HbO,0.7854289800441668,0.709826263254936,1.7585392360881485e-07,1.555751933698509e-07
P21,wavelet,4,HbR,0.7224348683067806,0.8228414582601282,5.738316525920006e-08,4.911657668840287e-08
P21,wavelet,5,HbO,0.8763421687411264,0.5212962412148856,2.7635324010263764e-07,2.571191163689043e-07
P21,wavelet,5,HbR,0.6534347303485851,0.9751038942431247,9.212349261382964e-08,7.278975240348046e-08
P21,wavelet,7,HbO,0.7401109410364055,0.8864045022458059,1.682629186385592e-07,1.282568160566548e-07
P21,wavelet,7,HbR,0.7339941501276543,0.8537925754988055,6.762772478680813e-08,5.4153883632706555e-08
P21,wavelet,8,HbO,0.627824914262097,1.1791773598816493,2.997456315579047e-07,1.9897979359621073e-07
P21,wavelet,8,HbR,0.7782003555720098,0.7738959445713421,8.191587109528692e-08,6.67225728402015e-08
P21,wavelet,9,HbO,0.7476004379981948,0.9272880799965749,2.4024661588919396e-07,1.7303638709702851e-07
P21,wavelet,9,HbR,0.9201033407028744,0.41790152869679603,5.696355252440627e-08,5.345651620090931e-08
P21,wavelet,10,HbO,0.7022481197959286,0.9525798650495574,2.1431900852866612e-07,1.611211796908388e-07
P21,wavelet,10,HbR,0.812970256495528,0.6492503102397714,6.580105184353597e-08,5.9822945840838e-08
P21,wavelet,11,HbO,0.7679289651818639,0.8336898501539255,2.639758310685037e-07,2.0362713529245855e-07
P21,wavelet,11,HbR,0.8893637455630445,0.48451740055677256,7.673734350559801e-08,7.311147300235236e-08
P21,wavelet,12,HbO,0.6953947418881483,1.1367072937669664,2.0625280049530435e-07,1.3138884342605826e-07
P21,wavelet,12,HbR,0.5360438417325444,1.2546333956251319,6.3205122882825e-08,4.328640288855266e-08
P21,wavelet,14,HbO,0.6585380255451789,0.9572030243818532,1.4123608241551073e-07,1.134770395790607e-07
P21,wavelet,14,HbR,0.6495058213004485,0.9767375118338872,5.701060629818993e-08,4.532032432426292e-08
P21,wavelet,15,HbO,0.804997781076641,0.630227618864888,2.1029669514060845e-07,2.0665539338488782e-07
P21,wavelet,15,HbR,0.6570226428355281,1.1012456740073922,1.292037805571837e-07,8.877888514130383e-08
P21,wavelet,16,HbO,0.15140008274447986,1.602716233618466,3.223432092871625e-07,2.2930877522170652e-07
P21,wavelet,16,HbR,0.8012149396593838,0.6022374804915671,2.020736156257862e-07,2.3346452627671596e-07
P21,wavelet,17,HbO,0.9310517728160533,0.37915330431043226,4.1220385547828097e-07,3.9879055879754515e-07
P21,wavelet,17,HbR,0.6529864533685126,0.7970662729067444,1.99148254037085e-07,2.2303855414396306e-07
P21,wavelet,18,HbO,0.8258509426181124,0.5693757766376908,7.075804597323397e-10,7.830103809677898e-10
P21,wavelet,18,HbR,0.9281541237007791,0.39124169132362496,7.262145026442585e-10,6.926203001960361e-10
P21,wavelet,19,HbO,0.9346208342069833,0.35704418852310044,5.300030840441724e-10,5.48610524960485e-10
P21,wavelet,19,HbR,0.9205558121080143,0.4243718462193845,4.022216310353385e-10,3.7030865011974987e-10
P21,wavelet,20,HbO,0.9728052950125032,0.23185923850894954,4.4469060217915214e-10,4.543338508667425e-10
P21,wavelet,20,HbR,0.9569330326286672,0.2903654444930733,2.0180561305599156e-10,2.1013049084957703e-10
P21,wavelet,21,HbO,0.9384055644530299,0.3466906706259191,2.9001874389928595e-10,3.186518702969637e-10
P21,wavelet,21,HbR,0.9593527781317673,0.2946812726200729,2.15848636779493e-10,2.0685105153560488e-10
P21,wavelet,22,HbO,0.9381227112874111,0.34638907632753474,1.7356770130460852e-07,1.8379148907667764e-07
P21,wavelet,22,HbR,0.6052053505405629,0.8776396137573704,1.0418056220548098e-07,1.0768329583128466e-07
P21,wavelet,23,HbO,0.7014949806399401,1.1364509877553644,2.0850923371992075e-07,1.3197530027127712e-07
P21,wavelet,23,HbR,0.89433987273324,0.599400471661545,1.2608443112215354e-07,9.780454443247015e-08
P11,none,1,HbO,0.4814274790051487,2.870663946260257,3.661543196090213e-07,1.1389030825499005e-07
P11,none,1,HbR,0.5939475162524736,1.7714406472697608,6.517398274094329e-08,3.0004794560167733e-08
P11,none,2,HbO,0.9023398751047444,0.5164648146080252,3.193846540903041e-07,2.6924401138732936e-07
P11,none,2,HbR,0.6557473281218491,0.8769648524594856,6.83717203723562e-08,6.205486760899922e-08
P11,none,3,HbO,0.5275433915203239,2.232115800344406,3.69468093953637e-07,1.4256305980555285e-07
P11,none,3,HbR,0.6374145668619251,1.3449497034432645,7.185895555645306e-08,4.130406407070176e-08
P11,none,4,HbO,0.9242179447109711,0.43080415779154124,2.091501471822919e-07,1.8633466590832082e-07
P11,none,4,HbR,0.8405623151285797,0.5620761129758325,5.141953823280525e-08,5.211863906872342e-08
P11,none,5,HbO,0.9815746264532753,0.20370521060215277,4.6340086044522553e-07,4.4065088841308564e-07
P11,none,5,HbR,0.9577149969499863,0.31640774795344606,1.5862012688327106e-07,1.4570659244808787e-07
P11,none,7,HbO,0.8894943337722685,0.6062342380704797,3.9015322435382147e-07,3.02950466524142e-07
P11,none,7,HbR,0.9240393461535904,0.417946707564401,1.1323745554152789e-07,1.0368091826721796e-07
P11,none,8,HbO,0.8533899081386896,0.6916856035638104,3.8353595481407785e-07,2.9327824986250294e-07
P11,none,8,HbR,0.8717189009666748,0.5284081444062603,9.312593810566339e-08,8.718384768551349e-08
P11,none,9,HbO,0.8610480412640381,0.6537517415452245,3.976762764848927e-07,3.127311768521248e-07
P11,none,9,HbR,0.8799586483406936,0.5139889505047712,1.2201958090787693e-07,1.1348099967605086e-07
P11,none,10,HbO,0.9415243815523017,0.3972993756600193,3.2787354028800466e-07,2.846036839582908e-07
P11,none,10,HbR,0.9123336429864342,0.46476082460171386,1.2718436930918894e-07,1.123692542635379e-07
P11,none,11,HbO,0.9302623574882701,0.4254197722029726,1.8691643566153138e-07,1.6320052892655178e-07
P11,none,11,HbR,0.9075485119326299,0.46131978500522736,6.150686466148679e-08,5.602187730833077e-08
P11,none,12,HbO,0.8865797675949898,0.6423685008020944,3.1674340109390416e-07,2.377754199545611e-07
P11,none,12,HbR,0.8599928796663471,0.5615195523594518,6.744635348832792e-08,6.171984483797401e-08
P11,none,14,HbO,0.547379987529487,2.378060150787787,3.4771283077021397e-07,1.2537934585793514e-07
P11,none,14,HbR,0.6585428916827398,1.281760686873233,1.3388649116533042e-07,7.895070705704375e-08
P11,none,15,HbO,0.5620048356994258,2.009121884681901,4.705072206888887e-07,1.9662171942199797e-07
P11,none,15,HbR,0.5642475882820012,1.2420402735777027,1.0281024941763764e-07,6.891863075512734e-08
P11,none,16,HbO,0.5980740202101322,1.0175689083269719,1.3621885883636359e-08,1.1134781053294654e-08
P11,none,16,HbR,0.3870633657135644,1.0736582761360272,4.879528100909542e-09,5.216156628061067e-09
P11,none,17,HbO,0.2249820542852254,0.9905830136169459,3.175092582043251e-09,8.035875297880489e-09
P11,none,17,HbR,0.22440170774309845,1.0102476321945302,2.1349337132776577e-09,4.453024321262248e-09
P11,none,18,HbO,0.8756779178403072,0.5149244871052342,6.203145809500494e-10,8.87331699026221e-10
P11,none,18,HbR,0.974555890182726,0.25174921176349896,4.782113333648395e-10,4.3935570937843316e-10
P11,none,19,HbO,0.8993636668135133,0.46290319704833244,4.5021176740682834e-10,6.006504896152142e-10
P11,none,19,HbR,0.9198820339530831,0.4105989191104053,2.991966130571759e-10,2.87736521610598e-10
P11,none,20,HbO,0.9090843683574101,0.42708568964272825,2.6939602701438103e-10,2.700067963515334e-10
P11,none,20,HbR,0.8454571580831052,0.537405182957665,1.2590538763294394e-10,1.5776337338459756e-10
P11,none,21,HbO,0.9563000877799577,0.292995537070935,2.498613628276112e-10,2.6539234553068336e-10
P11,none,21,HbR,0.9902410208609719,0.1416775125504979,1.2634292304342273e-10,1.2438927515498032e-10
P11,none,22,HbO,0.19146161141170934,1.0280397381606334,4.456681198775878e-09,9.139785738834006e-09
P11,none,22,HbR,0.3883874582726884,0.9380472602163772,2.711609785080056e-09,4.8709213006670525e-09
P11,none,23,HbO,0.30123277429311374,0.9656771045866483,3.803762025655087e-09,8.610223715327221e-09
P11,none,23,HbR,0.3845585256083975,0.9349178278882587,2.3152067274324364e-09,4.438041548356802e-09
P11,wavelet,1,HbO,0.6173585372770322,1.0513378234036652,1.494828707286996e-07,1.1389030825499005e-07
P11,wavelet,1,HbR,0.4920307531767013,1.6764062262381538,5.771135890281029e-08,3.0004794560167733e-08
P11,wavelet,2,HbO,0.49894754028338223,1.4230749411122043,4.367176570191354e-07,2.6924401138732936e-07
P11,wavelet,2,HbR,0.3425494042670553,2.099577404029595,1.373877989945815e-07,6.205486760899922e-08
P11,wavelet,3,HbO,0.6343945733940711,0.8891974472729337,1.5296354275144006e-07,1.4256305980555285e-07
P11,wavelet,3,HbR,0.3830088669973321,1.8148039962969518,8.028459541777913e-08,4.130406407070176e-08
P11,wavelet,4,HbO,0.677180607168517,0.8934690087010235,2.196834981097879e-07,1.8633466590832082e-07
P11,wavelet,4,HbR,0.27990659586249955,1.6577262621476891,8.461574794068003e-08,5.211863906872342e-08
P11,wavelet,5,HbO,0.8047076352724358,0.6627618863785439,4.822457199150806e-07,4.4065088841308564e-07
P11,wavelet,5,HbR,0.6237750870707748,1.1163905526677533,2.0620456182621516e-07,1.4570659244808787e-07
P11,wavelet,7,HbO,0.8595047067201661,0.5641848199330435,3.3274112076976744e-07,3.02950466524142e-07
P11,wavelet,7,HbR,0.6658407000976091,1.024507371776547,1.4151485494006684e-07,1.0368091826721796e-07
P11,wavelet,8,HbO,0.7345728457225171,0.8161129658153566,3.4775105603122565e-07,2.9327824986250294e-07
P11,wavelet,8,HbR,0.48740481731063895,1.2876511527080328,1.246821882277424e-07,8.718384768551349e-08
P11,wavelet,9,HbO,0.827195857357781,0.6100446571782349,3.3279102526038456e-07,3.127311768521248e-07
P11,wavelet,9,HbR,0.7827622874498759,0.7027831839424797,1.2582643598466253e-07,1.1348099967605086e-07
P11,wavelet,10,HbO,0.9013175536877569,0.46664945999466745,3.0583678644348975e-07,2.846036839582908e-07
P11,wavelet,10,HbR,0.8166732042437648,0.7036158326240184,1.369137063612541e-07,1.123692542635379e-07
P11,wavelet,11,HbO,0.8251567116392989,0.6864152155996055,1.978215628794102e-07,1.6320052892655178e-07
P11,wavelet,11,HbR,0.4430963270198375,1.6533290159844238,1.0234701055521221e-07,5.602187730833077e-08
P11,wavelet,12,HbO,0.8323158249665051,0.6911316942749118,2.9555054186659043e-07,2.377754199545611e-07
P11,wavelet,12,HbR,0.25181537737006165,1.878260770252458,1.1441038019300248e-07,6.171984483797401e-08
P11,wavelet,14,HbO,0.6091587079149364,1.130479334304945,1.7731864172258276e-07,1.2537934585793514e-07
P11,wavelet,14,HbR,0.3185741466017721,1.3655317501956556,1.0257996923709702e-07,7.895070705704375e-08
P11,wavelet,15,HbO,0.5724106896587504,1.0957162206927846,2.5485647937166745e-07,1.9662171942199797e-07
P11,wavelet,15,HbR,0.04287135471742159,2.030451366632516,1.2431135789266828e-07,6.891863075512734e-08
P11,wavelet,16,HbO,-0.16368666769136522,5.629555683304476,5.9594354152537264e-08,1.1134781053294654e-08
P11,wavelet,16,HbR,-0.2511650813636809,7.112186739048932,3.52711994546373e-08,5.216156628061067e-09
P11,wavelet,17,HbO,-0.34315858549242906,8.363020251483302,6.370826984569212e-08,8.035875297880489e-09
P11,wavelet,17,HbR,-0.4136181150141032,7.745409691717243,3.224877944567604e-08,4.453024321262248e-09
P11,wavelet,18,HbO,0.7293102750452619,0.6860575206225575,6.202090231919582e-10,8.87331699026221e-10
P11,wavelet,18,HbR,0.8426075961719985,0.620019171105663,5.048123876295753e-10,4.3935570937843316e-10
P11,wavelet,19,HbO,0.8725461766632286,0.5041364132728839,4.507452975238481e-10,6.006504896152142e-10
P11,wavelet,19,HbR,0.9023641695739945,0.4525437902853233,2.990629827239251e-10,2.87736521610598e-10
P11,wavelet,20,HbO,0.8664438801198565,0.5104209467327105,2.6113236245042416e-10,2.700067963515334e-10
P11,wavelet,20,HbR,0.7977325449711746,0.605435211505951,1.2016855232926762e-10,1.5776337338459756e-10
P11,wavelet,21,HbO,0.9273527160728672,0.3744258079993895,2.486327064847646e-10,2.6539234553068336e-10
P11,wavelet,21,HbR,0.9505351070171528,0.3288146894021801,1.3156750465562545e-10,1.2438927515498032e-10
P11,wavelet,22,HbO,-0.36638418835297104,7.912624449201341,6.813080410923556e-08,9.139785738834006e-09
P11,wavelet,22,HbR,-0.35266239109449155,7.550688823212935,3.460476949142446e-08,4.8709213006670525e-09
P11,wavelet,23,HbO,-0.4074624758447437,7.854481892025817,6.334578964973273e-08,8.610223715327221e-09
P11,wavelet,23,HbR,-0.32834270889567474,7.73066605944548,3.243370125080869e-08,4.438041548356802e-09
P03,none,1,HbO,0.5848140862607442,2.504226677466431,1.1954895114814086e-06,4.0469865097111924e-07
P03,none,1,HbR,0.7587565170820219,1.380947586945608,4.328583808413164e-07,2.1901288817253529e-07
P03,none,2,HbO,0.8484711248777528,0.7663245276849964,8.085313642460789e-07,5.7641815915505e-07
P03,none,2,HbR,0.8392275798385224,0.6789548058944123,1.86147323771907e-07,1.494234505036659e-07
P03,none,3,HbO,0.6669059194713857,1.8798757493048472,1.1299995727794174e-06,4.722522957925407e-07
P03,none,3,HbR,0.7735898997831754,1.3794598727826555,3.960079459277192e-07,1.981192976065697e-07
P03,none,4,HbO,0.8912186819179966,0.5548901096553301,3.5256698770708126e-07,2.9116954162308655e-07
P03,none,4,HbR,0.911893166209133,0.4239012055266364,8.565508842107654e-08,8.416795759698742e-08
P03,none,5,HbO,0.9084144839376225,0.5358121396486023,4.983860410599068e-07,4.008009298429643e-07
P03,none,5,HbR,0.9229682243717255,0.4026224612182234,1.1635868990487601e-07,1.1179428301219304e-07
P03,none,7,HbO,0.8614028330824318,0.7273064762685094,5.28407646902546e-07,3.8235891456599453e-07
P03,none,7,HbR,0.9021949278805145,0.46705878225685343,9.640007546253528e-08,8.916959152513545e-08
P03,none,8,HbO,0.8737737625324411,0.7296549513911113,3.2850855738453483e-07,2.3171622317137295e-07
P03,none,8,HbR,0.851952274159185,0.6331584159494471,5.620104799602139e-08,4.6540154110957466e-08
P03,none,9,HbO,0.9062749916848543,0.5754616711921102,6.160399579798504e-07,4.7506728801377274e-07
P03,none,9,HbR,0.907431449695588,0.44271811508279046,7.503513454257061e-08,7.170312760721723e-08
P03,none,10,HbO,0.9087936409640465,0.5291550354685244,3.5738347156108254e-07,2.8955984089788384e-07
P03,none,10,HbR,0.9194937538625114,0.44593049370349014,8.589747063153132e-08,7.60144905964182e-08
P03,none,11,HbO,0.8970658793590112,0.5468482158880039,2.35759632183916e-07,1.9339424841834535e-07
P03,none,11,HbR,0.8914855423311898,0.517833634623481,5.944576400670108e-08,5.205331738008442e-08
P03,none,12,HbO,0.8999918313535803,0.599063929067079,5.203815298416495e-07,3.969589973509854e-07
P03,none,12,HbR,0.718510680510269,0.7644036053953125,5.7321703134574944e-08,5.540560280771769e-08
P03,none,14,HbO,0.6413707365569735,1.8365758172506979,9.647365134248241e-07,4.1763451181946443e-07
P03,none,14,HbR,0.7610617565128541,0.9635363574414334,3.6264601334793305e-07,2.461095403120437e-07
P03,none,15,HbO,0.6740377453420516,1.9142538588840934,5.739375410001153e-07,2.3522066090816805e-07
P03,none,15,HbR,0.6582899951555248,1.8088224159542046,1.7541589253121663e-07,7.616732430026494e-08
P03,none,16,HbO,0.6935198680727326,1.349887526299,5.574818768406202e-07,3.0379214301835614e-07
P03,none,16,HbR,0.70792851282005,1.0145745807778526,1.9378184332980135e-07,1.3491743036800007e-07
P03,none,17,HbO,0.8120533573030161,0.9014384064352167,3.8007846565991907e-07,2.5354264524763076e-07
P03,none,17,HbR,0.577451984201926,1.1159436039084052,7.056949716997862e-08,5.273384097937688e-08
P03,none,18,HbO,0.9716808590512591,0.23882028320864115,6.320005983002366e-10,6.741274254530472e-10
P03,none,18,HbR,0.9490404829862921,0.32086373242623584,5.114590368032415e-10,5.750413939464154e-10
P03,none,19,HbO,0.9647673406491749,0.2654709478493483,5.103231729736745e-10,5.105126572570174e-10
P03,none,19,HbR,0.9406737382633104,0.3410175694977939,3.059506316328475e-10,3.359442301161172e-10
P03,none,20,HbO,0.23744127366677092,19.58747230228815,5.210833524466838e-07,2.6316264785456243e-08
P03,none,20,HbR,0.23730526414413597,19.371624602508852,1.6170998292169638e-07,8.25701506957639e-09
P03,none,22,HbO,0.8432155345892136,0.8420667604237394,3.6085992010801204e-07,2.4197300273945275e-07
P03,none,22,HbR,0.8275364393675065,0.7919854752724393,7.783735168702571e-08,5.6154665182429236e-08
P03,none,23,HbO,0.8455078881549799,0.7992746018907668,2.3468853824134556e-07,1.629493589340067e-07
P03,none,23,HbR,0.8434172741271619,0.7649500891621381,5.684039146729324e-08,4.095448990808096e-08
P03,wavelet,1,HbO,0.4617489318936233,1.3079967423116685,5.758603376934339e-07,4.0469865097111924e-07
P03,wavelet,1,HbR,0.4762000249043284,1.5009398919372465,3.706958277515175e-07,2.1901288817253529e-07
P03,wavelet,2,HbO,0.794049011268035,0.6984870972733629,6.560437117976334e-07,5.7641815915505e-07
P03,wavelet,2,HbR,0.6573918211595362,1.1196319988261318,2.2196573572927026e-07,1.494234505036659e-07
P03,wavelet,3,HbO,0.5549535296979712,1.1162530633936463,6.133673070476648e-07,4.722522957925407e-07
P03,wavelet,3,HbR,0.6041438432826941,1.3786648989954684,3.4258071477767496e-07,1.981192976065697e-07
P03,wavelet,4,HbO,0.9107402933296598,0.43689551188974773,3.0668660735198256e-07,2.9116954162308655e-07
P03,wavelet,4,HbR,0.8075479283266783,0.6328186568532822,8.720503540808136e-08,8.416795759698742e-08
P03,wavelet,5,HbO,0.8750265401416576,0.5312088200183251,4.382309650203892e-07,4.008009298429643e-07
P03,wavelet,5,HbR,0.7403894893187302,0.9272883942563241,1.5397520623604498e-07,1.1179428301219304e-07
P03,wavelet,7,HbO,0.8805229119191423,0.5739698730213622,4.60426917581203e-07,3.8235891456599453e-07
P03,wavelet,7,HbR,0.5629476521914585,1.2254539180492876,1.308043714424024e-07,8.916959152513545e-08
P03,wavelet,8,HbO,0.9069524195804991,0.5282383444132286,2.839538281003713e-07,2.3171622317137295e-07
P03,wavelet,8,HbR,0.5686305930251403,1.456577828656625,8.217948240348531e-08,4.6540154110957466e-08
P03,wavelet,9,HbO,0.9061250621768234,0.49607477446435816,5.534990891571505e-07,4.7506728801377274e-07
P03,wavelet,9,HbR,0.46917818186112287,1.3802092550217342,1.0960881431774707e-07,7.170312760721723e-08
P03,wavelet,10,HbO,0.9332948663428292,0.4093475378402037,3.2713331251709544e-07,2.8955984089788384e-07
P03,wavelet,10,HbR,0.8294746379841454,0.7121401439600296,9.638134140224364e-08,7.60144905964182e-08
P03,wavelet,11,HbO,0.9415840265674105,0.3727638030622975,2.129996590404151e-07,1.9339424841834535e-07
P03,wavelet,11,HbR,0.8881645644615387,0.5900488742785586,6.539792154045675e-08,5.205331738008442e-08
P03,wavelet,12,HbO,0.7935470349194826,0.6637123787624681,4.20137652847801e-07,3.969589973509854e-07
P03,wavelet,12,HbR,0.4168557705546979,1.8657240847521765,1.1326591174490973e-07,5.540560280771769e-08
P03,wavelet,14,HbO,0.6233529654470794,0.9964280205757972,5.179909271914703e-07,4.1763451181946443e-07
P03,wavelet,14,HbR,0.723218916780144,0.8675624537707051,3.0715010581116534e-07,2.461095403120437e-07
P03,wavelet,15,HbO,0.6900369034048821,1.0115259836608232,3.284824234768781e-07,2.3522066090816805e-07
P03,wavelet,15,HbR,0.6414817565908592,1.3106241430531322,1.2979925411266052e-07,7.616732430026494e-08
P03,wavelet,16,HbO,0.7901520201887129,0.7317813582898127,3.613017539883131e-07,3.0379214301835614e-07
P03,wavelet,16,HbR,0.5032386696898418,1.2602860125848336,1.9105877043574565e-07,1.3491743036800007e-07
P03,wavelet,17,HbO,0.8045779300545036,0.788875233906416,3.351723290127291e-07,2.5354264524763076e-07
P03,wavelet,17,HbR,0.25851416471329164,2.8642012617498938,1.5521274398318444e-07,5.273384097937688e-08
P03,wavelet,18,HbO,0.9580514336160507,0.28909720203530165,6.714082060689694e-10,6.741274254530472e-10
P03,wavelet,18,HbR,0.8968807621702786,0.44593966687387315,4.844324276134647e-10,5.750413939464154e-10
P03,wavelet,19,HbO,0.9614380873736522,0.28052011430815615,5.19041975976367e-10,5.105126572570174e-10
P03,wavelet,19,HbR,0.8632849419021422,0.5077037468189632,3.046273276915125e-10,3.359442301161172e-10
P03,wavelet,20,HbO,0.06323244373115834,1.1491646982747827,1.6559628661173187e-08,2.6316264785456243e-08
P03,wavelet,20,HbR,0.1153518090925669,1.0971607683669942,4.776526902719659e-09,8.25701506957639e-09
P03,wavelet,22,HbO,0.7765942672213545,0.6900535956052811,2.5561639968603683e-07,2.4197300273945275e-07
P03,wavelet,22,HbR,0.6899242824644258,1.055649301511813,8.169382323745441e-08,5.6154665182429236e-08
P03,wavelet,23,HbO,0.7259529329773295,0.8507379527396722,1.9911709705071496e-07,1.629493589340067e-07
P03,wavelet,23,HbR,0.8221418362256139,0.6624633338912403,4.75105312973182e-08,4.095448990808096e-08
P43,none,1,HbO,0.11680238942587884,1.2106535753710987,7.375347661284369e-09,9.223012936162495e-09
P43,none,1,HbR,0.6428904660309087,0.7918822141802533,4.375830239536867e-09,5.188289391908817e-09
P43,none,2,HbO,0.7024337245379351,0.8770296968239889,2.3549322225252522e-08,1.940979072293213e-08
P43,none,2,HbR,0.755703211219401,0.6902080238400392,8.225390617129587e-09,8.467558532022388e-09
P43,none,3,HbO,0.2726030849919918,0.9968246996937719,4.495876856796244e-09,8.604740418704319e-09
P43,none,3,HbR,0.4750935050616608,0.9057732374120323,3.1794611868720432e-09,4.650926773180547e-09
P43,none,4,HbO,0.7008951657913524,0.7456930773162979,8.337973644702983e-09,9.090634763610061e-09
P43,none,4,HbR,0.6646502984229619,0.7831491470792101,4.4857116997950796e-09,5.027129240502813e-09
P43,none,5,HbO,0.7853178972191124,0.88356924919979,3.732850080057245e-07,2.6367408882465787e-07
P43,none,5,HbR,0.7641740452389222,0.7845228898366446,1.0001501142337765e-07,8.262392126192933e-08
P43,none,7,HbO,0.8031032460791419,0.8179244080535031,2.252874045628981e-07,1.6525890960140448e-07
P43,none,7,HbR,0.8340590428327916,0.6362719551730579,6.791427561727281e-08,5.900902249113734e-08
P43,none,8,HbO,0.8571377159201341,0.6178181805671696,3.2946333809208574e-07,2.7506060051140073e-07
P43,none,8,HbR,0.615001815338785,0.9978106260784573,6.684762735745909e-08,5.4525328484700276e-08
P43,none,9,HbO,0.7730760186806845,0.9882533017832776,3.2107317910486564e-07,2.0973730794761617e-07
P43,none,9,HbR,0.7946366141416679,0.885180039392265,1.1317986087074438e-07,7.866307288943157e-08
P43,none,10,HbO,0.8509411983537416,0.6822226019585924,2.2963301720071908e-07,1.785278809386996e-07
P43,none,10,HbR,0.8871206434583415,0.5297276963676018,5.509557377499155e-08,4.8032112811406436e-08
P43,none,11,HbO,0.8350117644719126,0.7305696354265016,4.332147099835983e-08,3.2940219893314605e-08
P43,none,11,HbR,0.8919892923113315,0.5392652967617946,1.3791039647521803e-08,1.1628179929046533e-08
P43,none,12,HbO,0.8448088584435448,0.7314346741594675,3.2173420851946326e-07,2.39513218506391e-07
P43,none,12,HbR,0.8947216079093063,0.4571374030508356,7.140378419354424e-08,7.196582026010665e-08
P43,none,14,HbO,0.5711316206628263,1.734497090764576,3.660861659732678e-07,1.7440231757103667e-07
P43,none,14,HbR,0.7878058745541845,0.7972217047108698,1.04373618198069e-07,8.066283638121006e-08
P43,none,15,HbO,0.7550397908056713,1.0147844943241493,6.60003039643832e-08,4.315333481107433e-08
P43,none,15,HbR,0.723335176457345,0.9555129116572011,2.034442235271558e-08,1.4701812701449976e-08
P43,none,16,HbO,0.2325790030145801,1.0034858902216603,5.6041634443271235e-09,1.1909611461642064e-08
P43,none,16,HbR,0.39668980885536975,0.9318413994567721,3.5893642802640685e-09,6.543572477609229e-09
P43,none,17,HbO,0.10632725450825944,1.0208260489220622,3.815244228984971e-09,1.161775624715784e-08
P43,none,17,HbR,0.28696580561317814,0.9773806653748865,2.798428458907892e-09,5.879976796812656e-09
P43,none,18,HbO,0.9667739251516233,0.29628924795703115,6.166454382400045e-10,5.533603819427787e-10
P43,none,18,HbR,0.988974803938866,0.1493086515960737,4.501141780385203e-10,4.46532260393415e-10
P43,none,19,HbO,0.8139433137005885,0.6101288889428401,4.2216626190617717e-10,4.240327508574648e-10
P43,none,19,HbR,0.9669119681636102,0.2589357611610765,3.5768711609781105e-10,3.8767789497319023e-10
P43,none,20,HbO,0.9342310575456998,0.4426385650481641,2.577818757939697e-10,2.1548482790061868e-10
P43,none,20,HbR,0.9222071488873274,0.4404936621748603,1.1668313101815254e-10,1.0297162803635879e-10
P43,none,21,HbO,0.9121174680474676,0.4247849878299774,2.6596923257456227e-10,2.5987988275077705e-10
P43,none,21,HbR,0.924521803026847,0.45910031787951244,1.289317808761983e-10,1.0924621057938697e-10
P43,none,22,HbO,0.18223755080390866,13.14778684074437,2.3059814756074043e-07,1.7347120636975084e-08
P43,none,22,HbR,0.18527142232557528,13.444857922560514,1.3132511749041336e-07,9.660467407696413e-09
P43,none,23,HbO,0.1871121178244526,13.916940127099872,2.420041669633481e-07,1.7200937824633392e-08
P43,none,23,HbR,0.1813772048664622,13.077953619924578,1.1106307658110409e-07,8.3997040917366e-09
P43,wavelet,1,HbO,-0.3230494426064095,7.414581978396728,6.452161689531389e-08,9.223012936162495e-09
P43,wavelet,1,HbR,-0.3467955231796664,6.66895753210151,3.229433989824497e-08,5.188289391908817e-09
P43,wavelet,2,HbO,0.06477263676644918,4.493116829850319,8.587957505628532e-08,1.940979072293213e-08
P43,wavelet,2,HbR,-0.09379853067097754,4.252578119991499,3.4042006788714805e-08,8.467558532022388e-09
P43,wavelet,3,HbO,-0.3838951818450323,7.630145023898124,6.15608300349185e-08,8.604740418704319e-09
P43,wavelet,3,HbR,-0.23222146222205484,7.231514417577145,3.20872472848065e-08,4.650926773180547e-09
P43,wavelet,4,HbO,-0.024442636012032823,5.50329731617288,4.873348671521512e-08,9.090634763610061e-09
P43,wavelet,4,HbR,-0.23545726162662756,5.07287937449464,2.372636180252524e-08,5.027129240502813e-09
P43,wavelet,5,HbO,0.7679214235253345,0.7927712751654178,3.2564444814897736e-07,2.6367408882465787e-07
P43,wavelet,5,HbR,0.657207296980955,1.0857089306778465,1.1864297040580107e-07,8.262392126192933e-08
P43,wavelet,7,HbO,0.6622247692330142,0.9957807215283201,2.1694210774157534e-07,1.6525890960140448e-07
P43,wavelet,7,HbR,0.626384095550501,1.0370038466237919,7.708709083384339e-08,5.900902249113734e-08
P43,wavelet,8,HbO,0.6406450541926816,1.0023160320883475,3.519615831714256e-07,2.7506060051140073e-07
P43,wavelet,8,HbR,0.5705385652247486,1.1407633981791647,7.427004474203606e-08,5.4525328484700276e-08
P43,wavelet,9,HbO,0.6710325959403745,1.1497457480155724,3.239095602707597e-07,2.0973730794761617e-07
P43,wavelet,9,HbR,0.8528816651441719,0.6236628283089956,9.392019911821219e-08,7.866307288943157e-08
P43,wavelet,10,HbO,0.906491168928299,0.4509601501705176,1.9004280343482217e-07,1.785278809386996e-07
P43,wavelet,10,HbR,0.8015978065920676,0.7168018262409712,5.74483210675614e-08,4.8032112811406436e-08
P43,wavelet,11,HbO,0.7131093878087962,0.9240427568071304,4.3196372919117216e-08,3.2940219893314605e-08
P43,wavelet,11,HbR,0.35391906108900406,2.0996410304163735,2.5870743159116467e-08,1.1628179929046533e-08
P43,wavelet,12,HbO,0.8292538343618051,0.610628709682118,2.5720893490684476e-07,2.39513218506391e-07
P43,wavelet,12,HbR,0.5028093797726739,1.4692527258000565,1.2123134500872498e-07,7.196582026010665e-08
P43,wavelet,14,HbO,0.7418552999914367,0.7378848081438385,1.8308463648614594e-07,1.7440231757103667e-07
P43,wavelet,14,HbR,0.6313886038171014,0.998409518357949,1.0165396912214178e-07,8.066283638121006e-08
P43,wavelet,15,HbO,0.3816109563457065,1.2502476145588195,5.270840068313719e-08,4.315333481107433e-08
P43,wavelet,15,HbR,0.42046089464279207,2.0400338126537862,3.296844776282606e-08,1.4701812701449976e-08
P43,wavelet,16,HbO,-0.3815588071451136,8.335075643353377,9.364487742335561e-08,1.1909611461642064e-08
P43,wavelet,16,HbR,-0.3432385421852067,7.755840767776892,4.7891595945820073e-08,6.543572477609229e-09
P43,wavelet,17,HbO,-0.41510727258454816,8.475732556721558,9.261435368437154e-08,1.161775624715784e-08
P43,wavelet,17,HbR,-0.34150788445737834,8.373775475379926,4.668627613431108e-08,5.879976796812656e-09
P43,wavelet,18,HbO,0.9395457584358806,0.40183133625604145,6.352783514584304e-10,5.533603819427787e-10
P43,wavelet,18,HbR,0.9161864230690567,0.40691215846545237,4.397825593143054e-10,4.46532260393415e-10
P43,wavelet,19,HbO,0.7171336870826401,0.7435387621095586,4.1157055000055093e-10,4.240327508574648e-10
P43,wavelet,19,HbR,0.9311066294373607,0.36905876676100546,3.397713589796695e-10,3.8767789497319023e-10
P43,wavelet,20,HbO,0.9254724172850263,0.40820665536144696,2.3214778937220075e-10,2.1548482790061868e-10
P43,wavelet,20,HbR,0.9386887855018771,0.366101380245867,1.0932330932667127e-10,1.0297162803635879e-10
P43,wavelet,21,HbO,0.9374740379221719,0.3482522537526934,2.4656434036008136e-10,2.5987988275077705e-10
P43,wavelet,21,HbR,0.9136881919228327,0.45198470334497737,1.2138338942150346e-10,1.0924621057938697e-10
P43,wavelet,22,HbO,-0.14044481087688093,6.763428507848475,1.1308081475200495e-07,1.7347120636975084e-08
P43,wavelet,22,HbR,-0.15798618980527265,6.308176551327037,5.8378735379393437e-08,9.660467407696413e-09
P43,wavelet,23,HbO,-0.06992667065954321,6.438935582044378,1.0769897905254612e-07,1.7200937824633392e-08
P43,wavelet,23,HbR,-0.2052065846336053,6.600030666100446,5.284470753790895e-08,8.3997040917366e-09
P12,none,1,HbO,0.4274785476380558,2.5745158343328987,1.0428698549191897e-06,3.6746133844858205e-07
P12,none,1,HbR,0.30886561129335743,4.6396014947004325,8.685799505046025e-07,1.7909195366754896e-07
P12,none,7,HbO,0.34312174768288856,3.5740152426082985,1.8194258909771215e-06,4.798696301621711e-07
P12,none,7,HbR,0.12926748407418642,13.294828233890339,1.4667113691539528e-06,1.095618785760104e-07
P12,none,8,HbO,0.3149664082350086,3.6442365400406076,2.03645717477466e-06,5.312360897207374e-07
P12,none,8,HbR,0.23573627917009074,8.658156008281752,1.283990185289092e-06,1.4526222912337014e-07
P12,none,9,HbO,0.23598990696510588,4.070764530625181,1.7647058982006854e-06,4.212650472421536e-07
P12,none,9,HbR,0.14367926576716386,10.480469129111246,1.1276749142863152e-06,1.0661252868279174e-07
P12,none,12,HbO,0.1935527985060583,5.370065024616328,2.759390436302454e-06,5.041608651638975e-07
P12,none,12,HbR,0.1788689662035744,8.72164202954903,1.9441501464181325e-06,2.1980622356297697e-07
P12,none,14,HbO,0.1835767264861572,5.594722787310796,2.5723499430114425e-06,4.5198254187957194e-07
P12,none,14,HbR,0.25527211727744686,8.93258615730909,1.729509646522762e-06,1.8932087198832343e-07
P12,none,17,HbO,0.37681735886924755,9.021176296234222,2.0830076122639243e-06,2.2277412385557144e-07
P12,none,17,HbR,0.3024989246525878,5.5834546850747016,1.1704699632337265e-06,2.0166645856352239e-07
P12,none,18,HbO,0.2960501256125854,13.383709914146067,1.3681816252416001e-08,1.00265247694184e-09
P12,none,18,HbR,0.27062132144782614,14.22553888350249,1.3077901951026773e-08,9.041984006952596e-10
P12,none,19,HbO,0.2880024512751698,12.310790891303347,8.980199992721503e-09,7.149000207935592e-10
P12,none,19,HbR,0.2639741372621036,12.737998846932248,9.108121424421586e-09,7.024975645202781e-10
P12,none,20,HbO,0.2200142535366256,21.794623169354775,8.527030488158224e-09,3.8771926419471213e-10
P12,none,20,HbR,0.2480599314019819,28.348365928429637,1.311648275514747e-08,4.589413295051987e-10
P12,none,21,HbO,0.1399568281148727,15.453463326111887,4.3236449649300746e-09,2.7783949055291037e-10
P12,none,21,HbR,0.23581902719974818,22.76100838894228,6.472982617203497e-09,2.8172715579893416e-10
P12,none,22,HbO,0.38019969802342096,5.3908758228232125,1.9752828524556576e-06,3.470808136422077e-07
P12,none,22,HbR,0.34659169636746734,5.373445046299951,1.3761319324202408e-06,2.441021268911842e-07
P12,wavelet,1,HbO,0.6615011503586575,0.9162052935050626,4.358389072223987e-07,3.6746133844858205e-07
P12,wavelet,1,HbR,0.42603546384063873,2.4445546126351134,4.821334847338534e-07,1.7909195366754896e-07
P12,wavelet,7,HbO,0.7762482353409029,0.6850102173346317,5.009659360192025e-07,4.798696301621711e-07
P12,wavelet,7,HbR,0.34180576671243235,1.6716365802011084,1.887439623284955e-07,1.095618785760104e-07
P12,wavelet,8,HbO,0.8225087366021782,0.6231572698520348,5.721931124735312e-07,5.312360897207374e-07
P12,wavelet,8,HbR,0.5986174787701809,1.2926633738565954,2.3424894920076925e-07,1.4526222912337014e-07
P12,wavelet,9,HbO,0.6006005889277782,1.505836446098605,7.895437286553497e-07,4.212650472421536e-07
P12,wavelet,9,HbR,0.3294554407149589,2.1935691728531523,2.4573485530951807e-07,1.0661252868279174e-07
P12,wavelet,12,HbO,0.34783117891777354,2.1650752665353696,1.1566015609456915e-06,5.041608651638975e-07
P12,wavelet,12,HbR,0.4650495680023251,1.1391527623259794,2.59582623432978e-07,2.1980622356297697e-07
P12,wavelet,14,HbO,0.25954443373097213,2.6845976400259692,1.2465172979347604e-06,4.5198254187957194e-07
P12,wavelet,14,HbR,0.34457813874905774,1.5582592680322893,3.0069388439840585e-07,1.8932087198832343e-07
P12,wavelet,17,HbO,0.4217427568404208,1.9050094641608557,4.6708410521250393e-07,2.2277412385557144e-07
P12,wavelet,17,HbR,0.18390573871312382,2.9773664908076194,6.026671125931081e-07,2.0166645856352239e-07
P12,wavelet,18,HbO,0.26608411174298635,1.6965834204299677,1.6590171508351764e-09,1.00265247694184e-09
P12,wavelet,18,HbR,0.07653682769051999,1.619961836238357,1.2185652383265966e-09,9.041984006952596e-10
P12,wavelet,19,HbO,0.3703973688406791,1.550436893884239,1.1487499911646392e-09,7.149000207935592e-10
P12,wavelet,19,HbR,-0.01115514141831294,1.700435208386726,9.535154951535679e-10,7.024975645202781e-10
P12,wavelet,20,HbO,0.5272782844558649,1.089516359128536,4.687371794330032e-10,3.8771926419471213e-10
P12,wavelet,20,HbR,0.08983878770350788,1.8919574947207523,7.763439340174121e-10,4.589413295051987e-10
P12,wavelet,21,HbO,0.5491001241577381,1.4382974321272022,4.757273419547707e-10,2.7783949055291037e-10
P12,wavelet,21,HbR,0.4722797033095771,1.1926009285696741,3.589866926147397e-10,2.8172715579893416e-10
P12,wavelet,22,HbO,0.34864019161143406,1.535936628056063,5.41831685924415e-07,3.470808136422077e-07
P12,wavelet,22,HbR,0.052308273434825185,2.957258710834095,6.901748834693313e-07,2.441021268911842e-07
P57,none,1,HbO,0.528792750276788,1.8748055152699015,4.6333178709439513e-07,2.1056001920618205e-07
P57,none,1,HbR,0.4221229569773082,1.503568535395662,1.412202696536469e-07,8.7091201375942e-08
P57,none,2,HbO,0.6371098632195582,1.2867167357675868,7.830591707713064e-08,4.6966155796811006e-08
P57,none,2,HbR,0.6760701386533383,1.1581798970700172,2.5916231770167757e-08,1.6511684529746847e-08
P57,none,3,HbO,0.7391403242776831,1.1878359723242582,4.793546376265423e-07,2.790963757957788e-07
P57,none,3,HbR,0.7829495827873174,0.8176380560610813,1.3479600881515744e-07,1.02632853167323e-07
P57,none,4,HbO,0.651910429571987,0.8434183770307287,1.0202954770876808e-08,1.0004146527831374e-08
P57,none,4,HbR,0.7892725265479,0.6256571227129915,4.736874619755151e-09,5.237355772336889e-09
P57,none,5,HbO,0.9411595956522907,0.39573665080308107,4.4192297413131024e-07,3.853598559775171e-07
P57,none,5,HbR,0.9009936883156274,0.4615340514781788,1.0616431964110328e-07,1.0031777106018206e-07
P57,none,7,HbO,0.9204027687405401,0.4931384351872328,3.3664987440776124e-07,2.7574576826951484e-07
P57,none,7,HbR,0.7585777540363865,0.694209266049327,4.949778887900058e-08,4.9598459537389647e-08
P57,none,8,HbO,0.8457648174058879,0.7458033679820995,9.934322382864362e-08,7.268830998670441e-08
P57,none,8,HbR,0.8200696742304924,0.6334766286928603,2.3815694505164542e-08,2.184729883398338e-08
P57,none,9,HbO,0.9137641000194311,0.5057340775774616,3.6808362001803815e-07,3.030261381180546e-07
P57,none,9,HbR,0.4193834873595152,1.167853242836983,5.456859270030344e-08,4.7294406870815307e-08
P57,none,10,HbO,0.9403233629280181,0.4230355405289875,3.7134307519557146e-07,3.116318919773077e-07
P57,none,10,HbR,0.5981349041705634,1.3328610668149028,1.2394828648035892e-07,7.452566785696562e-08
P57,none,11,HbO,0.9467487541298948,0.37899631880589385,3.545764857464516e-07,3.0929143898450906e-07
P57,none,11,HbR,0.8345429881015892,0.5880971192196072,4.7552156375028415e-08,4.5728740059104585e-08
P57,none,12,HbO,0.7079315810303526,1.199603482478411,5.41528092252285e-07,3.2280927646190706e-07
P57,none,12,HbR,0.4683196071728603,4.514562754412738,3.187560242884273e-07,6.51112556507052e-08
P57,none,14,HbO,0.5236764024195326,2.007707406651565,4.510399158002786e-07,1.9262383581568034e-07
P57,none,14,HbR,0.5239742498604726,2.41757168149338,2.976374360541263e-07,1.0681275977654852e-07
P57,none,15,HbO,0.7665746942770999,0.937579080213703,2.926434440264317e-07,2.0186427422676946e-07
P57,none,15,HbR,0.870459359911957,0.5588771258817072,1.3909756153212308e-07,1.2254074576753458e-07
P57,none,16,HbO,0.6819246444629284,1.166163911462235,3.4886149459069376e-07,2.1938677612783624e-07
P57,none,16,HbR,0.560642234255347,1.2609677093736504,9.486644552454868e-08,6.2758264511816e-08
P57,none,17,HbO,0.8074277333625006,0.9310958113859124,3.0368797381465167e-07,1.987826539850107e-07
P57,none,17,HbR,0.33409461328545303,1.3552763061499544,4.353800665723711e-08,3.3294243910664803e-08
P57,none,18,HbO,0.8845522554015073,0.5070941278376209,6.956005501161219e-10,6.420582379428725e-10
P57,none,18,HbR,0.9344699579207385,0.3571162722266199,4.5194548240157415e-10,4.960870451783943e-10
P57,none,19,HbO,0.9532124650850834,0.33460067136053145,4.0228102921588553e-10,3.668304369625141e-10
P57,none,19,HbR,0.8895839366709998,0.4627915663306927,3.4816588159573914e-10,4.2542539609186167e-10
P57,none,20,HbO,0.3738512958536975,4.585873673579843,5.710005635583043e-06,1.1737296986050047e-06
P57,none,20,HbR,0.3519612912957924,4.01789074656642,1.0409143758732169e-06,2.4439132043063473e-07
P57,none,21,HbO,0.37997384337431567,4.5864872113103505,8.041539059967267e-06,1.6505357343764697e-06
P57,none,21,HbR,0.32880360212694193,4.649931793076974,3.002143964372743e-06,6.149761888845073e-07
P57,none,22,HbO,0.6042910884142496,1.7999868606146212,6.51600506928484e-07,2.937363782464567e-07
P57,none,22,HbR,0.48076528901902027,1.5763683565435338,9.083123836528615e-08,5.07247277135061e-08
P57,none,23,HbO,0.509329552065097,2.1194939251939506,6.436808233013075e-07,2.631392256442123e-07
P57,none,23,HbR,0.14467383147483756,3.1512403503715873,1.896891485419769e-07,6.048292881724911e-08
P57,wavelet,1,HbO,0.5962450325495939,1.2238336359162116,3.200147172270937e-07,2.1056001920618205e-07
P57,wavelet,1,HbR,0.4168723034763311,1.6474274562131954,1.5561303097626178e-07,8.7091201375942e-08
P57,wavelet,2,HbO,0.15067126964341865,4.200701071556066,1.97938737811313e-07,4.6966155796811006e-08
P57,wavelet,2,HbR,0.7488579209294786,0.822911608515215,2.040862086625528e-08,1.6511684529746847e-08
P57,wavelet,3,HbO,0.5249766262250242,1.1907620295769177,3.7893291893012716e-07,2.790963757957788e-07
P57,wavelet,3,HbR,0.5555456509639263,1.6097425825462497,1.984068864388855e-07,1.02632853167323e-07
P57,wavelet,4,HbO,-0.021935368789684846,5.4378556330759835,5.2998644898687e-08,1.0004146527831374e-08
P57,wavelet,4,HbR,-0.170337528978055,4.658549041599819,2.2839700742399704e-08,5.237355772336889e-09
P57,wavelet,5,HbO,0.8279484270741977,0.6059033792959354,4.0728338233092584e-07,3.853598559775171e-07
P57,wavelet,5,HbR,0.5646009508282642,1.470159922833069,1.782666354262092e-07,1.0031777106018206e-07
P57,wavelet,7,HbO,0.6453357071038359,0.9498164561170024,3.328579991095778e-07,2.7574576826951484e-07
P57,wavelet,7,HbR,0.36090042441025943,2.1105404767054368,1.1154198309792787e-07,4.9598459537389647e-08
P57,wavelet,8,HbO,0.8410814590468495,0.7095597430487304,9.449149614142823e-08,7.268830998670441e-08
P57,wavelet,8,HbR,0.4602983764010206,1.5648168544441798,3.808002304108835e-08,2.184729883398338e-08
P57,wavelet,9,HbO,0.7071816499247383,0.8218244734453176,3.4041611057554226e-07,3.030261381180546e-07
P57,wavelet,9,HbR,0.30614058195841404,1.7397727117726183,8.333707688837588e-08,4.7294406870815307e-08
P57,wavelet,10,HbO,0.805406880686772,0.6720434618929227,3.4959885061714865e-07,3.116318919773077e-07
P57,wavelet,10,HbR,0.37124195325029796,1.5284195428127958,1.1800099214670646e-07,7.452566785696562e-08
P57,wavelet,11,HbO,0.7357232320507663,0.8017346139440772,3.5905096404353853e-07,3.0929143898450906e-07
P57,wavelet,11,HbR,0.35980849215549304,1.8480470842779615,8.9342091270836e-08,4.5728740059104585e-08
P57,wavelet,12,HbO,0.6249411472926071,1.1778862721350747,4.858901413069855e-07,3.2280927646190706e-07
P57,wavelet,12,HbR,0.003913718347205979,4.66780394911688,2.9626736239833096e-07,6.51112556507052e-08
P57,wavelet,14,HbO,0.33768290005743085,2.0438395845407937,4.1300538766817576e-07,1.9262383581568034e-07
P57,wavelet,14,HbR,0.3244751429042487,2.0244995943801563,2.253518825384923e-07,1.0681275977654852e-07
P57,wavelet,15,HbO,0.7564900986221069,0.9076394952515733,2.7975147991142166e-07,2.0186427422676946e-07
P57,wavelet,15,HbR,0.5733687434321969,1.0411848547827192,1.4899210749352346e-07,1.2254074576753458e-07
P57,wavelet,16,HbO,0.6012567942489885,1.0077534265558092,2.665369804190571e-07,2.1938677612783624e-07
P57,wavelet,16,HbR,0.4473645803028806,2.1704808987607414,1.516316269487824e-07,6.2758264511816e-08
P57,wavelet,17,HbO,0.7422228994092266,0.7448795835878038,2.121547409285307e-07,1.987826539850107e-07
P57,wavelet,17,HbR,-0.07532723419064165,3.0995222759127077,9.478396369245785e-08,3.3294243910664803e-08
P57,wavelet,18,HbO,0.7958512244053081,0.6308932526090572,6.242829693981208e-10,6.420582379428725e-10
P57,wavelet,18,HbR,0.8978054092804826,0.4523202054687508,4.965523032159203e-10,4.960870451783943e-10
P57,wavelet,19,HbO,0.9057469579596207,0.4671611626916313,4.0434128684614704e-10,3.668304369625141e-10
P57,wavelet,19,HbR,0.8422654283575028,0.5399878271282018,3.481833016305349e-10,4.2542539609186167e-10
P57,wavelet,20,HbO,-0.08869891289292564,3.3043778451980272,3.5770549836804905e-06,1.1737296986050047e-06
P57,wavelet,20,HbR,0.12373625705559264,2.506577452302667,5.906116265849526e-07,2.4439132043063473e-07
P57,wavelet,21,HbO,-0.17966586380387314,3.1292248483332425,4.584511541859117e-06,1.6505357343764697e-06
P57,wavelet,21,HbR,0.0206078355378461,3.5003302398358356,2.069440487130517e-06,6.149761888845073e-07
P57,wavelet,22,HbO,0.6375760449044712,1.0349426233139292,3.902771376526692e-07,2.937363782464567e-07
P57,wavelet,22,HbR,0.4521349680299722,1.9010749879161446,1.0808361215801212e-07,5.07247277135061e-08
P57,wavelet,23,HbO,0.4609328115721685,1.557845159519115,4.578290125811e-07,2.631392256442123e-07
P57,wavelet,23,HbR,-0.07625085459385562,5.3847768458464005,3.1436662106873646e-07,6.048292881724911e-08
P05,none,1,HbO,0.7160124311428152,1.5189817604491613,4.494789428378642e-07,2.1766647052028758e-07
P05,none,1,HbR,0.7329563774039207,1.4228085987528194,1.7220403297787088e-07,8.68577067442211e-08
P05,none,2,HbO,0.9499838802817524,0.36283293949386003,2.646406438471427e-07,2.332354779911196e-07
P05,none,2,HbR,0.897754093016372,0.47519349043011416,7.557692256013488e-08,7.026630093637226e-08
P05,none,3,HbO,0.7633255284853113,1.2257211656251001,3.2167161721931254e-07,1.7822602363458544e-07
P05,none,3,HbR,0.8157740487371847,1.101421562292826,1.4771692814359578e-07,8.425997152237123e-08
P05,none,4,HbO,0.9528306195532995,0.3440895797924576,1.4581245387180957e-07,1.3084667792606242e-07
P05,none,4,HbR,0.9028170593433031,0.4670039877677202,4.715090920612719e-08,4.346387114248971e-08
P05,none,5,HbO,0.834234376376229,0.7992618307153924,4.29278779677096e-07,3.0390521336474655e-07
P05,none,5,HbR,0.8123484671860307,0.6582342904416657,1.0730740045608679e-07,9.602370084270605e-08
P05,none,7,HbO,0.9687713875903061,0.2603448674885217,1.4468405919645122e-07,1.381401384854928e-07
P05,none,7,HbR,0.9402213214327443,0.3557303504205112,5.257078349164667e-08,5.0411091456103346e-08
P05,none,8,HbO,0.9463857404129828,0.3686362540531904,1.4163470516728686e-07,1.2602140516159012e-07
P05,none,8,HbR,0.9487258197755376,0.3446524260008874,3.889812810784542e-08,3.5833942527282506e-08
P05,none,9,HbO,0.9458103315322859,0.3547549178150593,1.8499946091093338e-07,1.6994575232548467e-07
P05,none,9,HbR,0.9302091629066103,0.42489065968989903,7.886892172853436e-08,6.893048823973525e-08
P05,none,10,HbO,0.7865899986176476,0.879102076671178,2.6442751214140677e-07,1.872318461748022e-07
P05,none,10,HbR,0.6726649335961855,1.3160655324100943,1.3489658589723222e-07,7.66026977212241e-08
P05,none,11,HbO,0.6980418025334033,1.1501728537857654,1.99950029932489e-07,1.2511611210928774e-07
P05,none,11,HbR,0.7229599082879532,1.1058015459333823,9.416528631001397e-08,5.935931230019916e-08
P05,none,12,HbO,0.7239690872503461,1.1751490122329808,2.6875602831253686e-07,1.6042674252625233e-07
P05,none,12,HbR,0.7146110360764184,1.2408564010292196,9.165862511542794e-08,5.269357138003831e-08
P05,none,14,HbO,0.5433423187823544,2.2739026034111114,4.872680455936294e-07,1.834199227296547e-07
P05,none,14,HbR,0.64364031440543,1.794406328224108,1.5746513386637997e-07,6.947080356809649e-08
P05,none,15,HbO,0.7021514332257803,1.5562224806596967,1.8455165828369366e-08,8.849374471279944e-09
P05,none,15,HbR,0.723742711660887,1.3592220795200662,1.1430927325227015e-08,6.033142128682531e-09
P05,none,16,HbO,0.8670980500052627,0.6138092651100354,1.9527669082198475e-07,1.5931669985075742e-07
P05,none,16,HbR,0.8320463396813016,0.7491859799703098,1.7364437889286983e-07,1.3001820123304085e-07
P05,none,17,HbO,0.9486929874172825,0.3456405060841795,1.6794520719625652e-07,1.5437887236291203e-07
P05,none,17,HbR,0.9252831530885002,0.45479971695730226,8.737210683017195e-08,7.429284401872412e-08
P05,none,18,HbO,0.9831310532625926,0.19109177677627184,7.4366559361790885e-09,7.167325804331607e-09
P05,none,18,HbR,0.977857289844461,0.22176206843301238,7.944012708119675e-09,7.559168148911238e-09
P05,none,19,HbO,0.9791890787344238,0.20604951876325678,5.012961961389639e-09,4.9417796063821e-09
P05,none,19,HbR,0.9791950003311483,0.21189736102465312,4.39718406125571e-09,4.229918285447478e-09
P05,none,20,HbO,0.7655016237832768,1.158280614812783,5.134048949352882e-08,2.9704852256874477e-08
P05,none,20,HbR,0.794030417388969,1.2894980574518935,3.2574954484572307e-08,1.6867532172646893e-08
P05,none,21,HbO,0.8057984561810785,1.0540473790457954,4.9179432591752336e-08,2.9317149180286534e-08
P05,none,21,HbR,0.7468128258167845,1.321991118795978,3.5001064560408715e-08,1.8528803669074955e-08
P05,none,22,HbO,0.839765445852471,0.6364013589412364,4.2510164430551076e-08,3.628413396481267e-08
P05,none,22,HbR,0.7645174570452369,0.8680095846614413,1.907046058832239e-08,1.4173454467666405e-08
P05,none,23,HbO,0.9026825733365069,0.529178978196332,8.792997673897903e-08,7.264382589997802e-08
P05,none,23,HbR,0.8301228248768614,0.6459951919005847,2.7415318838301073e-08,2.371104289380372e-08
P05,wavelet,1,HbO,0.5937339948398723,1.155612723097745,3.093405822718153e-07,2.1766647052028758e-07
P05,wavelet,1,HbR,0.6095541568390295,1.306734215391476,1.4317224351630506e-07,8.68577067442211e-08
P05,wavelet,2,HbO,0.763760734251171,0.7798102853235371,2.8008650749979e-07,2.332354779911196e-07
P05,wavelet,2,HbR,0.41001266222189114,1.7522313923639345,1.3331513500481873e-07,7.026630093637226e-08
P05,wavelet,3,HbO,0.6744855050812041,1.2227671429091234,2.936335655507025e-07,1.7822602363458544e-07
P05,wavelet,3,HbR,0.5846117611207313,1.3631687330004358,1.4156062148502126e-07,8.425997152237123e-08
P05,wavelet,4,HbO,0.6728878418534083,1.0527180137327596,1.8514174889598353e-07,1.3084667792606242e-07
P05,wavelet,4,HbR,0.8175786603681514,0.7278617868131232,5.474564430537703e-08,4.346387114248971e-08
P05,wavelet,5,HbO,0.5858616030612339,1.1797890125332455,4.3670104159147766e-07,3.0390521336474655e-07
P05,wavelet,5,HbR,0.8780481591149167,0.511700793038059,1.016294230538403e-07,9.602370084270605e-08
P05,wavelet,7,HbO,0.6930121180867641,0.9530978987111065,1.809102810646072e-07,1.381401384854928e-07
P05,wavelet,7,HbR,0.9073344898924092,0.45185701442178716,5.408403696589217e-08,5.0411091456103346e-08
P05,wavelet,8,HbO,0.6687578135601787,1.1312010840625801,1.9083149171556685e-07,1.2602140516159012e-07
P05,wavelet,8,HbR,0.7496746909096796,0.8270589743371,4.4519226394134366e-08,3.5833942527282506e-08
P05,wavelet,9,HbO,0.7077553537990497,1.0480312492414032,2.506887987732994e-07,1.6994575232548467e-07
P05,wavelet,9,HbR,0.8634130964148257,0.5885850634066553,8.037929159522959e-08,6.893048823973525e-08
P05,wavelet,10,HbO,0.6691161781297454,0.9710389529076194,2.4193506807299424e-07,1.872318461748022e-07
P05,wavelet,10,HbR,0.5933568896337588,1.3355861052393418,1.2704283286652938e-07,7.66026977212241e-08
P05,wavelet,11,HbO,0.6137743501876664,1.1805708043492134,1.8647538061986118e-07,1.2511611210928774e-07
P05,wavelet,11,HbR,0.6422484021585498,1.276082638777358,9.861870453970722e-08,5.935931230019916e-08
P05,wavelet,12,HbO,0.5932009757781326,1.2002231684658153,2.3730017829947813e-07,1.6042674252625233e-07
P05,wavelet,12,HbR,0.6525870228381792,1.223424903574396,8.49434285810629e-08,5.269357138003831e-08
P05,wavelet,14,HbO,0.5809446499690827,1.4616828113821532,3.2810963372818706e-07,1.834199227296547e-07
P05,wavelet,14,HbR,0.683974530947892,1.1231163796376458,1.0683679931977068e-07,6.947080356809649e-08
P05,wavelet,15,HbO,-0.02385725864317772,4.260517927391406,3.626250612671679e-08,8.849374471279944e-09
P05,wavelet,15,HbR,0.14115344273208894,3.1509325315929866,1.8814983000703227e-08,6.033142128682531e-09
P05,wavelet,16,HbO,0.601957354390966,1.3384359928331286,2.6627779133287067e-07,1.5931669985075742e-07
P05,wavelet,16,HbR,0.5566466059526769,1.3211990580853605,2.0518444205969516e-07,1.3001820123304085e-07
P05,wavelet,17,HbO,0.5449120169226407,1.4369629221326436,2.6297267189773494e-07,1.5437887236291203e-07
P05,wavelet,17,HbR,0.4384530444387656,1.5167704923279557,1.2281590988521899e-07,7.429284401872412e-08
P05,wavelet,18,HbO,0.9136959460154724,0.41607040038104043,7.178012977662488e-09,7.167325804331607e-09
P05,wavelet,18,HbR,0.9301052549100293,0.3737116096109143,7.543280512193612e-09,7.559168148911238e-09
P05,wavelet,19,HbO,0.9193690630765096,0.4092883300599605,5.0982854436904156e-09,4.9417796063821e-09
P05,wavelet,19,HbR,0.9045190878674049,0.44250074382944365,4.320973706069974e-09,4.229918285447478e-09
P05,wavelet,20,HbO,-0.04741922782795051,3.936688589408563,1.1116985785581555e-07,2.9704852256874477e-08
P05,wavelet,20,HbR,0.36413370397088357,2.1059862171859782,3.785568806466402e-08,1.6867532172646893e-08
P05,wavelet,21,HbO,0.37469231553450955,2.9729618499731116,9.339640514506879e-08,2.9317149180286534e-08
P05,wavelet,21,HbR,0.056735401955351136,2.8574524539912116,5.042160344186415e-08,1.8528803669074955e-08
P05,wavelet,22,HbO,0.259648731817906,2.717120303998102,1.011043638895056e-07,3.628413396481267e-08
P05,wavelet,22,HbR,0.32154928036585995,2.529881201284337,3.7634820652624104e-08,1.4173454467666405e-08
P05,wavelet,23,HbO,0.8364954963975854,0.70170224550999,9.243342777917549e-08,7.264382589997802e-08
P05,wavelet,23,HbR,0.5068557366980538,2.077697980928201,5.6609233567040415e-08,2.371104289380372e-08
P09,none,1,HbO,0.5962800515122484,1.3462323683353228,4.245526556585355e-07,2.5321529739391646e-07
P09,none,1,HbR,0.37718743684417394,1.8373328980996433,8.069673738248608e-08,4.1088787223353985e-08
P09,none,2,HbO,0.5459704647346131,1.69473387279932,1.3406680709062106e-06,6.640958189613704e-07
P09,none,2,HbR,0.7015140970704855,0.7590966562167059,9.711496035354024e-08,1.0099168550317296e-07
P09,none,3,HbO,0.9497109811250662,0.35674368349165086,3.414479735974112e-07,3.0490927154816976e-07
P09,none,3,HbR,0.9101792486659228,0.42564359752415337,8.983407464742262e-08,8.927659059388705e-08
P09,none,4,HbO,0.5927701342294576,1.6412667965941317,5.920869294558483e-07,2.92726469798114e-07
P09,none,4,HbR,0.6335058449581952,1.172550115414887,1.0072026073969194e-07,6.650599816918019e-08
P09,none,5,HbO,0.8403066197220314,0.7522029074608395,5.362507395706102e-07,3.937900127790434e-07
P09,none,5,HbR,0.8448135166964587,0.631419703708035,1.6427498197768306e-07,1.3923558529985286e-07
P09,none,7,HbO,0.4479196940094133,2.439027244936591,5.517171179139974e-07,2.0306054495691422e-07
P09,none,7,HbR,0.37711811151328245,4.546865352049873,3.1857654673864047e-07,6.597621592241011e-08
P09,none,8,HbO,0.405450262564663,4.027632866718252,1.3245854538849659e-06,3.060621665659592e-07
P09,none,8,HbR,0.5011512245701316,1.9978993018928741,1.527171322896674e-07,6.63441100444163e-08
P09,none,9,HbO,0.398966367515979,3.414503908104984,8.866682532867659e-07,2.4042521692155814e-07
P09,none,9,HbR,0.35544408848123976,3.8327549107486774,2.7448773328209453e-07,6.740109537214391e-08
P09,none,10,HbO,0.35231359499169596,5.325440138798716,1.578379005167018e-06,2.8211375659827297e-07
P09,none,10,HbR,0.39312817504500963,3.8511404363960797,2.2077231514682661e-07,5.341836239629529e-08
P09,none,11,HbO,0.5172765366878989,2.0370461994366,4.33421780945373e-07,1.8323406138372463e-07
P09,none,11,HbR,0.583050509139582,1.4673496924018605,9.989974502837043e-08,5.5349616741072546e-08
P09,none,12,HbO,0.4182921837880157,4.252815532488044,1.120475876815879e-06,2.450335469023253e-07
P09,none,12,HbR,0.44499709780165625,2.4177092168200645,1.3678299818245495e-07,5.083884741161809e-08
P09,none,14,HbO,0.5425364492271302,2.122264341458688,3.1338688250041187e-07,1.257851770561057e-07
P09,none,14,HbR,0.544872923666186,1.9256844031865683,9.534245194698448e-08,4.185314894327564e-08
P09,none,15,HbO,0.4951742337499175,3.2395667315617,5.521117446483908e-07,1.5268724173680937e-07
P09,none,15,HbR,0.4777559352852294,2.7650813151197986,1.784928766117287e-07,5.759756737432232e-08
P09,none,16,HbO,0.5349161882632545,0.9017762294258289,1.0635220277376028e-08,1.260423925107434e-08
P09,none,16,HbR,0.6099731946133871,0.8944554797513516,7.061402603283288e-09,6.892845306586198e-09
P09,none,17,HbO,0.45388652454072487,1.0082129774178505,1.120172317242244e-08,1.2179507117353393e-08
P09,none,17,HbR,0.7701259767753131,0.6615812143156595,6.441271482272058e-09,6.821374802284453e-09
P09,none,18,HbO,0.9320043849204617,0.3860718619993843,6.576217267453387e-10,6.190878180842666e-10
P09,none,18,HbR,0.9030144846193838,0.43189023778088836,4.805498698794321e-10,5.54346760259122e-10
P09,none,19,HbO,0.8988334808508932,0.4860692100862645,5.33002735973244e-10,4.806826099608752e-10
P09,none,19,HbR,0.8513191757562064,0.5268759877458462,3.201401571660051e-10,3.9107948878817917e-10
P09,none,20,HbO,0.2400191067450076,19.67241147842738,6.158388941826033e-08,3.0964628495528973e-09
P09,none,20,HbR,0.2398106083556167,19.65305901729039,3.330910453369723e-08,1.6764462868375896e-09
P09,none,21,HbO,0.2400119868545308,19.745662541035795,5.962966638067243e-08,2.9871893849068185e-09
P09,none,21,HbR,0.24019703758339253,19.70233213903689,3.069176075935888e-08,1.5408592558811464e-09
P09,none,22,HbO,0.5308009975533629,0.9071004759680719,9.692222364126576e-09,1.1445410192198856e-08
P09,none,22,HbR,0.6600755033918311,0.7782534442225796,5.529026892084684e-09,6.46327108516557e-09
P09,none,23,HbO,0.6458041870281566,0.7905551768185316,9.170640550096433e-09,1.0784152513315346e-08
P09,none,23,HbR,0.43338755877509727,1.1096536300014255,6.484137958524586e-09,6.051828067921729e-09
P09,wavelet,1,HbO,0.7212826906669458,0.79485263023917,2.8133680895873025e-07,2.5321529739391646e-07
P09,wavelet,1,HbR,0.3097589445445548,2.3838081595035185,1.0230090421307992e-07,4.1088787223353985e-08
P09,wavelet,2,HbO,0.5405358140896657,1.164340355859463,8.90920829012002e-07,6.640958189613704e-07
P09,wavelet,2,HbR,0.22739359993711974,1.6485920715160711,1.5730719970134516e-07,1.0099168550317296e-07
P09,wavelet,3,HbO,0.5871504398924229,0.9716887357301788,3.415665832049897e-07,3.0490927154816976e-07
P09,wavelet,3,HbR,0.4145097023729412,1.2889675904847502,1.1809907191063509e-07,8.927659059388705e-08
P09,wavelet,4,HbO,0.482077840603657,1.3827799952482815,4.527878833118452e-07,2.92726469798114e-07
P09,wavelet,4,HbR,0.5390653360588639,1.374454526201297,1.0807112135837296e-07,6.650599816918019e-08
P09,wavelet,5,HbO,0.8787636356586547,0.48894421666148946,3.878618195103977e-07,3.937900127790434e-07
P09,wavelet,5,HbR,0.8119864809207212,0.636053019701567,1.480993388459954e-07,1.3923558529985286e-07
P09,wavelet,7,HbO,0.33578606545693185,1.924459081474094,4.0724313364072475e-07,2.0306054495691422e-07
P09,wavelet,7,HbR,0.3467251723339021,2.054177594836173,1.4308853431601126e-07,6.597621592241011e-08
P09,wavelet,8,HbO,0.13634592837584042,3.208119337657995,9.72183062278194e-07,3.060621665659592e-07
P09,wavelet,8,HbR,0.32593367788279,2.2877526193309796,1.5948462462673354e-07,6.63441100444163e-08
P09,wavelet,9,HbO,0.2912116036686669,2.4194726762667527,6.020478836023795e-07,2.4042521692155814e-07
P09,wavelet,9,HbR,0.16591736247597552,3.0756503217539053,2.0696849131450462e-07,6.740109537214391e-08
P09,wavelet,10,HbO,0.5531139863379566,1.0020752434818927,3.1308056657935146e-07,2.8211375659827297e-07
P09,wavelet,10,HbR,0.6342358424450831,1.4677165912857972,1.0051019702446593e-07,5.341836239629529e-08
P09,wavelet,11,HbO,0.31188148806917587,2.2362014655269427,4.2682704006548314e-07,1.8323406138372463e-07
P09,wavelet,11,HbR,0.35063472687851466,3.2541133926669286,1.9119261539976037e-07,5.5349616741072546e-08
P09,wavelet,12,HbO,0.03509092074873209,3.7429661280178874,8.894744291753476e-07,2.450335469023253e-07
P09,wavelet,12,HbR,0.07516037894456985,4.698136961772052,2.3710709054996572e-07,5.083884741161809e-08
P09,wavelet,14,HbO,0.5779398142765964,1.8375791578019796,2.7900931481488827e-07,1.257851770561057e-07
P09,wavelet,14,HbR,0.2988437006936991,2.5966411506306817,1.1339193633105918e-07,4.185314894327564e-08
P09,wavelet,15,HbO,0.33660341138369265,1.701099784264365,2.671991178528232e-07,1.5268724173680937e-07
P09,wavelet,15,HbR,0.35824196262967145,1.829638208632951,1.1126292603249298e-07,5.759756737432232e-08
P09,wavelet,16,HbO,-0.29381626070741673,6.123298270753201,7.215991355032007e-08,1.260423925107434e-08
P09,wavelet,16,HbR,0.14097000113825525,5.191629103521684,3.5923862059180174e-08,6.892845306586198e-09
P09,wavelet,17,HbO,-0.2821516631699601,5.982290884393374,6.813450382274341e-08,1.2179507117353393e-08
P09,wavelet,17,HbR,-0.04432308878125441,5.4837026446255965,3.6295589676030496e-08,6.821374802284453e-09
P09,wavelet,18,HbO,0.7798231219847123,0.6940403583559879,6.664020330917075e-10,6.190878180842666e-10
P09,wavelet,18,HbR,0.8895717611473815,0.47342870202125187,5.62085486488352e-10,5.54346760259122e-10
P09,wavelet,19,HbO,0.8865506853809842,0.4816930316256686,4.905329524462263e-10,4.806826099608752e-10
P09,wavelet,19,HbR,0.7774984704243686,0.6319366305571418,3.2390864410677934e-10,3.9107948878817917e-10
P09,wavelet,20,HbO,0.45980662114601173,0.8904333056123912,1.626250649511486e-09,3.0964628495528973e-09
P09,wavelet,20,HbR,0.45108540586852935,0.8952893917616604,8.750120031818841e-10,1.6764462868375896e-09
P09,wavelet,21,HbO,0.451808024757515,0.8953216202717045,1.5753363247157035e-09,2.9871893849068185e-09
P09,wavelet,21,HbR,0.45872471993735553,0.8907286969552204,8.020703053437089e-10,1.5408592558811464e-09
P09,wavelet,22,HbO,-0.2596122706354101,6.353266106146429,6.855048827277492e-08,1.1445410192198856e-08
P09,wavelet,22,HbR,-0.1888560329252894,5.85063940340778,3.5874945212937764e-08,6.46327108516557e-09
P09,wavelet,23,HbO,-0.25348028213000046,6.330801120837086,6.440892819373984e-08,1.0784152513315346e-08
P09,wavelet,23,HbR,-0.16540077237592907,5.808824983214987,3.347376394937054e-08,6.051828067921729e-09
P63,none,1,HbO,0.9516111682141508,0.3437193362299982,2.5981231024486993e-07,2.3500064027518954e-07
P63,none,1,HbR,0.9409134290254809,0.38258407086277363,1.3163814241795037e-07,1.177375473281689e-07
P63,none,2,HbO,0.8792452486626701,0.5900859857017398,6.041027024997854e-07,4.921477073826448e-07
P63,none,2,HbR,0.4901383310372467,1.2042349712653821,5.743448861378405e-08,4.3478107526992876e-08
P63,none,3,HbO,0.9461870264400056,0.34098904829867566,2.8623190205054405e-07,2.7171831880431055e-07
P63,none,3,HbR,0.9600952338203768,0.3141804750561601,1.1317697118889917e-07,1.0258902826893906e-07
P63,none,4,HbO,0.9121243284785376,0.47331957228367627,3.053017436772504e-07,2.6576365050903707e-07
P63,none,4,HbR,0.8782025954386679,0.5040327306746811,3.557419030602779e-08,3.437766950890604e-08
P63,none,5,HbO,0.9353891497434997,0.4096186773121347,2.4700744684635446e-07,2.1626990658177404e-07
P63,none,5,HbR,0.9037004021318154,0.4481744142046593,4.861907483914667e-08,4.694018502735385e-08
P63,none,7,HbO,0.8693694884869234,0.6104130615572337,2.2958330892660444e-07,1.8706764707308775e-07
P63,none,7,HbR,0.8377299289136491,0.6529682350914795,5.928380229260552e-08,4.960107140954026e-08
P63,none,8,HbO,0.9076597962230885,0.46834538684914345,3.806206151262952e-07,3.414225670376193e-07
P63,none,8,HbR,0.8721980249289022,0.5164728415161601,8.652575684172977e-08,8.351299676016797e-08
P63,none,9,HbO,0.8784677036055955,0.6095452820613843,4.032785375626293e-07,3.208388953657658e-07
P63,none,9,HbR,0.8661149114764265,0.5210373567206248,5.525398693482183e-08,5.4540700726299626e-08
P63,none,10,HbO,0.8771803180265576,0.6157880039131279,4.24374380890384e-07,3.3607989584173864e-07
P63,none,10,HbR,0.8585327359927852,0.5141927805574602,4.582191008212665e-08,5.109213092527816e-08
P63,none,11,HbO,0.8764054343704459,0.6228563597037863,3.9145262503096003e-07,3.078914349987634e-07
P63,none,11,HbR,0.8477282673769725,0.5649332799691109,4.0706467902491543e-08,3.907430774673336e-08
P63,none,12,HbO,0.8677979215949703,0.638956715260681,4.6676187499901745e-07,3.676830962558492e-07
P63,none,12,HbR,0.831768775499944,0.6200581845805772,4.809135105423377e-08,4.343137707824807e-08
P63,none,14,HbO,0.9556993040820138,0.3204186030065094,3.464088554318929e-07,3.2007205531709454e-07
P63,none,14,HbR,0.9344092145860868,0.39007086439157146,9.952152890377529e-08,9.103964052193965e-08
P63,none,15,HbO,0.9506164410050675,0.3288613028563296,3.9175872622078464e-07,3.698220262589519e-07
P63,none,15,HbR,0.9255808279969056,0.4277273534184004,1.3467608352577118e-07,1.1974942868534726e-07
P63,none,16,HbO,0.7967675259745636,1.0337956025283914,5.281879134748533e-07,3.2296810803638653e-07
P63,none,16,HbR,0.7917520002211846,0.8135240316641413,2.0732551959089428e-07,1.5604755250503028e-07
P63,none,17,HbO,0.5935787373041246,1.8633859369796142,3.535211888624382e-07,1.554494946738151e-07
P63,none,17,HbR,0.5486998169516341,1.7402269995512925,3.086044696124078e-07,1.4873144128677475e-07
P63,none,18,HbO,0.9496781140032774,0.3259419011649583,9.301490700578814e-09,8.96700864301513e-09
P63,none,18,HbR,0.972779254768252,0.2356534202521934,1.1391320353823723e-08,1.1220305496747951e-08
P63,none,19,HbO,0.9770833011956783,0.2190392796763469,5.709541406035126e-09,5.556376421154561e-09
P63,none,19,HbR,0.9574662825607448,0.3051562169706973,5.697291641138737e-09,5.402932448704483e-09
P63,none,20,HbO,0.7508022831296645,1.0385264781169679,5.315846785149141e-07,3.424723726836907e-07
P63,none,20,HbR,0.5252287195461341,1.6236878134156774,2.2047277460190182e-07,1.155525675387915e-07
P63,none,21,HbO,0.558454148587198,1.784677751343328,5.469743798728125e-07,2.5576568065120604e-07
P63,none,21,HbR,0.6587616436780825,1.1185207312104564,8.198552242024869e-08,5.5156022782082476e-08
P63,none,22,HbO,0.5405100263802365,1.8804721238733688,4.60702659353222e-07,2.0731348036299906e-07
P63,none,22,HbR,0.3051682385716551,2.3131637781406513,8.853513125381385e-08,3.6687722998213e-08
P63,none,23,HbO,0.5639203589993654,2.131680782674829,1.2831433225891937e-06,5.073525611935186e-07
P63,none,23,HbR,0.5680599349546682,1.320717612221421,9.605179880332955e-08,5.999639992060118e-08
P63,wavelet,1,HbO,0.4834143930199898,1.2384380604894187,3.180839371701718e-07,2.3500064027518954e-07
P63,wavelet,1,HbR,0.7765561113619908,0.9548727772375238,1.7588565339285897e-07,1.177375473281689e-07
P63,wavelet,2,HbO,0.8368806818458335,0.5809750613925573,5.076452272702183e-07,4.921477073826448e-07
P63,wavelet,2,HbR,0.44686380803584336,1.860276309372301,9.034276149069125e-08,4.3478107526992876e-08
P63,wavelet,3,HbO,0.5699705990022113,1.0450187870060665,3.29397327770194e-07,2.7171831880431055e-07
P63,wavelet,3,HbR,0.7317138689380099,1.1127122038949313,1.6516085700487996e-07,1.0258902826893906e-07
P63,wavelet,4,HbO,0.8294981088952086,0.6147450704375775,2.8854136543110286e-07,2.6576365050903707e-07
P63,wavelet,4,HbR,0.4924119241961292,1.4197815619929832,5.53903902173645e-08,3.437766950890604e-08
P63,wavelet,5,HbO,0.8585797109107657,0.5794798454118726,2.436906690938786e-07,2.1626990658177404e-07
P63,wavelet,5,HbR,0.5085203054100353,1.3189823566488117,7.066510771353592e-08,4.694018502735385e-08
P63,wavelet,7,HbO,0.6711158294248029,0.9573336999813967,2.377039545231481e-07,1.8706764707308775e-07
P63,wavelet,7,HbR,0.8524699744361096,0.5777641967613826,5.448256145346677e-08,4.960107140954026e-08
P63,wavelet,8,HbO,0.6105276809674363,1.172560172728527,5.011615035779321e-07,3.414225670376193e-07
P63,wavelet,8,HbR,0.6166991773584425,1.1257830506155189,1.1826356315463368e-07,8.351299676016797e-08
P63,wavelet,9,HbO,0.911290916065926,0.48455524818435936,3.743296580585261e-07,3.208388953657658e-07
P63,wavelet,9,HbR,0.47096167255481564,1.4505851330869945,8.831263551924246e-08,5.4540700726299626e-08
P63,wavelet,10,HbO,0.9005594457005534,0.48527161758037907,3.75028242586794e-07,3.3607989584173864e-07
P63,wavelet,10,HbR,0.41821347242487356,1.3552372118535179,7.262245844230251e-08,5.109213092527816e-08
P63,wavelet,11,HbO,0.8401642796400085,0.6139493917211313,3.472720054609775e-07,3.078914349987634e-07
P63,wavelet,11,HbR,0.6068586888251501,0.8982683827540068,3.98893733590051e-08,3.907430774673336e-08
P63,wavelet,12,HbO,0.8534826435298976,0.5560746014032016,3.851504714712991e-07,3.676830962558492e-07
P63,wavelet,12,HbR,0.2988081651157446,2.3569872976572133,1.0638722969668252e-07,4.343137707824807e-08
P63,wavelet,14,HbO,0.429507877459218,1.4454507786096729,4.96244797997979e-07,3.2007205531709454e-07
P63,wavelet,14,HbR,0.7005220247531951,1.0369509351542117,1.3216798078500579e-07,9.103964052193965e-08
P63,wavelet,15,HbO,0.39413323565874697,1.4560374081744516,5.60684055363761e-07,3.698220262589519e-07
P63,wavelet,15,HbR,0.5973819321914365,1.3969793635395453,2.0811862070738544e-07,1.1974942868534726e-07
P63,wavelet,16,HbO,0.4154687974119363,1.4064117724514626,4.798397518367363e-07,3.2296810803638653e-07
P63,wavelet,16,HbR,0.7223708691183618,1.2851560014121304,2.8162109709143886e-07,1.5604755250503028e-07
P63,wavelet,17,HbO,0.26665901514170287,1.6596486183206172,2.5106880750571715e-07,1.554494946738151e-07
P63,wavelet,17,HbR,0.5257971076114565,1.3824519193025329,2.39844856915038e-07,1.4873144128677475e-07
P63,wavelet,18,HbO,0.9091490275440975,0.4738736508168388,1.0176753523566627e-08,8.96700864301513e-09
P63,wavelet,18,HbR,0.9150798927146355,0.40554767186407564,1.07469734129635e-08,1.1220305496747951e-08
P63,wavelet,19,HbO,0.8979096734467132,0.48870451800485687,6.161287135032353e-09,5.556376421154561e-09
P63,wavelet,19,HbR,0.9390164917411045,0.36229762830298984,5.689580539039885e-09,5.402932448704483e-09
P63,wavelet,20,HbO,0.45483696559245634,1.4054627213789335,5.258644370253034e-07,3.424723726836907e-07
P63,wavelet,20,HbR,0.5812549157465329,1.4128666072573637,2.0029692199540656e-07,1.155525675387915e-07
P63,wavelet,21,HbO,0.6969705543406852,0.8836157284937781,3.102855720705191e-07,2.5576568065120604e-07
P63,wavelet,21,HbR,0.450481509488624,1.9571643412028905,1.207545329529539e-07,5.5156022782082476e-08
P63,wavelet,22,HbO,0.6027957870398484,1.0524740229603669,2.660764625325975e-07,2.0731348036299906e-07
P63,wavelet,22,HbR,0.11815744779658345,2.3063185498910714,8.041954115668482e-08,3.6687722998213e-08
P63,wavelet,23,HbO,0.3324627500962899,1.8432941443623265,9.681965958434804e-07,5.073525611935186e-07
P63,wavelet,23,HbR,0.6291786678316984,0.9126263633088108,6.616740982269294e-08,5.999639992060118e-08
P14,none,1,HbO,0.406352877235397,1.7353195926731988,1.856317157963035e-08,9.868150099972949e-09
P14,none,1,HbR,0.5084248955765991,0.9739591634047374,5.220580426355449e-09,5.428708005094721e-09
P14,none,2,HbO,0.593665618654657,0.8985121492758645,1.0909926623975014e-08,1.104463680312664e-08
P14,none,2,HbR,0.7390785846461715,0.734649892239282,6.3615397716430615e-09,6.1751161585471345e-09
P14,none,3,HbO,0.6329236306120837,1.3317684846519657,3.643111374365837e-08,2.1225906679460612e-08
P14,none,3,HbR,0.5662855536711541,1.2645777673832115,1.2674635484031568e-08,8.316633257286754e-09
P14,none,4,HbO,0.6538395357233989,0.8134320384348291,6.784048890121093e-09,7.174702001537134e-09
P14,none,4,HbR,0.6959484299747353,0.8036772121538511,4.577545832567484e-09,4.352863128307927e-09
P14,none,5,HbO,0.7853522947077687,0.8352934598903796,2.5713365219314055e-07,1.9103350490175735e-07
P14,none,5,HbR,0.7399594696882154,0.750546877733851,5.500943770944819e-08,5.134862198188023e-08
P14,none,7,HbO,0.8803001966207843,0.6069181841565715,1.749802940092456e-07,1.3900832039469583e-07
P14,none,7,HbR,0.8724544029076271,0.5746509867344608,4.900387604008106e-08,4.1713329370299663e-08
P14,none,8,HbO,0.3382120758365641,9.42386097213461,1.9861601552434027e-06,2.0444334148225862e-07
P14,none,8,HbR,0.37569092788837466,5.798919098340497,2.2848775446933615e-07,3.745653597820109e-08
P14,none,9,HbO,0.34792460111376583,9.330823332293459,4.2494636718607445e-06,4.412035028911152e-07
P14,none,9,HbR,0.5782626410474017,1.2404044075838887,7.938427730282377e-08,5.250457091507228e-08
P14,none,10,HbO,0.7795911491262871,0.8994076225397726,3.349373555867828e-07,2.350345985305697e-07
P14,none,10,HbR,0.9196547663475722,0.43096901542350274,9.400270275607477e-08,8.568309434234504e-08
P14,none,11,HbO,0.8044044400806003,0.8375296146583526,2.31171454364442e-07,1.6574451536735424e-07
P14,none,11,HbR,0.7776447129906242,0.8281539324653141,5.294060735058759e-08,4.02079138058899e-08
P14,none,12,HbO,0.7480052848224934,1.0705069404805962,3.526318938734795e-07,2.2206955715100746e-07
P14,none,12,HbR,0.7370068860359159,1.0184571218741194,1.0146361335160853e-07,6.769346803713477e-08
P14,none,14,HbO,0.5715054144198145,1.990386075698629,9.727569977366252e-07,4.078886179018232e-07
P14,none,14,HbR,0.7619155415611062,1.1098268969873373,3.8331417796579255e-07,2.304749202424654e-07
P14,none,15,HbO,0.5625269688897315,1.885847335803755,1.0349042779146293e-06,4.584339648999977e-07
P14,none,15,HbR,0.7523107672706209,1.0841418116143586,3.6832594831639797e-07,2.2830326555115427e-07
P14,none,16,HbO,0.06293385126312491,3.336595648606984,3.084945906445671e-08,9.50358168227003e-09
P14,none,16,HbR,0.07024378102568508,2.569565526249558,1.3894533641490097e-08,5.701553411616362e-09
P14,none,17,HbO,0.05540017902869759,3.122213655603998,2.91010487380516e-08,9.658014985878446e-09
P14,none,17,HbR,0.027589673757013523,2.86295180025682,1.4033379253963896e-08,5.180894549311021e-09
P14,none,18,HbO,0.9225220840845795,0.38686657811989744,5.565198256964496e-10,5.968555476479059e-10
P14,none,18,HbR,0.9687861087747329,0.2514711101076015,5.193363539124127e-10,5.604428244517865e-10
P14,none,19,HbO,0.9427389720205163,0.33527566348217724,4.80908082592803e-10,5.282832103183752e-10
P14,none,19,HbR,0.9331779976616581,0.3742221720998242,3.061532945952355e-10,2.962425521868461e-10
P14,none,22,HbO,0.25661285173827786,2.341260326810407,4.095247050625059e-08,1.7144666108821822e-08
P14,none,22,HbR,0.21908955101421798,2.4267101623888605,1.4297239696589143e-08,5.8615973640499254e-09
P14,none,23,HbO,0.35056481952022317,1.7138759077486165,2.5685245991076277e-08,1.43857002222396e-08
P14,none,23,HbR,0.3067786092883401,1.8965221457248693,1.0040513375356328e-08,5.1597736064821274e-09
P14,wavelet,1,HbO,-0.14577941191106053,8.542986433938733,8.188214150667936e-08,9.868150099972949e-09
P14,wavelet,1,HbR,-0.2644034662165134,6.962385550428597,3.581320808431018e-08,5.428708005094721e-09
P14,wavelet,2,HbO,-0.21057371506105046,6.779387451605262,7.140537051055611e-08,1.104463680312664e-08
P14,wavelet,2,HbR,-0.08525931116739993,6.192844842001821,3.702783604593188e-08,6.1751161585471345e-09
P14,wavelet,3,HbO,0.09646452998285455,4.365457043252094,9.180892219960136e-08,2.1225906679460612e-08
P14,wavelet,3,HbR,-0.09516372021804038,4.474229750757997,3.5312029029630064e-08,8.316633257286754e-09
P14,wavelet,4,HbO,-0.11196705883018625,6.642116139764281,4.608090334598772e-08,7.174702001537134e-09
P14,wavelet,4,HbR,-0.05065411779515328,5.540789022913102,2.338484456505247e-08,4.352863128307927e-09
P14,wavelet,5,HbO,0.7304414352591152,0.7348858571638827,1.9120365674693342e-07,1.9103350490175735e-07
P14,wavelet,5,HbR,0.03582174906569488,2.266961519000706,1.0590221347316405e-07,5.134862198188023e-08
P14,wavelet,7,HbO,0.6079829262987761,1.2926883779388054,2.2525130018641224e-07,1.3900832039469583e-07
P14,wavelet,7,HbR,0.734131713477436,0.8909357053133474,5.454313300698854e-08,4.1713329370299663e-08
P14,wavelet,8,HbO,-0.17315015037097506,1.603720394953958,2.2325203014156464e-07,2.0444334148225862e-07
P14,wavelet,8,HbR,0.21237847594952913,1.2929462027010805,3.9584801172385544e-08,3.745653597820109e-08
P14,wavelet,9,HbO,-0.2202888657587613,1.5836888989206401,4.532555642077234e-07,4.412035028911152e-07
P14,wavelet,9,HbR,0.1054749810083435,1.7746589820302368,8.242210850613283e-08,5.250457091507228e-08
P14,wavelet,10,HbO,0.682096914968135,1.0288531600253186,3.291015126980666e-07,2.350345985305697e-07
P14,wavelet,10,HbR,0.8497812977363238,0.5755231384463263,9.259281658673802e-08,8.568309434234504e-08
P14,wavelet,11,HbO,0.7722268844498336,0.7513878257714207,1.9429582029474046e-07,1.6574451536735424e-07
P14,wavelet,11,HbR,0.6264708155928245,1.3863054349830275,7.112146126416823e-08,4.02079138058899e-08
P14,wavelet,12,HbO,0.7288120582180582,0.8636893620316846,2.7872079210449645e-07,2.2206955715100746e-07
P14,wavelet,12,HbR,0.5327033066205739,1.3876400606730546,1.1049883896136947e-07,6.769346803713477e-08
P14,wavelet,14,HbO,0.49556307160223306,1.071491998408927,4.5805355293874557e-07,4.078886179018232e-07
P14,wavelet,14,HbR,0.32841583527215473,1.2549843306187995,2.661394902517999e-07,2.304749202424654e-07
P14,wavelet,15,HbO,0.5920001524194833,0.9634405713527668,5.130487735038643e-07,4.584339648999977e-07
P14,wavelet,15,HbR,0.6014704893606844,0.9013930066558505,2.3262174172129918e-07,2.2830326555115427e-07
P14,wavelet,16,HbO,-0.2894264425421526,10.19325975425485,9.322194401808492e-08,9.50358168227003e-09
P14,wavelet,16,HbR,-0.3962026523508912,9.593185781195826,5.1921389352061284e-08,5.701553411616362e-09
P14,wavelet,17,HbO,-0.38669598417697215,10.510420374107875,9.689107241012903e-08,9.658014985878446e-09
P14,wavelet,17,HbR,-0.3325131305994118,10.018566924159616,4.969960587389031e-08,5.180894549311021e-09
P14,wavelet,18,HbO,0.8970351852938048,0.4461922132504098,5.689176592466649e-10,5.968555476479059e-10
P14,wavelet,18,HbR,0.9221091315042007,0.38933207158402305,4.941968701533055e-10,5.604428244517865e-10
P14,wavelet,19,HbO,0.9161979699687861,0.40331364707453704,5.077031846712632e-10,5.282832103183752e-10
P14,wavelet,19,HbR,0.8139873088946924,0.60902292786945,2.9520203072239205e-10,2.962425521868461e-10
P14,wavelet,22,HbO,-0.2197197435724636,8.323819138858347,1.3727064200927865e-07,1.7144666108821822e-08
P14,wavelet,22,HbR,-0.22412823548480498,6.7365102319690555,3.756397252591813e-08,5.8615973640499254e-09
P14,wavelet,23,HbO,-0.27090449287932905,8.616925113198105,1.1868594528052084e-07,1.43857002222396e-08
P14,wavelet,23,HbR,-0.2855873021308675,7.5160298327239055,3.680193654338863e-08,5.1597736064821274e-09
P48,none,1,HbO,0.858169848262448,0.6747338551893132,3.253038019194784e-07,2.510359177857205e-07
P48,none,1,HbR,0.8658175151933695,0.523561991416484,5.140472008038204e-08,5.043211999942306e-08
P48,none,2,HbO,0.4118161697826835,1.0140333657809324,1.1696823788887173e-08,1.3786129382964705e-08
P48,none,2,HbR,0.5316980996400451,0.9449455729315593,6.515795813705032e-09,6.854054259519026e-09
P48,none,3,HbO,0.8044848756463238,0.8192558356799382,1.6061154330349203e-07,1.1737354911310066e-07
P48,none,3,HbR,0.8132465742714615,0.6561534940192051,3.708620639743615e-08,3.32232056922932e-08
P48,none,4,HbO,0.3573932886022212,1.0434591618665767,6.900304228112918e-09,8.450608469654219e-09
P48,none,4,HbR,0.587972448109512,0.8959485761357587,4.4421600612361624e-09,4.564663150040935e-09
P48,none,5,HbO,0.38652538489341076,0.9671236076958029,4.6414355894298865e-09,6.90855853440603e-09
P48,none,5,HbR,0.42309783947899715,0.9448856614510482,2.58439464167826e-09,3.783788403384068e-09
P48,none,7,HbO,0.4583351584004907,0.9288999405185077,5.655236101964397e-09,7.833640613672906e-09
P48,none,7,HbR,0.5133357912808123,0.9053831360414365,3.596921858019595e-09,4.504335435461074e-09
P48,none,8,HbO,0.8096891628652687,0.8981562569436196,1.5336722858730152e-07,1.0295972964761902e-07
P48,none,8,HbR,0.7223569301669399,1.1087337772124302,5.0206545356721174e-08,3.160025049559495e-08
P48,none,9,HbO,0.787079130835987,0.997225922143574,3.3148027736671603e-07,2.1105163840265854e-07
P48,none,9,HbR,0.8734826085014046,0.5649706068128966,5.557199651841622e-08,4.7905261323835524e-08
P48,none,10,HbO,0.8222307703491931,0.8109727624228023,2.65962224948113e-07,1.8998242436640744e-07
P48,none,10,HbR,0.8931348723582991,0.4666585588956104,4.2073129477291446e-08,4.135345962050868e-08
P48,none,11,HbO,0.7238159099240649,1.1517837939473163,6.262894482014269e-08,3.8048031571867165e-08
P48,none,11,HbR,0.6823738544740265,0.9303928289371164,1.2495514064299152e-08,9.947655415857077e-09
P48,none,12,HbO,0.698133240642761,1.3457385866121623,4.520618712005699e-07,2.4600571570765027e-07
P48,none,12,HbR,0.7056135288250803,1.1206318787767937,6.977420758938109e-08,4.4335681139298944e-08
P48,none,14,HbO,0.6960229860345811,1.2338105635413483,3.195912887010645e-07,1.880748078225195e-07
P48,none,14,HbR,0.7360884325868506,1.0408966555381747,6.907833007088452e-08,4.52427958583615e-08
P48,none,15,HbO,0.7819433959534312,0.9024437459084457,1.6465067844354328e-07,1.1477868959919354e-07
P48,none,15,HbR,0.8223366285254358,0.7471369306625687,3.925826200636393e-08,3.00475463210858e-08
P48,none,16,HbO,0.7406615086810897,1.2873489036025532,6.558954531957964e-07,3.5670593046443465e-07
P48,none,16,HbR,0.7708428318443148,0.774532846977896,1.0907441183207113e-07,9.005734692023619e-08
P48,none,17,HbO,0.8183845803067276,0.8609249033791084,1.9136689674010456e-07,1.3114790040019653e-07
P48,none,17,HbR,0.8008464113716699,0.8766174348616563,4.723785988772767e-08,3.2805179571313276e-08
P48,none,18,HbO,0.6104693450771701,1.6922055420795599,2.073577553404084e-09,9.846745541106288e-10
P48,none,18,HbR,0.7984748168400133,0.8034418225312772,1.1727675746404377e-09,8.815405157408269e-10
P48,none,19,HbO,0.7783576826598989,0.8787468047041334,9.072162672475507e-10,6.512322204545627e-10
P48,none,19,HbR,0.702290960984958,0.7973349959408683,6.730456449856227e-10,6.346642666583401e-10
P48,none,20,HbO,0.4385453046041615,10.510615970424256,1.4722712340122309e-06,1.3494365093393926e-07
P48,none,20,HbR,0.45141372949191094,10.134782392300414,3.7475975129372196e-07,3.553426564673316e-08
P48,none,21,HbO,0.4425564991501306,10.41936143241229,1.1653571844691133e-06,1.0767560527680469e-07
P48,none,21,HbR,0.44444875336473266,10.2401194955963,4.1528454567201055e-07,3.901249538825542e-08
P48,none,22,HbO,0.08435509363241027,1.056038300352736,4.95223374955461e-09,1.161386536726114e-08
P48,none,22,HbR,0.34199829859377573,0.9545422610528678,3.1181488100906866e-09,6.217943175362575e-09
P48,none,23,HbO,0.3718018753938689,1.0125331026347668,9.277537944969947e-09,1.2022063021851439e-08
P48,none,23,HbR,0.17508988397089637,1.1120151317916027,3.992475359835812e-09,5.805740113932772e-09
P48,wavelet,1,HbO,0.8874719524851533,0.5047437461237978,2.7445552081548667e-07,2.510359177857205e-07
P48,wavelet,1,HbR,0.23483638525675346,2.527851460448867,1.2892524920558236e-07,5.043211999942306e-08
P48,wavelet,2,HbO,-0.24886678205717644,6.774174566636415,8.855420493670913e-08,1.3786129382964705e-08
P48,wavelet,2,HbR,-0.18687074772550658,6.713882914417698,4.4019783262951704e-08,6.854054259519026e-09
P48,wavelet,3,HbO,0.516117244932721,1.3592619674758186,1.836350294357069e-07,1.1737354911310066e-07
P48,wavelet,3,HbR,0.646854618541404,1.014590274988874,4.365480091982176e-08,3.32232056922932e-08
P48,wavelet,4,HbO,-0.2908685054800884,7.16176962624635,5.7231008622795686e-08,8.450608469654219e-09
P48,wavelet,4,HbR,-0.2493190883798757,6.477782770349762,2.795857635696183e-08,4.564663150040935e-09
P48,wavelet,5,HbO,-0.28358773771000023,7.4329806289981315,4.8717339235213913e-08,6.90855853440603e-09
P48,wavelet,5,HbR,-0.33410719877762557,7.254621378229701,2.5821481505596178e-08,3.783788403384068e-09
P48,wavelet,7,HbO,-0.2027569404550867,7.262129894834022,5.450539232199196e-08,7.833640613672906e-09
P48,wavelet,7,HbR,-0.3694233222595263,6.481176815904027,2.7090062773083844e-08,4.504335435461074e-09
P48,wavelet,8,HbO,0.595984210295841,1.3148253892016843,1.6777056236932683e-07,1.0295972964761902e-07
P48,wavelet,8,HbR,0.5001305886025642,1.329586068457541,4.749353421881024e-08,3.160025049559495e-08
P48,wavelet,9,HbO,0.7894175647115262,0.7888512670762065,2.70345963870943e-07,2.1105163840265854e-07
P48,wavelet,9,HbR,0.6067327766497308,1.5239015093325021,9.113154705788779e-08,4.7905261323835524e-08
P48,wavelet,10,HbO,0.8169544089089132,0.6673813523399593,2.185934770726474e-07,1.8998242436640744e-07
P48,wavelet,10,HbR,0.43419888473707513,1.5893257670333014,7.197579956374407e-08,4.135345962050868e-08
P48,wavelet,11,HbO,0.47277935999869014,1.9256448108422408,8.274340241555483e-08,3.8048031571867165e-08
P48,wavelet,11,HbR,-0.014600523962125446,2.8756335172466336,2.654422429533489e-08,9.947655415857077e-09
P48,wavelet,12,HbO,0.5334893244043949,1.5155939970685741,4.386084770461e-07,2.4600571570765027e-07
P48,wavelet,12,HbR,0.6299037824103696,1.022833129955701,5.733762716225016e-08,4.4335681139298944e-08
P48,wavelet,14,HbO,0.5333488570509654,1.4282797082006464,3.155334606473465e-07,1.880748078225195e-07
P48,wavelet,14,HbR,0.3887799627830501,1.6413479940702098,7.904562715941846e-08,4.52427958583615e-08
P48,wavelet,15,HbO,0.5165909439834029,1.336625372029152,1.7638306438832166e-07,1.1477868959919354e-07
P48,wavelet,15,HbR,0.5288788989377484,1.261464763124086,4.3868358815391305e-08,3.00475463210858e-08
P48,wavelet,16,HbO,0.563282876464443,1.1612658206422135,4.900901952380051e-07,3.5670593046443465e-07
P48,wavelet,16,HbR,0.73484225398422,0.9433335433728511,1.250883256805907e-07,9.005734692023619e-08
P48,wavelet,17,HbO,0.6417220192442853,1.2140208968466208,2.0676843006726208e-07,1.3114790040019653e-07
P48,wavelet,17,HbR,0.43204683644843495,1.7605740035959578,6.354465676937077e-08,3.2805179571313276e-08
P48,wavelet,18,HbO,0.7961991510233628,0.6865535543079954,1.1034529230713947e-09,9.846745541106288e-10
P48,wavelet,18,HbR,0.8367424598869967,0.5583650221177864,8.334942829207558e-10,8.815405157408269e-10
P48,wavelet,19,HbO,0.7743950055165315,0.7020296219448099,7.023519851180664e-10,6.512322204545627e-10
P48,wavelet,19,HbR,0.8313788292476593,0.5614525234194824,5.769813168454646e-10,6.346642666583401e-10
P48,wavelet,20,HbO,0.15190162992289946,1.814070494371576,2.2525788693625363e-07,1.3494365093393926e-07
P48,wavelet,20,HbR,0.152397417992366,1.7781060588419293,5.780438655452648e-08,3.553426564673316e-08
P48,wavelet,21,HbO,0.15114175034558697,1.8071654812805211,1.787579867972392e-07,1.0767560527680469e-07
P48,wavelet,21,HbR,0.15032469672993676,1.7848665479043666,6.369281787643321e-08,3.901249538825542e-08
P48,wavelet,22,HbO,-0.3646448998795231,8.271451684842166,9.075856089862413e-08,1.161386536726114e-08
P48,wavelet,22,HbR,-0.34873231977849684,7.735277941414139,4.5345073060180023e-08,6.217943175362575e-09
P48,wavelet,23,HbO,-0.36751684859315414,7.560875619401133,8.535473145288726e-08,1.2022063021851439e-08
P48,wavelet,23,HbR,-0.3053384452500521,7.693168880470412,4.233451231078616e-08,5.805740113932772e-09
P61,none,1,HbO,0.8041424955755534,0.8419790697528289,5.115134757982133e-07,3.653141205040728e-07
P61,none,1,HbR,0.7401446792374675,0.7653857906027619,7.699519840967848e-08,6.964165060434748e-08
P61,none,2,HbO,0.9503857641537997,0.37803064103187106,7.146920147504291e-07,6.13572371027441e-07
P61,none,2,HbR,0.9485931526272857,0.3552984255338741,1.5391783547745397e-07,1.3869336578626467e-07
P61,none,3,HbO,0.8691605061298731,0.6480105389936892,5.145840370570886e-07,3.996474676840701e-07
P61,none,3,HbR,0.879323974769319,0.5025253226156817,1.1455733231473562e-07,1.102351289322351e-07
P61,none,4,HbO,0.9081362126945994,0.5100419341734304,3.469253522535099e-07,2.8933504408264653e-07
P61,none,4,HbR,0.9013328042183345,0.5040069137503194,7.808621063431956e-08,6.737218228832373e-08
P61,none,5,HbO,0.9345420322745447,0.45589759314307815,5.504848419922245e-07,4.5156339377235956e-07
P61,none,5,HbR,0.953434146458106,0.3303288300020708,1.0875487179666946e-07,9.994302737225281e-08
P61,none,7,HbO,0.9622410045208094,0.32659618154027215,3.7461254424686167e-07,3.2789970867532223e-07
P61,none,7,HbR,0.9401643933566767,0.36804506754660704,7.739148799560315e-08,7.170461765744205e-08
P61,none,8,HbO,0.5116897619780338,6.1796233695951575,1.144719882404803e-06,1.7262388532756774e-07
P61,none,8,HbR,0.5142526866515965,6.139946465817193,3.4120045620197143e-07,5.1744036250298125e-08
P61,none,9,HbO,0.5110008294608394,6.191724162177116,2.6219673781114836e-06,3.9471010476013777e-07
P61,none,9,HbR,0.5190534019014104,6.067304868637605,2.6797762696947104e-07,4.106401915594273e-08
P61,none,10,HbO,0.8752251453138574,0.6658769176671394,4.5086053678835266e-07,3.384104764233384e-07
P61,none,10,HbR,0.9228147932972923,0.3897632060980393,1.0929109314672636e-07,1.1132046237586984e-07
P61,none,11,HbO,0.889921815902601,0.5832138053949679,3.4128462174323327e-07,2.723466799302496e-07
P61,none,11,HbR,0.856405208755255,0.5619156115528533,6.545706296436374e-08,6.072412147680665e-08
P61,none,12,HbO,0.8660258063719861,0.6930996997125329,4.5296412825182506e-07,3.365418821770631e-07
P61,none,12,HbR,0.569759816330134,1.1553378943953074,1.161125820888663e-07,8.402937081425295e-08
P61,none,14,HbO,0.8408972243765623,0.758595315936109,3.9376758776865555e-07,2.8692660493847667e-07
P61,none,14,HbR,0.9173498193408041,0.420134640010505,1.0012284229139372e-07,9.52060771671277e-08
P61,none,15,HbO,0.8420823720377689,0.6984744025926665,4.075565244635183e-07,3.169587175450107e-07
P61,none,15,HbR,0.9198320161207936,0.4050986116227637,1.0929763236620942e-07,1.0707601839632572e-07
P61,none,16,HbO,0.4188265555794118,2.438718990505009,1.2599075474716194e-06,4.697409763325909e-07
P61,none,16,HbR,0.5335708646016366,1.4250183818290247,1.1470685489688442e-07,6.82588455955019e-08
P61,none,17,HbO,0.297776968045439,3.79973095902303,3.4052117406941933e-07,8.56529081066763e-08
P61,none,17,HbR,0.26170694128644756,3.8381288715808277,7.160485564719644e-08,1.8007092010734442e-08
P61,none,18,HbO,0.904114811900044,0.467619027610217,1.4439565996213645e-09,1.3198111542540869e-09
P61,none,18,HbR,0.8797790611502269,0.5117536281080444,1.3689848249092116e-09,1.2808488820387015e-09
P61,none,19,HbO,0.927231951641215,0.38309145059429955,1.002040327769048e-09,9.943169091320185e-10
P61,none,19,HbR,0.886376001319769,0.4836680716939529,8.132005604692842e-10,7.926088325089997e-10
P61,none,20,HbO,0.9826423249745038,0.20002762322573459,3.2574380719833846e-10,3.084169679120245e-10
P61,none,20,HbR,0.9906624596190853,0.1477125880140407,1.4228966546343292e-10,1.3585573409415822e-10
P61,none,21,HbO,0.9609333204892713,0.2769844720152072,3.003429385538432e-10,3.137690980360619e-10
P61,none,21,HbR,0.9118698014300758,0.41162531715456213,1.437339822934198e-10,1.5521127500980562e-10
P61,none,22,HbO,0.9007887588171738,0.5681738631781083,3.4735785941049707e-07,2.741625913549169e-07
P61,none,22,HbR,0.8703965726297999,0.6111120208828403,8.693803844510144e-08,7.05492452658043e-08
P61,none,23,HbO,0.857949758205783,0.7316143344748526,6.692524691008869e-07,4.854103608798193e-07
P61,none,23,HbR,0.8471354332803723,0.6128803332581679,1.30332161474047e-07,1.1310700289665615e-07
P61,wavelet,1,HbO,0.6078748044179474,1.2683448067961285,5.814707582724116e-07,3.653141205040728e-07
P61,wavelet,1,HbR,0.7440408742202218,0.7975725468002802,8.214882098093956e-08,6.964165060434748e-08
P61,wavelet,2,HbO,0.8670518050586687,0.6058829127975695,7.427539751546524e-07,6.13572371027441e-07
P61,wavelet,2,HbR,0.690724246879329,1.2897982666420855,2.4357395614290733e-07,1.3869336578626467e-07
P61,wavelet,3,HbO,0.5211666580913042,1.411462726564235,6.545082193998673e-07,3.996474676840701e-07
P61,wavelet,3,HbR,0.7501304817038634,0.7715717788921703,1.2616262576653012e-07,1.102351289322351e-07
P61,wavelet,4,HbO,0.7273587567735705,0.9253517102431202,3.8867146591885236e-07,2.8933504408264653e-07
P61,wavelet,4,HbR,0.7474489339500728,0.920672449928242,9.324503968754613e-08,6.737218228832373e-08
P61,wavelet,5,HbO,0.7515187745522984,0.8076377685939488,5.486222208635272e-07,4.5156339377235956e-07
P61,wavelet,5,HbR,0.6115595915408487,1.0931055326064902,1.3638252199415656e-07,9.994302737225281e-08
P61,wavelet,7,HbO,0.9061053160103199,0.4520148440279373,3.486106442777688e-07,3.2789970867532223e-07
P61,wavelet,7,HbR,0.5665992808630906,1.2743964169881832,1.0984614595712267e-07,7.170461765744205e-08
P61,wavelet,8,HbO,-0.08880229873265003,1.065010503911079,4.9576178992482325e-08,1.7262388532756774e-07
P61,wavelet,8,HbR,-0.07221139431395476,1.0619944619699635,1.5083344844022364e-08,5.1744036250298125e-08
P61,wavelet,9,HbO,-0.09355835844756669,1.0648382901499853,1.1172272469002614e-07,3.9471010476013777e-07
P61,wavelet,9,HbR,-0.06849221550117002,1.059122392296227,1.1752397187643077e-08,4.106401915594273e-08
P61,wavelet,10,HbO,0.6997441771467635,1.0470319250261584,4.939695537648726e-07,3.384104764233384e-07
P61,wavelet,10,HbR,0.755419342131353,0.7342361987487452,1.2051542324701603e-07,1.1132046237586984e-07
P61,wavelet,11,HbO,0.6693685054130176,0.9545924958320263,3.4457674331086387e-07,2.723466799302496e-07
P61,wavelet,11,HbR,0.6358019519500899,1.1449507321614987,8.987156089092666e-08,6.072412147680665e-08
P61,wavelet,12,HbO,0.8117711204165234,0.8136613248186164,4.635564755452102e-07,3.365418821770631e-07
P61,wavelet,12,HbR,0.2640582568699037,2.3452889417079072,2.0146286699726843e-07,8.402937081425295e-08
P61,wavelet,14,HbO,0.6936508460604295,0.9446544933037119,3.73313686277791e-07,2.8692660493847667e-07
P61,wavelet,14,HbR,0.7119089362977211,0.9157534413879606,1.2371214372735188e-07,9.52060771671277e-08
P61,wavelet,15,HbO,0.4304871343960203,1.5989263402389988,5.523196507137519e-07,3.169587175450107e-07
P61,wavelet,15,HbR,0.7321158348158954,0.8684247338842818,1.3592042996890713e-07,1.0707601839632572e-07
P61,wavelet,16,HbO,0.6047229960911521,1.1674680105886932,6.825075341681764e-07,4.697409763325909e-07
P61,wavelet,16,HbR,0.6091575528364911,1.7452919902005155,1.4759620961768124e-07,6.82588455955019e-08
P61,wavelet,17,HbO,0.42940056494248724,1.605139506063665,1.4983718346786227e-07,8.56529081066763e-08
P61,wavelet,17,HbR,0.5310893368951465,1.4995277176808064,3.178119265995279e-08,1.8007092010734442e-08
P61,wavelet,18,HbO,0.8845091802896975,0.5376272879498772,1.5197091788393678e-09,1.3198111542540869e-09
P61,wavelet,18,HbR,0.890973536719836,0.4936233734171407,1.3890472551869225e-09,1.2808488820387015e-09
P61,wavelet,19,HbO,0.9334090255624292,0.3647271943585842,9.931342429039932e-10,9.943169091320185e-10
P61,wavelet,19,HbR,0.9054616417761191,0.42751788945558367,7.582573412555453e-10,7.926088325089997e-10
P61,wavelet,20,HbO,0.9545944158730062,0.3029329066408453,3.1082005363796705e-10,3.084169679120245e-10
P61,wavelet,20,HbR,0.9655570538876751,0.2635096553416091,1.3681271269919758e-10,1.3585573409415822e-10
P61,wavelet,21,HbO,0.8321810909129842,0.5689261273692926,2.991191110655787e-10,3.137690980360619e-10
P61,wavelet,21,HbR,0.9093192311847579,0.4261421383146255,1.5535802845194586e-10,1.5521127500980562e-10
P61,wavelet,22,HbO,0.8842221389532955,0.5075581432358042,2.968620968129869e-07,2.741625913549169e-07
P61,wavelet,22,HbR,0.7146191530045922,0.9146560612561198,9.181024599452632e-08,7.05492452658043e-08
P61,wavelet,23,HbO,0.5134648798820902,1.1761742133074145,6.37193185723096e-07,4.854103608798193e-07
P61,wavelet,23,HbR,0.5312756717979711,1.141408509271254,1.4652365593435785e-07,1.1310700289665615e-07
P33,none,1,HbO,0.8413459763617785,0.9198167740339068,3.2829146566818666e-07,2.0705520377711553e-07
P33,none,1,HbR,0.8077083621015798,0.6855241263678576,1.1736763061170549e-07,1.0144178969018521e-07
P33,none,2,HbO,0.4962267664358898,2.4906402948491513,1.7936797501850853e-07,6.336636946008094e-08
P33,none,2,HbR,0.5592492108899664,1.692190801581985,4.687034170895685e-08,2.3039829796822622e-08
P33,none,3,HbO,0.8251272374556172,0.8325409183911502,4.2679564722781313e-07,2.9708138178067114e-07
P33,none,3,HbR,0.6986066294820283,0.9028026802929381,1.8695091445283998e-07,1.4969466816523678e-07
P33,none,4,HbO,0.5384635644760234,1.4522601531800314,2.6837199660949306e-08,1.5591960789666654e-08
P33,none,4,HbR,0.5382906845562209,1.1130016624267745,8.610196327529145e-09,6.811364601154726e-09
P33,none,5,HbO,0.7229337660957298,0.8989208420348705,1.8535450914339523e-08,1.4282799646179467e-08
P33,none,5,HbR,0.6602067058051344,0.8773661836693849,6.904298192722571e-09,6.2067484102199585e-09
P33,none,7,HbO,0.6895021120787754,1.1444481229021304,2.770821570232323e-08,1.75860317954955e-08
P33,none,7,HbR,0.6570378892132697,1.070306958048688,1.0986273166168438e-08,7.762395699758856e-09
P33,none,8,HbO,0.7040245982158838,1.229188488051137,8.532961007074382e-08,4.998092375487057e-08
P33,none,8,HbR,0.695117993184466,1.1445491502533545,2.5459891624114515e-08,1.6056562648208227e-08
P33,none,9,HbO,0.705381025773066,1.2402332386006572,2.005923889531804e-07,1.1641483978868016e-07
P33,none,9,HbR,0.683062155479517,1.2106437391298273,5.5302920592214735e-08,3.3545791321536596e-08
P33,none,10,HbO,0.3692610001008167,5.45241861457438,1.132304290423355e-06,1.9720092783517154e-07
P33,none,10,HbR,0.3703092749799325,5.462105259026735,5.77157953390932e-07,1.0032697563765548e-07
P33,none,11,HbO,0.3678208934771456,5.459992669953617,1.0038120764003806e-06,1.7463716586262084e-07
P33,none,11,HbR,0.37043608567460823,5.452942305546507,5.121171386896383e-07,8.916225165030328e-08
P33,none,12,HbO,0.6529641766893589,1.3879127157821838,1.4999588673456653e-07,8.259666591246498e-08
P33,none,12,HbR,0.643388275107516,1.2163092128479902,4.1237116285584276e-08,2.596123946713327e-08
P33,none,14,HbO,0.48204285849480605,2.4139522217442773,3.2298449853669687e-07,1.1825213021468157e-07
P33,none,14,HbR,0.46876900764517626,2.129559281440681,7.976165445489175e-08,3.314440995889612e-08
P33,none,15,HbO,0.3685388714246462,5.488066757481647,1.118888326595354e-06,1.9367145641869537e-07
P33,none,15,HbR,0.3681551401383398,5.468887935904314,5.699054901139761e-07,9.898670820176781e-08
P33,none,16,HbO,0.7671920863950367,1.1718584214713024,4.87450583922556e-07,2.7887661030637685e-07
P33,none,16,HbR,0.6738399854147287,1.1170990747562837,2.1759225799281718e-07,1.439411418351538e-07
P33,none,17,HbO,0.725617287878275,1.0929071224051374,3.2948397007670414e-07,2.0924287946965494e-07
P33,none,17,HbR,0.7107093253958247,0.9937820582792385,1.291441626507498e-07,9.14454153976984e-08
P33,none,18,HbO,0.9452999547428684,0.37180863084669763,2.3514297243312583e-09,2.0930975187142824e-09
P33,none,18,HbR,0.9646273820404095,0.26696186464922317,1.5921959232591129e-09,1.5833579044175065e-09
P33,none,19,HbO,0.9341179978041513,0.5041928849573639,1.4557016752469504e-09,1.1283076410564245e-09
P33,none,19,HbR,0.9434128521543624,0.3532746753112985,1.09694916465676e-09,1.030685824867908e-09
P33,none,20,HbO,0.45840318887302584,6.066052208730713,4.017929425511912e-06,6.22067706321146e-07
P33,none,20,HbR,0.36958764570472596,2.9820132181891115,1.9667761672859897e-07,6.140177399832695e-08
P33,none,21,HbO,0.48179329238079893,6.449245199001255,5.126314460227019e-06,7.460555916701301e-07
P33,none,21,HbR,0.47097791023831903,4.503087981427041,2.7370183175964667e-07,5.60082323693522e-08
P33,none,22,HbO,0.3277725371236807,1.3299389459603768,1.7459511730655827e-08,1.3861571735875544e-08
P33,none,22,HbR,0.43955509166350293,1.0797860988518015,6.93533268321277e-09,6.678952751303885e-09
P33,none,23,HbO,0.2768585893131947,3.1994948738064823,4.487828673750428e-08,1.3483464981885542e-08
P33,none,23,HbR,0.2161045180956585,2.5756457212792614,1.704356899334219e-08,6.558660067892352e-09
P33,wavelet,1,HbO,0.7460562311049529,1.0107709829085523,3.118613774975097e-07,2.0705520377711553e-07
P33,wavelet,1,HbR,0.2842450786369573,1.7510506075457488,1.7703632457622265e-07,1.0144178969018521e-07
P33,wavelet,2,HbO,0.5656899067295852,1.3281987378665643,1.0182174671932813e-07,6.336636946008094e-08
P33,wavelet,2,HbR,0.3802105302829492,2.0767857078716063,5.150528299137123e-08,2.3039829796822622e-08
P33,wavelet,3,HbO,0.6915441307017864,0.9602053222791127,3.933806449492751e-07,2.9708138178067114e-07
P33,wavelet,3,HbR,0.556706652733612,1.3274167032164066,2.3777635455267689e-07,1.4969466816523678e-07
P33,wavelet,4,HbO,0.30608107319451083,2.178644259536999,3.527978890018469e-08,1.5591960789666654e-08
P33,wavelet,4,HbR,0.05880047094164048,3.896274297599808,2.5971505353930203e-08,6.811364601154726e-09
P33,wavelet,5,HbO,0.08530986753564038,3.9052362099653255,5.497590554919302e-08,1.4282799646179467e-08
P33,wavelet,5,HbR,0.057594726271117676,2.257740521871211,1.2874383871964053e-08,6.2067484102199585e-09
P33,wavelet,7,HbO,0.1183022889123801,2.8440057319182084,4.8786418531256886e-08,1.75860317954955e-08
P33,wavelet,7,HbR,0.18094756091440764,2.421151915822906,1.851204703464098e-08,7.762395699758856e-09
P33,wavelet,8,HbO,0.6907300069306945,1.0825452298269262,7.452536293165084e-08,4.998092375487057e-08
P33,wavelet,8,HbR,0.509305232348188,1.3996364821209113,2.585227987358826e-08,1.6056562648208227e-08
P33,wavelet,9,HbO,0.5724313058014828,1.0709047422573703,1.4647791446697456e-07,1.1641483978868016e-07
P33,wavelet,9,HbR,0.420043235786912,1.5570889361003746,5.648929008281597e-08,3.3545791321536596e-08
P33,wavelet,10,HbO,-0.052439711175825084,4.0034262956436315,7.521108959236014e-07,1.9720092783517154e-07
P33,wavelet,10,HbR,-0.04099753926814606,4.005103581621692,3.839425455323168e-07,1.0032697563765548e-07
P33,wavelet,11,HbO,-0.055197296300929774,4.030275731376503,6.703870974030831e-07,1.7463716586262084e-07
P33,wavelet,11,HbR,-0.0371197108795525,3.9669362434781594,3.3806462220144925e-07,8.916225165030328e-08
P33,wavelet,12,HbO,0.6132174836891712,0.9913918707588603,9.999009821200447e-08,8.259666591246498e-08
P33,wavelet,12,HbR,0.5586288996080384,1.214114101498661,3.7498740387206316e-08,2.596123946713327e-08
P33,wavelet,14,HbO,0.3529580645328792,1.587344575392474,1.92885449481015e-07,1.1825213021468157e-07
P33,wavelet,14,HbR,0.5185271632892904,1.1539235176996445,4.2853500507322635e-08,3.314440995889612e-08
P33,wavelet,15,HbO,-0.049467487396079514,4.042190381938835,7.469262677737714e-07,1.9367145641869537e-07
P33,wavelet,15,HbR,-0.039028954772913516,4.006521430248565,3.791520067710395e-07,9.898670820176781e-08
P33,wavelet,16,HbO,0.8007857546002554,0.7127521457237996,3.3106003964769024e-07,2.7887661030637685e-07
P33,wavelet,16,HbR,0.4795352209185169,1.2202501498825724,1.9093923171270557e-07,1.439411418351538e-07
P33,wavelet,17,HbO,0.8266082228473846,0.7054891685501103,2.6193015823371996e-07,2.0924287946965494e-07
P33,wavelet,17,HbR,0.5126466171461832,1.1817399821758376,1.2079356201769527e-07,9.14454153976984e-08
P33,wavelet,18,HbO,0.8328035853030434,0.6104545107975224,2.281323638311259e-09,2.0930975187142824e-09
P33,wavelet,18,HbR,0.9271185782100771,0.4140862228024062,1.7466484972732625e-09,1.5833579044175065e-09
P33,wavelet,19,HbO,0.8290434140164166,0.6612191262285704,1.3331710616311208e-09,1.1283076410564245e-09
P33,wavelet,19,HbR,0.864315831386372,0.5619316962912723,1.1490968448830925e-09,1.030685824867908e-09
P33,wavelet,20,HbO,0.23352136352589917,1.8075453811865845,1.090443850615633e-06,6.22067706321146e-07
P33,wavelet,20,HbR,0.3494097693595255,2.6942100382870646,1.7621395400120836e-07,6.140177399832695e-08
P33,wavelet,21,HbO,0.22516619853668707,1.9432126192868282,1.4184712343157947e-06,7.460555916701301e-07
P33,wavelet,21,HbR,-0.04865531685549441,6.4953988321284974,3.5674299927083786e-07,5.60082323693522e-08
P33,wavelet,22,HbO,-0.2425169968277927,4.947476262165394,6.366395915707422e-08,1.3861571735875544e-08
P33,wavelet,22,HbR,-0.27449994876325384,4.915415699372402,3.025359015167738e-08,6.678952751303885e-09
P33,wavelet,23,HbO,-0.22559729784467192,4.808539383412853,6.022486497166839e-08,1.3483464981885542e-08
P33,wavelet,23,HbR,-0.21215701726574554,4.669726748745478,2.846333008239394e-08,6.558660067892352e-09
P23,none,1,HbO,0.3826490403575027,3.643621795164836,5.32104601430221e-07,1.361865111065976e-07
P23,none,1,HbR,0.2501108919046101,6.723776387968908,3.063890814517997e-07,4.437974345554451e-08
P23,none,2,HbO,0.9337933271647147,0.40020073913515997,4.942286199858137e-07,4.44480562931532e-07
P23,none,2,HbR,0.9088409124581929,0.42889424220831285,1.0505259581366166e-07,1.0453338922952029e-07
P23,none,3,HbO,0.7156457630552945,1.0734887895225431,4.31476021027113e-07,2.8187238153964467e-07
P23,none,3,HbR,0.370821482602367,2.795886016637137,2.0441216947792698e-07,6.795717759878998e-08
P23,none,4,HbO,0.968492192639867,0.27585281219312585,2.38953394760397e-07,2.1985390780279243e-07
P23,none,4,HbR,0.9471178570715132,0.3467926744330138,6.788512167585985e-08,6.293842160357008e-08
P23,none,5,HbO,0.9400999681841744,0.3913657319849395,4.655075503045152e-07,4.1121723583855534e-07
P23,none,5,HbR,0.9423852470053375,0.393712476956075,1.6762021085936036e-07,1.4576467416411074e-07
P23,none,7,HbO,0.9177865656839218,0.48056044489154315,2.8129444004888737e-07,2.36727547173685e-07
P23,none,7,HbR,0.9530532603090772,0.31657008565248834,7.415004377562175e-08,7.096375351140415e-08
P23,none,8,HbO,0.8740923386717342,0.5822344127562319,3.591212702173192e-07,3.005530749816505e-07
P23,none,8,HbR,0.8652912996532058,0.5642335888633638,1.1444991713905216e-07,1.0180887093976206e-07
P23,none,9,HbO,0.8399615263422142,0.8073066422364084,3.5745349359848996e-07,2.486474623867974e-07
P23,none,9,HbR,0.9157690770946996,0.4977788119199986,1.0445896679947135e-07,8.635623084054846e-08
P23,none,10,HbO,0.9624694968737922,0.33339236873407035,3.7267499802292234e-07,3.223725891218165e-07
P23,none,10,HbR,0.9074981190427394,0.47189940927178986,1.1124482894210146e-07,9.910722211678869e-08
P23,none,11,HbO,0.9504595553939847,0.4009678208847201,3.5454098405358793e-07,2.9454819557068825e-07
P23,none,11,HbR,0.9074952378651854,0.4571804943724561,9.723835987243092e-08,8.938072421721686e-08
P23,none,12,HbO,0.8711668144640708,0.6112179757901159,3.1345241346417353e-07,2.5377366887344555e-07
P23,none,12,HbR,0.5951801771332171,1.1773963793093647,9.033731334207473e-08,6.206003384169372e-08
P23,none,14,HbO,0.38514388816267264,3.8077144818461277,7.484930904382037e-07,1.834851367548117e-07
P23,none,14,HbR,0.4630092949688144,2.628659692958705,1.4907502583860684e-07,5.07450321186387e-08
P23,none,15,HbO,0.5811210616369429,1.8413949345344158,4.469694671458628e-07,2.0017689403216917e-07
P23,none,15,HbR,0.6329218053533624,1.517834967312345,1.6657350111604395e-07,8.593160397736651e-08
P23,none,16,HbO,0.18838092331998377,1.232167301708625,1.1221149397494082e-08,1.206547925127352e-08
P23,none,16,HbR,0.23531204586339857,1.1413722176125487,4.36572935918527e-09,5.25276290280533e-09
P23,none,17,HbO,0.3796640337640753,1.599845292996978,2.4046195209242852e-08,1.4275896137713076e-08
P23,none,17,HbR,0.326262723186003,1.3683669037940598,8.001587258730747e-09,6.09200811022921e-09
P23,none,18,HbO,0.9232095636225545,0.38503641101911884,5.330468540087865e-10,5.708968435834916e-10
P23,none,18,HbR,0.9647744380285509,0.2632335319145123,5.078391780368625e-10,5.278139163261528e-10
P23,none,19,HbO,0.9700019615070722,0.27824807158168713,4.0434796653555254e-10,3.6609743311246303e-10
P23,none,19,HbR,0.9569642590313773,0.2930373246285941,2.775540632516416e-10,2.7822118136753074e-10
P23,none,20,HbO,0.5227722514994414,7.290961677810613,9.026926665450034e-07,1.1627070315962901e-07
P23,none,20,HbR,0.48502174099632583,7.246206232528725,2.586333592462988e-07,3.3683860467828414e-08
P23,none,21,HbO,0.5248154550358691,7.447774026858396,1.1244373213063775e-06,1.4190678374684558e-07
P23,none,21,HbR,0.46998346129017987,6.794414791175795,1.8302847394101725e-07,2.5396582184420386e-08
P23,none,22,HbO,0.3393106950111873,1.0223609561905278,7.339319707432907e-09,9.983655258451837e-09
P23,none,22,HbR,0.4367571402801037,0.9138750810376716,2.6358193533658177e-09,4.4794385160307e-09
P23,none,23,HbO,0.6888412535882106,0.7503199462769483,1.0774951929630556e-08,1.2275994610258636e-08
P23,none,23,HbR,0.5859895681842129,0.8296176142532592,3.6454160200744765e-09,4.824088658475878e-09
P23,wavelet,1,HbO,0.5630785595025243,1.0497031554933363,1.6470999869899688e-07,1.361865111065976e-07
P23,wavelet,1,HbR,0.2096148438770982,2.461633991239547,1.0932226283182721e-07,4.437974345554451e-08
P23,wavelet,2,HbO,0.7201148110352232,0.8228952194336288,5.151227888882964e-07,4.44480562931532e-07
P23,wavelet,2,HbR,0.47295572376098943,1.2035905705012606,1.347515225821746e-07,1.0453338922952029e-07
P23,wavelet,3,HbO,0.7550867943658777,0.840563628551024,3.600302064222264e-07,2.8187238153964467e-07
P23,wavelet,3,HbR,0.7013581113715687,0.9961001864642423,9.489398215340155e-08,6.795717759878998e-08
P23,wavelet,4,HbO,0.6913199268301786,0.9703245383376454,2.9316013020727606e-07,2.1985390780279243e-07
P23,wavelet,4,HbR,0.7453188067173487,0.7774715750723085,7.208134929014321e-08,6.293842160357008e-08
P23,wavelet,5,HbO,0.754821365557441,0.876270537542653,5.470921054733427e-07,4.1121723583855534e-07
P23,wavelet,5,HbR,0.8781088246177723,0.5609771670871194,1.7021427376507145e-07,1.4576467416411074e-07
P23,wavelet,7,HbO,0.7749244020603334,0.7378308707645583,2.72500745976478e-07,2.36727547173685e-07
P23,wavelet,7,HbR,0.7284153151154064,0.8620863347947454,8.848026541132029e-08,7.096375351140415e-08
P23,wavelet,8,HbO,0.8454738059015584,0.5697357197785236,3.1307435485725145e-07,3.005530749816505e-07
P23,wavelet,8,HbR,0.7701309952489623,0.712667046441641,1.1071418100033645e-07,1.0180887093976206e-07
P23,wavelet,9,HbO,0.675749854304297,0.9099218256215247,2.9940097924501815e-07,2.486474623867974e-07
P23,wavelet,9,HbR,0.7154470035133952,0.8128069234443297,9.72847999302372e-08,8.635623084054846e-08
P23,wavelet,10,HbO,0.7452798629940561,0.8219905940541894,3.939028333572445e-07,3.223725891218165e-07
P23,wavelet,10,HbR,0.726118810296678,0.8625322469447976,1.2341990641543195e-07,9.910722211678869e-08
P23,wavelet,11,HbO,0.7601853660738962,0.851879149381154,3.8489835000843376e-07,2.9454819557068825e-07
P23,wavelet,11,HbR,0.6460637386939289,1.0074966919852766,1.162787285777802e-07,8.938072421721686e-08
P23,wavelet,12,HbO,0.8083377950656971,0.6909219846750245,2.9672665623245546e-07,2.5377366887344555e-07
P23,wavelet,12,HbR,0.6021614377297729,1.3121465163440345,1.0198004353888685e-07,6.206003384169372e-08
P23,wavelet,14,HbO,0.6648350395413865,1.1736572645073238,2.877957203350149e-07,1.834851367548117e-07
P23,wavelet,14,HbR,0.37368687732887423,1.745023130857283,9.394109078160193e-08,5.07450321186387e-08
P23,wavelet,15,HbO,0.7714968498654327,0.753995461854155,2.352910333626379e-07,2.0017689403216917e-07
P23,wavelet,15,HbR,0.7606592303565565,0.7281550582309173,9.370748931101931e-08,8.593160397736651e-08
P23,wavelet,16,HbO,-0.3954603864359895,7.392480533179101,8.331209645290174e-08,1.206547925127352e-08
P23,wavelet,16,HbR,-0.30761919849947006,7.720356504451578,3.8439663186445955e-08,5.25276290280533e-09
P23,wavelet,17,HbO,-0.20463066829491408,5.951623147714258,8.048607847966486e-08,1.4275896137713076e-08
P23,wavelet,17,HbR,-0.34558469157837884,6.77407113026724,3.857266663232219e-08,6.09200811022921e-09
P23,wavelet,18,HbO,0.923454501644349,0.38477785668275505,5.403253181826278e-10,5.708968435834916e-10
P23,wavelet,18,HbR,0.9579845696089129,0.287151919625132,5.123925499338639e-10,5.278139163261528e-10
P23,wavelet,19,HbO,0.9187984575185424,0.4415457086215938,4.0837005771135323e-10,3.6609743311246303e-10
P23,wavelet,19,HbR,0.8698311709977263,0.5606594171311882,3.1580283211275197e-10,2.7822118136753074e-10
P23,wavelet,20,HbO,0.12904896531164584,1.3964928365869052,1.2932260454424447e-07,1.1627070315962901e-07
P23,wavelet,20,HbR,0.1694323832076855,1.3218025237200766,3.537497779975211e-08,3.3683860467828414e-08
P23,wavelet,21,HbO,0.18628580383052212,3.278698552547853,4.689741789392004e-07,1.4190678374684558e-07
P23,wavelet,21,HbR,-0.07786161628787931,7.2227582444174026,1.791367042756067e-07,2.5396582184420386e-08
P23,wavelet,22,HbO,-0.34893904054759056,6.920646933172329,6.464803604105346e-08,9.983655258451837e-09
P23,wavelet,22,HbR,-0.31676485332135845,7.241084248107801,3.058485150900073e-08,4.4794385160307e-09
P23,wavelet,23,HbO,-0.22265548886351258,5.37767584428146,6.187836358004308e-08,1.2275994610258636e-08
P23,wavelet,23,HbR,-0.13146218682725294,6.103870173939079,2.8280253069767692e-08,4.824088658475878e-09
P60,none,1,HbO,0.6732413449401722,1.7262199711030248,5.536696432028951e-07,2.479437479693248e-07
P60,none,1,HbR,0.4985222540993026,1.2905345078408006,1.1452947613462149e-07,7.875162886899916e-08
P60,none,2,HbO,0.8008311034576253,0.9967159267131308,3.3454961678754426e-07,2.094175133441673e-07
P60,none,2,HbR,0.7868266033364386,0.7931435910616759,7.528316737464272e-08,5.860431648855861e-08
P60,none,3,HbO,0.8584164874099771,0.6709230987813317,3.7164670741660684e-07,2.879179178857006e-07
P60,none,3,HbR,0.692929283851851,0.8265910539958963,7.904632990799077e-08,7.213439741394491e-08
P60,none,4,HbO,0.7774217584493922,1.2220522542572396,1.854026889072565e-07,1.0158908623182094e-07
P60,none,4,HbR,0.7954496907591465,0.8415368621792364,4.1655816057170476e-08,3.020157511160487e-08
P60,none,5,HbO,0.6265142115428576,0.9944663521458026,1.1887127426389934e-08,9.557380715015515e-09
P60,none,5,HbR,0.7152371220407875,0.8844955369184062,8.347453916494495e-09,6.654494509282129e-09
P60,none,7,HbO,0.6065097949172622,1.0809527274306083,1.636384040844039e-08,1.225643452544305e-08
P60,none,7,HbR,0.7344479228560129,0.915429022565822,8.851326283206175e-09,6.562527090207466e-09
P60,none,8,HbO,0.6223974017782404,1.2669810600747486,2.9244227592233863e-08,1.8084086337838303e-08
P60,none,8,HbR,0.7809922860587705,0.7804485262356998,1.068993646337282e-08,8.559476814043794e-09
P60,none,9,HbO,0.8123444289185484,0.9632245361680308,1.5969832277896724e-07,1.0115818312243499e-07
P60,none,9,HbR,0.8255472031815796,0.802994284127782,4.266645881841269e-08,3.05461042517872e-08
P60,none,10,HbO,0.7495497988070584,1.0457049916965657,3.039331721845213e-07,1.949467066085528e-07
P60,none,10,HbR,0.8048584737452235,0.6801830346389962,5.680411399232533e-08,4.9951432862480877e-08
P60,none,11,HbO,0.6243671215645351,1.6964051063943468,1.3160676852769578e-07,6.178816226639717e-08
P60,none,11,HbR,0.7356923069380406,1.0564588117319413,2.3836516989028427e-08,1.54135856923864e-08
P60,none,12,HbO,0.7518395223006333,1.394720324331521,4.775904029423247e-07,2.411109840742837e-07
P60,none,12,HbR,0.72713520147676,1.2209901049836107,8.916260930176803e-08,5.133555717904148e-08
P60,none,14,HbO,0.5986433105809641,1.9088362499187357,6.547065927566995e-07,2.8083579428737907e-07
P60,none,14,HbR,0.5849693866192006,1.1983360904083713,1.5069876626691302e-07,1.0273227292879617e-07
P60,none,15,HbO,0.6912250779359311,1.5157278311840543,6.689249410391918e-07,3.305619473319819e-07
P60,none,15,HbR,0.8093144503261513,0.7392798254882404,1.889567712326401e-07,1.5018040889444806e-07
P60,none,16,HbO,0.5868156040329147,1.8849340301621784,5.125310568781748e-07,2.239361351114819e-07
P60,none,16,HbR,0.5520858003501475,1.6485463374154528,2.0711634761014888e-07,1.0491459636042783e-07
P60,none,17,HbO,0.5397568880562269,2.682316329736386,9.965983993832946e-07,3.228896209635246e-07
P60,none,17,HbR,0.528165823678854,1.2041841974427643,8.475667071656623e-08,6.134738177100154e-08
P60,none,18,HbO,0.712062630320438,0.812734541496997,6.218648300852139e-09,5.550818573202439e-09
P60,none,18,HbR,0.7827954383678489,0.6861685235557916,5.585404244991379e-09,5.21812485105077e-09
P60,none,19,HbO,0.7691928169642296,0.6948185785665874,3.7673112359562854e-09,3.620799130444485e-09
P60,none,19,HbR,0.7360241938023951,0.7565258917081555,3.4965993858888752e-09,3.2605066673505064e-09
P60,none,22,HbO,0.7828220169688652,1.0272863389317446,4.138548677882896e-07,2.5863068918062966e-07
P60,none,22,HbR,0.6053178837151154,1.1139360555320021,7.326524521187881e-08,5.291883071131814e-08
P60,none,23,HbO,0.4882010350275162,3.098697844064074,6.601695493785445e-07,1.9074559727009403e-07
P60,none,23,HbR,0.15379430506017738,4.679060995720068,1.6752090117367833e-07,3.544745719517551e-08
P60,wavelet,1,HbO,0.773976053074887,1.2119605563171703,4.480276381490757e-07,2.479437479693248e-07
P60,wavelet,1,HbR,0.5199682265797124,1.2737250213251832,1.1530055021029475e-07,7.875162886899916e-08
P60,wavelet,2,HbO,0.8131682501219685,0.722468123353751,2.5992636058195357e-07,2.094175133441673e-07
P60,wavelet,2,HbR,0.38321575201227587,1.4995013092642768,9.13944004591558e-08,5.860431648855861e-08
P60,wavelet,3,HbO,0.902860559348553,0.5222776809939091,3.4525312702502057e-07,2.879179178857006e-07
P60,wavelet,3,HbR,0.7129655503511805,0.8686859716828519,8.835698054192908e-08,7.213439741394491e-08
P60,wavelet,4,HbO,0.7583244023790764,0.7953293320250392,1.2320238224852508e-07,1.0158908623182094e-07
P60,wavelet,4,HbR,0.24792871550674916,1.6511122368498454,4.7687626297081086e-08,3.020157511160487e-08
P60,wavelet,5,HbO,-0.05100682197739766,4.482682932965236,4.10784405742935e-08,9.557380715015515e-09
P60,wavelet,5,HbR,0.09732590168203896,3.5885874168752565,2.347549918539121e-08,6.654494509282129e-09
P60,wavelet,7,HbO,0.03542848326306551,3.6939668025970587,4.38041680121631e-08,1.225643452544305e-08
P60,wavelet,7,HbR,0.0476217444233894,4.567547705332148,2.9423074107594762e-08,6.562527090207466e-09
P60,wavelet,8,HbO,0.06688004175983725,4.029965834893274,7.148573731582796e-08,1.8084086337838303e-08
P60,wavelet,8,HbR,0.16126526252800738,2.996912120838021,2.5475340665698384e-08,8.559476814043794e-09
P60,wavelet,9,HbO,0.6743797280418163,1.150700761512732,1.569036057327163e-07,1.0115818312243499e-07
P60,wavelet,9,HbR,0.6671751947497088,1.128621906751755,4.6175187358507904e-08,3.05461042517872e-08
P60,wavelet,10,HbO,0.7501701533603422,0.8856455652373398,2.6012930073429666e-07,1.949467066085528e-07
P60,wavelet,10,HbR,0.5466009268333274,1.4508265768710018,8.63240419959857e-08,4.9951432862480877e-08
P60,wavelet,11,HbO,0.44325809183958953,1.9001650238241992,1.3032182317805277e-07,6.178816226639717e-08
P60,wavelet,11,HbR,0.49636855388551776,1.531703843341935,2.7035756724372372e-08,1.54135856923864e-08
P60,wavelet,12,HbO,0.7483757523621575,0.9904333675923503,3.5754574304380657e-07,2.411109840742837e-07
P60,wavelet,12,HbR,0.2887797106552188,1.8460042380522832,9.563191998005196e-08,5.133555717904148e-08
P60,wavelet,14,HbO,0.5746117271266082,1.1515197353531508,3.885933826985228e-07,2.8083579428737907e-07
P60,wavelet,14,HbR,0.35170444064612416,2.0306734472708987,2.2079055818733298e-07,1.0273227292879617e-07
P60,wavelet,15,HbO,0.6456861313283524,1.0907268807489499,4.707747480038002e-07,3.305619473319819e-07
P60,wavelet,15,HbR,0.5003143623357542,1.604999227581422,2.7780049578869e-07,1.5018040889444806e-07
P60,wavelet,16,HbO,0.388803060162141,1.3909924639084983,3.2006770723035503e-07,2.239361351114819e-07
P60,wavelet,16,HbR,0.44010120117650836,1.6841454350876315,1.9525512364114217e-07,1.0491459636042783e-07
P60,wavelet,17,HbO,0.5361323263807076,1.3576755215318679,5.161846663685538e-07,3.228896209635246e-07
P60,wavelet,17,HbR,0.29582381404081837,2.8222170762668446,1.810318792931206e-07,6.134738177100154e-08
P60,wavelet,18,HbO,0.8047599955832335,0.604784347136598,5.087667474920059e-09,5.550818573202439e-09
P60,wavelet,18,HbR,0.8129870653736696,0.5920877488102632,4.780212759544372e-09,5.21812485105077e-09
P60,wavelet,19,HbO,0.7663225673100121,0.6754570562074256,3.5224735907761413e-09,3.620799130444485e-09
P60,wavelet,19,HbR,0.7430491167230212,0.6901576076330835,2.96370561258421e-09,3.2605066673505064e-09
P60,wavelet,22,HbO,0.8023575763867331,0.7477844868030987,3.2372067563776303e-07,2.5863068918062966e-07
P60,wavelet,22,HbR,0.5312212508333982,1.5357155035008405,9.580054305403693e-08,5.291883071131814e-08
P60,wavelet,23,HbO,0.4902168632397834,1.2786384941192244,2.7187146264196296e-07,1.9074559727009403e-07
P60,wavelet,23,HbR,-0.028468409699524973,4.994081452836881,1.7195496455411626e-07,3.544745719517551e-08
P31,none,1,HbO,0.5217873053014729,2.5092384043594826,4.4554788469575796e-07,1.5462232461369644e-07
P31,none,1,HbR,0.5866196514553791,1.7434775347362939,1.9375100114774706e-07,9.093802748526737e-08
P31,none,2,HbO,0.8014466520649719,0.9466135439334671,4.5376552013092146e-07,2.955750299736734e-07
P31,none,2,HbR,0.7242721166898916,1.0118189829594417,8.343587630288922e-08,5.69616560862845e-08
P31,none,3,HbO,0.5666715276502067,2.228094212661979,8.655858383596845e-07,3.282686674368766e-07
P31,none,3,HbR,0.6384360759747187,1.5722672152614012,2.578542782380787e-07,1.283279399961043e-07
P31,none,4,HbO,0.8105026784663621,0.9025964519435489,3.313710575845494e-07,2.2132516318892304e-07
P31,none,4,HbR,0.8558981833653043,0.585222207473809,5.1314735556528464e-08,4.542209085116998e-08
P31,none,5,HbO,0.9180440866861896,0.5017071807506873,2.986236073091868e-07,2.4367974750498183e-07
P31,none,5,HbR,0.6244296844102276,0.989219871048177,7.70676272450361e-08,6.258576948411526e-08
P31,none,7,HbO,0.9404643945101633,0.40508537066326855,2.5187462615578825e-07,2.1698364190984126e-07
P31,none,7,HbR,0.90307156639146,0.4649612714220117,6.403041440719671e-08,5.922260466044712e-08
P31,none,8,HbO,0.9001457308558207,0.4861143029947436,3.266717333643304e-07,2.9291361209117173e-07
P31,none,8,HbR,0.9469669767564203,0.3528836778521927,1.0816721389965256e-07,9.897998620878463e-08
P31,none,9,HbO,0.9380846103622066,0.4307087023965353,2.660868238351607e-07,2.2285254433410008e-07
P31,none,9,HbR,0.9447456193855316,0.3557046759572851,4.768762165104441e-08,4.405092332213938e-08
P31,none,10,HbO,0.9245406211483491,0.5007460364979816,2.2054897573593297e-07,1.7652677589081492e-07
P31,none,10,HbR,0.8752762651979592,0.5653564447724655,7.7989239848072e-08,6.676682192624348e-08
P31,none,11,HbO,0.9012499321172084,0.5287443097446171,2.3487361985517742e-07,1.9507358117642614e-07
P31,none,11,HbR,0.8490902072164261,0.6205293575064397,6.045601297286694e-08,5.1488077039023005e-08
P31,none,12,HbO,0.8510933571319437,0.7137010873819051,4.37914387707436e-07,3.281386085219774e-07
P31,none,12,HbR,0.8627149272673937,0.594206090629716,7.733523388124718e-08,6.583195366428358e-08
P31,none,14,HbO,0.5540121094829614,2.2153255743021623,6.431933661577152e-07,2.4672727464623706e-07
P31,none,14,HbR,0.4761803807461909,2.215072524016413,2.4425650994255543e-07,9.734382244695522e-08
P31,none,15,HbO,0.5769817020758492,2.0310434429019897,6.668477806115576e-07,2.736925044464271e-07
P31,none,15,HbR,0.6371813476415098,1.6300741018767004,1.8775966409249537e-07,9.055124813704597e-08
P31,none,16,HbO,0.738057739929533,0.696650244254076,1.5182896335554724e-08,1.6659672516439743e-08
P31,none,16,HbR,0.7988406891251908,0.6378061779030753,9.309486496166336e-09,9.255188729438847e-09
P31,none,17,HbO,0.24818764007893201,0.9951272774521096,4.411188193974666e-09,9.522482341480203e-09
P31,none,17,HbR,0.6829483251533898,0.7357119644112997,4.973416527662233e-09,6.545481294507284e-09
P31,none,18,HbO,0.9493909922334746,0.33079754182568394,5.340688909950124e-10,5.081037895614639e-10
P31,none,18,HbR,0.8824957746872005,0.4780434323586654,4.5212424994916225e-10,5.638035423565751e-10
P31,none,19,HbO,0.9018315110592666,0.4397998848836248,4.0881276406539574e-10,4.1716851341276864e-10
P31,none,19,HbR,0.9344246153869762,0.3568560575704501,2.985248238202429e-10,3.211361848428805e-10
P31,none,20,HbO,0.5074417613963265,4.1608620954553075,3.014096858447168e-06,6.583785268408334e-07
P31,none,20,HbR,-0.07870388320645232,3.0842223742526804,2.0876552729359682e-07,7.351021812894556e-08
P31,none,21,HbO,0.4865617970083144,3.8340710112041068,2.0857792050489427e-06,4.942930132061015e-07
P31,none,21,HbR,0.13793174208225972,4.703847391831652,5.273314935634186e-07,1.1133863032223318e-07
P31,none,22,HbO,0.7251096108902545,0.8690972178850233,2.870677542071547e-08,2.2892332791847153e-08
P31,none,22,HbR,0.5455781132731075,1.093619183734418,1.1382041413018692e-08,9.124566726369308e-09
P31,none,23,HbO,0.7040208300116799,0.9102118904810329,2.3757425930028318e-08,1.866730102288312e-08
P31,none,23,HbR,0.6367363555829734,0.8828931936428451,8.02608762755163e-09,7.536117751472528e-09
P31,wavelet,1,HbO,0.359974662619106,1.7612986112863196,2.8550478455026426e-07,1.5462232461369644e-07
P31,wavelet,1,HbR,0.43820976173216386,1.271202272896832,1.2155478113313733e-07,9.093802748526737e-08
P31,wavelet,2,HbO,0.5164365240062169,1.542641654459996,5.300282613883341e-07,2.955750299736734e-07
P31,wavelet,2,HbR,0.49608972104823146,1.6524480182947863,1.0834029120779725e-07,5.69616560862845e-08
P31,wavelet,3,HbO,0.7420130324654332,0.8340963697871188,4.0639566447442573e-07,3.282686674368766e-07
P31,wavelet,3,HbR,0.5546568566478587,1.1185084452410985,1.67095229113703e-07,1.283279399961043e-07
P31,wavelet,4,HbO,0.4284268038085827,1.7093441916249115,4.142938886809058e-07,2.2132516318892304e-07
P31,wavelet,4,HbR,0.4759030701718637,1.4593726450040188,7.45006866805141e-08,4.542209085116998e-08
P31,wavelet,5,HbO,0.7889919585219727,0.9501989092965825,3.6887168002464654e-07,2.4367974750498183e-07
P31,wavelet,5,HbR,0.5127595703108723,1.8245870727738889,1.326972481995776e-07,6.258576948411526e-08
P31,wavelet,7,HbO,0.8336116920787544,0.7155534873665059,2.795514828662976e-07,2.1698364190984126e-07
P31,wavelet,7,HbR,0.4913835974405981,1.7389586216878132,1.1794735482404204e-07,5.922260466044712e-08
P31,wavelet,8,HbO,0.8030837219576606,0.6671049234361658,3.2223247377853383e-07,2.9291361209117173e-07
P31,wavelet,8,HbR,0.7925614562767006,0.783379047540698,1.2692572245319508e-07,9.897998620878463e-08
P31,wavelet,9,HbO,0.8336479279928815,0.6408308482339274,2.580733673200338e-07,2.2285254433410008e-07
P31,wavelet,9,HbR,0.39252113590137366,1.4955317679357278,6.906063068634577e-08,4.405092332213938e-08
P31,wavelet,10,HbO,0.81514745711971,0.6950447576720324,2.116375390566417e-07,1.7652677589081492e-07
P31,wavelet,10,HbR,0.6373093496020106,1.0627472493887173,9.128018800065874e-08,6.676682192624348e-08
P31,wavelet,11,HbO,0.7198553510406583,1.0255673324571681,2.8767175770294846e-07,1.9507358117642614e-07
P31,wavelet,11,HbR,0.20938904614848106,2.1117949715216238,1.0696712493921533e-07,5.1488077039023005e-08
P31,wavelet,12,HbO,0.8701639027440177,0.5227735737859803,3.427631123451187e-07,3.281386085219774e-07
P31,wavelet,12,HbR,0.81612783889055,0.9080574078655143,9.983931753902234e-08,6.583195366428358e-08
P31,wavelet,14,HbO,0.6189918706500118,1.065253977925066,3.296536656749359e-07,2.4672727464623706e-07
P31,wavelet,14,HbR,0.5989536709098697,1.1948609857123778,1.4450938486244948e-07,9.734382244695522e-08
P31,wavelet,15,HbO,0.692374986315828,1.0167279236513782,3.855229180331924e-07,2.736925044464271e-07
P31,wavelet,15,HbR,0.421881153431607,1.6746915356863823,1.6519145657471596e-07,9.055124813704597e-08
P31,wavelet,16,HbO,0.12624716334763203,4.833801544140179,8.052264148168689e-08,1.6659672516439743e-08
P31,wavelet,16,HbR,-0.14965313915469128,3.9804996491690754,3.4121254139214126e-08,9.255188729438847e-09
P31,wavelet,17,HbO,-0.41658674200996265,7.609226157205361,6.7624774206004e-08,9.522482341480203e-09
P31,wavelet,17,HbR,-0.11974015399318345,5.865591834380109,3.686994663079537e-08,6.545481294507284e-09
P31,wavelet,18,HbO,0.8833482803550147,0.4785783438027514,4.96810813567235e-10,5.081037895614639e-10
P31,wavelet,18,HbR,0.8518958605618422,0.5266360976666701,4.5361480843467104e-10,5.638035423565751e-10
P31,wavelet,19,HbO,0.847618013922166,0.5552997865152491,4.217589685883541e-10,4.1716851341276864e-10
P31,wavelet,19,HbR,0.8497858705814224,0.5483917705271769,3.2057646057702697e-10,3.211361848428805e-10
P31,wavelet,20,HbO,-0.07668736210569325,2.902122483822825,1.7407642349116397e-06,6.583785268408334e-07
P31,wavelet,20,HbR,-0.17185281728009655,7.145901752053133,5.07070773462695e-07,7.351021812894556e-08
P31,wavelet,21,HbO,-0.02217604727422498,1.9719594617431755,8.289376087693364e-07,4.942930132061015e-07
P31,wavelet,21,HbR,0.008970581695951317,3.1497092019048796,3.33270503194542e-07,1.1133863032223318e-07
P31,wavelet,22,HbO,0.21410330296827612,2.991513239533394,6.942245309560694e-08,2.2892332791847153e-08
P31,wavelet,22,HbR,-0.08495503463983287,6.355053702378962,5.624859560590308e-08,9.124566726369308e-09
P31,wavelet,23,HbO,0.21592375695288513,3.382720655864643,6.430298462825299e-08,1.866730102288312e-08
P31,wavelet,23,HbR,-0.18406889014725586,6.945002088176062,5.019796142343975e-08,7.536117751472528e-09
P37,none,1,HbO,0.6962656472089168,1.4593366756089414,7.186580759101021e-07,3.65384608983062e-07
P37,none,1,HbR,0.823476580313728,0.8113054405491301,3.2144552476543453e-07,2.290970528775524e-07
P37,none,2,HbO,0.7341577137925235,1.4245319679017276,6.5528220388464e-07,3.299441144767479e-07
P37,none,2,HbR,-0.2239706422526781,2.4339814829487585,1.3403553471373294e-07,6.680940049628463e-08
P37,none,3,HbO,0.5432359879909762,1.7931535934194505,7.163089577186936e-07,3.366852383697031e-07
P37,none,3,HbR,0.7263733437661097,1.0178149184661953,3.095864424608039e-07,2.09622967675376e-07
P37,none,4,HbO,0.8748372007455212,0.6365283371236713,4.519525511497477e-08,3.510121624030148e-08
P37,none,4,HbR,0.8768297423994846,0.5482926800749034,1.1190357354377026e-08,9.817779329235876e-09
P37,none,5,HbO,0.8875918727082185,0.523503558342217,2.7695958665983247e-07,2.439665628900074e-07
P37,none,5,HbR,0.8497654844923936,0.5891089793584411,7.65776727753801e-08,6.882215284816186e-08
P37,none,7,HbO,0.9375350046163298,0.37273160047154846,2.2348955634782426e-07,2.0868454897787883e-07
P37,none,7,HbR,0.8826004198027014,0.6199785105405399,1.0278427181258223e-07,7.989199839786547e-08
P37,none,8,HbO,0.9168960504921585,0.4637422799222381,1.4042844249792097e-07,1.217939052779099e-07
P37,none,8,HbR,0.929862718203177,0.4227557700910786,4.0684407818758726e-08,3.57519936552225e-08
P37,none,9,HbO,0.8617850019386009,0.6135685879811573,1.8340408217724995e-07,1.5206890715837863e-07
P37,none,9,HbR,0.8914760842124417,0.5350933084040512,7.564624526786696e-08,6.431582060945498e-08
P37,none,10,HbO,0.8781877372050322,0.6633646883127108,2.7020631097232997e-07,2.019797337430783e-07
P37,none,10,HbR,0.8217109323663747,0.6570789080643291,8.228929773735466e-08,7.16461949650954e-08
P37,none,11,HbO,0.8382111946107523,0.8170924278864393,1.2584413827982196e-07,8.698837895472435e-08
P37,none,11,HbR,0.8892499812510463,0.5792238730492931,3.354133691131878e-08,2.6950091525308766e-08
P37,none,12,HbO,0.7515395447120861,1.3590625399679939,5.144192667027452e-07,2.6519969365259835e-07
P37,none,12,HbR,0.8165320925179815,0.8263777648539508,1.3438286591612395e-07,9.546018146811766e-08
P37,none,14,HbO,0.6852207983326235,1.5791031509969324,6.830619014766749e-07,3.273995045309778e-07
P37,none,14,HbR,0.742256401839325,0.914009509001543,2.451419128621563e-07,1.7975263140112383e-07
P37,none,15,HbO,0.6753774988424067,1.4091695519004035,7.712323050258756e-07,4.110831815061181e-07
P37,none,15,HbR,0.7342933780115489,0.9328174886151919,2.6899145808891185e-07,1.9580797771293792e-07
P37,none,16,HbO,0.7122069908500807,1.8999262993938937,8.627634153999406e-07,3.482307490682091e-07
P37,none,16,HbR,0.6781844179431087,1.3935743194044314,2.1727346653680315e-07,1.1667329190369089e-07
P37,none,17,HbO,0.6931508498087106,1.5480037354423042,7.403214750344487e-07,3.5885401607697017e-07
P37,none,17,HbR,0.804656641980478,0.8985646124949548,2.425359785788231e-07,1.6397400246997469e-07
P37,none,18,HbO,0.8967583605961775,0.4615205833816561,4.561234095339137e-09,4.44752251060265e-09
P37,none,18,HbR,0.8974257592409792,0.4435573168020828,3.776957429037144e-09,4.391775250907338e-09
P37,none,19,HbO,0.941504145663016,0.3386672911453568,2.596549037274808e-09,2.6845795215139715e-09
P37,none,19,HbR,0.9073046686000381,0.4234461908125609,2.349885935094896e-09,2.472162024708069e-09
P37,none,20,HbO,0.6115090531245996,1.8338242025418432,5.637132221524471e-07,2.488061512016446e-07
P37,none,20,HbR,0.6767717527122091,1.1000668215315261,2.3245167421240453e-07,1.5559257615578522e-07
P37,none,21,HbO,0.7656205501276417,0.9281726460445449,7.23831602972579e-07,5.046564583964214e-07
P37,none,21,HbR,0.68195076294877,0.80820259654968,1.637028768700422e-07,1.6005879039091068e-07
P37,none,22,HbO,0.2533596169356685,16.559780651675666,4.4212980620327244e-07,2.634099744637504e-08
P37,none,22,HbR,0.1715659332367848,15.106894173822653,9.017202679863678e-08,5.9143548128722015e-09
P37,none,23,HbO,0.263944675292832,16.195311139017196,2.8085609129749724e-07,1.7093575622586217e-08
P37,none,23,HbR,0.2310020378673208,13.293202765123183,6.867337160864032e-08,5.091234262375025e-09
P37,wavelet,1,HbO,0.5627669423720577,1.0269317709806056,4.2809630936779286e-07,3.65384608983062e-07
P37,wavelet,1,HbR,0.5784149723362607,1.1701816189648895,3.2371370481491724e-07,2.290970528775524e-07
P37,wavelet,2,HbO,0.6224776991100286,1.0067035646250324,4.14033310637398e-07,3.299441144767479e-07
P37,wavelet,2,HbR,0.25338434180295444,1.927085900502933,1.2821249873379144e-07,6.680940049628463e-08
P37,wavelet,3,HbO,0.5919425384346353,1.090731046335492,4.466798985135795e-07,3.366852383697031e-07
P37,wavelet,3,HbR,0.6981452154675355,1.0029042507368082,2.9297396986338826e-07,2.09622967675376e-07
P37,wavelet,4,HbO,0.6155740990692221,1.0244468664048973,4.4463590291714576e-08,3.510121624030148e-08
P37,wavelet,4,HbR,0.03390802696921763,3.5780980161044593,3.3915122002399825e-08,9.817779329235876e-09
P37,wavelet,5,HbO,0.7619706887571828,0.7590186730542702,2.8140294532600705e-07,2.439665628900074e-07
P37,wavelet,5,HbR,0.6064677962441068,1.0485974230056128,8.860178519301463e-08,6.882215284816186e-08
P37,wavelet,7,HbO,0.8392422631808616,0.6193735602576851,2.3675203906145964e-07,2.0868454897787883e-07
P37,wavelet,7,HbR,0.4927757150451977,1.652329413355709,1.5102155451588548e-07,7.989199839786547e-08
P37,wavelet,8,HbO,0.6563786097484278,1.1202215634709267,1.8006822582959152e-07,1.217939052779099e-07
P37,wavelet,8,HbR,0.5656750384931922,1.334914331818836,5.7553547671594476e-08,3.57519936552225e-08
P37,wavelet,9,HbO,0.6641641791612275,0.8960751908916598,1.7551897580609792e-07,1.5206890715837863e-07
P37,wavelet,9,HbR,0.7359843430300556,1.2377427975545638,1.1377608980686019e-07,6.431582060945498e-08
P37,wavelet,10,HbO,0.7112956591901787,0.8957901658608773,2.5580805895341897e-07,2.019797337430783e-07
P37,wavelet,10,HbR,0.4345430471181905,1.9365652746316273,1.534523245727477e-07,7.16461949650954e-08
P37,wavelet,11,HbO,0.5495076900580239,1.3079374230899732,1.3487483697047562e-07,8.698837895472435e-08
P37,wavelet,11,HbR,0.35649530569520654,1.9348108019333168,5.5104351017345075e-08,2.6950091525308766e-08
P37,wavelet,12,HbO,0.32674749134103936,1.2962920588578128,3.2119101447457224e-07,2.6519969365259835e-07
P37,wavelet,12,HbR,0.29878430384890864,1.5792623099218475,1.4820260602276295e-07,9.546018146811766e-08
P37,wavelet,14,HbO,0.637052643907707,1.057352119835455,4.4530809276433524e-07,3.273995045309778e-07
P37,wavelet,14,HbR,0.404991291584276,1.7202675015422146,3.335475337679694e-07,1.7975263140112383e-07
P37,wavelet,15,HbO,0.6093433814347081,0.9308213923665742,4.508933036923341e-07,4.110831815061181e-07
P37,wavelet,15,HbR,0.567548036194534,0.992536307736557,2.18971015381213e-07,1.9580797771293792e-07
P37,wavelet,16,HbO,0.4548961346787447,1.079096532639835,3.7061452462445414e-07,3.482307490682091e-07
P37,wavelet,16,HbR,0.2129326642186901,2.028210348005208,2.3134793527778527e-07,1.1667329190369089e-07
P37,wavelet,17,HbO,0.6590401646592388,0.9064244911949285,4.180447925872783e-07,3.5885401607697017e-07
P37,wavelet,17,HbR,0.5480321080936562,1.350446262030333,2.6272998415695586e-07,1.6397400246997469e-07
P37,wavelet,18,HbO,0.7199459656208678,0.7735927473482174,4.7136192430734645e-09,4.44752251060265e-09
P37,wavelet,18,HbR,0.8341655448224191,0.5655016430287151,4.203528921273308e-09,4.391775250907338e-09
P37,wavelet,19,HbO,0.7065316229441597,0.7759208278782906,2.7389366949310656e-09,2.6845795215139715e-09
P37,wavelet,19,HbR,0.8130876380664095,0.5898293539431183,2.227808528736341e-09,2.472162024708069e-09
P37,wavelet,20,HbO,0.47506377444007697,1.3003913258097095,3.5609516284011533e-07,2.488061512016446e-07
P37,wavelet,20,HbR,0.16133603207733993,2.348472987442116,3.5518696651355327e-07,1.5559257615578522e-07
P37,wavelet,21,HbO,0.7555224871246935,0.7306464432109734,5.438379966570451e-07,5.046564583964214e-07
P37,wavelet,21,HbR,0.30899814675189224,1.3712787674766058,2.0664414279239842e-07,1.6005879039091068e-07
P37,wavelet,22,HbO,-0.05889774089175791,1.0494953223265893,6.9719076463158615e-09,2.634099744637504e-08
P37,wavelet,22,HbR,0.6395898036834574,0.7714320524503977,4.161384960629786e-09,5.9143548128722015e-09
P37,wavelet,23,HbO,-0.03773187655171944,1.0468214102151976,4.682282652656364e-09,1.7093575622586217e-08
P37,wavelet,23,HbR,0.47762031095522434,0.8961041059932309,3.3264819631312727e-09,5.091234262375025e-09
P54,none,1,HbO,0.5899711417615566,0.8338903103915153,6.686099729027666e-09,8.423211449403028e-09
P54,none,1,HbR,0.7666219414164741,0.6672471177835544,4.8447581657813574e-09,5.117262593603293e-09
P54,none,2,HbO,0.5477280555161154,0.9846402229945923,1.2185296873397205e-08,1.1518826594214156e-08
P54,none,2,HbR,0.8434101281537613,0.5603951912113145,6.8285444539781075e-09,6.810181649650633e-09
P54,none,3,HbO,0.8957634581120344,0.5911371704257614,5.334555951120807e-08,4.1518963077322125e-08
P54,none,3,HbR,0.8602626166702257,0.6363066124448699,1.5011980101948455e-08,1.2098500447228866e-08
P54,none,4,HbO,0.919079562962775,0.48559865653168705,4.8025925236822645e-08,3.9951350759406956e-08
P54,none,4,HbR,0.8771284671193847,0.5410241290210676,1.2823343708495766e-08,1.1387859312559383e-08
P54,none,5,HbO,0.8923118794030802,0.5774824495727398,2.490339978593097e-07,1.988371798577652e-07
P54,none,5,HbR,0.853248816058056,0.58460109825979,7.033423693945735e-08,6.294807216409498e-08
P54,none,7,HbO,0.8718138993805675,0.7063186782058145,3.6172243158574193e-07,2.6198907382310994e-07
P54,none,7,HbR,0.8698502997309899,0.5474298813346811,7.167852928505048e-08,6.474777605111884e-08
P54,none,8,HbO,0.8336032758521406,0.8806536986745723,4.445972940852449e-07,2.9260589675673734e-07
P54,none,8,HbR,0.8076275157897421,0.6819829386281883,6.34491955850983e-08,5.516785006890855e-08
P54,none,9,HbO,0.8929015960232624,0.5835270046528269,3.7549425725407983e-07,2.970489415607573e-07
P54,none,9,HbR,0.838557188806235,0.6275043760381609,1.0041019817960642e-07,8.732719433079613e-08
P54,none,10,HbO,0.8881745421765541,0.5954932515397231,3.789384925482255e-07,2.991368042873966e-07
P54,none,10,HbR,0.8808963559961942,0.5182847020081857,7.554114311845658e-08,6.917677886591726e-08
P54,none,11,HbO,0.9394924460804256,0.38884518191417455,1.4725175117825348e-07,1.310791729755242e-07
P54,none,11,HbR,0.8869915602679542,0.4829953207280476,3.570217913158608e-08,3.471752483574121e-08
P54,none,12,HbO,0.9115928842107981,0.49060727970691786,2.008451648469106e-07,1.703013748835789e-07
P54,none,12,HbR,0.9292251475971509,0.404680611857523,1.0321399789979552e-07,9.435004301491329e-08
P54,none,14,HbO,0.765905839319109,0.9036389345392021,1.6147310247538327e-07,1.1526659729455736e-07
P54,none,14,HbR,0.9142395440192909,0.46463461428692115,1.0545392642023897e-07,9.237170423613485e-08
P54,none,15,HbO,0.7956056765686959,0.7983879711110718,2.3419346409579178e-07,1.7801476726244657e-07
P54,none,15,HbR,0.8768794590519894,0.5354529560171986,1.1042008756304724e-07,9.924216574599366e-08
P54,none,16,HbO,0.49832558485211365,0.8843035863952012,8.222351863630495e-09,1.2441072450517148e-08
P54,none,16,HbR,0.624820957667569,0.8147500373979565,5.779869532410133e-09,6.758301107954189e-09
P54,none,17,HbO,0.5320078008385897,0.8639765225121435,8.350173404179088e-09,1.1955275368750928e-08
P54,none,17,HbR,0.5914165571113047,0.8368860667882598,5.2704349098339755e-09,6.497802921348324e-09
P54,none,18,HbO,0.8248236476284345,0.5680312457242032,5.594204480087942e-10,7.120595137887208e-10
P54,none,18,HbR,0.9561070366862202,0.2963944253461828,4.5655286059932757e-10,4.997557724831115e-10
P54,none,19,HbO,0.9512293233997278,0.3183922255863828,4.3351403666765243e-10,4.21925551732883e-10
P54,none,19,HbR,0.8276323204723738,0.5701264821314938,3.0419775296026786e-10,4.1412647149446343e-10
P54,none,20,HbO,0.49366729319935876,7.584142100481373,7.688737072571636e-06,9.57766026504758e-07
P54,none,20,HbR,0.34630888975381635,8.021002705960283,8.656822491430322e-07,1.0414523329423963e-07
P54,none,21,HbO,0.4988953172870754,7.961123688373789,1.2512977906524587e-06,1.4873905891483038e-07
P54,none,21,HbR,0.4168743298536003,7.754931265038084,1.0402328477188149e-06,1.2813351564299072e-07
P54,none,22,HbO,0.8519543617625447,0.5544547062174173,1.1679672665460155e-08,1.1331103397650373e-08
P54,none,22,HbR,0.849987931886868,0.577741795122915,7.131243939270399e-09,6.559778250698115e-09
P54,none,23,HbO,0.9022125541709253,0.46117525923054964,1.6358243111359317e-08,1.5352332716076986e-08
P54,none,23,HbR,0.8675895215890779,0.5069031255037338,7.179032038636237e-09,7.494138245244396e-09
P54,wavelet,1,HbO,-0.23048466887172822,6.281517402153246,5.008141210310265e-08,8.423211449403028e-09
P54,wavelet,1,HbR,-0.14416855462275405,5.499326513457774,2.6812643817199688e-08,5.117262593603293e-09
P54,wavelet,2,HbO,-0.1775847556838054,5.241400166355955,5.696747350533921e-08,1.1518826594214156e-08
P54,wavelet,2,HbR,0.07792239609544147,3.6422234637914723,2.427149961769077e-08,6.810181649650633e-09
P54,wavelet,3,HbO,0.45350949316388817,1.467155485657772,6.698271974456761e-08,4.1518963077322125e-08
P54,wavelet,3,HbR,0.10723293689517963,3.2646162671656582,3.87778245581285e-08,1.2098500447228866e-08
P54,wavelet,4,HbO,0.6170933358356698,1.1740338031558224,5.9242155847716663e-08,3.9951350759406956e-08
P54,wavelet,4,HbR,0.253865354413253,2.1759105884307184,2.5004285583711955e-08,1.1387859312559383e-08
P54,wavelet,5,HbO,0.7024959485629069,0.8966936891630082,2.4811917619385625e-07,1.988371798577652e-07
P54,wavelet,5,HbR,0.5690096491291579,1.3309433799995654,1.0166383443993685e-07,6.294807216409498e-08
P54,wavelet,7,HbO,0.8107739859470482,0.7043863040034464,3.1505845614289893e-07,2.6198907382310994e-07
P54,wavelet,7,HbR,0.777484197697671,0.8306718976649499,8.545766378806268e-08,6.474777605111884e-08
P54,wavelet,8,HbO,0.7642342557984592,0.919851534530367,4.155050604277365e-07,2.9260589675673734e-07
P54,wavelet,8,HbR,0.5782835288832263,1.6726273896057795,1.1239204532890705e-07,5.516785006890855e-08
P54,wavelet,9,HbO,0.7622708414700323,0.8403554773989073,3.856364431424193e-07,2.970489415607573e-07
P54,wavelet,9,HbR,0.765793533823376,0.9401621390109427,1.2676394702981424e-07,8.732719433079613e-08
P54,wavelet,10,HbO,0.5749990327972471,1.0887664572497138,3.868720297078646e-07,2.991368042873966e-07
P54,wavelet,10,HbR,0.23739754709182553,2.0229505268055465,1.391533091378028e-07,6.917677886591726e-08
P54,wavelet,11,HbO,0.9079837572072252,0.4653555464121088,1.4537218556980944e-07,1.310791729755242e-07
P54,wavelet,11,HbR,0.385671846104672,2.071452326420696,7.738633380605015e-08,3.471752483574121e-08
P54,wavelet,12,HbO,0.8751532195309294,0.5649453885951933,1.9870654075002505e-07,1.703013748835789e-07
P54,wavelet,12,HbR,0.6175025463918994,0.9926325458190399,1.1499537285611678e-07,9.435004301491329e-08
P54,wavelet,14,HbO,0.7898392824254113,0.7909909938346482,1.4857992567022879e-07,1.1526659729455736e-07
P54,wavelet,14,HbR,0.6600989524794556,1.1030286965990983,1.352098027004729e-07,9.237170423613485e-08
P54,wavelet,15,HbO,0.7310038247163674,0.9555356582823461,2.491937375866143e-07,1.7801476726244657e-07
P54,wavelet,15,HbR,0.6115637273955351,1.1026507444913687,1.368347152726805e-07,9.924216574599366e-08
P54,wavelet,16,HbO,-0.3219527299420239,6.970801467910497,8.150991891110473e-08,1.2441072450517148e-08
P54,wavelet,16,HbR,-0.21196185263328218,6.454379926346191,4.1481656457063634e-08,6.758301107954189e-09
P54,wavelet,17,HbO,-0.35782415331935535,7.159441832134042,8.018629773223425e-08,1.1955275368750928e-08
P54,wavelet,17,HbR,-0.23116865628862138,6.575348828374148,4.0553589165441534e-08,6.497802921348324e-09
P54,wavelet,18,HbO,0.9259150732914103,0.38201401872483426,6.195650933883988e-10,7.120595137887208e-10
P54,wavelet,18,HbR,0.9578016268022749,0.28860210008900333,4.657274954546288e-10,4.997557724831115e-10
P54,wavelet,19,HbO,0.9126185379506092,0.4210157606870134,4.2735157677398805e-10,4.21925551732883e-10
P54,wavelet,19,HbR,0.8785258583074312,0.4839052510032069,3.3274320783930406e-10,4.1412647149446343e-10
P54,wavelet,20,HbO,-0.05305782995642275,1.9249174640856141,1.5185852001051406e-06,9.57766026504758e-07
P54,wavelet,20,HbR,0.3623160159214424,2.052390104237976,2.2750929095033197e-07,1.0414523329423963e-07
P54,wavelet,21,HbO,0.13907926384783798,3.2782827157930488,4.835100174363831e-07,1.4873905891483038e-07
P54,wavelet,21,HbR,-0.05242454467329576,2.1796671527622844,2.40821505313896e-07,1.2813351564299072e-07
P54,wavelet,22,HbO,-0.017626785638011268,3.820451804759953,4.137228748237163e-08,1.1331103397650373e-08
P54,wavelet,22,HbR,0.1688762367763407,3.5532923139634542,2.3389116092321346e-08,6.559778250698115e-09
P54,wavelet,23,HbO,0.3170066890045427,2.9511904387287977,4.754667774018021e-08,1.5352332716076986e-08
P54,wavelet,23,HbR,-0.05638298985629451,2.927133025878792,2.009250471716355e-08,7.494138245244396e-09
P07,none,1,HbO,0.8229102100438589,0.8766510849584651,4.5119783837148447e-07,3.0271265043166146e-07
P07,none,1,HbR,0.8589699474514666,0.5795672137327941,9.076673818232348e-08,8.031401261306326e-08
P07,none,2,HbO,0.9266573270686206,0.4580951083838415,2.6901648547376376e-07,2.2637446414781347e-07
P07,none,2,HbR,0.9103589051013599,0.47938656794621415,7.101326719841015e-08,6.16432420377045e-08
P07,none,3,HbO,0.8749942704270601,0.6093990130079124,3.1077035609200053e-07,2.4965715585139567e-07
P07,none,3,HbR,0.8046254325874748,0.6363750418019907,1.1160204193837076e-07,1.0813646402877617e-07
P07,none,4,HbO,0.9204853812869003,0.4889082501413632,2.906145243236929e-07,2.3933229774473215e-07
P07,none,4,HbR,0.882204556383675,0.5362440931521273,4.1925928657717984e-08,3.6825671180290704e-08
P07,none,5,HbO,0.19344885736820785,1.0060370094629258,2.80780862099175e-09,6.896028866167389e-09
P07,none,5,HbR,0.3604925980427833,0.9486603948672189,1.95739924026088e-09,3.724083791202693e-09
P07,none,7,HbO,0.17520966305390215,1.0075400660834855,2.845962506072123e-09,7.514997922191695e-09
P07,none,7,HbR,0.4664944975025864,0.8956932745227825,2.513833563484749e-09,4.16387091970457e-09
P07,none,8,HbO,0.9111180180810364,0.509231397155251,4.259851222199964e-08,3.52018435136422e-08
P07,none,8,HbR,0.8717182915142075,0.569718034738296,1.1123883641874283e-08,9.573137529014055e-09
P07,none,9,HbO,0.9325089453462844,0.42631548570862815,1.3668390881597685e-07,1.1792821332720109e-07
P07,none,9,HbR,0.9036453471292695,0.4820761789749448,3.3624649439517325e-08,2.989391180918883e-08
P07,none,10,HbO,0.8846596977855127,0.5920113206801124,3.5250667139949024e-07,2.821234446234261e-07
P07,none,10,HbR,0.8584530614951562,0.6180962812046663,5.975951308225772e-08,4.965983373638984e-08
P07,none,11,HbO,0.8640009575713162,0.7527153058245123,1.8324562172731278e-07,1.2872639462942794e-07
P07,none,11,HbR,0.8024200809190775,0.714980538852703,3.594152925902664e-08,3.004794778732817e-08
P07,none,12,HbO,0.8192990553744322,0.8557775075723454,3.677270843315129e-07,2.5280592626056146e-07
P07,none,12,HbR,0.796213898006526,0.7981278256168285,8.413466195605941e-08,6.390466847722219e-08
P07,none,14,HbO,0.6996501720490497,1.2633262837956922,4.961401361602117e-07,2.848917741199485e-07
P07,none,14,HbR,0.8624546755015734,0.6156799716976884,2.1895409015614806e-07,1.8052121490188584e-07
P07,none,15,HbO,-0.02793206422349449,5.69560469442795,3.131075991011718e-08,5.612281103621503e-09
P07,none,15,HbR,0.49096417402563414,0.9761966745529067,3.568371678347092e-09,3.845393582879945e-09
P07,none,16,HbO,0.9538585011034354,0.32242148330121756,3.1594507571748735e-07,2.9498852099562937e-07
P07,none,16,HbR,0.9047226610070104,0.4651265873418006,1.31617491316881e-07,1.205899532268921e-07
P07,none,17,HbO,0.9003676170773376,0.5710961970598516,3.904329873797091e-07,3.0737285307200834e-07
P07,none,17,HbR,0.7433281223281645,0.7962202003495648,6.974729309378304e-08,5.9349890547431415e-08
P07,none,18,HbO,0.9797478741187954,0.2059196069265113,4.762481673242346e-09,4.636983283635573e-09
P07,none,18,HbR,0.9801392343474912,0.20732456223057172,4.481416188893266e-09,4.310983838069974e-09
P07,none,19,HbO,0.9570317692117726,0.29433361569318617,3.2231684088504984e-09,3.1993883380103412e-09
P07,none,19,HbR,0.9761955249157243,0.21768956050103577,2.7179485661448765e-09,2.735563621939215e-09
P07,none,20,HbO,0.33947079305747196,11.434637263685964,6.974112787893779e-06,5.944900314396708e-07
P07,none,20,HbR,0.22280621370489256,6.388817899669904,1.2247178917472197e-06,1.8757586386044684e-07
P07,none,21,HbO,0.35454150532051615,11.69314667024803,6.73791849858327e-06,5.611689646850959e-07
P07,none,21,HbR,0.3565881926595246,10.756489098653036,9.297506498845913e-07,8.398101438874436e-08
P07,none,22,HbO,0.7353062173708134,1.1095258114867586,2.784342397594807e-07,1.7254455342561397e-07
P07,none,22,HbR,0.7162339715397544,0.9608511322287928,6.134053947466087e-08,4.455908424996915e-08
P07,none,23,HbO,0.6529933706051589,1.4795728493862588,8.032283733409493e-07,4.174723603473326e-07
P07,none,23,HbR,0.7737164414445981,0.7660528667888143,6.58375935684333e-08,5.466892792598282e-08
P07,wavelet,1,HbO,0.738269574233977,0.7437462689962776,3.181301635158728e-07,3.0271265043166146e-07
P07,wavelet,1,HbR,0.23472408150854687,2.0282088961433775,1.6106497624129686e-07,8.031401261306326e-08
P07,wavelet,2,HbO,0.8695409670644038,0.5353816672932022,2.4311482438700024e-07,2.2637446414781347e-07
P07,wavelet,2,HbR,0.4842766945389536,1.6549088831335836,1.1592342707433701e-07,6.16432420377045e-08
P07,wavelet,3,HbO,0.5713878436454428,0.9417156261053722,2.577830681919969e-07,2.4965715585139567e-07
P07,wavelet,3,HbR,0.48389532786030376,1.5053766286079038,1.845569770067638e-07,1.0813646402877617e-07
P07,wavelet,4,HbO,0.8455895525801219,0.5547894667573521,2.380331862626216e-07,2.3933229774473215e-07
P07,wavelet,4,HbR,0.16940142642419953,2.4893145234068714,9.007876188479118e-08,3.6825671180290704e-08
P07,wavelet,5,HbO,-0.34722273474738063,7.399171197977454,4.797598739943127e-08,6.896028866167389e-09
P07,wavelet,5,HbR,-0.3654214766829172,7.244954869964251,2.5268330527409215e-08,3.724083791202693e-09
P07,wavelet,7,HbO,-0.39817496187367263,7.442423628424138,5.224583256284537e-08,7.514997922191695e-09
P07,wavelet,7,HbR,-0.3421142582710236,7.055273856044856,2.7551333718664326e-08,4.16387091970457e-09
P07,wavelet,8,HbO,0.4435268292181566,1.596079787763657,6.181206714282911e-08,3.52018435136422e-08
P07,wavelet,8,HbR,0.21654726948690384,2.674497497352155,2.579096216192168e-08,9.573137529014055e-09
P07,wavelet,9,HbO,0.7936226583176874,0.771812328581577,1.4905707053463372e-07,1.1792821332720109e-07
P07,wavelet,9,HbR,0.8261209569631883,0.8210719965123953,4.24744991682153e-08,2.989391180918883e-08
P07,wavelet,10,HbO,0.8579905682037108,0.5592301553575858,3.0434115261930484e-07,2.821234446234261e-07
P07,wavelet,10,HbR,0.41920931698455793,1.568094786943122,8.421208995300384e-08,4.965983373638984e-08
P07,wavelet,11,HbO,0.6453532993088239,0.9364861827445898,1.5264121940218482e-07,1.2872639462942794e-07
P07,wavelet,11,HbR,0.11954087443755763,2.8288647186870066,8.286867965548281e-08,3.004794778732817e-08
P07,wavelet,12,HbO,0.8158572082118473,0.73347563504278,3.1980731520458345e-07,2.5280592626056146e-07
P07,wavelet,12,HbR,0.28548481546729415,2.332340394012061,1.53413912063666e-07,6.390466847722219e-08
P07,wavelet,14,HbO,0.7490160364798037,0.7337684642406775,3.032114804974327e-07,2.848917741199485e-07
P07,wavelet,14,HbR,0.5587503606436703,1.176531296563376,2.503941937870261e-07,1.8052121490188584e-07
P07,wavelet,15,HbO,-0.413560873092428,7.773463242246698,4.080096992209706e-08,5.612281103621503e-09
P07,wavelet,15,HbR,-0.20608796155312484,6.116962834807882,2.2316102601171714e-08,3.845393582879945e-09
P07,wavelet,16,HbO,0.6978884660392788,0.7787255657754245,2.9604799715769117e-07,2.9498852099562937e-07
P07,wavelet,16,HbR,0.717801042418565,1.0382215619681858,1.794234501313804e-07,1.205899532268921e-07
P07,wavelet,17,HbO,0.8299007029676194,0.5822040826230482,3.05936404715906e-07,3.0737285307200834e-07
P07,wavelet,17,HbR,0.42263909014930834,1.9680492835153014,1.284943759918602e-07,5.9349890547431415e-08
P07,wavelet,18,HbO,0.8474811914190364,0.5309170092703848,3.951898171396857e-09,4.636983283635573e-09
P07,wavelet,18,HbR,0.8715450645412615,0.49562744690500327,4.065620085923603e-09,4.310983838069974e-09
P07,wavelet,19,HbO,0.7993367195331902,0.6017166928425921,2.6130663199428167e-09,3.1993883380103412e-09
P07,wavelet,19,HbR,0.9080613416292578,0.42492669778366543,2.678284531582725e-09,2.735563621939215e-09
P07,wavelet,20,HbO,-0.18259184977158716,4.20922456202265,2.312341014245523e-06,5.944900314396708e-07
P07,wavelet,20,HbR,0.028030760495534414,3.245731028118613,5.841649170947305e-07,1.8757586386044684e-07
P07,wavelet,21,HbO,-0.17321372555599804,4.626665235217539,2.426571103575781e-06,5.611689646850959e-07
P07,wavelet,21,HbR,-0.09939777537581221,3.8879970832695916,3.0579312560125463e-07,8.398101438874436e-08
P07,wavelet,22,HbO,0.8236702475581398,0.6278256467364717,1.885915334523176e-07,1.7254455342561397e-07
P07,wavelet,22,HbR,0.6065557907607795,1.543530430665125,8.561771161372331e-08,4.455908424996915e-08
P07,wavelet,23,HbO,0.8637282013803836,0.5526939956800309,4.5531178196136315e-07,4.174723603473326e-07
P07,wavelet,23,HbR,0.7029796696882252,1.2052717555687276,9.131386271671528e-08,5.466892792598282e-08
P49,none,1,HbO,0.29150611277860705,0.96340745642897,4.572563816585666e-09,1.1545272254342463e-08
P49,none,1,HbR,0.21647158788432283,1.0109364576164326,2.8547136230843778e-09,6.084710325521576e-09
P49,none,2,HbO,0.3200139887935801,0.9723059452938775,6.193843039574763e-09,1.1709081628033983e-08
P49,none,2,HbR,0.5209316575154685,0.8733240569891818,4.534348433116151e-09,6.459381002714171e-09
P49,none,3,HbO,0.39088612847177484,0.9907044891509726,9.318201518131305e-09,1.2387428502738202e-08
P49,none,3,HbR,0.2908342744910064,0.9891686589719628,3.251475780467603e-09,6.068999787103982e-09
P49,none,4,HbO,0.5071649013652323,0.866009082550743,4.525402106080025e-09,7.844081158200433e-09
P49,none,4,HbR,0.5266617465817264,0.8676507675049269,2.937222782057011e-09,4.235836444874348e-09
P49,none,5,HbO,0.45691008566189806,0.9049776917724438,4.5445613724728275e-09,7.385849754596752e-09
P49,none,5,HbR,0.5562426035862855,0.8466076287204555,3.0718054837337362e-09,4.336719548501161e-09
P49,none,7,HbO,0.4715804838980204,0.8929487613658125,5.1167720469883815e-09,8.48705168634567e-09
P49,none,7,HbR,0.6167452191509242,0.7942479063695522,3.3304374005972868e-09,4.672352487924427e-09
P49,none,8,HbO,0.7832127030150301,0.6420233754778145,1.0773281207820389e-08,1.1518802738794442e-08
P49,none,8,HbR,0.7490612327403792,0.6913152488014775,5.316410317838838e-09,5.637776238416146e-09
P49,none,9,HbO,0.690805537471918,0.7442204193432842,7.092019575719505e-09,8.18727177773194e-09
P49,none,9,HbR,0.6442993378628459,0.8378264325123156,4.700627959600316e-09,4.801178235695414e-09
P49,none,10,HbO,0.3482732643121416,0.9636946771436008,4.3944118764024695e-09,7.820545618738761e-09
P49,none,10,HbR,0.5883014511672331,0.8198482199235337,3.2999481341192156e-09,4.585441631008028e-09
P49,none,11,HbO,0.3131054270945876,0.9784266855382918,3.783109113328537e-09,7.05608755265443e-09
P49,none,11,HbR,0.5214715600111054,0.8722434241189178,2.630084966883543e-09,3.7725406072336424e-09
P49,none,12,HbO,0.20287293593371122,0.9953922799109006,3.6375643523035397e-09,9.765521711985092e-09
P49,none,12,HbR,0.23703377787796248,1.0008144181281327,2.4031865627944343e-09,5.1539123851719285e-09
P49,none,14,HbO,0.8662058189254302,0.6558593629222836,1.9287836211274467e-07,1.4940291627883927e-07
P49,none,14,HbR,0.7501170291517424,0.7012389342644083,3.516144001077506e-08,3.5755842813030234e-08
P49,none,15,HbO,0.4128455862897028,0.9280930108947852,4.547561465261392e-09,7.786139916011334e-09
P49,none,15,HbR,0.5086812541814711,0.8796182775097713,2.9195346509735907e-09,4.2829649972912124e-09
P49,none,16,HbO,0.8157562892047033,0.7907931220841884,3.186651448980733e-07,2.3518363033413134e-07
P49,none,16,HbR,0.7426880470857998,0.786646769130234,8.518391431971127e-08,7.372437318412581e-08
P49,none,17,HbO,0.8733963404793221,0.6651012452011157,2.299143462315461e-07,1.7335559681087364e-07
P49,none,17,HbR,0.6954062249499563,0.8985630076960316,1.0576280379033568e-07,8.564834176434982e-08
P49,none,18,HbO,0.47673385777572475,2.467513062493863,2.463990504794621e-09,8.855819400995571e-10
P49,none,18,HbR,0.5559409921009173,1.0170681552087906,9.147279789785384e-10,8.00972792381918e-10
P49,none,19,HbO,0.6080921470984765,1.930471192177976,1.2145152132250238e-09,5.129463035829828e-10
P49,none,19,HbR,0.6357203749863879,1.4852056642358695,9.096714477678999e-10,4.776279099124749e-10
P49,none,20,HbO,0.8101729760888299,0.75829395170341,4.109455147784059e-07,3.18265675211509e-07
P49,none,20,HbR,0.564024438641296,1.216105732481722,1.1305867891639868e-07,7.760873162519309e-08
P49,none,21,HbO,0.7080144662633095,1.2465427301466496,6.08285707376523e-07,3.505525336603646e-07
P49,none,21,HbR,0.3419630538608595,1.3186171799031432,5.8256724904606724e-08,4.599537456825676e-08
P49,none,22,HbO,0.4106296134938685,5.725888292468654,1.8176992100612878e-07,3.0003643527334474e-08
P49,none,22,HbR,0.3522786573199872,3.7149156162459174,4.161059171540555e-08,1.0541541061472174e-08
P49,none,23,HbO,0.922337140709678,0.4406383192115474,2.1288383359090717e-07,1.877296334733384e-07
P49,none,23,HbR,0.797108162097279,0.6564209256818235,3.879156473987128e-08,3.678604634495463e-08
P49,wavelet,1,HbO,-0.39258682243306575,7.359008531076837,7.935798650668857e-08,1.1545272254342463e-08
P49,wavelet,1,HbR,-0.33424524037102604,7.087531481024355,4.0503379001867874e-08,6.084710325521576e-09
P49,wavelet,2,HbO,-0.35896713622570636,7.151596949380489,7.842321312227421e-08,1.1709081628033983e-08
P49,wavelet,2,HbR,-0.282917962392104,6.4843127793227,3.939728009928035e-08,6.459381002714171e-09
P49,wavelet,3,HbO,-0.318220344095064,6.702925503692522,7.785884052708715e-08,1.2387428502738202e-08
P49,wavelet,3,HbR,-0.329816704920063,7.108943121480659,4.0555290407467953e-08,6.068999787103982e-09
P49,wavelet,4,HbO,-0.37910870143323633,6.893793222732422,5.035556671802436e-08,7.844081158200433e-09
P49,wavelet,4,HbR,-0.20341005417491181,6.217655562533183,2.5021587706664035e-08,4.235836444874348e-09
P49,wavelet,5,HbO,-0.266654819583078,6.888717939744225,4.8166596906034834e-08,7.385849754596752e-09
P49,wavelet,5,HbR,-0.29324850970355987,6.020616810056383,2.438259751161125e-08,4.336719548501161e-09
P49,wavelet,7,HbO,-0.3533470418565383,6.6730871727760235,5.280784123070417e-08,8.48705168634567e-09
P49,wavelet,7,HbR,-0.2348749008012278,6.017218879449628,2.6513242094595175e-08,4.672352487924427e-09
P49,wavelet,8,HbO,-0.07036270750272039,5.149734494658153,5.710407333754883e-08,1.1518802738794442e-08
P49,wavelet,8,HbR,-0.0338577255137544,3.8586690268554453,2.0716504517156e-08,5.637776238416146e-09
P49,wavelet,9,HbO,-0.20418111531956978,5.560871864319374,4.292741198542851e-08,8.18727177773194e-09
P49,wavelet,9,HbR,-0.12526300197449777,4.886768937987276,2.2259986246083143e-08,4.801178235695414e-09
P49,wavelet,10,HbO,-0.3217539878828422,6.9153837187619835,5.079867111322952e-08,7.820545618738761e-09
P49,wavelet,10,HbR,-0.29590393577193375,5.988642846771665,2.5620915041163695e-08,4.585441631008028e-09
P49,wavelet,11,HbO,-0.370481488110641,6.82389452530465,4.485799318718901e-08,7.05608755265443e-09
P49,wavelet,11,HbR,-0.27601341398438856,6.43803518011594,2.2858398733571077e-08,3.7725406072336424e-09
P49,wavelet,12,HbO,-0.3738317883419768,7.438169135759664,6.807593996607828e-08,9.765521711985092e-09
P49,wavelet,12,HbR,-0.37432400546406397,7.241915238303442,3.490961898898736e-08,5.1539123851719285e-09
P49,wavelet,14,HbO,0.8819779557906122,0.5410180057298262,1.7144888392064259e-07,1.4940291627883927e-07
P49,wavelet,14,HbR,0.40466958085566196,2.3067821261332253,8.98330435318898e-08,3.5755842813030234e-08
P49,wavelet,15,HbO,-0.34545638494131864,6.890707766832872,5.0207503040472544e-08,7.786139916011334e-09
P49,wavelet,15,HbR,-0.2488198120578444,6.222624727957132,2.513269172235817e-08,4.2829649972912124e-09
P49,wavelet,16,HbO,0.7815659863085688,0.879012818154619,3.292575832136811e-07,2.3518363033413134e-07
P49,wavelet,16,HbR,0.34361472236050195,2.58321213811715,2.0197502731057485e-07,7.372437318412581e-08
P49,wavelet,17,HbO,0.6986242555635128,1.0752772029228406,2.5974830352155653e-07,1.7335559681087364e-07
P49,wavelet,17,HbR,0.4256176209131771,2.478247447264043,2.331719299235536e-07,8.564834176434982e-08
P49,wavelet,18,HbO,0.7403561147827197,0.9137136050314283,1.2035795559428472e-09,8.855819400995571e-10
P49,wavelet,18,HbR,0.8536323552590033,0.5765048530523273,8.816321899897881e-10,8.00972792381918e-10
P49,wavelet,19,HbO,0.8440233556793333,0.594244087372689,5.640425847711246e-10,5.129463035829828e-10
P49,wavelet,19,HbR,0.8199875712611792,0.6062939645661808,4.871391963598773e-10,4.776279099124749e-10
P49,wavelet,20,HbO,0.654719229072549,0.9710016486742793,4.0085364091450586e-07,3.18265675211509e-07
P49,wavelet,20,HbR,0.6228449048781026,1.334788366454225,1.3219778693348282e-07,7.760873162519309e-08
P49,wavelet,21,HbO,0.6984031020812215,0.8187606263633507,3.839564758599195e-07,3.505525336603646e-07
P49,wavelet,21,HbR,0.13114529646669845,2.667258155544846,1.1970860666809266e-07,4.599537456825676e-08
P49,wavelet,22,HbO,0.4635487386731939,2.641243320637615,8.826965681961697e-08,3.0003643527334474e-08
P49,wavelet,22,HbR,0.09926789358340338,4.423880055272805,4.63039992477661e-08,1.0541541061472174e-08
P49,wavelet,23,HbO,0.6308188579242353,1.0988979937158867,2.6321425369359617e-07,1.877296334733384e-07
P49,wavelet,23,HbR,0.3186181745465927,2.4000943274397764,9.24492404362775e-08,3.678604634495463e-08
P35,none,1,HbO,0.7011461968340847,0.9308837514581928,1.922843793008343e-08,1.4810078804535542e-08
P35,none,1,HbR,0.6299132538712344,0.9342568148054011,8.504302278946123e-09,7.407122460718249e-09
P35,none,2,HbO,0.9053470462446669,0.5459930981762127,2.4455705851298823e-07,1.9588103593413933e-07
P35,none,2,HbR,0.2919008286139807,1.7172318311486683,6.275262388604659e-08,3.6525057945506377e-08
P35,none,3,HbO,0.8120180562633028,0.7302519305584431,2.5485516164063544e-08,2.037410987405343e-08
P35,none,3,HbR,0.6371644223597323,0.9159490671634314,9.256349318603258e-09,8.20237895236604e-09
P35,none,4,HbO,0.9265428759307719,0.4631238101671988,1.1598341363075845e-07,9.692241027423903e-08
P35,none,4,HbR,0.845233433192569,0.5903434822989846,2.9685711720515132e-08,2.708369099114746e-08
P35,none,5,HbO,0.8707251715918254,0.662064521955048,4.0579270989179447e-07,3.088324557078798e-07
P35,none,5,HbR,0.49344355051079813,1.1188730165600358,8.727904649707028e-08,7.29024574118111e-08
P35,none,7,HbO,0.7733852856842652,0.9099446322803613,3.621943527086404e-07,2.5399394084335313e-07
P35,none,7,HbR,0.7903143820703394,0.6256425981020941,5.133005505992373e-08,5.600716263152445e-08
P35,none,8,HbO,0.8362256823721721,0.8483138667609376,2.530538214587293e-07,1.7058554046314538e-07
P35,none,8,HbR,0.6792793149859413,0.8425288216564462,3.863495000443246e-08,3.534443138298867e-08
P35,none,9,HbO,0.9682545734350049,0.3316814431522435,3.875060008165204e-07,3.2667482945318734e-07
P35,none,9,HbR,0.9080327717533929,0.4590899291438271,6.838274176904192e-08,6.241898374123364e-08
P35,none,10,HbO,0.6987002247300202,1.338437297383524,4.936308429339979e-07,2.697605277399005e-07
P35,none,10,HbR,0.5173847157414411,1.6354035334612254,1.4001718183143573e-07,7.326824992163305e-08
P35,none,11,HbO,0.8805294396533414,0.6494838988587024,2.5500471671484197e-07,1.9252432758454618e-07
P35,none,11,HbR,0.5866453828451326,0.9809103393119606,4.66521116726335e-08,4.093342207015386e-08
P35,none,12,HbO,0.7801802104860112,0.8767851052069618,4.14435945198283e-08,2.9727432325877905e-08
P35,none,12,HbR,0.7456872150659785,0.8974650739949659,1.6310820031108706e-08,1.2111427099695545e-08
P35,none,14,HbO,0.6871403365913964,0.7766779480496154,1.0423662414794302e-08,1.0873778654911626e-08
P35,none,14,HbR,0.5875155852239627,0.8815984489915873,4.664530820532335e-09,4.978571114422881e-09
P35,none,15,HbO,0.7184432157023204,1.2726808915355547,3.003983380948214e-07,1.6836465268703414e-07
P35,none,15,HbR,0.45483469502964136,1.5357905466158555,9.211032300047663e-08,5.3996003400897677e-08
P35,none,16,HbO,0.508864397380359,0.982449899461042,1.145425166316695e-08,1.1724685011065967e-08
P35,none,16,HbR,0.6408464885284291,0.875873420813426,7.113428236585796e-09,6.69493652271699e-09
P35,none,17,HbO,-0.05428662500749642,1.0949599176934064,3.5701166605516423e-09,9.217528381098654e-09
P35,none,17,HbR,0.39631832565748365,1.0525015198757202,4.962585248328525e-09,5.457799056643926e-09
P35,none,18,HbO,0.9403646182630736,0.34094017829641105,6.159326549363931e-10,6.532327515255067e-10
P35,none,18,HbR,0.9391635753112179,0.343709458337589,5.185386854487903e-10,5.45757280278314e-10
P35,none,19,HbO,0.9618196415579882,0.27464475883724987,4.956978589915806e-10,5.272467169979087e-10
P35,none,19,HbR,0.9388816650853994,0.3496909839571329,3.280221745258085e-10,3.292198531202882e-10
P35,none,20,HbO,0.4250738115952342,10.820384895600531,3.54447524442402e-06,3.162583956312553e-07
P35,none,20,HbR,0.426061376769216,8.007888830754911,9.849856110914545e-07,1.1750246624508742e-07
P35,none,21,HbO,0.4265195058941268,9.815081248690452,3.4752702220802625e-06,3.4071826019903023e-07
P35,none,21,HbR,0.3610480735019013,9.709357828836604,6.722224997592875e-07,6.705121976583112e-08
P35,none,22,HbO,0.5706283022444835,0.8763488066515271,1.2482019236233375e-08,1.4297705245983002e-08
P35,none,22,HbR,0.6200468403022703,0.8913106976382765,7.288445238283035e-09,7.00041549749441e-09
P35,none,23,HbO,0.4396726362054244,1.0013078792501833,9.251812476102475e-09,1.0512544581928069e-08
P35,none,23,HbR,0.5034845290684261,0.9489486468863177,5.998200634444314e-09,6.720537592982449e-09
P35,wavelet,1,HbO,0.015160042860094635,4.187902959545757,6.015969584503437e-08,1.4810078804535542e-08
P35,wavelet,1,HbR,-0.094733715338776,4.442640440500239,3.121275559815707e-08,7.407122460718249e-09
P35,wavelet,2,HbO,0.7314893283116615,0.9289698403319034,2.6626748402249745e-07,1.9588103593413933e-07
P35,wavelet,2,HbR,0.1750624084088598,4.221807083204593,1.5569144383662366e-07,3.6525057945506377e-08
P35,wavelet,3,HbO,0.1295274597724182,3.3528393499565876,6.757378878871141e-08,2.037410987405343e-08
P35,wavelet,3,HbR,-0.04808716966064615,3.4574243209571986,2.6623398242616085e-08,8.20237895236604e-09
P35,wavelet,4,HbO,0.8614853294914746,0.6027293820067688,1.1475630915332009e-07,9.692241027423903e-08
P35,wavelet,4,HbR,0.43869072877281945,1.9376253253633717,5.811596647424782e-08,2.708369099114746e-08
P35,wavelet,5,HbO,0.8224405974060035,0.70119262917171,3.799986187709541e-07,3.088324557078798e-07
P35,wavelet,5,HbR,0.6540181695443084,1.1875603473926826,1.1426664080886087e-07,7.29024574118111e-08
P35,wavelet,7,HbO,0.7126124483535223,0.8598471909679173,3.061194541636499e-07,2.5399394084335313e-07
P35,wavelet,7,HbR,0.7233350682307083,0.8408084745552482,6.72980497590613e-08,5.600716263152445e-08
P35,wavelet,8,HbO,0.6807221719871974,0.9934117841012461,2.297309472583971e-07,1.7058554046314538e-07
P35,wavelet,8,HbR,0.4710251695501969,1.36216718944224,5.31676359815849e-08,3.534443138298867e-08
P35,wavelet,9,HbO,0.8944435247934631,0.511770337516193,3.7297900841409863e-07,3.2667482945318734e-07
P35,wavelet,9,HbR,0.508010675645639,1.6336527656905955,1.1794219455586562e-07,6.241898374123364e-08
P35,wavelet,10,HbO,0.8082384372838719,0.6593638817612671,2.9805245652471395e-07,2.697605277399005e-07
P35,wavelet,10,HbR,0.6591592857045823,0.9733267230220077,9.3552306597602e-08,7.326824992163305e-08
P35,wavelet,11,HbO,0.866610450751328,0.6455130858581487,2.453862250369882e-07,1.9252432758454618e-07
P35,wavelet,11,HbR,0.39165165479632313,2.1114687495672757,9.35101250109937e-08,4.093342207015386e-08
P35,wavelet,12,HbO,0.22553943809361288,3.170154543393801,9.593451010151873e-08,2.9727432325877905e-08
P35,wavelet,12,HbR,0.23935368773594567,2.111861554522629,2.5484750143692902e-08,1.2111427099695545e-08
P35,wavelet,14,HbO,-0.1827891887854356,5.189781029571751,5.3159578304914396e-08,1.0873778654911626e-08
P35,wavelet,14,HbR,-0.06935968341861545,5.022454979995363,2.4041322303485592e-08,4.978571114422881e-09
P35,wavelet,15,HbO,0.7661831446123027,0.707614746463366,1.784218202427408e-07,1.6836465268703414e-07
P35,wavelet,15,HbR,0.2327029592029642,1.858830365526107,9.766473359606217e-08,5.3996003400897677e-08
P35,wavelet,16,HbO,-0.19668794287280114,6.0251216617188925,6.706237906590232e-08,1.1724685011065967e-08
P35,wavelet,16,HbR,-0.08474943514558446,5.176195230679419,3.327660370540731e-08,6.69493652271699e-09
P35,wavelet,17,HbO,-0.40111780174242007,7.429930912913467,6.394919889902864e-08,9.217528381098654e-09
P35,wavelet,17,HbR,-0.2972697265869013,6.753243315797442,3.46953540663275e-08,5.457799056643926e-09
P35,wavelet,18,HbO,0.7622435980035285,0.6917624859263917,6.568788508337054e-10,6.532327515255067e-10
P35,wavelet,18,HbR,0.763460336502686,0.6669505678216742,5.067797008948773e-10,5.45757280278314e-10
P35,wavelet,19,HbO,0.6739039185173532,0.7876846370395102,4.985979989026344e-10,5.272467169979087e-10
P35,wavelet,19,HbR,0.5719232866115471,0.9800295527289157,3.638202058482124e-10,3.292198531202882e-10
P35,wavelet,20,HbO,-0.12491276340071525,5.141831081012644,1.5488299363577986e-06,3.162583956312553e-07
P35,wavelet,20,HbR,0.14450257365090638,2.78669260034539,3.2154858065171345e-07,1.1750246624508742e-07
P35,wavelet,21,HbO,-0.08475833212269873,4.8142578468795945,1.568376909917724e-06,3.4071826019903023e-07
P35,wavelet,21,HbR,0.26005157915540883,3.630298245671581,2.5085386077857064e-07,6.705121976583112e-08
P35,wavelet,22,HbO,-0.296857556402097,5.814654974900895,7.737352247858239e-08,1.4297705245983002e-08
P35,wavelet,22,HbR,-0.09799301399559786,4.864393064046689,3.24867814379458e-08,7.00041549749441e-09
P35,wavelet,23,HbO,-0.1803965049042053,6.845175888714957,6.89798437771494e-08,1.0512544581928069e-08
P35,wavelet,23,HbR,-0.3817992994150893,5.064450970482145,3.073875314746949e-08,6.720537592982449e-09
P20,none,1,HbO,0.9380507338921275,0.3920351127199527,1.865039313036386e-07,1.6632462451699253e-07
P20,none,1,HbR,0.9569826981895747,0.292127389876241,7.868784181985562e-08,8.514970425518325e-08
P20,none,2,HbO,0.6288563114642856,1.3585869306414788,3.200385615514126e-07,1.8361858491321197e-07
P20,none,2,HbR,0.6539571163310945,1.1901364260833955,7.922728648867605e-08,5.0381058948050776e-08
P20,none,3,HbO,0.7335205250995113,1.0645423171814923,2.1795368281944737e-07,1.4035839491346902e-07
P20,none,3,HbR,0.8182752372659781,0.6759187296235821,9.180619774372168e-08,7.821963448661176e-08
P20,none,4,HbO,0.571797482560286,1.6001715630507334,1.9949753173644382e-07,1.0253591428764386e-07
P20,none,4,HbR,0.8383085782325905,0.7208977268838374,4.8620720482055886e-08,3.7117010546165485e-08
P20,none,5,HbO,0.7206187323140253,1.0295026418602695,2.4325200173809563e-07,1.6417655085436114e-07
P20,none,5,HbR,0.8927592930900995,0.5127148351860121,1.4063335752018743e-07,1.2364006196261464e-07
P20,none,7,HbO,0.9115011151437685,0.4887194227884016,2.5001556870558223e-07,2.1271648020922548e-07
P20,none,7,HbR,0.9309257340908133,0.4059189910163094,1.0816497720212902e-07,9.761878275904594e-08
P20,none,8,HbO,0.6349623931505328,1.2961557371401269,2.0986085679459765e-07,1.2523648629800902e-07
P20,none,8,HbR,0.8415795605578178,0.6444800879094221,4.613854040654969e-08,3.866910902945719e-08
P20,none,9,HbO,0.7460848147238436,0.9248283656327813,1.789188830760998e-07,1.2891207073162738e-07
P20,none,9,HbR,0.9235557376217308,0.4055512384427649,7.918788513912233e-08,7.504727871151061e-08
P20,none,10,HbO,0.5319948392229403,1.6983466359151957,3.279230943103447e-07,1.636181681893411e-07
P20,none,10,HbR,0.6357425425063223,1.3165336063342346,1.5467015385678727e-07,9.08655161160104e-08
P20,none,11,HbO,0.6380593486998333,1.2539919196474572,9.857743204405671e-08,6.056036169365664e-08
P20,none,11,HbR,0.8216554808621022,0.6434870152665595,2.7112527644530353e-08,2.4213691735019833e-08
P20,none,12,HbO,0.45058295072744375,2.7690540208021512,5.6878635576469635e-08,1.851649624348755e-08
P20,none,12,HbR,0.395221112272043,1.651097341333091,1.540151078289573e-08,8.718033375027674e-09
P20,none,14,HbO,0.5483622458976551,1.5418422703423698,2.1646777450504634e-08,1.1741920434747025e-08
P20,none,14,HbR,0.48939314066208034,1.1247287381769833,6.464876929290905e-09,5.398394720897722e-09
P20,none,15,HbO,0.8325731087986254,0.6982811334257994,2.7480128743477916e-07,2.184868590038348e-07
P20,none,15,HbR,0.9540916784077977,0.3212271454356936,7.561607141872722e-08,7.065973095540798e-08
P20,none,16,HbO,0.833178408158996,0.6938433529187071,1.1119873957404496e-07,8.88006628759091e-08
P20,none,16,HbR,0.821808425084112,0.7139061171144456,3.30207531756202e-08,2.6380511088872595e-08
P20,none,17,HbO,0.8313137285567171,0.7054325157373869,1.0909286296759215e-07,8.61916768560203e-08
P20,none,17,HbR,0.7487789902421779,0.7937750273479233,3.193225304922038e-08,2.695890434911869e-08
P20,none,18,HbO,0.8890728930073475,0.46028060028061346,5.304025714921738e-10,6.220441091441796e-10
P20,none,18,HbR,0.9355941022628453,0.35466634084916593,4.694806369206012e-10,5.170303108583145e-10
P20,none,19,HbO,0.9235888716417855,0.4324703892386586,4.3044099614761384e-10,5.939733070247542e-10
P20,none,19,HbR,0.8881767645658049,0.46132000488819763,2.7335152576471153e-10,2.995769771841497e-10
P20,none,20,HbO,0.21429333091787284,8.82178865498729,7.206520990511673e-07,8.023437136184425e-08
P20,none,20,HbR,0.6470163095450081,1.20642833703716,4.18419860354287e-08,2.646249541358324e-08
P20,none,21,HbO,0.2073160610948039,13.140010291898648,2.844279846207189e-07,2.1368140827977205e-08
P20,none,21,HbR,0.1688411453571685,6.944123215708179,6.314936516505876e-08,8.966835732060438e-09
P20,none,22,HbO,0.4352452475081671,5.544737710892231,5.4322184439154e-07,9.197265442714882e-08
P20,none,22,HbR,0.4344021480150335,5.556386581250553,2.739360007864061e-07,4.62945940943612e-08
P20,none,23,HbO,0.4339698688426555,5.563776534077958,5.07537894630631e-07,8.567112928288321e-08
P20,none,23,HbR,0.4354712279231524,5.537408871256702,2.559207309387475e-07,4.33825977498369e-08
P20,wavelet,1,HbO,0.644596518090422,0.8428570188199844,1.6623109488514845e-07,1.6632462451699253e-07
P20,wavelet,1,HbR,0.7394699097944435,0.855592054461922,1.0787087271947287e-07,8.514970425518325e-08
P20,wavelet,2,HbO,0.7817329891506347,0.7168009690712058,2.0827561518081653e-07,1.8361858491321197e-07
P20,wavelet,2,HbR,0.6211404161959069,1.1632311454280813,7.458949178040489e-08,5.0381058948050776e-08
P20,wavelet,3,HbO,0.5490271732990837,0.9611818054906326,1.4336466687959897e-07,1.4035839491346902e-07
P20,wavelet,3,HbR,0.7161341202932439,0.8952360784425328,9.982262546506661e-08,7.821963448661176e-08
P20,wavelet,4,HbO,0.7195734308681504,0.818302074301742,1.1809522164982876e-07,1.0253591428764386e-07
P20,wavelet,4,HbR,0.6850387892497463,0.9673813780137265,4.9050627807340034e-08,3.7117010546165485e-08
P20,wavelet,5,HbO,0.8294481846644738,0.6761696502196631,1.986710396094837e-07,1.6417655085436114e-07
P20,wavelet,5,HbR,0.9391272316392457,0.3658703229201557,1.3166515180004e-07,1.2364006196261464e-07
P20,wavelet,7,HbO,0.6408662581802818,1.0859075152928979,2.982560265171388e-07,2.1271648020922548e-07
P20,wavelet,7,HbR,0.8356053198443678,0.5934767593994559,1.033942839102624e-07,9.761878275904594e-08
P20,wavelet,8,HbO,0.8258444190783529,0.7503516827072234,1.6515950253595276e-07,1.2523648629800902e-07
P20,wavelet,8,HbR,0.4870192280185953,2.1179300643521377,9.31453326490005e-08,3.866910902945719e-08
P20,wavelet,9,HbO,0.7035971138278747,0.8274193993901858,1.4493785516658168e-07,1.2891207073162738e-07
P20,wavelet,9,HbR,0.8392981394119616,0.5734869782555296,7.664606799262116e-08,7.504727871151061e-08
P20,wavelet,10,HbO,0.7777386856419229,0.6839337590214245,1.713438437192089e-07,1.636181681893411e-07
P20,wavelet,10,HbR,0.7094306918069867,0.9027750896360772,1.1547412845170162e-07,9.08655161160104e-08
P20,wavelet,11,HbO,0.8122069657518973,0.6945581070112027,7.196829545364787e-08,6.056036169365664e-08
P20,wavelet,11,HbR,0.6773017279443966,1.0014313907284362,3.2783127818490545e-08,2.4213691735019833e-08
P20,wavelet,12,HbO,0.48073269300640403,1.8911600213768365,3.9898954851924355e-08,1.851649624348755e-08
P20,wavelet,12,HbR,-0.13230767813200334,5.325638474607515,4.426894183998641e-08,8.718033375027674e-09
P20,wavelet,14,HbO,0.015300056056868828,2.617813505893641,2.8513879342248375e-08,1.1741920434747025e-08
P20,wavelet,14,HbR,-0.23840295795285427,6.12378224826127,3.1211320796762286e-08,5.398394720897722e-09
P20,wavelet,15,HbO,0.7862399758694909,0.6660607886163946,2.260954037454053e-07,2.184868590038348e-07
P20,wavelet,15,HbR,0.6371463279564906,0.9970098028048803,8.969253098663465e-08,7.065973095540798e-08
P20,wavelet,16,HbO,0.46197249042215266,1.6827175948380215,1.6721282388673595e-07,8.88006628759091e-08
P20,wavelet,16,HbR,0.5752884957831462,1.1946451486425562,3.802800009342184e-08,2.6380511088872595e-08
P20,wavelet,17,HbO,0.48353291840174084,1.7796739976440863,1.7442359621492851e-07,8.61916768560203e-08
P20,wavelet,17,HbR,0.6852043669138117,1.2970051355963823,4.7402797405840473e-08,2.695890434911869e-08
P20,wavelet,18,HbO,0.8735946260959145,0.48984489261103326,5.737584585118586e-10,6.220441091441796e-10
P20,wavelet,18,HbR,0.7510821805549357,0.6760248766894867,4.600808709052421e-10,5.170303108583145e-10
P20,wavelet,19,HbO,0.7920639418874588,0.6286822116380097,3.849297748558204e-10,5.939733070247542e-10
P20,wavelet,19,HbR,0.897509741430683,0.44319689616225705,2.785590475292198e-10,2.995769771841497e-10
P20,wavelet,20,HbO,0.3669509970735987,2.1164671390598286,1.8114398684567285e-07,8.023437136184425e-08
P20,wavelet,20,HbR,0.705971414796725,0.8901210336864692,3.280002779234161e-08,2.646249541358324e-08
P20,wavelet,21,HbO,0.1442627241638055,2.751463027361339,5.77920132735332e-08,2.1368140827977205e-08
P20,wavelet,21,HbR,-0.35684213930200687,6.023327365305482,4.992769757515146e-08,8.966835732060438e-09
P20,wavelet,22,HbO,-0.02823562911802363,3.8554392230864485,3.386936901804061e-07,9.197265442714882e-08
P20,wavelet,22,HbR,-0.02854904760360936,3.8524483377489225,1.703241453693836e-07,4.62945940943612e-08
P20,wavelet,23,HbO,-0.027880845128802473,3.859203133815373,3.158515823607306e-07,8.567112928288321e-08
P20,wavelet,23,HbR,-0.02795432492843182,3.852301299124203,1.5962905604716197e-07,4.33825977498369e-08
P66,none,1,HbO,0.7492458328565631,1.1262746534232333,3.3698774728654625e-07,2.0299119135925047e-07
P66,none,1,HbR,0.34869584642492174,1.2131350150748204,5.734756319161495e-08,5.1251419361500776e-08
P66,none,2,HbO,0.8662840019994983,0.6709016402480986,3.0563889531402136e-07,2.3258155263737003e-07
P66,none,2,HbR,0.7555809821293129,0.8326948639484115,5.1941535210009885e-08,4.09296769582636e-08
P66,none,3,HbO,0.739192691376823,1.1305185308405103,3.289552679019842e-07,1.9970568031796114e-07
P66,none,3,HbR,0.7079864810337994,1.0466801321208041,1.2474629770862775e-07,8.427437791038784e-08
P66,none,4,HbO,0.8188396751532173,0.7605971548121712,1.0858073868442668e-07,8.2406139624956e-08
P66,none,4,HbR,0.6772500634365572,0.8988713188011999,2.0579785124970775e-08,1.7251481198299268e-08
P66,none,5,HbO,0.8765545312999666,0.6476910728518747,2.511180697867389e-07,1.917023698672045e-07
P66,none,5,HbR,0.8099082500534812,0.6395086851070976,5.675137090582651e-08,5.330260927935903e-08
P66,none,7,HbO,0.8908868412019337,0.604589885017372,3.8857734255021767e-07,3.0125541135501206e-07
P66,none,7,HbR,0.8665521864417015,0.5445942904423992,6.761575314880146e-08,6.234860241461126e-08
P66,none,8,HbO,0.876066262361013,0.6108918941363374,5.501557862127017e-07,4.397754038526732e-07
P66,none,8,HbR,0.8289586972931094,0.5776814676651948,8.155327276033835e-08,8.378472584236961e-08
P66,none,9,HbO,0.8338786731861979,0.8828997794475588,2.2697706045090728e-07,1.490390986108272e-07
P66,none,9,HbR,0.7898694172983941,0.8487633196579306,1.5090046063421045e-07,1.0963415231587886e-07
P66,none,10,HbO,0.9149360760971803,0.464842155127649,2.3697442660847215e-07,2.0688376327863453e-07
P66,none,10,HbR,0.6924378566804194,0.7931151390519277,5.845282388860513e-08,5.720417856314792e-08
P66,none,11,HbO,0.8971021372060086,0.5331189732095201,2.9593519176461994e-07,2.4755366919612416e-07
P66,none,11,HbR,0.7288260058835612,0.730652508065738,4.48720039220326e-08,4.564161123745834e-08
P66,none,12,HbO,0.9129030181592676,0.5037164194756132,6.604603840456883e-07,5.467469387975844e-07
P66,none,12,HbR,0.708175782189717,0.8463573111132627,8.577213746297359e-08,7.300951279343266e-08
P66,none,14,HbO,0.8638883169614717,0.6412773032357829,2.426540791108649e-07,1.9246875651187484e-07
P66,none,14,HbR,0.8355378179175732,0.6132821770751613,8.212993358954556e-08,7.413313464240194e-08
P66,none,15,HbO,0.8227872590672465,0.8910787323005687,3.018684960251039e-07,2.0003585881235194e-07
P66,none,15,HbR,0.8404517142561115,0.7619398497475829,1.1513685253209556e-07,8.368084375628757e-08
P66,none,16,HbO,0.7725218011296627,1.1345345316292834,4.7073714977459916e-07,2.748495936242932e-07
P66,none,16,HbR,0.5425838097785044,1.6413326863667392,1.7281755639732546e-07,8.853066687087509e-08
P66,none,17,HbO,0.7056648764730741,1.3743109017821293,5.080798766011883e-07,2.697897228902987e-07
P66,none,17,HbR,0.5497975456565416,1.5295787630670787,1.0919048797138497e-07,5.964634720401459e-08
P66,none,18,HbO,0.9600939349859948,0.28060863231125793,6.761079798077492e-10,6.889137024307955e-10
P66,none,18,HbR,0.969609674022892,0.27046473541203897,4.830227406954767e-10,4.458583609687121e-10
P66,none,19,HbO,0.9834733102521294,0.18106042451756013,6.038784152328233e-10,6.143659239096633e-10
P66,none,19,HbR,0.957037674764953,0.31233587451988504,3.2144333198103095e-10,2.996308113609551e-10
P66,none,20,HbO,0.9826459138639703,0.19621710368948428,2.7956897571633105e-10,2.67266569618074e-10
P66,none,20,HbR,0.9653674526466731,0.26786395003649627,1.2811312486005254e-10,1.2503038944638894e-10
P66,none,21,HbO,0.986037290724412,0.17091508066349534,3.0943448208375604e-10,3.0243659266951853e-10
P66,none,21,HbR,0.9660865967143002,0.258914102485693,1.3121156468792016e-10,1.3787632003526373e-10
P66,none,22,HbO,0.8979560539754458,0.58396850182275,4.4607814588020834e-07,3.4801379977907626e-07
P66,none,22,HbR,0.7894984627986074,0.7195999953258534,1.03041878863724e-07,8.84358854627475e-08
P66,none,23,HbO,0.8023100153529958,0.8810320222651281,5.256868202788539e-07,3.6247788409701645e-07
P66,none,23,HbR,0.7045591229764089,0.9628811462433826,1.364136867402467e-07,1.0064899840577075e-07
P66,wavelet,1,HbO,0.6122086882130447,1.1007484191437593,2.796600899770795e-07,2.0299119135925047e-07
P66,wavelet,1,HbR,0.5496528613754822,1.8211221297930478,1.1099278266595887e-07,5.1251419361500776e-08
P66,wavelet,2,HbO,0.8058153118787723,0.6990681717812058,2.738213343084399e-07,2.3258155263737003e-07
P66,wavelet,2,HbR,0.6460261803950156,1.2617972814172196,6.754538487975677e-08,4.09296769582636e-08
P66,wavelet,3,HbO,0.6460970338883996,1.200978528729465,3.141373913591613e-07,1.9970568031796114e-07
P66,wavelet,3,HbR,0.5137239958397111,1.4093895464005313,1.3735354153464426e-07,8.427437791038784e-08
P66,wavelet,4,HbO,0.7389724359641298,0.9180360785005219,1.1223422161856788e-07,8.2406139624956e-08
P66,wavelet,4,HbR,0.5244834543298282,3.8595016133988267,7.372387884081378e-08,1.7251481198299268e-08
P66,wavelet,5,HbO,0.7462516082919196,0.925544048452072,2.6583008050297416e-07,1.917023698672045e-07
P66,wavelet,5,HbR,0.398358606203654,3.4252665571676935,1.9626845558823395e-07,5.330260927935903e-08
P66,wavelet,7,HbO,0.756364330134268,0.8267994026633325,3.801891564459435e-07,3.0125541135501206e-07
P66,wavelet,7,HbR,0.38007734340885774,3.047199804140297,2.040852064193329e-07,6.234860241461126e-08
P66,wavelet,8,HbO,0.8610724684434902,0.6472702825186929,5.548092901877408e-07,4.397754038526732e-07
P66,wavelet,8,HbR,0.5381615806626394,2.876878969029534,2.7470608252592893e-07,8.378472584236961e-08
P66,wavelet,9,HbO,0.6463087728296746,1.1159629409866463,2.1737203867593708e-07,1.490390986108272e-07
P66,wavelet,9,HbR,0.16589553492946224,3.2550704564278643,3.5653450522556235e-07,1.0963415231587886e-07
P66,wavelet,10,HbO,0.80393133944813,0.9009511908532181,3.056236045004946e-07,2.0688376327863453e-07
P66,wavelet,10,HbR,0.30179186259308466,3.862619316724157,2.3029431331975352e-07,5.720417856314792e-08
P66,wavelet,11,HbO,0.8003878895979474,0.7075251746591392,2.9079419619746847e-07,2.4755366919612416e-07
P66,wavelet,11,HbR,0.13866160669351763,3.1565187723893477,1.424862328414365e-07,4.564161123745834e-08
P66,wavelet,12,HbO,0.8604945959036266,0.6014516518577072,6.450174910250352e-07,5.467469387975844e-07
P66,wavelet,12,HbR,0.3077785937071463,2.813460896932128,2.153640468495222e-07,7.300951279343266e-08
P66,wavelet,14,HbO,0.6766426083159447,0.7939396775620534,1.8719488910338746e-07,1.9246875651187484e-07
P66,wavelet,14,HbR,0.4737780950702703,1.610764049370952,1.3461051754903488e-07,7.413313464240194e-08
P66,wavelet,15,HbO,0.6975621816513659,0.9379641411975418,2.604176851038286e-07,2.0003585881235194e-07
P66,wavelet,15,HbR,0.2889823948030409,2.111436721122054,1.808170228938176e-07,8.368084375628757e-08
P66,wavelet,16,HbO,0.5003888562638864,1.0658527955541355,3.08272288663035e-07,2.748495936242932e-07
P66,wavelet,16,HbR,0.35090487751352084,2.0850915205296228,1.9544308082310256e-07,8.853066687087509e-08
P66,wavelet,17,HbO,0.469915658414031,1.5600844898214254,4.724387504559494e-07,2.697897228902987e-07
P66,wavelet,17,HbR,0.3098282308499072,2.231872237485157,1.3886972229991917e-07,5.964634720401459e-08
P66,wavelet,18,HbO,0.8937161623813495,0.4502541156666467,6.378809502134366e-10,6.889137024307955e-10
P66,wavelet,18,HbR,0.926812790988205,0.39625770552195094,4.695472403097898e-10,4.458583609687121e-10
P66,wavelet,19,HbO,0.8679684446073438,0.4998614461906664,5.680714746336589e-10,6.143659239096633e-10
P66,wavelet,19,HbR,0.857198298362817,0.6013218071637829,3.493980530295921e-10,2.996308113609551e-10
P66,wavelet,20,HbO,0.9709304887297111,0.24676891445042845,2.751098714643904e-10,2.67266569618074e-10
P66,wavelet,20,HbR,0.9421855707452877,0.33728861080096306,1.221012139932861e-10,1.2503038944638894e-10
P66,wavelet,21,HbO,0.9686766053785107,0.24991239479572544,3.0137278335342266e-10,3.0243659266951853e-10
P66,wavelet,21,HbR,0.9259693133070761,0.378735153851275,1.3051163900735063e-10,1.3787632003526373e-10
P66,wavelet,22,HbO,0.7288400566220045,0.8838043713788198,4.4731958000994615e-07,3.4801379977907626e-07
P66,wavelet,22,HbR,0.35093067371756775,1.827582368638987,1.6926325109688642e-07,8.84358854627475e-08
P66,wavelet,23,HbO,0.7205710526683082,0.8283155821977306,4.236710847137642e-07,3.6247788409701645e-07
P66,wavelet,23,HbR,0.5975771621471886,1.267988362567862,1.5838202467149593e-07,1.0064899840577075e-07
P42,none,1,HbO,0.7898599854663256,0.8890463236831696,1.7210172067354218e-07,1.2005684485446322e-07
P42,none,1,HbR,0.6753576504751877,0.992745250817977,1.115941295317419e-07,8.330367127821346e-08
P42,none,2,HbO,0.8185307566853334,0.902659651610708,2.868615735055321e-07,1.893757578053656e-07
P42,none,2,HbR,0.5773865254880524,0.8803121477983996,3.3298457754344734e-08,3.6853089776111723e-08
P42,none,3,HbO,0.8919900376611315,0.5493493446539769,1.2349736854355176e-07,1.0256159142547099e-07
P42,none,3,HbR,0.8511965467850173,0.6163825638095175,8.179405615944092e-08,6.966021136166123e-08
P42,none,4,HbO,0.7341396053143139,1.1700473062213697,1.382902620777556e-07,8.197732038352973e-08
P42,none,4,HbR,0.7838836957259365,0.858816178150253,3.124206718430251e-08,2.2685386151675938e-08
P42,none,5,HbO,0.9404075492506649,0.39036981814974847,2.2107237985037498e-07,1.9537958678648986e-07
P42,none,5,HbR,0.9514609376925456,0.3268014759624206,8.667089231567117e-08,8.17103280657085e-08
P42,none,7,HbO,0.929096427035623,0.44639070073692666,3.07761318755736e-07,2.611392634910531e-07
P42,none,7,HbR,0.9022401639422999,0.48984633919138015,7.775073459358458e-08,6.853653533636718e-08
P42,none,8,HbO,0.8983516209615078,0.5575659803274655,1.6753657850365892e-07,1.349208401804819e-07
P42,none,8,HbR,0.9042247125916616,0.5153370853993451,4.6301385032912186e-08,3.8836229086327455e-08
P42,none,9,HbO,0.9332797101332244,0.4276465923754331,1.6040188593853714e-07,1.376565813173569e-07
P42,none,9,HbR,0.7710809285373229,0.7242071379597895,3.534543720931053e-08,3.170269789806598e-08
P42,none,10,HbO,0.9200627658109645,0.4564460419458523,2.19863208144762e-07,1.9055930447730513e-07
P42,none,10,HbR,0.8781637699799593,0.5284241921112444,5.6786152491949204e-08,5.150231531148572e-08
P42,none,11,HbO,0.9339606930028128,0.3954536977664575,1.354484139962438e-07,1.228350420095637e-07
P42,none,11,HbR,0.9192153463761692,0.4047919409942739,4.242786038099026e-08,4.1898355417554526e-08
P42,none,12,HbO,0.9303435241535802,0.438974001984504,1.7071532617773077e-07,1.457115721115368e-07
P42,none,12,HbR,0.9286732067418381,0.44131621733071985,4.769340189759864e-08,4.084396953600739e-08
P42,none,14,HbO,0.6977751507815404,1.1898518136405363,1.6882933846367191e-07,1.0245594943870527e-07
P42,none,14,HbR,0.7273100530832507,1.1274995699516492,5.1081421732959405e-08,3.1495969704538235e-08
P42,none,15,HbO,0.6738991729976463,1.072298545093896,3.7923833498178625e-07,2.6135783697456465e-07
P42,none,15,HbR,0.8721676546534072,0.5183509587622162,1.948294552678187e-07,1.8671803770339868e-07
P42,none,16,HbO,0.5457917242153588,1.4971651242458932,8.514699182488216e-08,4.766433761981119e-08
P42,none,16,HbR,0.6717072750429813,1.00827283301625,1.8679238656900694e-08,1.378384315372151e-08
P42,none,17,HbO,0.7966152519036267,0.807761625923163,6.593048625278604e-08,4.951066324355552e-08
P42,none,17,HbR,0.8199768818876969,0.7415850876631146,1.6341992795803712e-08,1.2660205391868502e-08
P42,none,18,HbO,0.8620345318049653,0.5159345839015812,1.01920078270191e-09,1.3262080314032166e-09
P42,none,18,HbR,0.9538862825545391,0.3139133287683856,5.560181794136492e-10,5.31720414343343e-10
P42,none,19,HbO,0.9094326813017554,0.5546159033161405,6.879353362635255e-10,5.394873658071058e-10
P42,none,19,HbR,0.8537296694239147,0.5526260225971276,4.757779142835941e-10,7.087099593009346e-10
P42,none,20,HbO,0.8792535462283555,0.4774113591345909,3.6148441084526167e-10,3.993923061032188e-10
P42,none,20,HbR,0.9005579826590535,0.4397949745594125,1.4412316024629347e-10,1.4930291828741593e-10
P42,none,21,HbO,0.8117721349768231,0.6230758802425651,3.2843653148993975e-10,3.1950947940750927e-10
P42,none,21,HbR,0.941476318034483,0.3915811716373282,1.4553362374771636e-10,1.2758919280997205e-10
P42,none,22,HbO,0.7514861329990965,0.9629165991130888,6.682042473062263e-08,4.6014865504543075e-08
P42,none,22,HbR,0.8165553531772987,0.7906426763459095,1.8964305398888374e-08,1.3977210476493326e-08
P42,none,23,HbO,0.35841440385973483,2.87327468085958,3.183698050365882e-07,1.0351183502421187e-07
P42,none,23,HbR,0.6235864692683396,1.1904208210437786,3.19532440052017e-08,2.100338251175336e-08
P42,wavelet,1,HbO,0.6048345665579442,1.28733240180604,1.935352311820395e-07,1.2005684485446322e-07
P42,wavelet,1,HbR,0.4761392745936059,1.6206690624681193,1.5250621332770618e-07,8.330367127821346e-08
P42,wavelet,2,HbO,0.7575488467859659,0.9106299395194044,2.6299439197563266e-07,1.893757578053656e-07
P42,wavelet,2,HbR,-0.22858839157417715,2.8672184171192154,9.055219393355497e-08,3.6853089776111723e-08
P42,wavelet,3,HbO,0.5968586849991706,1.2343229342431763,1.5681442609659916e-07,1.0256159142547099e-07
P42,wavelet,3,HbR,0.6472101967633432,1.1904907212794085,1.0843728382239493e-07,6.966021136166123e-08
P42,wavelet,4,HbO,0.5455518591455631,1.414896779033124,1.375771374928203e-07,8.197732038352973e-08
P42,wavelet,4,HbR,0.6473922072225624,1.1211589095110512,3.3264639326782665e-08,2.2685386151675938e-08
P42,wavelet,5,HbO,0.8687012903714563,0.5448632115850127,2.13895879120242e-07,1.9537958678648986e-07
P42,wavelet,5,HbR,0.7649690489958867,0.7943096704991963,1.0047465517524462e-07,8.17103280657085e-08
P42,wavelet,7,HbO,0.7298225780065948,0.8585427421083337,3.2546899572255227e-07,2.611392634910531e-07
P42,wavelet,7,HbR,0.6774694496985799,1.1285084082473507,1.0501817890705397e-07,6.853653533636718e-08
P42,wavelet,8,HbO,0.719886695410912,1.1244880436515308,2.1569660920066395e-07,1.349208401804819e-07
P42,wavelet,8,HbR,0.7311713716587483,0.9056746235756855,5.142423285910888e-08,3.8836229086327455e-08
P42,wavelet,9,HbO,0.6056129198871245,1.3117470238314382,2.2588222356845262e-07,1.376565813173569e-07
P42,wavelet,9,HbR,0.25544290837509015,2.519391632608354,8.149833749157155e-08,3.170269789806598e-08
P42,wavelet,10,HbO,0.5210311602229921,1.400019440235882,3.094037176871522e-07,1.9055930447730513e-07
P42,wavelet,10,HbR,0.723760739935485,0.7707856180848348,5.485420860873935e-08,5.150231531148572e-08
P42,wavelet,11,HbO,0.42067219222335794,1.958456747283389,2.636185940038997e-07,1.228350420095637e-07
P42,wavelet,11,HbR,0.7649397786925809,0.877230466884804,5.687180484503872e-08,4.1898355417554526e-08
P42,wavelet,12,HbO,0.6336413902020509,1.2373319082903578,2.320756553287623e-07,1.457115721115368e-07
P42,wavelet,12,HbR,0.9193199515668923,0.44605019750370933,4.612426850073295e-08,4.084396953600739e-08
P42,wavelet,14,HbO,0.3622539619773732,2.081017076235748,2.266348918513774e-07,1.0245594943870527e-07
P42,wavelet,14,HbR,0.7455513942784864,0.7766403166809004,3.601022400225067e-08,3.1495969704538235e-08
P42,wavelet,15,HbO,0.5796044397898439,1.2055901912142346,3.822577056026967e-07,2.6135783697456465e-07
P42,wavelet,15,HbR,0.7716512820963963,0.7501107461906835,2.1831939263319816e-07,1.8671803770339868e-07
P42,wavelet,16,HbO,0.19657531621353494,3.3652912917223894,1.6198110883177288e-07,4.766433761981119e-08
P42,wavelet,16,HbR,0.19936842901146717,2.5390653633930453,3.487787355655986e-08,1.378384315372151e-08
P42,wavelet,17,HbO,0.18375382789129283,3.4804509346073096,1.7353438665711275e-07,4.951066324355552e-08
P42,wavelet,17,HbR,0.24868133452068494,2.3407150820689293,2.999421774990499e-08,1.2660205391868502e-08
P42,wavelet,18,HbO,0.7868239205162301,0.6207413198501068,9.649926255952485e-10,1.3262080314032166e-09
P42,wavelet,18,HbR,0.8047133232292597,0.6536269733519846,5.732712890247888e-10,5.31720414343343e-10
P42,wavelet,19,HbO,0.9160283969652651,0.4094309106136909,5.382708921761254e-10,5.394873658071058e-10
P42,wavelet,19,HbR,0.8415770254131557,0.5767123865835115,4.547577556593283e-10,7.087099593009346e-10
P42,wavelet,20,HbO,0.8731752744129954,0.4897462172027161,3.311981284191872e-10,3.993923061032188e-10
P42,wavelet,20,HbR,0.8535542717941412,0.5216910773553125,1.2927739601821042e-10,1.4930291828741593e-10
P42,wavelet,21,HbO,0.8121522071568446,0.603354248763777,3.0841296451801995e-10,3.1950947940750927e-10
P42,wavelet,21,HbR,0.7993608666174761,0.7456242266256621,1.5831889962315077e-10,1.2758919280997205e-10
P42,wavelet,22,HbO,0.3052146021985413,2.141202479699531,1.0186896011112888e-07,4.6014865504543075e-08
P42,wavelet,22,HbR,0.6094467924538531,1.0053999685613966,1.71424811381897e-08,1.3977210476493326e-08
P42,wavelet,23,HbO,-0.006347523569674905,4.620718846199758,4.6422221707994864e-07,1.0351183502421187e-07
P42,wavelet,23,HbR,0.5054362425529065,1.5625127757075523,3.7964685920962186e-08,2.100338251175336e-08
P34,none,1,HbO,0.7864784554929283,0.6896520172843736,2.483422303721369e-07,2.2775444090405613e-07
P34,none,1,HbR,0.9120343043088763,0.4190288181636742,1.3248412844724507e-07,1.327486543388446e-07
P34,none,2,HbO,0.9401997679916492,0.42292137495240567,3.610961177066043e-07,3.032414894441715e-07
P34,none,2,HbR,0.904952429727452,0.5404515132742577,8.609328302210533e-08,6.953451004528622e-08
P34,none,3,HbO,0.8937554990895031,0.4989935932949183,2.612354087282324e-07,2.350957890098394e-07
P34,none,3,HbR,0.8328435153952642,0.6094626368488196,8.909007986349284e-08,8.19864932992092e-08
P34,none,4,HbO,0.9305486189483548,0.44561300487109345,1.7885742455999018e-07,1.50999361897011e-07
P34,none,4,HbR,0.9053014399532469,0.5280176366583407,4.873881662709681e-08,3.9984746898868626e-08
P34,none,5,HbO,0.9473570554106129,0.39393402055365245,4.3111253821390207e-07,3.663959181392443e-07
P34,none,5,HbR,0.9187645583892075,0.4423853452987531,1.2636731263228953e-07,1.1299731235074996e-07
P34,none,7,HbO,0.9453476098943441,0.3901338578258694,2.500461163869734e-07,2.1577205208136827e-07
P34,none,7,HbR,0.8876503549000845,0.480625587221572,7.037118098210705e-08,6.866351696582289e-08
P34,none,8,HbO,0.9127307251874575,0.5301519739063898,2.427725870457383e-07,1.9418170279810035e-07
P34,none,8,HbR,0.8942774137991463,0.536433718086795,7.506228910761183e-08,6.307476995573043e-08
P34,none,9,HbO,0.915439934465196,0.4904020916226587,2.925233500570721e-07,2.4479054631782797e-07
P34,none,9,HbR,0.872648577408935,0.541820759784818,9.677506483307145e-08,8.739586541504536e-08
P34,none,10,HbO,0.9251089841356013,0.45276827967088656,4.3621815933733756e-07,3.7228365401229915e-07
P34,none,10,HbR,0.836786915457884,0.6546486587777496,1.2546484536173917e-07,1.0493735593362085e-07
P34,none,11,HbO,0.8931835980701196,0.6073085831432663,3.4853687628580196e-07,2.678271627542003e-07
P34,none,11,HbR,0.7849633546329301,0.7111247787991547,1.1543805698841888e-07,1.0179357319335433e-07
P34,none,12,HbO,0.924682543946771,0.4621856930435105,4.6799699722038243e-07,3.9451968006596896e-07
P34,none,12,HbR,0.8755374943129964,0.5069344878816567,1.0860154016718376e-07,1.0560349024893401e-07
P34,none,14,HbO,0.9208245763206421,0.4088089654667156,3.146279443955478e-07,3.0212348191168044e-07
P34,none,14,HbR,0.9647399746946801,0.2641751034767022,2.1330412089900305e-07,2.1698488625124598e-07
P34,none,15,HbO,0.9539209730695076,0.30404114649512765,3.346731851507451e-07,3.3472523991070046e-07
P34,none,15,HbR,0.9689927685540747,0.24900719976914729,2.200047723327071e-07,2.20562705170054e-07
P34,none,16,HbO,0.4021224440009853,1.0392820426533629,1.3353300441743122e-08,1.5099694487049792e-08
P34,none,16,HbR,0.6577837024205733,0.8207284476145427,8.567237090334652e-09,8.708606026902947e-09
P34,none,17,HbO,0.6686645110693653,0.7508065087433416,1.1138334836910479e-08,1.4556584491360165e-08
P34,none,17,HbR,0.6024892919967304,0.8374569751823107,7.467859179326913e-09,8.837629641965537e-09
P34,none,18,HbO,0.9472073411207088,0.32789927647329253,5.780685190970139e-10,6.570792021922443e-10
P34,none,18,HbR,0.9826708027541801,0.2111463680784046,5.401964104468472e-10,4.986618005142723e-10
P34,none,19,HbO,0.9560478043189985,0.2991588590544445,4.088342530333446e-10,4.035456453417802e-10
P34,none,19,HbR,0.9666700730159807,0.2560843520099106,3.143146962469883e-10,3.2528278159199575e-10
P34,none,20,HbO,0.479975971874923,2.036858779027311,8.206583807857304e-08,3.540689772538817e-08
P34,none,20,HbR,0.5369383154545802,1.5011009879661608,3.036159435400046e-08,1.7071239664030623e-08
P34,none,21,HbO,0.6757294396456307,1.3237675426812783,1.42867329632372e-07,8.047791084356896e-08
P34,none,21,HbR,0.5948490251249523,1.3222462525492351,4.374856368638688e-08,2.6605007204306366e-08
P34,none,22,HbO,0.8334836261797498,0.8521768789803087,1.9509111945022918e-07,1.3161972347372193e-07
P34,none,22,HbR,0.8289384196271025,0.8657384959747296,5.675033293163752e-08,3.8094534195052254e-08
P34,none,23,HbO,0.8238519325474811,0.8030436607625604,1.2451775365896893e-07,8.942279223019067e-08
P34,none,23,HbR,0.7183260056573291,0.949888879553083,3.6829123975931564e-08,2.698044683367353e-08
P34,wavelet,1,HbO,0.49922265015352685,1.2147544042886085,3.060973681827329e-07,2.2775444090405613e-07
P34,wavelet,1,HbR,0.5027417490557655,1.1106538768211673,1.5868220602850416e-07,1.327486543388446e-07
P34,wavelet,2,HbO,0.6617904148772908,0.9641289524477956,3.8331302911311414e-07,3.032414894441715e-07
P34,wavelet,2,HbR,0.6146817015897922,1.2125899711767516,1.0674293843545857e-07,6.953451004528622e-08
P34,wavelet,3,HbO,0.7647660466471051,0.760516617517917,2.736728455540393e-07,2.350957890098394e-07
P34,wavelet,3,HbR,0.6230260762628433,1.01009210850921,1.0341425319164432e-07,8.19864932992092e-08
P34,wavelet,4,HbO,0.7408164618668917,0.7674589436000614,1.674231384374086e-07,1.50999361897011e-07
P34,wavelet,4,HbR,0.6295668296422384,1.0165104890288688,5.1308841404315175e-08,3.9984746898868626e-08
P34,wavelet,5,HbO,0.7844150629675436,0.7147828479878952,4.168385786506008e-07,3.663959181392443e-07
P34,wavelet,5,HbR,0.7336659996173038,0.91391540130522,1.517612294681333e-07,1.1299731235074996e-07
P34,wavelet,7,HbO,0.8319887768411263,0.6697552719732441,2.6047068348900016e-07,2.1577205208136827e-07
P34,wavelet,7,HbR,0.4701511628532213,1.7749569713107403,1.3765182131423557e-07,6.866351696582289e-08
P34,wavelet,8,HbO,0.6139167126588482,1.1365274772592326,2.7699846196323775e-07,1.9418170279810035e-07
P34,wavelet,8,HbR,0.5776016340691966,1.0737636435032771,8.036854291929239e-08,6.307476995573043e-08
P34,wavelet,9,HbO,0.7106324497820844,0.7954677088045201,2.6480255764306895e-07,2.4479054631782797e-07
P34,wavelet,9,HbR,0.3137498319078394,1.7464676086241702,1.5494562217604822e-07,8.739586541504536e-08
P34,wavelet,10,HbO,0.8442995153507237,0.5662433071749027,3.8240672137265263e-07,3.7228365401229915e-07
P34,wavelet,10,HbR,0.6450024356606754,1.0134333493012557,1.375311956802123e-07,1.0493735593362085e-07
P34,wavelet,11,HbO,0.8323093117075812,0.7362739289997464,3.525821015942863e-07,2.678271627542003e-07
P34,wavelet,11,HbR,0.6403542154164404,1.157286237155952,1.5328134648739636e-07,1.0179357319335433e-07
P34,wavelet,12,HbO,0.7455350530549658,0.77538299816926,4.4903734744010685e-07,3.9451968006596896e-07
P34,wavelet,12,HbR,0.7150274955888382,0.9263391068351263,1.395283574349664e-07,1.0560349024893401e-07
P34,wavelet,14,HbO,0.6229953116218774,0.9427473770105542,3.4587513520635767e-07,3.0212348191168044e-07
P34,wavelet,14,HbR,0.7698172802830818,0.7085879167294384,2.329174903428955e-07,2.1698488625124598e-07
P34,wavelet,15,HbO,0.7448817824077779,0.7029986710724297,3.228970313281012e-07,3.3472523991070046e-07
P34,wavelet,15,HbR,0.7252236878409031,0.7433005633592017,2.2136713808301253e-07,2.20562705170054e-07
P34,wavelet,16,HbO,-0.3595584845199701,6.341326632404069,8.88362493021518e-08,1.5099694487049792e-08
P34,wavelet,16,HbR,0.04509564697276343,5.209213614826446,4.4702513352679314e-08,8.708606026902947e-09
P34,wavelet,17,HbO,-0.11151357657426177,6.0674699777857555,8.509342570086183e-08,1.4556584491360165e-08
P34,wavelet,17,HbR,-0.29415449811017946,5.370211167667737,4.38803008077707e-08,8.837629641965537e-09
P34,wavelet,18,HbO,0.8030258230107915,0.6010078045380348,5.728046498665011e-10,6.570792021922443e-10
P34,wavelet,18,HbR,0.9355098745226096,0.3989290356693928,5.587541922099338e-10,4.986618005142723e-10
P34,wavelet,19,HbO,0.9083921062157498,0.4353199181710447,4.1544419002530595e-10,4.035456453417802e-10
P34,wavelet,19,HbR,0.9009394908833119,0.43845421944768004,3.1319569966793934e-10,3.2528278159199575e-10
P34,wavelet,20,HbO,0.11451541500611727,3.511995843255741,1.2273261951078457e-07,3.540689772538817e-08
P34,wavelet,20,HbR,0.16802005605248327,2.8062214171319955,4.749916187186295e-08,1.7071239664030623e-08
P34,wavelet,21,HbO,0.46581426985424196,1.7876292692082245,1.6181945708467933e-07,8.047791084356896e-08
P34,wavelet,21,HbR,0.3471290020022518,1.7649442002242477,4.881988017630107e-08,2.6605007204306366e-08
P34,wavelet,22,HbO,0.6942193324198803,0.9867628207015372,1.7971180995900995e-07,1.3161972347372193e-07
P34,wavelet,22,HbR,0.3701681079545468,1.9903265764859737,8.08598100133532e-08,3.8094534195052254e-08
P34,wavelet,23,HbO,0.5795485099518384,1.2458227377637108,1.3553447640899778e-07,8.942279223019067e-08
P34,wavelet,23,HbR,0.3217114302240906,2.255160190748027,6.362732106006574e-08,2.698044683367353e-08
P30,none,3,HbO,0.9589447059149673,0.31392391970604283,1.509561995429225e-06,1.38105337753523e-06
P30,none,3,HbR,0.9570743040631519,0.31806078614701594,1.2582877824074294e-06,1.1582809448037308e-06
P30,none,7,HbO,0.9667579674159998,0.2573569475088711,1.7409893548722937e-06,1.8565668994909012e-06
P30,none,7,HbR,0.9458784274811272,0.3504765156591691,1.4287226905636014e-06,1.754837577708585e-06
P30,none,10,HbO,0.9602233544002201,0.31512814501924336,2.083622029611687e-06,1.886864775097187e-06
P30,none,10,HbR,0.9214311214689203,0.3995675290355725,1.515997217079802e-06,1.4994453825615355e-06
P30,none,12,HbO,0.9402881524362775,0.3963238454438666,1.5575630321453895e-06,1.362356796775299e-06
P30,none,12,HbR,0.950105555592526,0.3362326794011238,8.649320870908002e-07,8.041363187235674e-07
P30,none,14,HbO,0.8400357761957393,0.689707887406825,1.4524226014224092e-06,1.1480710629160798e-06
P30,none,14,HbR,0.8410031816202022,0.5417966558185785,9.291577863396254e-07,1.1015392514121058e-06
P30,none,15,HbO,0.8502528073612675,0.5345846774638814,2.61367042653709e-06,2.7782351103238715e-06
P30,none,15,HbR,0.9511357808738683,0.32478290055749437,1.995634872743571e-06,1.8981469160322853e-06
P30,none,17,HbO,0.8954856687791755,0.45249269195533437,1.7665358606335463e-06,2.16021617897948e-06
P30,none,17,HbR,0.9117421492148379,0.44292079810862495,1.84775071657297e-06,2.471970113550406e-06
P30,none,18,HbO,0.8831199885131673,0.49009866215969217,8.101763820315509e-09,1.0889426360921067e-08
P30,none,18,HbR,0.960845654771918,0.2774358993194395,8.07540010033505e-09,8.299397531461806e-09
P30,none,19,HbO,0.9501813941329644,0.3436133547008164,9.162286046412467e-09,8.3837449084296e-09
P30,none,19,HbR,0.8776069135909919,0.48784708498189744,4.571717172484781e-09,5.783316447519925e-09
P30,none,20,HbO,0.9243309242479983,0.45251153623614804,9.223551723038477e-09,7.917166436990259e-09
P30,none,20,HbR,0.8089348588892482,0.5910501115151418,5.907298987421483e-09,6.912796659197671e-09
P30,none,21,HbO,0.17863572239367073,6.962418449816183,7.316757214863743e-08,1.0347315134765808e-08
P30,none,21,HbR,0.2710554941234258,3.720889795777698,2.0931301473859666e-08,5.415321179150683e-09
P30,wavelet,3,HbO,0.6647272577958268,1.0152722581461602,1.8603412598048916e-06,1.38105337753523e-06
P30,wavelet,3,HbR,0.6669224716934841,0.9081414212143852,1.3688282074166895e-06,1.1582809448037308e-06
P30,wavelet,7,HbO,0.9565231214158245,0.2923622872220245,1.8120694176950652e-06,1.8565668994909012e-06
P30,wavelet,7,HbR,0.954306084328442,0.30533905029556746,1.564615802898154e-06,1.754837577708585e-06
P30,wavelet,10,HbO,0.8871992322662913,0.5179126711239781,2.1124256586322758e-06,1.886864775097187e-06
P30,wavelet,10,HbR,0.9472278223559029,0.32988110403847076,1.5370455278769236e-06,1.4994453825615355e-06
P30,wavelet,12,HbO,0.9081377618657659,0.46094445529772415,1.499562423968895e-06,1.362356796775299e-06
P30,wavelet,12,HbR,0.9196905934655912,0.42229994748397043,8.639462530575461e-07,8.041363187235674e-07
P30,wavelet,14,HbO,0.6236278239005428,0.9745557787097329,1.37826386166341e-06,1.1480710629160798e-06
P30,wavelet,14,HbR,0.437985391021665,0.9896227139976697,9.298603757626117e-07,1.1015392514121058e-06
P30,wavelet,15,HbO,0.5482797103086817,0.890559506371047,2.3530777942577857e-06,2.7782351103238715e-06
P30,wavelet,15,HbR,0.7974085549734112,0.6459594403335062,1.9423986981453567e-06,1.8981469160322853e-06
P30,wavelet,17,HbO,0.6343863230820674,0.781332024138877,1.581454691778276e-06,2.16021617897948e-06
P30,wavelet,17,HbR,0.5603974436513206,0.8320865311317138,1.5077048725303342e-06,2.471970113550406e-06
P30,wavelet,18,HbO,0.29091930724863024,1.0404979450117668,7.527827753053643e-09,1.0889426360921067e-08
P30,wavelet,18,HbR,0.8624184162657106,0.5070956597227346,7.012854604105468e-09,8.299397531461806e-09
P30,wavelet,19,HbO,0.7533530265475828,0.9222540040985241,1.1693981504369252e-08,8.3837449084296e-09
P30,wavelet,19,HbR,0.934143120575461,0.4174096222728016,6.641850782149575e-09,5.783316447519925e-09
P30,wavelet,20,HbO,0.7755262497497063,0.7660760695599209,9.542596971313995e-09,7.917166436990259e-09
P30,wavelet,20,HbR,0.7057570691325644,0.7246493564646524,5.867130672877003e-09,6.912796659197671e-09
P30,wavelet,21,HbO,0.8696659102718876,0.4943182055602447,8.802924928068771e-09,1.0347315134765808e-08
P30,wavelet,21,HbR,0.9117344201393455,0.42439976880957503,5.505547808578792e-09,5.415321179150683e-09
P55,none,1,HbO,0.7191774798304928,1.326476043518689,9.753036051421616e-07,5.274454937798153e-07
P55,none,1,HbR,0.8438080882183182,0.921947253601151,4.0795194941163326e-07,2.5601774013967694e-07
P55,none,2,HbO,0.696427677921381,1.2529081813319962,9.176588923890722e-07,5.324648244311004e-07
P55,none,2,HbR,0.8237991272204267,0.9828710493814217,3.913656839481001e-07,2.405894892287483e-07
P55,none,3,HbO,0.5720946833667809,1.5213152589971355,1.06018864789936e-06,5.720316491044235e-07
P55,none,3,HbR,0.5993292573660395,1.2581286412725619,4.035343102962456e-07,2.5703826728471397e-07
P55,none,4,HbO,0.6745549504670888,1.3587560052042358,4.981518279538791e-07,2.7442847632611047e-07
P55,none,4,HbR,0.7677436524103746,1.1688691028596137,2.6788372909870423e-07,1.5348719302185879e-07
P55,none,5,HbO,0.5723711764045306,0.8665248617360405,7.82562504635578e-09,9.22513526273028e-09
P55,none,5,HbR,0.5381411672506061,0.8880448030292375,3.3311579579454777e-09,4.081205960575097e-09
P55,none,7,HbO,0.8025195869228076,0.8296057044701127,4.055674202908446e-08,2.9411238070738336e-08
P55,none,7,HbR,0.6866435005385838,0.8827880073170865,1.098063799712601e-08,9.261338563685669e-09
P55,none,8,HbO,0.8637779505269475,0.7321038206623404,4.401287827657022e-07,3.1552773455533085e-07
P55,none,8,HbR,0.6803917116483962,0.7457625827436432,4.2298528281225264e-08,5.199765981926005e-08
P55,none,9,HbO,0.9175376552082275,0.5149427367890659,4.174274994852144e-07,3.3536221242733096e-07
P55,none,9,HbR,0.7920716760579338,0.6420210080616249,6.485962395530747e-08,6.548131838418567e-08
P55,none,10,HbO,0.9122598935238481,0.5038165269169529,3.3615942407185115e-07,2.788314644148352e-07
P55,none,10,HbR,0.8854925033812577,0.47690809500970543,6.235454665362749e-08,6.28017283581847e-08
P55,none,11,HbO,0.9024095748664961,0.5545426928570616,2.595294789076585e-07,2.0738313309128837e-07
P55,none,11,HbR,0.7607604586290114,0.7033254810761964,4.9023259311759166e-08,4.755202950889593e-08
P55,none,12,HbO,0.9051477891769598,0.5529266404995236,6.368699298815815e-07,5.059809293166937e-07
P55,none,12,HbR,0.7542077047363724,0.6628154916284424,7.685089737429086e-08,9.111132665418233e-08
P55,none,14,HbO,0.49814444350764087,2.0735542563685065,8.723748273421407e-07,3.662841371173651e-07
P55,none,14,HbR,0.5131803663828033,1.9101816237747336,2.1488621162239518e-07,9.681067914999915e-08
P55,none,15,HbO,0.6555928980174272,1.319862970035003,3.686201179817871e-07,2.1208254967825384e-07
P55,none,15,HbR,0.6708450781059743,1.1519345812107287,1.2551618958043803e-07,8.086426361461852e-08
P55,none,16,HbO,0.6278324731328085,1.5692959054314626,4.3402355400996327e-07,2.1805233537533234e-07
P55,none,16,HbR,0.5534007691773056,1.9328852837676533,2.6128193029683876e-07,1.1372066659337532e-07
P55,none,17,HbO,0.6975914919434772,1.3365074549607776,2.9343790144435827e-07,1.60716239117179e-07
P55,none,17,HbR,0.5126304394910337,1.7502197501139223,8.019530706792355e-08,3.935440148877373e-08
P55,none,18,HbO,0.9786665293420399,0.22517771817321103,4.92097499534586e-10,4.5968619012350797e-10
P55,none,18,HbR,0.9468913505312722,0.3367812751346818,5.278161476111163e-10,6.227305868706691e-10
P55,none,19,HbO,0.9504845297836281,0.31124215777051084,3.4985547826494725e-10,3.670299380601252e-10
P55,none,19,HbR,0.9501283025626093,0.31292044627290955,2.840169638200023e-10,2.9165936323003984e-10
P55,none,20,HbO,0.8191863485771422,0.8403148351227427,3.6427290377877873e-06,2.5416002283690695e-06
P55,none,20,HbR,0.8618614503352238,0.5964797981461818,5.927123904363252e-07,5.041297272893399e-07
P55,none,22,HbO,0.4936728916119141,2.0045746875487773,7.337599859794692e-07,3.1905633073528746e-07
P55,none,22,HbR,0.6751267114138334,1.2564059872402764,2.182479670180691e-07,1.2897759394188193e-07
P55,none,23,HbO,0.540801011858408,2.034584877102204,5.664751981090103e-07,2.3668545564531114e-07
P55,none,23,HbR,0.5907566873402541,1.744967532885096,2.2732382632532562e-07,1.0632756037623114e-07
P55,wavelet,1,HbO,0.8413376013599505,0.6054804871363377,5.873513314415552e-07,5.274454937798153e-07
P55,wavelet,1,HbR,0.7625353102958836,0.7604894380469673,2.9740193240140174e-07,2.5601774013967694e-07
P55,wavelet,2,HbO,0.73143272614432,0.773332602786681,5.836408041176231e-07,5.324648244311004e-07
P55,wavelet,2,HbR,0.5641696706146248,1.0028019918739843,2.725062413902006e-07,2.405894892287483e-07
P55,wavelet,3,HbO,0.7730073699537263,0.7849433465421405,7.065782075029801e-07,5.720316491044235e-07
P55,wavelet,3,HbR,0.6709663692428413,0.9593684683763721,3.288926068438136e-07,2.5703826728471397e-07
P55,wavelet,4,HbO,0.5755033588266569,0.8935521426077722,2.558679504308676e-07,2.7442847632611047e-07
P55,wavelet,4,HbR,0.5181258655652037,1.3506742478415306,2.391296813030931e-07,1.5348719302185879e-07
P55,wavelet,5,HbO,-0.29222318430736866,6.462175145735506,5.598516818819593e-08,9.22513526273028e-09
P55,wavelet,5,HbR,-0.1475569316143169,6.290217629604069,2.4629930669086152e-08,4.081205960575097e-09
P55,wavelet,7,HbO,0.2700040231002688,3.138515972131458,9.535091638673279e-08,2.9411238070738336e-08
P55,wavelet,7,HbR,0.3573720512471483,1.7684814411537155,1.7141141313008336e-08,9.261338563685669e-09
P55,wavelet,8,HbO,0.7829833283956529,0.7763671338638043,3.9283238049067434e-07,3.1552773455533085e-07
P55,wavelet,8,HbR,0.6641642965545904,1.926423802306351,1.2672421923913544e-07,5.199765981926005e-08
P55,wavelet,9,HbO,0.8700799437741459,0.5618394069888836,3.8167273042708593e-07,3.3536221242733096e-07
P55,wavelet,9,HbR,0.47237900265003746,1.4769005857462987,1.083987484027606e-07,6.548131838418567e-08
P55,wavelet,10,HbO,0.8189392000601304,0.6490405152581582,3.1240013637274186e-07,2.788314644148352e-07
P55,wavelet,10,HbR,0.5031694635862023,1.5882618392458316,1.1483400106685405e-07,6.28017283581847e-08
P55,wavelet,11,HbO,0.7681425295212093,0.7131164054987242,2.2408313803022982e-07,2.0738313309128837e-07
P55,wavelet,11,HbR,0.6116887469883701,1.332296094277678,8.003846019756368e-08,4.755202950889593e-08
P55,wavelet,12,HbO,0.7780519578242127,0.7051381410203498,5.554814148185542e-07,5.059809293166937e-07
P55,wavelet,12,HbR,0.4118891336097059,1.3955463022885155,1.3382955847012852e-07,9.111132665418233e-08
P55,wavelet,14,HbO,0.7176564860924715,0.9605455142221745,5.045412874129755e-07,3.662841371173651e-07
P55,wavelet,14,HbR,0.4540550831849851,1.8871546252292484,2.046812773068127e-07,9.681067914999915e-08
P55,wavelet,15,HbO,0.7446269386248349,0.8266009419675436,2.613061708816854e-07,2.1208254967825384e-07
P55,wavelet,15,HbR,0.3870193002442191,1.7123799636585975,1.4789387024362027e-07,8.086426361461852e-08
P55,wavelet,16,HbO,0.7579272117375131,0.8800801845083256,2.939956539773529e-07,2.1805233537533234e-07
P55,wavelet,16,HbR,0.42751052061621014,1.5653861892404222,1.936948388197202e-07,1.1372066659337532e-07
P55,wavelet,17,HbO,0.7483721160423945,0.8247963296513691,1.990635209790681e-07,1.60716239117179e-07
P55,wavelet,17,HbR,0.515466754577843,1.956287315018703,8.926371082470752e-08,3.935440148877373e-08
P55,wavelet,18,HbO,0.7604582290869117,0.7621459103286414,5.322784461577133e-10,4.5968619012350797e-10
P55,wavelet,18,HbR,0.9009981104785632,0.43431210709624657,5.491224793484447e-10,6.227305868706691e-10
P55,wavelet,19,HbO,0.8743553932954078,0.4958129224096278,3.581809804233399e-10,3.670299380601252e-10
P55,wavelet,19,HbR,0.9326736904903715,0.4370575942651554,3.4338401269996517e-10,2.9165936323003984e-10
P55,wavelet,20,HbO,0.7179546855043718,0.7758530817379116,2.6899542587149805e-06,2.5416002283690695e-06
P55,wavelet,20,HbR,0.725474761084734,0.7736118402491806,5.424554636149663e-07,5.041297272893399e-07
P55,wavelet,22,HbO,0.6713659049644495,0.9843153551420899,4.2049139679172843e-07,3.1905633073528746e-07
P55,wavelet,22,HbR,0.39653315581668463,1.6222130522648712,2.2344287768216222e-07,1.2897759394188193e-07
P55,wavelet,23,HbO,0.6032619051873677,1.205746700129818,3.5681481665358235e-07,2.3668545564531114e-07
P55,wavelet,23,HbR,0.5219839198438381,1.392200023375064,1.7241590210503377e-07,1.0632756037623114e-07
P64,none,1,HbO,0.7192395241044445,1.0739748495520511,1.6154058727647377e-07,1.0501863830184229e-07
P64,none,1,HbR,0.8201319170694296,0.6004823863151685,2.4969528960873225e-08,2.4911536409539718e-08
P64,none,2,HbO,0.9491249089513794,0.3610456780877718,1.7307066831848226e-07,1.5374319595076817e-07
P64,none,2,HbR,0.9181305837644539,0.41874910241958824,3.559961415805554e-08,3.383480343849793e-08
P64,none,3,HbO,0.7048143898623536,1.1179670026150554,8.388352543868205e-08,5.346906101265856e-08
P64,none,3,HbR,0.8579211187993677,0.6144604081803292,2.2952949472073932e-08,1.9216093632347174e-08
P64,none,4,HbO,0.8045122963073044,0.6357765378446522,1.459323917121502e-08,1.4201807550373101e-08
P64,none,4,HbR,0.7352632972835096,0.8136911185557764,6.571795622240298e-09,5.544784139014729e-09
P64,none,5,HbO,0.9002483627663843,0.4589814941447737,3.602269087725182e-08,3.4473499605169615e-08
P64,none,5,HbR,0.8635461924753112,0.5462209429902433,1.5298832028713182e-08,1.4311326297051184e-08
P64,none,7,HbO,0.88727290707802,0.5431573886835517,5.4069059614468e-08,4.6092100490689276e-08
P64,none,7,HbR,0.8694737799382896,0.5504046082810982,1.6259599325917922e-08,1.4621487090572372e-08
P64,none,8,HbO,0.9144337497425982,0.48960518904769296,5.333895277063717e-08,4.483034169034611e-08
P64,none,8,HbR,0.8280861456677147,0.6515300840336254,1.4689067410995259e-08,1.2673811821810233e-08
P64,none,9,HbO,0.8825792451182674,0.5829044920025374,4.746116342243957e-08,3.868230350583272e-08
P64,none,9,HbR,0.8582000265138209,0.5908710841435741,1.4622651739752303e-08,1.2709179452809575e-08
P64,none,10,HbO,0.8380783994311648,0.7274513478042856,8.177476779288219e-08,6.199275712535821e-08
P64,none,10,HbR,0.8992265777511969,0.5048969176141728,2.5397932313648404e-08,2.2062933080659585e-08
P64,none,11,HbO,0.8883964954752857,0.5219780720297187,3.244756902102594e-08,2.8544861316441104e-08
P64,none,11,HbR,0.8531673409076082,0.5617828043616511,9.993586138059285e-09,9.424682028025734e-09
P64,none,12,HbO,0.9155172963758635,0.4696834369891809,2.193503279414313e-07,1.8948849995656137e-07
P64,none,12,HbR,0.7399539244234618,0.737006578622273,3.512973980495301e-08,3.3779928881827915e-08
P64,none,14,HbO,0.8656354719216341,0.6196806061223542,1.251603790539357e-07,1.0173661782789874e-07
P64,none,14,HbR,0.8614548825509267,0.5532465023311438,2.9662941108819607e-08,2.7447296184679757e-08
P64,none,15,HbO,0.8419593444872695,0.6586993893562647,4.1295618157907024e-08,3.3870037461492e-08
P64,none,15,HbR,0.8754645631345218,0.5255608625420011,1.2220891258498434e-08,1.1306024753301863e-08
P64,none,16,HbO,0.4642768846623164,2.582708635941413,3.3413774103412633e-07,1.1560440339925985e-07
P64,none,16,HbR,0.2581789844015232,3.4075159481307655,1.102502501346651e-07,3.1269546197593995e-08
P64,none,17,HbO,0.5291477725821049,2.0143619867379603,2.6805064427543735e-07,1.1377409692480647e-07
P64,none,17,HbR,0.4462353742917304,1.9519247228160914,6.05303578989971e-08,2.7756542686619e-08
P64,none,18,HbO,0.9759922425945852,0.2256901493478301,6.518377703857056e-10,6.316830333795162e-10
P64,none,18,HbR,0.9677464232595149,0.2593063467852811,4.888897011064008e-10,4.751059958415556e-10
P64,none,19,HbO,0.9559357657256945,0.2941246598185395,5.51479306664854e-10,5.715286359589801e-10
P64,none,19,HbR,0.9883350634564333,0.15259612606672293,3.754837468019806e-10,3.806137553285323e-10
P64,none,21,HbO,0.26923609735457693,9.66770423631701,3.1258106415981206e-06,3.160945026518729e-07
P64,none,21,HbR,0.3709109417641573,7.577095135637824,2.3457788797671646e-07,2.9727830931470736e-08
P64,none,22,HbO,0.12574186740323598,1.0237233423501821,3.117450520766647e-09,8.455247416501371e-09
P64,none,22,HbR,0.3070594707487266,0.9718772909453428,2.283838292438055e-09,4.632982488658566e-09
P64,none,23,HbO,0.12124581047858524,1.0325081714097715,3.157017376200357e-09,7.940633095746581e-09
P64,none,23,HbR,0.4141024169845043,0.9135854141743144,1.9892808681323713e-09,4.191105315081468e-09
P64,wavelet,1,HbO,0.5142769499475477,1.304787071772425,1.5653147735785924e-07,1.0501863830184229e-07
P64,wavelet,1,HbR,0.4949208887357043,1.098390532439671,2.9016440898379844e-08,2.4911536409539718e-08
P64,wavelet,2,HbO,0.6008419168306381,1.3248986293411402,2.5355176772753195e-07,1.5374319595076817e-07
P64,wavelet,2,HbR,0.7662436002610491,0.7849111387953118,4.114930685310562e-08,3.383480343849793e-08
P64,wavelet,3,HbO,0.3629737902689433,1.9511875332991935,1.1056315056374722e-07,5.346906101265856e-08
P64,wavelet,3,HbR,0.8327478535931337,0.6667957860168577,2.3139658466333987e-08,1.9216093632347174e-08
P64,wavelet,4,HbO,0.008057475490326593,4.420596854126494,6.095909555441501e-08,1.4201807550373101e-08
P64,wavelet,4,HbR,0.2845598533479222,2.2818093200270235,1.2995760729549455e-08,5.544784139014729e-09
P64,wavelet,5,HbO,0.12312728431635504,3.7582321683413475,1.285577410843562e-07,3.4473499605169615e-08
P64,wavelet,5,HbR,0.7638350644480199,0.7391656818783962,1.6023384960623428e-08,1.4311326297051184e-08
P64,wavelet,7,HbO,0.20451707031336272,2.5930499716847946,1.1950412711078986e-07,4.6092100490689276e-08
P64,wavelet,7,HbR,0.4213314119755554,1.584879523138271,2.504691803292603e-08,1.4621487090572372e-08
P64,wavelet,8,HbO,0.4082641368598445,1.9308147823515978,9.411985994070707e-08,4.483034169034611e-08
P64,wavelet,8,HbR,0.35766580919212104,1.9687100192682452,2.637631114996465e-08,1.2673811821810233e-08
P64,wavelet,9,HbO,0.36257768280558333,2.1455379564180843,8.835893114513665e-08,3.868230350583272e-08
P64,wavelet,9,HbR,0.42391921199766824,1.735343428871354,2.4087528351767888e-08,1.2709179452809575e-08
P64,wavelet,10,HbO,0.3896481853750196,2.1587006470957073,1.4451465071560098e-07,6.199275712535821e-08
P64,wavelet,10,HbR,0.7600758101303139,0.8247576424144534,2.7947161704284576e-08,2.2062933080659585e-08
P64,wavelet,11,HbO,0.36214106934559576,2.452927105837183,7.473913373559991e-08,2.8544861316441104e-08
P64,wavelet,11,HbR,0.45613134007465483,1.3921354668938026,1.4320530259709978e-08,9.424682028025734e-09
P64,wavelet,12,HbO,0.688779045901665,0.8780742801330141,2.2324653219877906e-07,1.8948849995656137e-07
P64,wavelet,12,HbR,0.5744070677162488,1.6239369791435987,6.659826828866129e-08,3.3779928881827915e-08
P64,wavelet,14,HbO,0.603720621873107,1.2710512879283062,1.6146012216735715e-07,1.0173661782789874e-07
P64,wavelet,14,HbR,0.7161790864668498,1.1358918776512177,4.4175433893348556e-08,2.7447296184679757e-08
P64,wavelet,15,HbO,0.3201838369954183,2.578630066270321,9.16404559708234e-08,3.3870037461492e-08
P64,wavelet,15,HbR,0.5156027637051794,1.3029818058197293,1.686033860749483e-08,1.1306024753301863e-08
P64,wavelet,16,HbO,0.3969024705304949,1.9419530635959605,2.426190040984123e-07,1.1560440339925985e-07
P64,wavelet,16,HbR,0.03150474448714246,3.2020650551079366,9.569481952338415e-08,3.1269546197593995e-08
P64,wavelet,17,HbO,0.1847181698471726,2.5248459127750276,2.8423087488011116e-07,1.1377409692480647e-07
P64,wavelet,17,HbR,-0.0011641877307023997,3.893117960617666,1.0390172657083582e-07,2.7756542686619e-08
P64,wavelet,18,HbO,0.9511847930563727,0.3263240933394254,6.661996052950856e-10,6.316830333795162e-10
P64,wavelet,18,HbR,0.9539039901241776,0.3134442632816364,4.960431295440659e-10,4.751059958415556e-10
P64,wavelet,19,HbO,0.873706506473642,0.4927876838790846,5.434747080010643e-10,5.715286359589801e-10
P64,wavelet,19,HbR,0.9621744622768911,0.29336921962890006,4.0748614064589015e-10,3.806137553285323e-10
P64,wavelet,21,HbO,0.07503137742063914,4.3881908427915635,1.3698075404028193e-06,3.160945026518729e-07
P64,wavelet,21,HbR,0.49515750716236184,1.4670385284078704,4.975995520039334e-08,2.9727830931470736e-08
P64,wavelet,22,HbO,-0.39282896388566196,7.710341892427356,6.109386528106647e-08,8.455247416501371e-09
P64,wavelet,22,HbR,-0.33788567420079635,7.086734800382548,3.0818858786469444e-08,4.632982488658566e-09
P64,wavelet,23,HbO,-0.3497457918534128,7.628123810223058,5.7045505867079786e-08,7.940633095746581e-09
P64,wavelet,23,HbR,-0.3457112274272461,7.329647669432586,2.887041103801641e-08,4.191105315081468e-09
P02,none,1,HbO,0.9062109836264712,0.5272344627994762,1.7741203966015107e-07,1.4529750670349585e-07
P02,none,1,HbR,0.6791866611941255,0.867778261838421,3.781035863471126e-08,3.3127665554144717e-08
P02,none,2,HbO,0.9295906270365059,0.467961737089927,2.3462915947831606e-07,1.9266267098908943e-07
P02,none,2,HbR,0.7954014104192559,0.6316663673915499,3.804734064910253e-08,3.914971802081457e-08
P02,none,3,HbO,0.9332897933401733,0.4441432831921305,2.0135276513791323e-07,1.6857865842002516e-07
P02,none,3,HbR,0.9318075345538879,0.388625418899437,5.213955232060737e-08,4.869944447805421e-08
P02,none,4,HbO,0.9640798728148688,0.2813193443355463,1.2549712150012424e-07,1.187676325078632e-07
P02,none,4,HbR,0.941102163888945,0.3582915532141224,4.018035734963431e-08,3.792949781499273e-08
P02,none,5,HbO,0.9635691979820118,0.2819565053358762,1.445767300013198e-07,1.3732438763275266e-07
P02,none,5,HbR,0.9164122219507257,0.4506421330229381,9.062146916522873e-08,8.066219058940414e-08
P02,none,7,HbO,0.9490222120159075,0.356372525674297,1.699897486265568e-07,1.524465917520046e-07
P02,none,7,HbR,0.8309555113086883,0.5785411727987733,6.325393125983877e-08,6.404499589519538e-08
P02,none,10,HbO,0.9407516906186173,0.3606515446345275,2.1330413151622356e-07,2.006181129426794e-07
P02,none,10,HbR,0.8881090707815724,0.48681812403372937,8.280910717633093e-08,7.903680960656747e-08
P02,none,11,HbO,0.9563187589927864,0.30739090046935125,1.6302636893536655e-07,1.551485336719102e-07
P02,none,11,HbR,0.9368980273519459,0.35715309752508023,5.0990157680603377e-08,5.067879459914504e-08
P02,none,12,HbO,0.9611074333079187,0.31022502251115064,2.0953217783030363e-07,1.9008047005271857e-07
P02,none,12,HbR,0.8892054517315482,0.4602338699006664,5.717696287868043e-08,6.134045712941778e-08
P02,none,14,HbO,0.9671494019097463,0.2583315162430507,1.7597965498842835e-07,1.737456244094633e-07
P02,none,14,HbR,0.9443857251405735,0.33628630898754436,7.787259373926019e-08,7.674220440620236e-08
P02,none,15,HbO,0.952857274650233,0.31653507713983764,1.8303555864667708e-07,1.755019699683208e-07
P02,none,15,HbR,0.9021419767471485,0.44938098725319703,8.601319720860282e-08,8.374476505013971e-08
P02,none,16,HbO,0.8398118049617821,0.7195413817721095,5.52490357701556e-08,4.210852515341973e-08
P02,none,16,HbR,0.7907516590306949,0.6834546972807377,1.5866921252647032e-08,1.4511272659866973e-08
P02,none,17,HbO,0.9120047095180548,0.47655358971424383,3.583559904089715e-08,3.103705661322691e-08
P02,none,17,HbR,0.7867296011224612,0.6549093101769088,1.0614189650559278e-08,1.0582538314456556e-08
P02,none,18,HbO,0.9563854356301654,0.30699041276770983,5.56609759522017e-10,6.451847526492364e-10
P02,none,18,HbR,0.9395065920565885,0.34833952080559244,4.130292323120866e-10,4.1239659709663973e-10
P02,none,19,HbO,0.9615211511985484,0.27642541698701756,3.570933182879858e-10,3.8218562050776283e-10
P02,none,19,HbR,0.9688896243215223,0.25457131628732116,3.171590144145639e-10,3.4869508489475866e-10
P02,none,20,HbO,0.9578131882205061,0.2878194615294574,2.550751715655406e-10,2.6883173002099053e-10
P02,none,20,HbR,0.9639576586494508,0.26849034061696525,1.2516777399905925e-10,1.3480337673037308e-10
P02,none,21,HbO,0.863414480303017,0.5069752105952945,2.2151474168740455e-10,2.4562967054863347e-10
P02,none,21,HbR,0.8137834283029186,0.6233099472353919,1.1285594314680365e-10,1.0911920911728711e-10
P02,none,22,HbO,0.832854034819446,0.7734846875236201,2.485309183531842e-07,1.8102499543770798e-07
P02,none,22,HbR,0.6299309411163976,1.1890537540948558,4.932726095767864e-08,3.22580965662373e-08
P02,none,23,HbO,0.5422478491443422,1.6141511307798584,4.3982905235020073e-07,2.2902092684628202e-07
P02,none,23,HbR,0.34788657435031656,2.171802049083331,1.549839163045066e-07,6.721062646412902e-08
P02,wavelet,1,HbO,0.7370004546576756,0.8320872636945742,1.7758028395492777e-07,1.4529750670349585e-07
P02,wavelet,1,HbR,0.10117215151427837,4.32668037699455,1.422406977613161e-07,3.3127665554144717e-08
P02,wavelet,2,HbO,0.6276622753298333,0.9032931258307441,2.090807183290657e-07,1.9266267098908943e-07
P02,wavelet,2,HbR,-0.01839010103355781,3.591008411009389,1.3381690271598642e-07,3.914971802081457e-08
P02,wavelet,3,HbO,0.7542666525347844,0.738441351801742,1.8384696437298047e-07,1.6857865842002516e-07
P02,wavelet,3,HbR,0.4344715095571549,1.685403969721025,9.023389965195345e-08,4.869944447805421e-08
P02,wavelet,4,HbO,0.631009953157557,1.1536099940501932,1.754713688972128e-07,1.187676325078632e-07
P02,wavelet,4,HbR,0.6909907242799033,0.9181688344392533,4.756410107008654e-08,3.792949781499273e-08
P02,wavelet,5,HbO,0.8544552283824544,0.639490924290703,1.6784741765213383e-07,1.3732438763275266e-07
P02,wavelet,5,HbR,0.5478580360757556,1.3570611451905303,1.2979852088526152e-07,8.066219058940414e-08
P02,wavelet,7,HbO,0.6830835952107296,1.0071642143213713,2.0896705740472496e-07,1.524465917520046e-07
P02,wavelet,7,HbR,0.25623034280333234,2.2147666184792865,1.4346771317227707e-07,6.404499589519538e-08
P02,wavelet,10,HbO,0.736374537145865,0.8323074928316003,2.4392620569127755e-07,2.006181129426794e-07
P02,wavelet,10,HbR,0.41332578837484935,1.4927634781585397,1.2567561278049402e-07,7.903680960656747e-08
P02,wavelet,11,HbO,0.7615909370710539,0.6861207927989887,1.5307063878909848e-07,1.551485336719102e-07
P02,wavelet,11,HbR,0.465764502711257,1.4029034344065707,7.855816687357792e-08,5.067879459914504e-08
P02,wavelet,12,HbO,0.7961823512333165,0.6435212371649146,1.929056634246772e-07,1.9008047005271857e-07
P02,wavelet,12,HbR,0.37218325064015634,1.6121210304527887,1.0329412427234817e-07,6.134045712941778e-08
P02,wavelet,14,HbO,0.8759011267644423,0.5032402086263168,1.7702656425317224e-07,1.737456244094633e-07
P02,wavelet,14,HbR,0.6642035533727408,0.9265344355604207,9.279988700719943e-08,7.674220440620236e-08
P02,wavelet,15,HbO,0.8451672513419352,0.5623702618228056,1.7799041782472302e-07,1.755019699683208e-07
P02,wavelet,15,HbR,0.7145297975442565,0.9767829019620864,1.1654873092152287e-07,8.374476505013971e-08
P02,wavelet,16,HbO,0.6385716098674508,1.0286397286099114,5.539265081842871e-08,4.210852515341973e-08
P02,wavelet,16,HbR,0.4998286598996039,1.4310337431937576,2.371261150028034e-08,1.4511272659866973e-08
P02,wavelet,17,HbO,0.47545564437393134,1.583221985144338,5.535057860356276e-08,3.103705661322691e-08
P02,wavelet,17,HbR,0.1914169441776551,2.317221242390724,2.4133664464740507e-08,1.0582538314456556e-08
P02,wavelet,18,HbO,0.9025843712104634,0.43292243957961385,5.556363720237729e-10,6.451847526492364e-10
P02,wavelet,18,HbR,0.8652924335497408,0.5180721028529474,4.1054996238316196e-10,4.1239659709663973e-10
P02,wavelet,19,HbO,0.9163117270520874,0.4118077694461498,3.863487375970149e-10,3.8218562050776283e-10
P02,wavelet,19,HbR,0.8817796420829639,0.4725108591566543,3.1689737281752444e-10,3.4869508489475866e-10
P02,wavelet,20,HbO,0.9695268841706336,0.27749893159648437,2.951482515315371e-10,2.6883173002099053e-10
P02,wavelet,20,HbR,0.9693336591467231,0.2644981919476636,1.435616626053832e-10,1.3480337673037308e-10
P02,wavelet,21,HbO,0.8921691492564634,0.4588048546705663,2.385170009402596e-10,2.4562967054863347e-10
P02,wavelet,21,HbR,0.7632046892856991,0.7054140410705853,1.1377955069485307e-10,1.0911920911728711e-10
P02,wavelet,22,HbO,0.338302468626593,1.2540271135296186,2.1100377218881706e-07,1.8102499543770798e-07
P02,wavelet,22,HbR,0.19403107812519968,2.8950026821497,9.403716331871178e-08,3.22580965662373e-08
P02,wavelet,23,HbO,-0.022866141045691585,4.546899034951336,1.0063311102059887e-06,2.2902092684628202e-07
P02,wavelet,23,HbR,-0.24746478351694914,6.9798337201344465,4.4620676385483304e-07,6.721062646412902e-08
P39,none,1,HbO,0.5028445112828807,2.533670703767876,7.766346481392126e-07,2.692436492607755e-07
P39,none,1,HbR,0.6337543023436732,1.6812084100863023,2.685641850298285e-07,1.2629793496210866e-07
P39,none,2,HbO,0.8378706190453774,0.7693708532350781,3.99671171137332e-07,2.896193292861573e-07
P39,none,2,HbR,0.9391024192602792,0.3631664455712833,9.852547234760014e-08,9.324945041904795e-08
P39,none,3,HbO,0.624716899369055,1.7773851288223952,5.478764342187532e-07,2.4664082071682895e-07
P39,none,3,HbR,0.6719424059565016,1.0979201799896414,2.869014817510571e-07,1.935806812669744e-07
P39,none,4,HbO,0.9003757741165548,0.5386293020518909,1.5526639136545607e-07,1.27490896735656e-07
P39,none,4,HbR,0.8922558683914054,0.49700534280291647,6.580324476650371e-08,5.987835863789514e-08
P39,none,5,HbO,0.9733443341469782,0.24080508716520377,3.0142952143497273e-07,2.8804228793730783e-07
P39,none,5,HbR,0.9451431197547601,0.3354643234253198,1.1177130265616327e-07,1.0942724601375069e-07
P39,none,7,HbO,0.9047308400273457,0.4685279169920348,2.4094991378701876e-07,2.1908306668953226e-07
P39,none,7,HbR,0.8672452097179091,0.6116915971839706,1.5179365498883026e-07,1.2417128438867455e-07
P39,none,8,HbO,0.8809177032618619,0.6533473364702288,9.152694523349201e-08,6.875155107098281e-08
P39,none,8,HbR,0.8704036858823481,0.6223300275916697,2.887289931061956e-08,2.3090724250279124e-08
P39,none,9,HbO,0.9272243788425579,0.45953927306690295,2.669972920876495e-07,2.2370307910462868e-07
P39,none,9,HbR,0.7997507355619918,0.699326023420041,6.063749860039486e-08,5.235392210466369e-08
P39,none,10,HbO,0.8726883176336497,0.7375915190440682,3.318737214305258e-07,2.3280893189777977e-07
P39,none,10,HbR,0.8412845654165745,0.5837086669257275,1.013966029315647e-07,9.553596147234171e-08
P39,none,11,HbO,0.9295675970239337,0.4612264258130679,2.220411001518794e-07,1.8400080475807205e-07
P39,none,11,HbR,0.9167701766594777,0.4741361498941633,6.176165606117464e-08,5.2689733546714704e-08
P39,none,12,HbO,0.8997237007738093,0.5061889547890482,3.022434878848932e-07,2.6144088577045823e-07
P39,none,12,HbR,0.8616927891462338,0.535060534322669,1.1431724804968321e-07,1.108560988213609e-07
P39,none,14,HbO,0.6372860837559381,1.7899382383451163,5.417655085511458e-07,2.404815657244843e-07
P39,none,14,HbR,0.6436857247963315,1.3913831992735675,1.7996265467482882e-07,9.966399551110124e-08
P39,none,15,HbO,0.6549183199930196,1.48348489974187,6.292404545268143e-07,3.257793526616249e-07
P39,none,15,HbR,0.7220714074338369,1.1190692343689903,1.970729180299241e-07,1.230468403834221e-07
P39,none,16,HbO,0.46683838606276223,2.8719267248253937,8.608020507326596e-07,2.69066487654963e-07
P39,none,16,HbR,0.568258028025664,1.96359582391944,2.5115497849856717e-07,1.0682448353949517e-07
P39,none,17,HbO,0.29007661257479517,2.330442266947497,1.901415149679271e-07,7.873653372541701e-08
P39,none,17,HbR,0.5036825051730451,1.8355234117717694,2.225814880917842e-07,1.0483469300270361e-07
P39,none,18,HbO,0.9769965086359198,0.21739679015691313,7.3017863603368794e-09,7.1642308542816825e-09
P39,none,18,HbR,0.9859977621966297,0.1875863543817374,7.500026759095885e-09,7.004890924844988e-09
P39,none,19,HbO,0.985667216481724,0.1997803087912387,4.359906316053098e-09,3.992027558051812e-09
P39,none,19,HbR,0.9831828691537914,0.18642793374799363,4.3518093068584004e-09,4.2645549872965755e-09
P39,none,20,HbO,0.7709555482891708,0.9528290281273594,4.211239958467251e-07,2.8461511403461366e-07
P39,none,20,HbR,0.6950860018614226,0.9557745309779155,1.584500271886145e-07,1.1961931289365637e-07
P39,none,21,HbO,0.7967414580553849,0.90803662945475,3.7322155278755564e-07,2.5312683637988634e-07
P39,none,21,HbR,0.7352999930556265,1.0397027351093362,1.2979307657880656e-07,8.518027832041964e-08
P39,wavelet,1,HbO,0.40834708163012295,2.200835854527679,6.467380412727547e-07,2.692436492607755e-07
P39,wavelet,1,HbR,0.5443632247950404,1.4673526062441427,2.2078915266140938e-07,1.2629793496210866e-07
P39,wavelet,2,HbO,0.24067355033456822,2.7871397825656965,8.22329952903368e-07,2.896193292861573e-07
P39,wavelet,2,HbR,0.7223830325995985,0.8470225338474652,1.1260316210190523e-07,9.324945041904795e-08
P39,wavelet,3,HbO,0.5270741912593946,2.084362714102975,5.976881552597942e-07,2.4664082071682895e-07
P39,wavelet,3,HbR,0.3585857626323399,1.309301427701155,2.4707080193697307e-07,1.935806812669744e-07
P39,wavelet,4,HbO,0.3914843067690895,2.2008208075487765,3.033347586991099e-07,1.27490896735656e-07
P39,wavelet,4,HbR,0.5671420257999124,1.176229642233572,8.387331027887116e-08,5.987835863789514e-08
P39,wavelet,5,HbO,0.6930210515374842,0.8814518041896806,3.440587624289737e-07,2.8804228793730783e-07
P39,wavelet,5,HbR,0.8545872725987061,0.5575414340990117,1.156865524436279e-07,1.0942724601375069e-07
P39,wavelet,7,HbO,0.6029807466040606,1.1890345079211093,3.239824229105793e-07,2.1908306668953226e-07
P39,wavelet,7,HbR,0.46204475359550573,1.4971815753497808,2.0644194100459136e-07,1.2417128438867455e-07
P39,wavelet,8,HbO,0.2562920677097664,2.413597804085269,1.688663671694807e-07,6.875155107098281e-08
P39,wavelet,8,HbR,0.6168000926586901,0.9653031667008852,2.7082091412960127e-08,2.3090724250279124e-08
P39,wavelet,9,HbO,0.490957686383144,1.2469163041389273,3.080448199064117e-07,2.2370307910462868e-07
P39,wavelet,9,HbR,0.402363059176644,1.2833162247781391,6.808120345973733e-08,5.235392210466369e-08
P39,wavelet,10,HbO,0.7584976484945601,0.6974507984883678,2.344071498991064e-07,2.3280893189777977e-07
P39,wavelet,10,HbR,0.7351958362733196,0.8533508575967117,1.1974623635169952e-07,9.553596147234171e-08
P39,wavelet,11,HbO,0.4231437846616776,1.8631740088642998,3.757203733484825e-07,1.8400080475807205e-07
P39,wavelet,11,HbR,0.5725336892601244,1.2303083529548315,7.835747455315033e-08,5.2689733546714704e-08
P39,wavelet,12,HbO,0.3368694127464645,2.3009322175643887,6.338961840724881e-07,2.6144088577045823e-07
P39,wavelet,12,HbR,0.6132820358697681,1.1950522795839436,1.6701562325606934e-07,1.108560988213609e-07
P39,wavelet,14,HbO,0.3583713376763018,1.6482516596462207,4.115218101687095e-07,2.404815657244843e-07
P39,wavelet,14,HbR,0.2905570192189258,1.19685720577932,1.0058905496169752e-07,9.966399551110124e-08
P39,wavelet,15,HbO,0.4359554115926043,1.8008211950811153,6.476048078475977e-07,3.257793526616249e-07
P39,wavelet,15,HbR,0.33883967606893556,1.5053227270776053,1.8610835322454894e-07,1.230468403834221e-07
P39,wavelet,16,HbO,0.436690337063378,1.3620847200434993,3.9124619303689005e-07,2.69066487654963e-07
P39,wavelet,16,HbR,0.29283780690655337,1.4751426429942034,1.5116734965982812e-07,1.0682448353949517e-07
P39,wavelet,17,HbO,0.323459732311823,1.8635140121251743,1.5187123567282035e-07,7.873653372541701e-08
P39,wavelet,17,HbR,0.1739106459455633,3.3601763491342873,3.534803468650781e-07,1.0483469300270361e-07
P39,wavelet,18,HbO,0.9178420999763386,0.43069438317175435,7.772473421751542e-09,7.1642308542816825e-09
P39,wavelet,18,HbR,0.8595563825918676,0.5621484949255457,7.65021884062589e-09,7.004890924844988e-09
P39,wavelet,19,HbO,0.8420240660711734,0.6255942219614445,4.625233065061873e-09,3.992027558051812e-09
P39,wavelet,19,HbR,0.9364044357223145,0.3933976756067364,4.7481305814182735e-09,4.2645549872965755e-09
P39,wavelet,20,HbO,0.5173889045701676,1.9450923978381962,6.41727877776861e-07,2.8461511403461366e-07
P39,wavelet,20,HbR,0.6470894084682065,1.3816516626580209,2.150970648793027e-07,1.1961931289365637e-07
P39,wavelet,21,HbO,0.33208462729596877,2.2265320626624083,5.91688386279632e-07,2.5312683637988634e-07
P39,wavelet,21,HbR,0.7308589527445642,0.8655567578773217,1.0754522345454279e-07,8.518027832041964e-08
P58,none,1,HbO,0.9395262990078674,0.4073890221532332,2.1334405168160737e-07,1.8399364276327735e-07
P58,none,1,HbR,0.8376556428998673,0.5812548659014828,5.730803123977552e-08,5.52938571420752e-08
P58,none,2,HbO,0.9680023738101918,0.29375694368495076,3.691585462609129e-07,3.2940242672523335e-07
P58,none,2,HbR,0.9043778704389238,0.4487528641521278,8.519923757312464e-08,8.167087213587648e-08
P58,none,3,HbO,0.9627526652439673,0.28203639558458193,2.0226090906843833e-07,1.9423588912883253e-07
P58,none,3,HbR,0.9624258097086402,0.2751300385297842,6.079137216068366e-08,6.040482999175181e-08
P58,none,4,HbO,0.9339727831260198,0.4645232024780159,1.3721504256742954e-07,1.1148777095106015e-07
P58,none,4,HbR,0.8686256608724211,0.5063615660925078,3.132500619809986e-08,3.2242398593819336e-08
P58,none,5,HbO,0.9577798154524124,0.32871733584838875,1.4358825538519493e-07,1.2860140360900584e-07
P58,none,5,HbR,0.9488174911668132,0.3266302572428617,3.680198704708393e-08,3.566062618438643e-08
P58,none,7,HbO,0.9712519284384568,0.28572890023765773,2.566992253645601e-07,2.2744817482548428e-07
P58,none,7,HbR,0.9576385892801158,0.2920429561627865,5.955358711228457e-08,5.9232999527747605e-08
P58,none,8,HbO,0.9607471051979302,0.3545462128205513,3.798245800918216e-07,3.214739715163333e-07
P58,none,8,HbR,0.8840046512128067,0.4768180213408108,7.312611439380835e-08,7.487933862542258e-08
P58,none,9,HbO,0.9134791378023951,0.4829724932387869,3.522826312639912e-07,3.0023990204320557e-07
P58,none,9,HbR,0.933724503431472,0.3590975088418562,6.382564054869838e-08,6.637008915399865e-08
P58,none,10,HbO,0.964689575918098,0.2912942511904763,2.2614866414090967e-07,2.0771915602323937e-07
P58,none,10,HbR,0.9392678895883002,0.34581092535196956,4.814321683021971e-08,4.907965357359763e-08
P58,none,11,HbO,0.8654768980715541,0.6742015818059968,9.703033689026865e-08,7.370073087023225e-08
P58,none,11,HbR,0.9216644663877183,0.4255255611878091,2.729569945452028e-08,2.4906792994400397e-08
P58,none,12,HbO,0.9200575507945036,0.4956912290356252,2.6913857410924015e-07,2.199972263891385e-07
P58,none,12,HbR,0.9280477240532609,0.4064995585505937,6.239383790204411e-08,5.7203142923155664e-08
P58,none,14,HbO,0.9175714154210967,0.5102206610701339,2.286525800988016e-07,1.8480466931222366e-07
P58,none,14,HbR,0.9214275349004761,0.45181979652019405,5.566468926670006e-08,4.831961504976772e-08
P58,none,15,HbO,0.7673761178303125,1.0081399777556026,1.9160246462827153e-07,1.2400499394659638e-07
P58,none,15,HbR,0.787332532056946,0.8446961670790865,5.4244051642610445e-08,3.974704289103e-08
P58,none,16,HbO,0.8709143713465363,0.649951148965017,3.583460150769459e-07,2.765197897160342e-07
P58,none,16,HbR,0.5135779850694407,1.3410908989565664,1.0076194620492104e-07,6.52546589704887e-08
P58,none,17,HbO,0.8943125324283688,0.5600004029388794,2.560517359073493e-07,2.079939978665334e-07
P58,none,17,HbR,0.547307308954765,1.1818092643145697,6.927595481351844e-08,5.015884587714537e-08
P58,none,18,HbO,0.97418575484445,0.24507615919242604,2.4393033979321017e-09,2.280634736007511e-09
P58,none,18,HbR,0.9635157589659153,0.27412646824410314,2.487901852242958e-09,2.4347702464989865e-09
P58,none,19,HbO,0.9568181205026,0.3067545008137676,1.5739224185796814e-09,1.4927303465521544e-09
P58,none,19,HbR,0.9648472599823003,0.27645296906444466,1.4522101230923074e-09,1.3824526212439123e-09
P58,none,20,HbO,0.28746507893929085,4.950325997552173,1.3881606381023208e-06,2.698474730985241e-07
P58,none,20,HbR,0.3518817256802935,3.1849221394863956,3.039602168722746e-07,8.950151603880276e-08
P58,none,21,HbO,0.3865934566382263,2.977020614018422,1.444407165024965e-06,4.4897387600183675e-07
P58,none,21,HbR,0.30239895111560006,3.7735881511868734,2.5835965280820326e-07,6.534772872703779e-08
P58,none,22,HbO,0.4014593305230631,6.698062629711647,2.466019492517428e-06,3.504562253494661e-07
P58,none,22,HbR,0.4403024673713085,1.7894779399088305,1.1160885522941075e-07,5.613745514395362e-08
P58,none,23,HbO,0.4088397975789158,6.617187386569639,2.2064517352202386e-06,3.1689211927218783e-07
P58,none,23,HbR,0.3254440756114255,2.400190685466538,1.2853156192004472e-07,5.0773225133634055e-08
P58,wavelet,1,HbO,0.6975563405517374,0.9976454980086896,2.549992623169251e-07,1.8399364276327735e-07
P58,wavelet,1,HbR,0.7167776418686951,0.9226621736880251,7.29560171435118e-08,5.52938571420752e-08
P58,wavelet,2,HbO,0.8250967321241754,0.6157990308957517,3.5247024949975704e-07,3.2940242672523335e-07
P58,wavelet,2,HbR,0.5866845554754513,1.3479414240336862,1.3581743766933174e-07,8.167087213587648e-08
P58,wavelet,3,HbO,0.6723573470756706,1.0955136162894927,2.860660058708907e-07,1.9423588912883253e-07
P58,wavelet,3,HbR,0.9301695383055449,0.38883635318843607,6.39199311553138e-08,6.040482999175181e-08
P58,wavelet,4,HbO,0.7598572810975961,0.6999447099096316,1.1362606899931217e-07,1.1148777095106015e-07
P58,wavelet,4,HbR,0.1740855253413545,1.7420898369422964,5.177092320810807e-08,3.2242398593819336e-08
P58,wavelet,5,HbO,0.798237579737399,0.8071090275484941,1.7106268567585508e-07,1.2860140360900584e-07
P58,wavelet,5,HbR,0.8162920008449258,0.679243130122308,4.175531331834999e-08,3.566062618438643e-08
P58,wavelet,7,HbO,0.742647009360904,0.798650283853757,2.669528445511189e-07,2.2744817482548428e-07
P58,wavelet,7,HbR,0.7071563178706137,0.8310886746651005,6.764802755526272e-08,5.9232999527747605e-08
P58,wavelet,8,HbO,0.9266731812452565,0.42806322766010096,3.6371110069968605e-07,3.214739715163333e-07
P58,wavelet,8,HbR,0.6174375792507301,1.2305243052801131,1.1683072855721357e-07,7.487933862542258e-08
P58,wavelet,9,HbO,0.8028924753361629,0.6937184765289723,3.4628179148438515e-07,3.0023990204320557e-07
P58,wavelet,9,HbR,0.7295908561245602,0.8454527507495642,8.129191942874429e-08,6.637008915399865e-08
P58,wavelet,10,HbO,0.6927151838300716,1.0742522886771095,3.078731987155205e-07,2.0771915602323937e-07
P58,wavelet,10,HbR,0.7460235825854751,0.8100482914401755,5.923018409106558e-08,4.907965357359763e-08
P58,wavelet,11,HbO,0.5492143570922347,1.2807643257415393,1.1159895665406222e-07,7.370073087023225e-08
P58,wavelet,11,HbR,0.3471991293403335,1.7335195349015688,4.480217458716181e-08,2.4906792994400397e-08
P58,wavelet,12,HbO,0.7132462582348966,0.8791217989851359,2.726259620914052e-07,2.199972263891385e-07
P58,wavelet,12,HbR,0.658123624497319,1.1617058227228543,8.797736612966436e-08,5.7203142923155664e-08
P58,wavelet,14,HbO,0.6906793611602308,1.016021666758586,2.585750825186633e-07,1.8480466931222366e-07
P58,wavelet,14,HbR,0.604662136564112,1.2265150851409152,7.41077528846723e-08,4.831961504976772e-08
P58,wavelet,15,HbO,0.5531230242544104,1.4591068303722285,2.163088929914073e-07,1.2400499394659638e-07
P58,wavelet,15,HbR,0.5390882167877105,1.4507209786252757,6.821302412597362e-08,3.974704289103e-08
P58,wavelet,16,HbO,0.7095831257490266,0.8415086837113769,3.2192905635500007e-07,2.765197897160342e-07
P58,wavelet,16,HbR,0.5079034830030308,1.7314410650639673,1.309470634693542e-07,6.52546589704887e-08
P58,wavelet,17,HbO,0.8654584837647892,0.5400376051208783,2.2194100553841817e-07,2.079939978665334e-07
P58,wavelet,17,HbR,0.4442106358826601,1.4601081855154239,8.003954911006473e-08,5.015884587714537e-08
P58,wavelet,18,HbO,0.80463144919696,0.6598448940328511,2.4914199298613616e-09,2.280634736007511e-09
P58,wavelet,18,HbR,0.8896838744935864,0.4764354797936341,2.496643322372959e-09,2.4347702464989865e-09
P58,wavelet,19,HbO,0.8875445300079471,0.46303662140925833,1.3925580084990438e-09,1.4927303465521544e-09
P58,wavelet,19,HbR,0.8980840524905448,0.44296598565984135,1.3139959915963998e-09,1.3824526212439123e-09
P58,wavelet,20,HbO,0.7071199803683039,0.839270153098815,3.1263307315710724e-07,2.698474730985241e-07
P58,wavelet,20,HbR,0.43387641255534154,2.122787816548426,2.1008462098693295e-07,8.950151603880276e-08
P58,wavelet,21,HbO,0.6783619145761899,0.8472517277273013,4.938061282113431e-07,4.4897387600183675e-07
P58,wavelet,21,HbR,0.3815050664177076,1.9955726971523144,1.40489220149466e-07,6.534772872703779e-08
P58,wavelet,22,HbO,0.5201855017371125,0.895371358029556,2.754128399801786e-07,3.504562253494661e-07
P58,wavelet,22,HbR,0.4415956382336064,1.7227954712003937,1.0720829941862073e-07,5.613745514395362e-08
P58,wavelet,23,HbO,0.5177675008853347,0.874245702444287,2.200677826452211e-07,3.1689211927218783e-07
P58,wavelet,23,HbR,0.5937933420734275,1.1552462861796842,7.216049429902911e-08,5.0773225133634055e-08
P19,none,1,HbO,0.6099769502094544,1.6365495255989688,4.385708107244794e-07,2.1479361735958838e-07
P19,none,1,HbR,0.7500424288946158,1.0337599177585353,1.6722618533727936e-07,1.0826940272805995e-07
P19,none,2,HbO,0.9432868925492607,0.36107466701576074,2.995478079101511e-07,2.7627609825133465e-07
P19,none,2,HbR,0.8488832241204907,0.5428609678466688,7.719877367086845e-08,7.943094522041979e-08
P19,none,3,HbO,0.7824083084455323,1.103751370466003,3.758905431652385e-07,2.2195064169332235e-07
P19,none,3,HbR,0.8732759521308193,0.5902869584910112,1.1879597515995761e-07,9.846900978636728e-08
P19,none,4,HbO,0.8893617669400051,0.5611373174903613,1.3264196679657505e-07,1.0921435552389432e-07
P19,none,4,HbR,0.877916011929779,0.5208396634846592,3.327377501600937e-08,3.072900577019614e-08
P19,none,5,HbO,0.8888946262119587,0.520024167944917,3.042780231227873e-08,2.683064023220936e-08
P19,none,5,HbR,0.8063298306012203,0.6268626277797659,8.711858340402039e-09,8.601796949765288e-09
P19,none,7,HbO,0.9322938708136947,0.37872377860588,4.108732768459472e-08,3.9436202213858384e-08
P19,none,7,HbR,0.9023679226268632,0.4410028682305589,1.2987563410065445e-08,1.3041101566439772e-08
P19,none,8,HbO,0.9085355845616928,0.46503072235430937,1.52038321019724e-07,1.3676526541289804e-07
P19,none,8,HbR,0.8602020797057515,0.55714167303148,4.201381903745853e-08,3.874524924038286e-08
P19,none,9,HbO,0.7984785102046894,0.8168969436206852,2.9775417778478967e-07,2.2051453559751043e-07
P19,none,9,HbR,0.7965023626130517,0.6532083605275882,6.280544988658283e-08,6.018484511500128e-08
P19,none,10,HbO,0.7562054921230257,0.9377981067653764,3.554271289031092e-07,2.489022862291051e-07
P19,none,10,HbR,0.6455787988797502,1.2568786556922555,1.5415743563525955e-07,9.378465182493365e-08
P19,none,11,HbO,0.8527180184174086,0.672154281372192,3.6474082336298987e-07,2.859267860842657e-07
P19,none,11,HbR,0.7791286812255594,0.6743723104594007,6.37623412656225e-08,6.209810443901257e-08
P19,none,12,HbO,0.6153742091459986,1.5501110456565146,5.799587685639602e-07,2.974049512188228e-07
P19,none,12,HbR,0.5298736009272526,1.5573364734929325,2.1410518119427166e-07,1.1662626417180464e-07
P19,none,14,HbO,0.6695531818641397,1.6090401796723464,5.77273619073084e-07,2.753043990611349e-07
P19,none,14,HbR,0.6955291865356495,1.4787448799726326,2.6948777159875147e-07,1.3555811969730048e-07
P19,none,15,HbO,0.6495823490327889,1.7348278914675004,6.406123722463309e-07,2.900124296053199e-07
P19,none,15,HbR,0.7734506132662211,1.0940924530162885,2.8588448301517203e-07,1.7167944707503253e-07
P19,none,18,HbO,0.5024817083489633,2.6610604754548897,9.877007335785665e-10,3.2719141522045623e-10
P19,none,18,HbR,0.23729696521693555,3.0912003416738125,4.2942192983916457e-10,1.3545549619453634e-10
P19,none,19,HbO,0.47023890635123633,1.6870092833419568,7.019117772982326e-10,3.679064556152478e-10
P19,none,19,HbR,0.4663581181374164,2.7393883370366443,4.5429417322440173e-10,1.4853121827788936e-10
P19,wavelet,1,HbO,0.47578684227120316,1.3967190942241658,3.3421086992282255e-07,2.1479361735958838e-07
P19,wavelet,1,HbR,0.7180266610647245,1.10031375600816,1.6989115953698659e-07,1.0826940272805995e-07
P19,wavelet,2,HbO,0.8903621941171184,0.4749717016159193,2.8323642233219434e-07,2.7627609825133465e-07
P19,wavelet,2,HbR,0.7016159802218155,1.3670616257965704,1.4804573802013858e-07,7.943094522041979e-08
P19,wavelet,3,HbO,0.7259290387885312,0.7755124286674006,2.406494831561538e-07,2.2195064169332235e-07
P19,wavelet,3,HbR,0.6186106613698072,1.0818267917954505,1.3412117574337492e-07,9.846900978636728e-08
P19,wavelet,4,HbO,0.6237097011171413,1.033799348618233,1.4153981789731122e-07,1.0921435552389432e-07
P19,wavelet,4,HbR,0.5356573851946957,1.2464138387010841,4.4543949130541295e-08,3.072900577019614e-08
P19,wavelet,5,HbO,0.29133080043996756,2.4024480432030755,6.661770904191356e-08,2.683064023220936e-08
P19,wavelet,5,HbR,0.10259409783577254,2.910716405568739,2.4294086392046625e-08,8.601796949765288e-09
P19,wavelet,7,HbO,0.30941057805916944,2.1623867008499817,8.835281523711457e-08,3.9436202213858384e-08
P19,wavelet,7,HbR,0.35015468454347504,1.8770384686694184,2.5653753445707248e-08,1.3041101566439772e-08
P19,wavelet,8,HbO,0.49576879086140163,1.5229472718054375,2.3772357827408882e-07,1.3676526541289804e-07
P19,wavelet,8,HbR,0.8559070791462372,0.5760358034582244,4.297713607814543e-08,3.874524924038286e-08
P19,wavelet,9,HbO,0.6032722839107357,1.1947765862630042,3.276680959500388e-07,2.2051453559751043e-07
P19,wavelet,9,HbR,0.6540743751827884,1.1465916017419,9.108111936052686e-08,6.018484511500128e-08
P19,wavelet,10,HbO,0.7433062968672599,0.7820190312489024,2.858076673491832e-07,2.489022862291051e-07
P19,wavelet,10,HbR,0.4573421451165551,1.7087695601171011,1.7927143750283678e-07,9.378465182493365e-08
P19,wavelet,11,HbO,0.8662397088552827,0.6171877553819821,3.5128374274524047e-07,2.859267860842657e-07
P19,wavelet,11,HbR,0.763285972004251,1.2884891676833186,1.1661917050725464e-07,6.209810443901257e-08
P19,wavelet,12,HbO,0.6947493043060669,0.862568666007165,3.4744133917969225e-07,2.974049512188228e-07
P19,wavelet,12,HbR,0.36860910551738424,1.9057582586513562,2.365247830602199e-07,1.1662626417180464e-07
P19,wavelet,14,HbO,0.6604197373305745,0.8201961258440676,2.723215341521754e-07,2.753043990611349e-07
P19,wavelet,14,HbR,0.5620150889298002,1.2698294912966714,2.0648382277274673e-07,1.3555811969730048e-07
P19,wavelet,15,HbO,0.641370109965575,1.0414135309422203,3.902280799188681e-07,2.900124296053199e-07
P19,wavelet,15,HbR,0.5070088361077618,1.4888122692131267,2.954482952990956e-07,1.7167944707503253e-07
P19,wavelet,18,HbO,0.49401883611853653,1.9947839422548854,7.464677039397328e-10,3.2719141522045623e-10
P19,wavelet,18,HbR,0.3356175906228895,1.9595276352809643,2.7725422305778706e-10,1.3545549619453634e-10
P19,wavelet,19,HbO,0.7675456585202282,0.8235028060980455,4.718281244584969e-10,3.679064556152478e-10
P19,wavelet,19,HbR,0.4021755765123693,1.8229169193319275,2.928798212717566e-10,1.4853121827788936e-10
P01,none,1,HbO,0.6798760004632601,1.8859781862154001,8.708496100682586e-07,3.6024084844707813e-07
P01,none,1,HbR,0.711495181582319,1.4080470457196506,2.3833876828943307e-07,1.2338533033993568e-07
P01,none,2,HbO,0.9551946391060463,0.3153671565319371,3.18864883259034e-07,2.9966613438481187e-07
P01,none,2,HbR,0.7719822453977015,0.7083132716357856,8.36347454772545e-08,7.711871852173324e-08
P01,none,3,HbO,0.7617223524142531,1.268271832508049,7.300059506890448e-07,3.941698662593463e-07
P01,none,3,HbR,0.7298331608070561,1.151148205211932,2.10623907580648e-07,1.2718867670475344e-07
P01,none,4,HbO,0.971662012767314,0.24044010385399617,2.7986582884963925e-07,2.755424546894324e-07
P01,none,4,HbR,0.955788259480074,0.29408859336583615,1.0385405241049293e-07,1.0837451694125978e-07
P01,none,5,HbO,0.9744419565205653,0.22757097745346522,6.677510379723635e-07,6.60598550654763e-07
P01,none,5,HbR,0.9703010889414867,0.24255683508563075,1.7941272351520278e-07,1.8161198224279258e-07
P01,none,7,HbO,0.8903697018369645,0.5410267365873437,5.406928159203889e-07,4.571668652152743e-07
P01,none,7,HbR,0.8633717086175733,0.5379812395589959,1.125561162411827e-07,1.0724316941355034e-07
P01,none,8,HbO,0.9573567818538086,0.2964162876356168,5.307669763345528e-07,5.187164981505261e-07
P01,none,8,HbR,0.9292167264669311,0.38594756580306305,1.683720336824304e-07,1.6183351347547877e-07
P01,none,9,HbO,0.972968543482113,0.23290813280297426,6.064122368485588e-07,6.044781432093716e-07
P01,none,9,HbR,0.9399385955771975,0.34309485892562946,1.2281259856734119e-07,1.3544462643384392e-07
P01,none,10,HbO,0.9858351320981267,0.17174799592265685,5.116061788598643e-07,5.002645269210271e-07
P01,none,10,HbR,0.8912649977735846,0.4628910872479898,1.125959738109413e-07,1.1441357899908939e-07
P01,none,11,HbO,0.9531971948134005,0.3221047429259971,3.2667724648070366e-07,3.069698097531618e-07
P01,none,11,HbR,0.9493410367726831,0.3184236812625179,9.551125430447177e-08,9.544843501343753e-08
P01,none,12,HbO,0.9331278490676748,0.39956472446401153,6.643194719116664e-07,5.998892711723998e-07
P01,none,12,HbR,0.946727409287739,0.3265767610382669,1.278991237746759e-07,1.278252720234304e-07
P01,none,14,HbO,0.9172208720911039,0.5134011761054901,3.961215744728953e-07,3.1919020072251706e-07
P01,none,14,HbR,0.8486942128056062,0.8130613222302366,1.7066205362902e-07,1.1639818200841855e-07
P01,none,15,HbO,0.9783749488640601,0.22111126369040157,5.086115181914369e-07,4.813995445002315e-07
P01,none,15,HbR,0.9403954562814592,0.362017227035113,1.1876979398776844e-07,1.1157437531830087e-07
P01,none,16,HbO,0.21728550709828107,1.04975765836776,6.424500197846356e-09,1.0782768471002726e-08
P01,none,16,HbR,0.264249456112878,1.0296887928210805,3.382347802675182e-09,5.441179035373017e-09
P01,none,17,HbO,0.20787061522876016,1.052434754281834,6.015317923626547e-09,1.0146406396109535e-08
P01,none,17,HbR,0.19035631432806085,1.2048018109404888,5.134253944301179e-09,5.813443079266786e-09
P01,none,18,HbO,0.6100768069947701,1.1598345739150695,1.0915887369602274e-09,7.492495434141675e-10
P01,none,18,HbR,0.8554318059981572,0.5998506911103223,6.043248971172811e-10,5.218425049286187e-10
P01,none,19,HbO,0.8554476962685719,0.5243328526913056,5.867690480547337e-10,6.275794791500084e-10
P01,none,19,HbR,0.794841523915784,0.7950870429508856,4.25116654869724e-10,3.248777682655803e-10
P01,none,20,HbO,0.36055199466472987,6.693018181518222,6.515389046164088e-07,9.323414710207058e-08
P01,none,20,HbR,0.36323816303257844,6.662370585785572,3.216376295838721e-07,4.6211753441869746e-08
P01,none,21,HbO,0.35521994032513843,6.806608500744798,6.37085411417184e-07,8.97647770751135e-08
P01,none,21,HbR,0.3690904698987473,6.580528598707928,3.1221895552672923e-07,4.5356929047776795e-08
P01,none,22,HbO,0.7496174578588153,1.0871961059769548,4.100539796920343e-07,2.5436958553537437e-07
P01,none,22,HbR,0.5792594854099823,1.5481953412943965,1.2173508064346877e-07,6.422619238714611e-08
P01,none,23,HbO,0.8146258734925225,0.7756476196095362,2.782125625422898e-07,2.0924426333687193e-07
P01,none,23,HbR,0.698720574347769,1.1822394449104525,9.905395250951738e-08,6.040083968648943e-08
P01,wavelet,1,HbO,0.7761260422427023,0.888471912833451,5.049671531989943e-07,3.6024084844707813e-07
P01,wavelet,1,HbR,0.6453679088461834,1.2981512201764347,2.0874394250341474e-07,1.2338533033993568e-07
P01,wavelet,2,HbO,0.9182706403276146,0.4115021014323585,3.0874520667921855e-07,2.9966613438481187e-07
P01,wavelet,2,HbR,0.7644949949346045,0.8032053508915458,9.590065573038372e-08,7.711871852173324e-08
P01,wavelet,3,HbO,0.8404486629530973,0.8293969044802169,5.787519107194713e-07,3.941698662593463e-07
P01,wavelet,3,HbR,0.6676702371342799,1.2856729112426697,2.1807243790449436e-07,1.2718867670475344e-07
P01,wavelet,4,HbO,0.9212808093661446,0.4002496664678979,2.7963737894306737e-07,2.755424546894324e-07
P01,wavelet,4,HbR,0.8695366335918443,0.5130186073091646,1.0918387452148156e-07,1.0837451694125978e-07
P01,wavelet,5,HbO,0.929569420654891,0.3848785640640466,6.852724803132778e-07,6.60598550654763e-07
P01,wavelet,5,HbR,0.8225903659532859,0.6773006661981449,2.1582003849535886e-07,1.8161198224279258e-07
P01,wavelet,7,HbO,0.8356434493327108,0.6014361446728739,4.939977959162707e-07,4.571668652152743e-07
P01,wavelet,7,HbR,0.6129627255593333,1.1763717200812513,1.5888891084291206e-07,1.0724316941355034e-07
P01,wavelet,8,HbO,0.7599201819896916,0.7175332208887546,5.497541784475108e-07,5.187164981505261e-07
P01,wavelet,8,HbR,0.72608214989016,0.8019909086846195,1.8427972574399283e-07,1.6183351347547877e-07
P01,wavelet,9,HbO,0.9380622048777363,0.3659482698384049,6.370504711804195e-07,6.044781432093716e-07
P01,wavelet,9,HbR,0.7226090817820527,0.9089216263432351,1.7740627026681826e-07,1.3544462643384392e-07
P01,wavelet,10,HbO,0.975467037726896,0.24372593332937295,5.400435277119198e-07,5.002645269210271e-07
P01,wavelet,10,HbR,0.8716634115166079,0.5698277676513328,1.3296623574130275e-07,1.1441357899908939e-07
P01,wavelet,11,HbO,0.8750167439085759,0.508772464434719,3.1630422518325745e-07,3.069698097531618e-07
P01,wavelet,11,HbR,0.7822628920207835,0.7082793224117734,1.0674439358746583e-07,9.544843501343753e-08
P01,wavelet,12,HbO,0.8536996849929774,0.5352149182808422,5.85800345449129e-07,5.998892711723998e-07
P01,wavelet,12,HbR,0.6545307048284121,0.8124421349623278,1.2158035708983304e-07,1.278252720234304e-07
P01,wavelet,14,HbO,0.721057508133503,0.8575718166021147,3.913608517073325e-07,3.1919020072251706e-07
P01,wavelet,14,HbR,0.32034904660121527,1.5801459802213713,1.8432334752097745e-07,1.1639818200841855e-07
P01,wavelet,15,HbO,0.8826270406056085,0.48750971079423067,4.862936852555259e-07,4.813995445002315e-07
P01,wavelet,15,HbR,0.6727368047836173,0.9785860394997449,1.4626437608086918e-07,1.1157437531830087e-07
P01,wavelet,16,HbO,-0.3758370451602501,7.432839535773564,7.508687171575275e-08,1.0782768471002726e-08
P01,wavelet,16,HbR,-0.3726852882782051,7.35182362978827,3.74639260660958e-08,5.441179035373017e-09
P01,wavelet,17,HbO,-0.31204868106291755,7.593755722720513,7.29083738733538e-08,1.0146406396109535e-08
P01,wavelet,17,HbR,-0.37657142266085986,6.947581749807796,3.7647971674811596e-08,5.813443079266786e-09
P01,wavelet,18,HbO,0.7903190931792885,0.6617061962276881,7.791927413260747e-10,7.492495434141675e-10
P01,wavelet,18,HbR,0.8513508975706672,0.5685762975119574,5.586877335805079e-10,5.218425049286187e-10
P01,wavelet,19,HbO,0.8971972444878903,0.47158912428323374,6.667899938623556e-10,6.275794791500084e-10
P01,wavelet,19,HbR,0.7580189961355931,0.7089267598928213,3.3610799573691324e-10,3.248777682655803e-10
P01,wavelet,20,HbO,-0.0642010352003428,4.258784878695852,3.785500143556659e-07,9.323414710207058e-08
P01,wavelet,20,HbR,-0.06262226947726555,4.269878471008125,1.882275706831442e-07,4.6211753441869746e-08
P01,wavelet,21,HbO,-0.06564294950120854,4.288345682872529,3.670574082126087e-07,8.97647770751135e-08
P01,wavelet,21,HbR,-0.061838950560566285,4.245145539437805,1.8362991747126568e-07,4.5356929047776795e-08
P01,wavelet,22,HbO,0.7927623286464215,0.7131209484391816,2.957531853839616e-07,2.5436958553537437e-07
P01,wavelet,22,HbR,0.4708088987966644,2.5032247208729954,1.8006161170950074e-07,6.422619238714611e-08
P01,wavelet,23,HbO,0.8314607747315484,0.6231876530126755,2.3300944176741363e-07,2.0924426333687193e-07
P01,wavelet,23,HbR,0.5035098050135943,1.7167555124558689,1.1963189026602821e-07,6.040083968648943e-08
P65,none,1,HbO,0.8065670087201438,0.8026536214421344,1.7676854470792494e-07,1.3098987694500322e-07
P65,none,1,HbR,0.8735409148629784,0.5599575524717899,3.415300155373483e-08,2.9714466092058238e-08
P65,none,2,HbO,0.8699632972332186,0.6057602880287271,1.8096146708192783e-07,1.481353135081621e-07
P65,none,2,HbR,0.851232826447095,0.6024850761509323,3.85799282463585e-08,3.36739242854504e-08
P65,none,3,HbO,0.9607567224654096,0.2899623392540996,2.792899915376855e-07,2.6724552775445366e-07
P65,none,3,HbR,0.8642681004774845,0.515625259029168,5.751037975384357e-08,5.8874700677877715e-08
P65,none,4,HbO,0.8736536545976898,0.5695478432163368,3.409135824462952e-08,2.915706456893468e-08
P65,none,4,HbR,0.8324349013161044,0.611302725612581,8.90237522849111e-09,8.163539344191436e-09
P65,none,5,HbO,0.9627897800943536,0.3284153258136076,4.865737316620668e-07,4.233310279721776e-07
P65,none,5,HbR,0.87614546605748,0.509810205375232,4.9964783903783974e-08,4.7994536607746925e-08
P65,none,7,HbO,0.9097212525641118,0.5736017723736841,1.1064568707284269e-07,8.475782855147202e-08
P65,none,7,HbR,0.9108770131370442,0.5067856880819547,2.0353601155719927e-08,1.689505368615519e-08
P65,none,8,HbO,0.7391926039659845,0.6837713894050246,9.654456748800844e-09,1.1313693512045284e-08
P65,none,8,HbR,0.7519296626638627,0.6727637477439499,5.4554208537731885e-09,6.202044664547706e-09
P65,none,9,HbO,0.8388317076773609,0.5779971302146832,1.6530677122810262e-08,1.600868899704657e-08
P65,none,9,HbR,0.8331917518605342,0.5672732740792017,6.405685639755049e-09,6.70478791727193e-09
P65,none,10,HbO,0.9421060663067994,0.3890494778296903,1.2571451555297577e-07,1.103343459265391e-07
P65,none,10,HbR,0.9518257706086044,0.32117323447566004,2.0553214205672455e-08,1.9631239110101848e-08
P65,none,11,HbO,0.7022083480786683,0.7696593391950962,9.299610406665251e-09,9.350609155762918e-09
P65,none,11,HbR,0.7241454899216451,0.7002458815808537,3.519267615095708e-09,4.215967341510386e-09
P65,none,12,HbO,0.7650581409615227,0.9628729581590632,3.072355138926665e-07,2.0746510359367384e-07
P65,none,12,HbR,0.89882407765909,0.5807253654353509,6.68891103520826e-08,5.226655303484313e-08
P65,none,14,HbO,0.5260107012129099,1.879433985421524,3.9969852687238804e-07,1.8151821753452553e-07
P65,none,14,HbR,0.6866028338320582,1.0650160848230579,6.693580749987172e-08,4.569458010858812e-08
P65,none,15,HbO,0.677155970238792,1.172853017907202,4.124874048386666e-08,2.5940504352296237e-08
P65,none,15,HbR,0.7288021185716764,0.9357339034287645,1.039618653988272e-08,7.608296706541031e-09
P65,none,16,HbO,0.047912963756779565,1.086405728606259,5.0978868612927565e-09,1.0826856787526532e-08
P65,none,16,HbR,0.32252729475877123,0.9644825171683566,2.8023903196078767e-09,5.619363695026448e-09
P65,none,17,HbO,0.07451467302585929,1.0771469140386793,5.093963289959891e-09,1.0669107335931467e-08
P65,none,17,HbR,0.3029776671385839,0.9783993990077225,2.886323960185696e-09,5.605018974676912e-09
P65,none,18,HbO,0.9704694416503128,0.24207881796668665,6.488891452430482e-10,6.554608574234571e-10
P65,none,18,HbR,0.9166065904266613,0.4011853885310827,4.410548829619042e-10,4.905101866415621e-10
P65,none,19,HbO,0.9909041965408111,0.1357267794910996,4.943445893781969e-10,4.904804136330519e-10
P65,none,19,HbR,0.9208287602187918,0.40762757542687095,3.4586566600737135e-10,4.302248455934617e-10
P65,none,20,HbO,0.917035313807782,0.399704865348631,3.0308082874337485e-10,3.258236363260986e-10
P65,none,20,HbR,0.920230917102925,0.39229739542534636,1.3011435891089038e-10,1.43961820686432e-10
P65,none,21,HbO,0.9741227194121661,0.2556473646421837,2.6789959796311355e-10,2.4500993998643636e-10
P65,none,21,HbR,0.9670358548055877,0.2547390595119212,1.366681360680377e-10,1.4069044008022326e-10
P65,none,22,HbO,0.30632323997272076,1.1686473067312393,1.5813698079403203e-08,1.6090359106144927e-08
P65,none,22,HbR,0.7378135121265471,0.7055369530752461,5.518462144026009e-09,5.893204953124086e-09
P65,none,23,HbO,0.6846323964331061,0.8446037964775077,2.8630735937018318e-08,2.5794442372303652e-08
P65,none,23,HbR,0.8418495071455231,0.6384864605905163,1.0057292519236774e-08,8.507490528810835e-09
P65,wavelet,1,HbO,0.6763971948069376,1.16215334697734,2.0539586632034618e-07,1.3098987694500322e-07
P65,wavelet,1,HbR,0.8876341362695822,0.5064987291944356,3.2636992229036796e-08,2.9714466092058238e-08
P65,wavelet,2,HbO,0.5596454651326452,1.5826504982435943,2.81291081011231e-07,1.481353135081621e-07
P65,wavelet,2,HbR,0.8235625115338823,0.6210173092257926,3.623715187816939e-08,3.36739242854504e-08
P65,wavelet,3,HbO,0.6510364462470709,0.9942886295443074,3.4400122144946945e-07,2.6724552775445366e-07
P65,wavelet,3,HbR,0.7374397387335232,0.7527570957703607,6.294260892146148e-08,5.8874700677877715e-08
P65,wavelet,4,HbO,0.3802670030484024,2.2755583418351653,7.136232984300674e-08,2.915706456893468e-08
P65,wavelet,4,HbR,0.10382232698565362,2.5643170187255673,2.0044052688708147e-08,8.163539344191436e-09
P65,wavelet,5,HbO,0.8467693605983722,0.5624835470321217,4.3578745515350576e-07,4.233310279721776e-07
P65,wavelet,5,HbR,0.20901005498963027,2.757297000327626,1.3344310088698818e-07,4.7994536607746925e-08
P65,wavelet,7,HbO,0.5174236000892037,1.2032315381478835,1.1499678001391857e-07,8.475782855147202e-08
P65,wavelet,7,HbR,0.2572720657623885,2.1237204747289495,3.6159140352540894e-08,1.689505368615519e-08
P65,wavelet,8,HbO,-0.12309206694967195,5.505813047324167,5.957950568652453e-08,1.1313693512045284e-08
P65,wavelet,8,HbR,-0.12917024100531643,5.152418220631889,3.040298825349951e-08,6.202044664547706e-09
P65,wavelet,9,HbO,0.06095771772073524,3.843087401663758,6.008471127559887e-08,1.600868899704657e-08
P65,wavelet,9,HbR,-0.044228172397208415,4.315316120516456,2.7712718712017375e-08,6.70478791727193e-09
P65,wavelet,10,HbO,0.5505566181694342,1.4750678714846173,1.939603014111651e-07,1.103343459265391e-07
P65,wavelet,10,HbR,0.7794813574054652,0.7640572173007232,2.3889441292469093e-08,1.9631239110101848e-08
P65,wavelet,11,HbO,-0.0444342853854379,4.8202156870010455,4.3457173751137736e-08,9.350609155762918e-09
P65,wavelet,11,HbR,-0.1268745435797947,5.125074648194122,2.0560407016654068e-08,4.215967341510386e-09
P65,wavelet,12,HbO,0.46580638741897085,1.5650003828460977,3.626290929165614e-07,2.0746510359367384e-07
P65,wavelet,12,HbR,0.804465583864263,0.679396641184843,5.926957847322146e-08,5.226655303484313e-08
P65,wavelet,14,HbO,0.4253149571384783,2.0908539453808057,4.17306035038001e-07,1.8151821753452553e-07
P65,wavelet,14,HbR,0.37382879949882086,1.988454422751559,9.714402267165448e-08,4.569458010858812e-08
P65,wavelet,15,HbO,0.20182702037057762,3.2918422892629104,8.63282512328975e-08,2.5940504352296237e-08
P65,wavelet,15,HbR,0.2507148557206743,2.048410065032219,1.556663331367733e-08,7.608296706541031e-09
P65,wavelet,16,HbO,-0.40131337783817167,8.50128873726409,8.672895515056027e-08,1.0826856787526532e-08
P65,wavelet,16,HbR,-0.33425236130057,8.15494344970835,4.342539256722487e-08,5.619363695026448e-09
P65,wavelet,17,HbO,-0.3712500655900748,8.408675492290998,8.478091390756666e-08,1.0669107335931467e-08
P65,wavelet,17,HbR,-0.351718662436672,8.08283173648907,4.281656717208213e-08,5.605018974676912e-09
P65,wavelet,18,HbO,0.9379190644319642,0.3637843782537526,6.865545401226449e-10,6.554608574234571e-10
P65,wavelet,18,HbR,0.7684503577989759,0.659145543289399,4.519084553540907e-10,4.905101866415621e-10
P65,wavelet,19,HbO,0.9693238588475078,0.2512864546892594,5.010556705971543e-10,4.904804136330519e-10
P65,wavelet,19,HbR,0.8768768039604886,0.4929126077901015,3.3145377077835676e-10,4.302248455934617e-10
P65,wavelet,20,HbO,0.8305791859146161,0.5585690721246455,2.802655871617895e-10,3.258236363260986e-10
P65,wavelet,20,HbR,0.8789730334047353,0.47801491742373314,1.224822288464532e-10,1.43961820686432e-10
P65,wavelet,21,HbO,0.8559606417938264,0.5460943854163384,2.5274297803342425e-10,2.4500993998643636e-10
P65,wavelet,21,HbR,0.866123407965262,0.5580994263559403,1.5670775617455464e-10,1.4069044008022326e-10
P65,wavelet,22,HbO,-0.25400239829850474,6.74175704092481,1.0274534092465702e-07,1.6090359106144927e-08
P65,wavelet,22,HbR,-0.17607775250707894,5.375716498521947,2.995984008071028e-08,5.893204953124086e-09
P65,wavelet,23,HbO,-0.029784565754586236,4.319917281139443,1.0709022199159063e-07,2.5794442372303652e-08
P65,wavelet,23,HbR,0.10177987573286454,3.1562833912661996,2.622546944442355e-08,8.507490528810835e-09
P29,none,1,HbO,0.9571072113941107,0.30239928459348864,3.198206280609667e-07,3.0653299641661987e-07
P29,none,1,HbR,0.7895915075971273,0.6617725174008569,8.52105911644413e-08,8.21427902349294e-08
P29,none,2,HbO,0.7545111076996699,1.1493602406729597,3.771740645145904e-07,2.2212210709301237e-07
P29,none,2,HbR,0.38847550879882353,2.0554979472156125,2.0575054456919742e-07,9.244025031595359e-08
P29,none,3,HbO,0.9073112150080189,0.47016707673000624,3.8786517430794233e-07,3.470629404033694e-07
P29,none,3,HbR,0.853064298432814,0.52683280089279,9.242278572384165e-08,9.993734160047235e-08
P29,none,4,HbO,0.8402118645792839,0.7106152365992744,9.631714584012318e-08,7.412862387907747e-08
P29,none,4,HbR,0.9150025762718859,0.41949267096967274,2.5972171709909497e-08,2.5227298268374174e-08
P29,none,5,HbO,0.8205001200292696,0.7669182025887711,2.8947111984428744e-07,2.1736202601018353e-07
P29,none,5,HbR,0.6763653101169669,0.8699381201161372,6.367785721960656e-08,5.5935694860016414e-08
P29,none,7,HbO,0.9139190416393776,0.47285575840301036,2.6496457205432083e-07,2.293976927690985e-07
P29,none,7,HbR,0.626758727802837,0.9074856914520103,4.6341995086117126e-08,4.2460348862213005e-08
P29,none,8,HbO,0.7869596681510136,0.8328620157208368,2.184634507486653e-07,1.6227687045635866e-07
P29,none,8,HbR,0.6196111934496167,1.0229368549240918,6.021499605715924e-08,4.722190748599289e-08
P29,none,9,HbO,0.8726564253574131,0.6211190968441554,2.9571313674086175e-07,2.355314214634649e-07
P29,none,9,HbR,0.576059343242102,1.1942755526106246,8.366958674741381e-08,5.78488188042952e-08
P29,none,10,HbO,0.8423837395177073,0.699467368996783,3.423380019214349e-07,2.6573206689620105e-07
P29,none,10,HbR,0.7269220877264895,0.9069878144629464,9.370705819484665e-08,7.103858297089485e-08
P29,none,11,HbO,0.826727900107658,0.7777215417865828,1.2198643780504384e-07,8.94542577961767e-08
P29,none,11,HbR,0.8654697230470355,0.55886909639595,3.679026475697912e-08,3.3061690366072223e-08
P29,none,12,HbO,0.8270283130970203,0.6892430826198115,3.6144244162160413e-07,2.950469585536954e-07
P29,none,12,HbR,0.19967941611980186,1.6700600646347756,1.0018854218230481e-07,6.455177318789188e-08
P29,none,14,HbO,0.6250888170570016,2.034633487108038,1.0087990401109038e-06,4.0289979095024044e-07
P29,none,14,HbR,0.7171641492099582,1.1166786177854886,2.1936083601564744e-07,1.3799046380004085e-07
P29,none,15,HbO,0.6881846450142048,1.8279447237895812,9.240653021772811e-07,3.905904705293844e-07
P29,none,15,HbR,0.7837855166587193,1.1594697411915849,3.056824669432333e-07,1.7340705956846606e-07
P29,none,16,HbO,0.6876451395011355,1.3456943641806938,3.41005200089751e-07,1.8730493548597822e-07
P29,none,16,HbR,0.737822704230065,1.1639592876356926,8.521450958256759e-08,5.054018091736765e-08
P29,none,17,HbO,0.7532888627038656,1.2566930976691295,2.519180997613819e-07,1.3810267197462014e-07
P29,none,17,HbR,0.7715128598247701,1.1449939049549298,6.776203795373694e-08,3.932446754916001e-08
P29,none,18,HbO,0.9004137086741197,0.43660897495794954,6.011620298852264e-10,6.841125295166744e-10
P29,none,18,HbR,0.8918182055899156,0.4532740179774067,5.026246350284881e-10,5.642388193455525e-10
P29,none,19,HbO,0.9585817684467933,0.3102944757247139,4.057700748746353e-10,3.7512055243647927e-10
P29,none,19,HbR,0.8561758138471091,0.5216527059537599,3.1926180669547714e-10,4.01884498698987e-10
P29,none,20,HbO,0.9360462107305825,0.35239194716792266,2.7602814966874943e-10,3.000865724213477e-10
P29,none,20,HbR,0.9465616051049262,0.32447669923598244,1.3073655723953191e-10,1.4343798442906734e-10
P29,none,21,HbO,0.9207863239775065,0.4457298818819168,2.3541503112163513e-10,2.0719009514008624e-10
P29,none,21,HbR,0.9364475535294791,0.3510278873215194,1.2970994159201768e-10,1.3981891776121012e-10
P29,none,22,HbO,0.7349933485710903,1.1821755349794745,5.46039110102168e-07,3.205749438074103e-07
P29,none,22,HbR,0.23203816359693877,1.4661850488493982,8.32285281925515e-08,6.262129370077454e-08
P29,none,23,HbO,0.4480048510199546,3.7690660510643936,1.4733329141240968e-06,3.5852126825889425e-07
P29,none,23,HbR,0.4169844890396051,3.475208066748012,3.823231174544353e-07,1.0138110722496628e-07
P29,wavelet,1,HbO,0.6881857777396236,0.8022308992923813,3.150000223206846e-07,3.0653299641661987e-07
P29,wavelet,1,HbR,0.48623307773831054,1.3639244486800433,1.257703085459095e-07,8.21427902349294e-08
P29,wavelet,2,HbO,0.34904838916427566,1.5169068654438067,3.42303324995845e-07,2.2212210709301237e-07
P29,wavelet,2,HbR,-0.058137256642579446,2.5635684926902833,2.1282569687295577e-07,9.244025031595359e-08
P29,wavelet,3,HbO,0.8602188120694498,0.5774081368121393,3.922105545418433e-07,3.470629404033694e-07
P29,wavelet,3,HbR,0.6915659796535506,0.9454184595164365,1.3001832172510985e-07,9.993734160047235e-08
P29,wavelet,4,HbO,0.5335301733451142,1.2773230861182112,1.1014494002273372e-07,7.412862387907747e-08
P29,wavelet,4,HbR,0.6874899265533471,0.9123526511037114,3.121326467492956e-08,2.5227298268374174e-08
P29,wavelet,5,HbO,0.6562735071673672,0.891392080819643,2.456020997669889e-07,2.1736202601018353e-07
P29,wavelet,5,HbR,0.15320776399519992,1.6175104337013937,8.007532639858166e-08,5.5935694860016414e-08
P29,wavelet,7,HbO,0.5969234424393122,1.1659062636586746,3.2978842645454334e-07,2.293976927690985e-07
P29,wavelet,7,HbR,0.6262212148905679,1.311156757423844,7.132059984710646e-08,4.2460348862213005e-08
P29,wavelet,8,HbO,0.5481416252433923,1.2683594162399663,2.428573889023613e-07,1.6227687045635866e-07
P29,wavelet,8,HbR,0.4329691480804923,1.5294304340681326,7.850987591930159e-08,4.722190748599289e-08
P29,wavelet,9,HbO,0.5558060852385248,1.5219702347782404,4.294483569144516e-07,2.355314214634649e-07
P29,wavelet,9,HbR,0.4227440272568575,1.8716909299328433,1.1905997266476623e-07,5.78488188042952e-08
P29,wavelet,10,HbO,0.7484265825548121,0.8182820789041307,3.2601602242398253e-07,2.6573206689620105e-07
P29,wavelet,10,HbR,0.23309425290287586,1.7261887823474749,1.1759308969533474e-07,7.103858297089485e-08
P29,wavelet,11,HbO,0.5359065613357572,1.6212937247319543,1.710703267137359e-07,8.94542577961767e-08
P29,wavelet,11,HbR,0.5957598390150479,1.0228617330836802,4.045460186181614e-08,3.3061690366072223e-08
P29,wavelet,12,HbO,0.468910664291848,1.5653182720349974,5.184218187525778e-07,2.950469585536954e-07
P29,wavelet,12,HbR,0.46946389503356245,2.516746533207531,1.823240284935077e-07,6.455177318789188e-08
P29,wavelet,14,HbO,0.2574089180255051,1.3495413487378056,4.82810357762279e-07,4.0289979095024044e-07
P29,wavelet,14,HbR,0.3198584082191285,1.6476704906549882,2.3013507016141214e-07,1.3799046380004085e-07
P29,wavelet,15,HbO,0.6527747372150061,1.3523205788102306,6.924401492550666e-07,3.905904705293844e-07
P29,wavelet,15,HbR,0.385110388938733,1.8586860019429967,3.459765067233229e-07,1.7340705956846606e-07
P29,wavelet,16,HbO,0.42367498307737583,1.7233995696057713,3.5270556905189073e-07,1.8730493548597822e-07
P29,wavelet,16,HbR,0.6950736610261286,0.9244821212554762,6.445346679644005e-08,5.054018091736765e-08
P29,wavelet,17,HbO,0.3510985959590446,2.5567887352080265,3.7550924086621687e-07,1.3810267197462014e-07
P29,wavelet,17,HbR,0.7660543387544825,1.015813869985939,6.102283044242835e-08,3.932446754916001e-08
P29,wavelet,18,HbO,0.8806195556087126,0.47734997661700224,6.419532817387984e-10,6.841125295166744e-10
P29,wavelet,18,HbR,0.9264200461891426,0.3829416139937141,5.622092056547919e-10,5.642388193455525e-10
P29,wavelet,19,HbO,0.843808337433039,0.5917469459874909,4.098143897814896e-10,3.7512055243647927e-10
P29,wavelet,19,HbR,0.9077043202253877,0.4205236837702138,3.7540389307886227e-10,4.01884498698987e-10
P29,wavelet,20,HbO,0.9401901124824432,0.34349477662234046,2.692061434437413e-10,3.000865724213477e-10
P29,wavelet,20,HbR,0.9513006276330006,0.3124889138979597,1.2912964877552388e-10,1.4343798442906734e-10
P29,wavelet,21,HbO,0.8871732157120484,0.5750374723824115,2.547155807987528e-10,2.0719009514008624e-10
P29,wavelet,21,HbR,0.8678045367153256,0.5298163040298361,1.4698593345874307e-10,1.3981891776121012e-10
P29,wavelet,22,HbO,0.5603951741227872,1.1633428097562253,4.413067569459948e-07,3.205749438074103e-07
P29,wavelet,22,HbR,0.34377340825358055,2.6741738721590385,1.7796552581736577e-07,6.262129370077454e-08
P29,wavelet,23,HbO,0.3473102989159624,2.1883304930036704,8.331234823105634e-07,3.5852126825889425e-07
P29,wavelet,23,HbR,0.28119554324415597,2.5903241301956195,2.723483254098522e-07,1.0138110722496628e-07
P24,none,1,HbO,0.786284046047681,0.7916907707287466,3.55038800606929e-07,2.771542914356604e-07
P24,none,1,HbR,0.8643918270101651,0.5069920215129857,1.4532269858406508e-07,1.5721272955113383e-07
P24,none,2,HbO,0.9184606546988034,0.517654139198549,5.208260423326527e-07,4.1585437526671394e-07
P24,none,2,HbR,0.8718647291443109,0.5270866742801711,7.396275935172701e-08,6.94221339584374e-08
P24,none,3,HbO,0.8716281873209692,0.6616243479710917,3.463541460965956e-07,2.631840356652535e-07
P24,none,3,HbR,0.7519818503804849,0.7619069613368699,9.914922846741684e-08,8.742952678567053e-08
P24,none,4,HbO,0.9044841849557681,0.5756790135714998,1.8453877067549779e-07,1.4296247823343245e-07
P24,none,4,HbR,0.8987116396768532,0.5555334975037008,4.882602617376307e-08,3.938811840884518e-08
P24,none,5,HbO,0.875075223370052,0.5946717044515931,7.892169159657932e-08,6.465944749509538e-08
P24,none,5,HbR,0.8217194913909757,0.6728770958141022,2.3976836782220373e-08,2.0340827224465e-08
P24,none,7,HbO,0.8426394264306614,0.5946849954564235,3.0326642447152414e-08,2.7734086696256225e-08
P24,none,7,HbR,0.6409613051886134,0.9025209553656901,1.019003302494483e-08,9.138775456412386e-09
P24,none,8,HbO,0.7369287234335612,0.7795995891095354,2.0775318755180156e-08,1.848226869398153e-08
P24,none,8,HbR,0.4997477960102125,1.0061338129445796,7.097862155276367e-09,7.037826325021004e-09
P24,none,9,HbO,0.873179891946787,0.6400168018157709,1.9853058658219947e-07,1.5415325539202529e-07
P24,none,9,HbR,0.8596424865411035,0.635633902790197,5.522469100055689e-08,4.461459883694991e-08
P24,none,10,HbO,0.854698253786529,0.7603353952500199,4.758453473550055e-07,3.3743117947380224e-07
P24,none,10,HbR,0.7434843736961634,0.7160449739202055,9.021059482432011e-08,9.043013379928992e-08
P24,none,11,HbO,0.6938989137044742,1.0747091370034294,3.7915077557374265e-07,2.542049600866738e-07
P24,none,11,HbR,0.7560962144344502,0.776214560337,1.1724644568837494e-07,9.99157703527657e-08
P24,none,12,HbO,0.6697534383695823,1.210688783148263,2.955313878310519e-07,1.8177342922438712e-07
P24,none,12,HbR,0.7829139780789464,0.7490439828301914,1.27382012978171e-07,1.0617037203826036e-07
P24,none,14,HbO,0.8258641851802405,0.7474692815544208,4.826300012882867e-07,3.6659608706739694e-07
P24,none,14,HbR,0.8655637765256764,0.5774964461649135,2.1735586372273357e-07,1.885087234489165e-07
P24,none,15,HbO,0.717337833455358,1.0237905351295773,6.220060999016937e-07,4.2387029997091503e-07
P24,none,15,HbR,0.8451772706611814,0.618285480623714,3.989508569037817e-07,3.452931914341476e-07
P24,none,16,HbO,0.7402111680021298,0.9770073359108696,4.7603040879967936e-07,3.2859032984860216e-07
P24,none,16,HbR,0.886283319467136,0.4844848564044183,2.2395415620129953e-07,2.177535505155647e-07
P24,none,17,HbO,0.7653178668568013,0.9861151502303478,4.92110483036307e-07,3.2540139232778625e-07
P24,none,17,HbR,0.7891024824170819,0.6662195511688983,1.5590788555261274e-07,1.4891991602941399e-07
P24,none,18,HbO,0.9800493167001608,0.20407078239582993,6.1862028572030574e-09,6.029040697548899e-09
P24,none,18,HbR,0.9693163085268729,0.27336929841931806,6.367360356420454e-09,5.851444233930077e-09
P24,none,19,HbO,0.9874978969679846,0.1595324917427876,3.855030918534341e-09,4.003356938126849e-09
P24,none,19,HbR,0.9791913857195075,0.2155332437728766,3.6574524214225088e-09,3.4785288316981103e-09
P24,wavelet,1,HbO,0.6039947919588144,0.939477620544823,3.05038423549275e-07,2.771542914356604e-07
P24,wavelet,1,HbR,0.6023218955299746,0.8651911019911876,1.4692202813323671e-07,1.5721272955113383e-07
P24,wavelet,2,HbO,0.8886025166145433,0.5443540722428267,4.913350751187014e-07,4.1585437526671394e-07
P24,wavelet,2,HbR,0.38010269527807117,1.7834070578297356,1.3211467034285753e-07,6.94221339584374e-08
P24,wavelet,3,HbO,0.5963693286197488,1.0701850136534965,3.4321652842023505e-07,2.631840356652535e-07
P24,wavelet,3,HbR,0.2701244037508818,2.052632627601307,1.8197170941264842e-07,8.742952678567053e-08
P24,wavelet,4,HbO,0.7988956293606118,0.7810795764975079,1.8512487403737809e-07,1.4296247823343245e-07
P24,wavelet,4,HbR,0.7844064830712008,0.8278568092813378,5.2448480510010014e-08,3.938811840884518e-08
P24,wavelet,5,HbO,0.5222760823036124,1.5994429566228079,1.2070003146474355e-07,6.465944749509538e-08
P24,wavelet,5,HbR,0.4161862866084445,1.7907148857935986,3.9680782131586767e-08,2.0340827224465e-08
P24,wavelet,7,HbO,0.11018021348467284,3.6925989622118927,1.0120846478098044e-07,2.7734086696256225e-08
P24,wavelet,7,HbR,-0.004152441618009013,4.042655581714277,3.558504954665013e-08,9.138775456412386e-09
P24,wavelet,8,HbO,-0.09660440782359102,4.910682693230948,8.66719153478237e-08,1.848226869398153e-08
P24,wavelet,8,HbR,-0.11715275720665058,5.807380542945998,3.925569931804293e-08,7.037826325021004e-09
P24,wavelet,9,HbO,0.8151609054878435,0.6620453848025181,1.746249590843262e-07,1.5415325539202529e-07
P24,wavelet,9,HbR,0.7746788577003964,0.9668970676125496,6.71077858813762e-08,4.461459883694991e-08
P24,wavelet,10,HbO,0.8178489194664453,0.6795789017211611,3.9756995572806746e-07,3.3743117947380224e-07
P24,wavelet,10,HbR,0.41723667055499236,1.4751258943993462,1.4250859205064293e-07,9.043013379928992e-08
P24,wavelet,11,HbO,0.8519342846129906,0.5925530258046876,2.8706418608142795e-07,2.542049600866738e-07
P24,wavelet,11,HbR,0.6801633836110984,1.0692006648064953,1.4524970151945146e-07,9.99157703527657e-08
P24,wavelet,12,HbO,0.7731693723453704,0.7195729260691073,2.0232528957030413e-07,1.8177342922438712e-07
P24,wavelet,12,HbR,0.43666966629498577,1.7164315368443357,2.006338508436568e-07,1.0617037203826036e-07
P24,wavelet,14,HbO,0.7937256064323045,0.6708141614477415,3.9453490077845537e-07,3.6659608706739694e-07
P24,wavelet,14,HbR,0.5368456066918049,1.3538649990258462,2.992740501638768e-07,1.885087234489165e-07
P24,wavelet,15,HbO,0.7010771839071916,0.9333467994339403,5.523932357777352e-07,4.2387029997091503e-07
P24,wavelet,15,HbR,0.7291784831653726,0.8739131888596421,4.384155392572523e-07,3.452931914341476e-07
P24,wavelet,16,HbO,0.6185225369133104,1.2178028603574336,5.088440053737041e-07,3.2859032984860216e-07
P24,wavelet,16,HbR,0.7116842735562567,1.1097863659968379,3.412587773111902e-07,2.177535505155647e-07
P24,wavelet,17,HbO,0.653021711788978,1.1222173558570996,4.809563698938631e-07,3.2540139232778625e-07
P24,wavelet,17,HbR,0.5867521657073391,1.0607878367038126,1.8912191015109743e-07,1.4891991602941399e-07
P24,wavelet,18,HbO,0.7593515087267968,0.7062126890604667,6.2143482385534495e-09,6.029040697548899e-09
P24,wavelet,18,HbR,0.7137259633135478,0.7676510726118421,5.994840638136938e-09,5.851444233930077e-09
P24,wavelet,19,HbO,0.8635160247930006,0.5146820553675048,3.854596797557022e-09,4.003356938126849e-09
P24,wavelet,19,HbR,0.8011586861448108,0.6183773272023163,3.3181348841241395e-09,3.4785288316981103e-09
P41,none,1,HbO,0.8802888320946746,0.5925471181089447,2.900391652721662e-07,2.3480014867915808e-07
P41,none,1,HbR,0.8246980154106004,0.675070066560625,7.417658275727559e-08,6.216743337820687e-08
P41,none,2,HbO,0.8373429267571436,0.7366297257299415,3.0477436639643154e-07,2.2898741277406458e-07
P41,none,2,HbR,0.9339649122437559,0.37659188773538027,8.435541949925917e-08,8.012811883686757e-08
P41,none,3,HbO,0.9138647428289169,0.4736425483053736,2.1727651902221974e-07,1.877506150446743e-07
P41,none,3,HbR,0.8538498709800119,0.6297335384116939,8.49271730292438e-08,7.029090804353965e-08
P41,none,4,HbO,0.8700762919733116,0.6078655389162325,1.822686528886496e-07,1.4870513890130926e-07
P41,none,4,HbR,0.896107160468047,0.5134565735089336,5.419892704494518e-08,4.6971098130320574e-08
P41,none,5,HbO,0.9469694559163455,0.3612013450078567,3.0941503104439755e-07,2.782739971843533e-07
P41,none,5,HbR,0.9629559339013426,0.2855547701188044,1.0140721508713024e-07,9.600140950595876e-08
P41,none,7,HbO,0.8359299713319092,0.7926234723858191,2.800289361107198e-07,1.9891981210877104e-07
P41,none,7,HbR,0.8553220475444889,0.6734219005649205,6.107937967319921e-08,4.751809679875946e-08
P41,none,8,HbO,0.742010448421987,0.9695321273173527,1.0289915134275655e-07,7.134594588155352e-08
P41,none,8,HbR,0.7669155137877204,0.8922865936757353,2.7036608665555083e-08,1.9497315859679815e-08
P41,none,9,HbO,0.7939497658616304,0.8627440392380068,2.433563701409052e-07,1.730936192314354e-07
P41,none,9,HbR,0.9431625797430294,0.33623466645550343,5.2302364027833586e-08,5.260774475442782e-08
P41,none,10,HbO,0.9337094001928962,0.39660209267108787,2.239162986211144e-07,2.0283259400125034e-07
P41,none,10,HbR,0.9776205418555268,0.2116676663449688,8.047134643986854e-08,8.431287253045385e-08
P41,none,11,HbO,0.8642738683208775,0.6131838539382007,1.7398072065916175e-07,1.432130379019748e-07
P41,none,11,HbR,0.9492523643510303,0.32023763292935065,7.04139771560987e-08,6.975053466570709e-08
P41,none,12,HbO,0.8116129065836558,0.7629401148634597,2.0689375422408083e-07,1.5888569692609833e-07
P41,none,12,HbR,0.8296035823760312,0.7222320399465613,1.0465942568694981e-07,8.128160660671676e-08
P41,none,14,HbO,0.6218659141632809,1.5062130476510036,5.538397825501172e-07,2.9020923041700863e-07
P41,none,14,HbR,0.6167326352601178,1.299394191402681,1.449881862036005e-07,8.78440339371367e-08
P41,none,15,HbO,0.6763248346582073,1.1580387400266454,4.908648259011332e-07,3.126978285056453e-07
P41,none,15,HbR,0.7671436778281405,0.8637719805576118,1.703288312198996e-07,1.2658383013326225e-07
P41,none,16,HbO,0.6889472175434753,1.2166401709696946,3.31034716609995e-07,1.9868675853538267e-07
P41,none,16,HbR,0.641050757425765,1.055374288225709,6.347266508028805e-08,4.6491586083077e-08
P41,none,17,HbO,0.5162593199467045,2.139133505955113,6.208461080756603e-07,2.506983378545732e-07
P41,none,17,HbR,0.517855571513017,1.0937780463478988,6.241622921290858e-08,5.2041421966680296e-08
P41,none,18,HbO,0.9898670608602846,0.14852660170566073,1.2964888834530515e-09,1.2558584245082576e-09
P41,none,18,HbR,0.9799240140115917,0.1999797289827651,1.3559844336794745e-09,1.3636138819327804e-09
P41,none,19,HbO,0.9894262167351532,0.15866368147695378,9.080344609377354e-10,8.626004633982631e-10
P41,none,19,HbR,0.9842884742094803,0.1831440074394749,7.645146189703268e-10,7.412090024490563e-10
P41,none,20,HbO,0.9157185152758734,0.4148815719092199,2.360853436351079e-10,2.3211288371681893e-10
P41,none,20,HbR,0.9094433710174803,0.4291490723780901,1.2260862135460409e-10,1.209358594157877e-10
P41,none,21,HbO,0.9664831968149753,0.28348843636251453,2.375501689134633e-10,2.1864670547661477e-10
P41,none,21,HbR,0.9516172035161442,0.31994766553388454,1.0937964223317687e-10,1.050985669656749e-10
P41,wavelet,1,HbO,0.45252552104214644,1.3120666209638405,3.3093776300006915e-07,2.3480014867915808e-07
P41,wavelet,1,HbR,0.4689797498692369,1.3790370589914989,9.49542948565787e-08,6.216743337820687e-08
P41,wavelet,2,HbO,0.5377427277655334,1.3533362642215145,3.637969851321932e-07,2.2898741277406458e-07
P41,wavelet,2,HbR,0.5622029601449461,1.1387182432791245,1.0736990918187411e-07,8.012811883686757e-08
P41,wavelet,3,HbO,0.6366158058651895,1.1344633286780599,2.7459246793274403e-07,1.877506150446743e-07
P41,wavelet,3,HbR,0.6999955036744375,1.051316955246836,1.0325489803744052e-07,7.029090804353965e-08
P41,wavelet,4,HbO,0.5339642582314638,1.591977839469615,2.7865823872479285e-07,1.4870513890130926e-07
P41,wavelet,4,HbR,0.733092837140334,0.7852206870663042,5.2704526328628205e-08,4.6971098130320574e-08
P41,wavelet,5,HbO,0.6344094509596467,1.088709601141304,3.8802056179732066e-07,2.782739971843533e-07
P41,wavelet,5,HbR,0.6414483100784468,0.997442535267424,1.2228438775932627e-07,9.600140950595876e-08
P41,wavelet,7,HbO,0.5782690920938854,1.143512162973494,2.731767189926753e-07,1.9891981210877104e-07
P41,wavelet,7,HbR,0.43762186492473076,1.463860037652163,7.542628614564187e-08,4.751809679875946e-08
P41,wavelet,8,HbO,0.22916515268393237,2.4064607095453057,1.7250826363528596e-07,7.134594588155352e-08
P41,wavelet,8,HbR,0.6067000534539121,1.0483751965596482,2.508716228054964e-08,1.9497315859679815e-08
P41,wavelet,9,HbO,0.6965199471238133,0.973113351864008,2.33437104564018e-07,1.730936192314354e-07
P41,wavelet,9,HbR,0.5472019193166475,1.331442191751093,8.294706463518732e-08,5.260774475442782e-08
P41,wavelet,10,HbO,0.6309244516993812,1.013718355343609,2.591942158681714e-07,2.0283259400125034e-07
P41,wavelet,10,HbR,0.7871361904744262,0.6749371495779782,8.928488078892144e-08,8.431287253045385e-08
P41,wavelet,11,HbO,0.645880560784346,1.0857325810445542,2.021299330474072e-07,1.432130379019748e-07
P41,wavelet,11,HbR,0.7758568426637659,0.7537192841170394,8.25775904357966e-08,6.975053466570709e-08
P41,wavelet,12,HbO,0.29471247296190667,1.6202130713841751,2.5396861600976115e-07,1.5888569692609833e-07
P41,wavelet,12,HbR,0.1916046309317606,2.850046819107171,2.3212263151858894e-07,8.128160660671676e-08
P41,wavelet,14,HbO,0.46897899370487545,1.3424108667070827,4.281603771137761e-07,2.9020923041700863e-07
P41,wavelet,14,HbR,0.5600543821740811,1.7375544869515065,1.8299585563678596e-07,8.78440339371367e-08
P41,wavelet,15,HbO,0.6181093240977089,0.9775811831278052,3.7392394348176837e-07,3.126978285056453e-07
P41,wavelet,15,HbR,0.6232756803156136,1.0982317552193872,1.763593401916955e-07,1.2658383013326225e-07
P41,wavelet,16,HbO,0.6359201435893189,1.0825571059654857,2.7616947840553177e-07,1.9868675853538267e-07
P41,wavelet,16,HbR,0.49521426053439993,1.5020554135187354,7.995799088578078e-08,4.6491586083077e-08
P41,wavelet,17,HbO,0.47272366216628764,1.64561134401359,4.6506835252946963e-07,2.506983378545732e-07
P41,wavelet,17,HbR,0.3375899035777922,2.3518052112199643,1.2942406291116459e-07,5.2041421966680296e-08
P41,wavelet,18,HbO,0.9796805008772809,0.20222657935367763,1.2608237149230415e-09,1.2558584245082576e-09
P41,wavelet,18,HbR,0.9720576284124604,0.2347470826844863,1.3271310204321915e-09,1.3636138819327804e-09
P41,wavelet,19,HbO,0.9293835907964023,0.401204262704006,9.36924519128377e-10,8.626004633982631e-10
P41,wavelet,19,HbR,0.9592388728205772,0.29290908315035513,7.68077147267579e-10,7.412090024490563e-10
P41,wavelet,20,HbO,0.9102560413216118,0.41455274909193707,2.1157414681259951e-10,2.3211288371681893e-10
P41,wavelet,20,HbR,0.903344484851591,0.42946837851656294,1.0965345735929865e-10,1.209358594157877e-10
P41,wavelet,21,HbO,0.8650596894808549,0.5502651078376304,2.3857763273696845e-10,2.1864670547661477e-10
P41,wavelet,21,HbR,0.7803705969305763,0.7270810636243603,1.2094647084839547e-10,1.050985669656749e-10
P04,none,1,HbO,0.784515367316484,1.0265361613242443,2.7450602600181243e-08,1.712990082426136e-08
P04,none,1,HbR,0.7536860450502842,0.9816699281553569,9.543680837640066e-09,6.4377536293101875e-09
P04,none,2,HbO,0.6690202230546907,0.9673248641999831,1.2149357911136654e-08,9.435931843590265e-09
P04,none,2,HbR,0.7945187812392098,0.7056474130302645,6.3202125048233385e-09,5.482289771543697e-09
P04,none,3,HbO,0.5824103930236626,1.8729299164037492,1.0948175248654728e-07,4.823545702477633e-08
P04,none,3,HbR,0.6085061437183533,1.312540033334673,2.5666238019570623e-08,1.5518795816853258e-08
P04,none,4,HbO,0.7137303093107802,0.8959488512163764,7.742370505645114e-09,6.084799804820754e-09
P04,none,4,HbR,0.6620172320430091,0.988141218291262,4.7743878421817914e-09,3.660768061803454e-09
P04,none,5,HbO,0.8371016984711861,0.6563158674034828,2.606558712061637e-07,2.1733738404421496e-07
P04,none,5,HbR,0.3753949421094456,1.5665378591362886,9.7642020827443e-08,5.960012579022322e-08
P04,none,7,HbO,0.9554044878315635,0.32264246100870875,1.9522401154877157e-07,1.7991849011756723e-07
P04,none,7,HbR,0.4020566239457958,1.2466581667884529,4.635323251677916e-08,3.71431779433783e-08
P04,none,8,HbO,0.938994417358982,0.3849124740224338,1.1344333286925959e-07,1.0203975552946353e-07
P04,none,8,HbR,0.878994856271695,0.5247669620455194,3.501490152019055e-08,3.188672084542712e-08
P04,none,9,HbO,0.927711261348007,0.42629342261394976,2.242974003154211e-07,1.9789379310492054e-07
P04,none,9,HbR,0.3257372472890225,1.4415369054060085,6.436471197981228e-08,4.5524915785436706e-08
P04,none,10,HbO,0.7870953332339626,0.7833125714187233,3.426067465306702e-07,2.698492083425658e-07
P04,none,10,HbR,0.3600058463079665,1.7052826573434887,1.5278532795566468e-07,8.547940650433363e-08
P04,none,11,HbO,0.7204934965963806,1.212635123177766,2.3692860275495893e-07,1.3813044348038698e-07
P04,none,11,HbR,0.23663000455919042,2.323635415845031,9.064946553289742e-08,3.861726283895358e-08
P04,none,12,HbO,0.8680347981603613,0.741796338534118,3.0196403537221916e-07,2.1277893684198948e-07
P04,none,12,HbR,0.31314466424546317,1.546121966106176,6.312906133550905e-08,4.118130394590148e-08
P04,none,14,HbO,0.7710316129818056,0.9868503974347625,4.7257549428825095e-07,3.0992483988690283e-07
P04,none,14,HbR,0.7971375253255336,0.9609067644426502,1.1417125929662262e-07,7.391465855232166e-08
P04,none,15,HbO,0.7583811280567516,1.0765681931697515,3.646158236382432e-07,2.2574367615511368e-07
P04,none,15,HbR,0.8319685037834181,0.6693291321958332,1.6906762861439888e-07,1.4029420644642504e-07
P04,none,16,HbO,0.23780314040740178,1.1369889750726103,7.150889355132624e-09,8.662313213875482e-09
P04,none,16,HbR,0.3452008411582745,1.0216797714473755,3.588760467681709e-09,4.837237097262923e-09
P04,none,17,HbO,0.332374920480707,1.010994786682538,6.095795094842236e-09,8.833342819092856e-09
P04,none,17,HbR,0.34786230355563713,1.0619714418529664,3.806290002809303e-09,4.5104227060513476e-09
P04,none,18,HbO,0.5684008062856036,1.7738009825100103,1.3331940909928068e-09,6.249995916920622e-10
P04,none,18,HbR,0.9024098897024648,0.5923747583690617,7.156323040518533e-10,5.481221584041534e-10
P04,none,19,HbO,0.7632297035976146,1.0388520241334127,6.753229536671477e-10,4.2846668357844027e-10
P04,none,19,HbR,0.5860063868911753,1.1015333844894468,4.540527576804744e-10,3.4235336505277413e-10
P04,none,20,HbO,0.23360878742072871,23.763601434867578,3.1547885241108873e-08,1.3159370480005955e-09
P04,none,20,HbR,0.24310265001386017,23.92390983507611,1.5826124770813345e-08,6.555017584750081e-10
P04,none,21,HbO,0.22560556851617336,24.159589185987013,2.966118879425859e-08,1.217526667030857e-09
P04,none,21,HbR,0.2409791227561136,23.297958774247142,1.544341850095309e-08,6.567454454887208e-10
P04,none,22,HbO,0.4101245281578865,7.143364408574044,1.2475025570810132e-06,1.6644402764937796e-07
P04,none,22,HbR,0.40828378805153165,7.150166417439911,6.201337979682489e-07,8.268517788540163e-08
P04,none,23,HbO,0.4074931738599238,7.210088168973273,1.1650966966025216e-06,1.5412320076076565e-07
P04,none,23,HbR,0.4103052843572805,7.066507143595003,5.809888801372791e-07,7.832444826331156e-08
P04,wavelet,1,HbO,0.6570446949590187,1.3321776466133695,2.99783841303249e-08,1.712990082426136e-08
P04,wavelet,1,HbR,0.3472400172065336,2.254404673457145,1.538132153021216e-08,6.4377536293101875e-09
P04,wavelet,2,HbO,-0.0764640007692777,3.2358859852278106,2.81974170404197e-08,9.435931843590265e-09
P04,wavelet,2,HbR,0.31460037434625143,2.633814076559082,1.5132018764339945e-08,5.482289771543697e-09
P04,wavelet,3,HbO,0.6729434267225364,1.1253706786744997,7.334984705117207e-08,4.823545702477633e-08
P04,wavelet,3,HbR,0.4768671804233229,1.5592734632534366,2.737916561575152e-08,1.5518795816853258e-08
P04,wavelet,4,HbO,0.21512314473702124,2.941294439326271,1.8112375242238993e-08,6.084799804820754e-09
P04,wavelet,4,HbR,0.05331986784476574,2.721437533320001,9.419702437281534e-09,3.660768061803454e-09
P04,wavelet,5,HbO,0.7038724233644342,0.8995001689699265,2.728775130405607e-07,2.1733738404421496e-07
P04,wavelet,5,HbR,0.3645266323072271,1.7557126373014589,1.1032318529486291e-07,5.960012579022322e-08
P04,wavelet,7,HbO,0.7953290460014497,0.7259291591805034,2.149314874374403e-07,1.7991849011756723e-07
P04,wavelet,7,HbR,0.572964959771792,1.6447652923020306,7.424608008729548e-08,3.71431779433783e-08
P04,wavelet,8,HbO,0.7542816212734429,0.8115272185242081,1.2503036603874943e-07,1.0203975552946353e-07
P04,wavelet,8,HbR,0.874400607136456,0.5301581667206038,3.4691216400887345e-08,3.188672084542712e-08
P04,wavelet,9,HbO,0.8397493057363692,0.6363705247546408,2.3179066368499915e-07,1.9789379310492054e-07
P04,wavelet,9,HbR,0.44844864566605436,1.5310815417771637,7.698393674710118e-08,4.5524915785436706e-08
P04,wavelet,10,HbO,0.8363163686394591,0.734882066202664,3.576858675851933e-07,2.698492083425658e-07
P04,wavelet,10,HbR,0.4125566226567908,1.9505203790519028,1.8257768645736752e-07,8.547940650433363e-08
P04,wavelet,11,HbO,0.7145929232074089,1.0767989328250462,2.1177894047212772e-07,1.3813044348038698e-07
P04,wavelet,11,HbR,0.2984997205673348,2.6035804362276234,1.0485564260931136e-07,3.861726283895358e-08
P04,wavelet,12,HbO,0.8473539669984771,0.6078515088389651,2.4312077238675473e-07,2.1277893684198948e-07
P04,wavelet,12,HbR,0.3689895538981919,1.4000554143736548,5.8297531588649136e-08,4.118130394590148e-08
P04,wavelet,14,HbO,0.791330424571619,0.6580708028512384,3.202155099180302e-07,3.0992483988690283e-07
P04,wavelet,14,HbR,0.5435623897903903,1.2215336438561242,1.057640096069351e-07,7.391465855232166e-08
P04,wavelet,15,HbO,0.8072378293212115,0.732404979277333,2.800952139250188e-07,2.2574367615511368e-07
P04,wavelet,15,HbR,0.736903703818363,0.846104082250791,1.7471427371037733e-07,1.4029420644642504e-07
P04,wavelet,16,HbO,-0.40590811748913525,7.330045803087482,5.918424410038745e-08,8.662313213875482e-09
P04,wavelet,16,HbR,-0.3540960135504838,6.830117678493517,3.0859568739303725e-08,4.837237097262923e-09
P04,wavelet,17,HbO,-0.3428670165649612,7.050948954825505,5.840545421320559e-08,8.833342819092856e-09
P04,wavelet,17,HbR,-0.3293921292277272,7.067470768844332,2.995567695042261e-08,4.5104227060513476e-09
P04,wavelet,18,HbO,0.874332963199595,0.5305110755688716,6.799360098161667e-10,6.249995916920622e-10
P04,wavelet,18,HbR,0.8424716961089568,0.5466928846334203,5.126731755087047e-10,5.481221584041534e-10
P04,wavelet,19,HbO,0.668035451093786,1.0642915357303915,6.117607926838568e-10,4.2846668357844027e-10
P04,wavelet,19,HbR,0.7570855558062959,0.7436046497388809,3.8044742351106055e-10,3.4235336505277413e-10
P04,wavelet,20,HbO,-0.6803064498930307,2.9887967668415674,2.900927543363544e-09,1.3159370480005955e-09
P04,wavelet,20,HbR,-0.693093030330943,2.8355718356847044,1.3354333151377527e-09,6.555017584750081e-10
P04,wavelet,21,HbO,-0.6602811656057817,3.177307221037499,2.9381271743502285e-09,1.217526667030857e-09
P04,wavelet,21,HbR,-0.6943792159115856,2.8254475688338347,1.3305261314853946e-09,6.567454454887208e-10
P04,wavelet,22,HbO,-0.17272297673922235,2.0778991920238505,2.753982254060695e-07,1.6644402764937796e-07
P04,wavelet,22,HbR,-0.17609952550593186,2.0801383217436937,1.367786531690307e-07,8.268517788540163e-08
P04,wavelet,23,HbO,-0.17746922764840506,2.09236192653929,2.5687797615097115e-07,1.5412320076076565e-07
P04,wavelet,23,HbR,-0.16668941799863457,2.066831138071638,1.290428396442852e-07,7.832444826331156e-08
P28,none,1,HbO,0.7026675349482634,1.3095436684310355,5.601207097763829e-07,3.1082679786168917e-07
P28,none,1,HbR,0.6294675922471679,1.351322242737128,1.7840220829769878e-07,1.0282693410938656e-07
P28,none,2,HbO,0.6079797576346697,1.5423650284816643,1.634120520446555e-07,8.47212263702266e-08
P28,none,2,HbR,0.7003066211430943,1.134132400429722,4.6272869223110015e-08,2.9284215144138354e-08
P28,none,3,HbO,0.6805586092644659,1.4464877393582136,5.089775606799587e-07,2.641042975920373e-07
P28,none,3,HbR,0.7322572831704341,1.2001946269475063,2.3785834985046542e-07,1.3825066845238534e-07
P28,none,4,HbO,0.831399713927591,0.6745634528570936,3.7044764264970073e-08,3.052773180184612e-08
P28,none,4,HbR,0.9119235127247826,0.4620220217240912,1.4816668025302755e-08,1.3183675289191211e-08
P28,none,5,HbO,0.9718579492291486,0.2550003526293206,3.4917634481596455e-07,3.2648844582652785e-07
P28,none,5,HbR,0.909544916552582,0.41831560712132376,1.1308934348564039e-07,1.193480524253069e-07
P28,none,7,HbO,0.9714228854412458,0.24904288642315364,1.2470688483029397e-07,1.191745866802017e-07
P28,none,7,HbR,0.9654807083481194,0.26804677561242524,5.951125087046721e-08,5.78568098522517e-08
P28,none,8,HbO,0.9272315880256853,0.4244054660649274,2.0976031946597573e-07,1.8628394453601374e-07
P28,none,8,HbR,0.8891156161802396,0.4680509522415848,8.612539964227162e-08,8.72580363991239e-08
P28,none,9,HbO,0.9564296901808583,0.31072029657158245,1.8333687134655197e-07,1.7269915243278913e-07
P28,none,9,HbR,0.9418507218394926,0.3507834678714496,9.32944746058305e-08,8.949576215711204e-08
P28,none,10,HbO,0.9624849824658692,0.2830445918244136,2.2273325623700314e-07,2.1383715583897128e-07
P28,none,10,HbR,0.9496135013347013,0.32876416167839095,8.144310401853057e-08,7.765953953119706e-08
P28,none,11,HbO,0.9820176148672677,0.19227726097468395,1.9271957503341086e-07,1.894174402074036e-07
P28,none,11,HbR,0.9550932636298066,0.29930080741581383,8.176188647409495e-08,8.224160087718457e-08
P28,none,12,HbO,0.7331062742289678,0.6842555342234454,1.0254331084876693e-08,1.2854394020935778e-08
P28,none,12,HbR,0.6446515093581999,0.8029247453927252,4.888954100047934e-09,5.535849129314634e-09
P28,none,14,HbO,0.6573218667100523,0.8450075478232736,9.240055441241293e-09,8.889071767402216e-09
P28,none,14,HbR,0.6751548973857195,0.7765927238468323,4.0977469156991255e-09,4.4847708319099205e-09
P28,none,15,HbO,0.8826890008621384,0.5510206861466834,2.1409301252154852e-07,1.829649129687453e-07
P28,none,15,HbR,0.9213730693883865,0.4274858259216827,9.114150179898437e-08,8.296460482019386e-08
P28,none,16,HbO,0.38814080852840155,0.9463234274078147,7.855966581736756e-09,1.3238266001966648e-08
P28,none,16,HbR,0.6161452794853882,0.7897351480914445,4.555968739583218e-09,7.0605864939232765e-09
P28,none,17,HbO,0.5648531598549026,0.8284221506884532,8.257303222454279e-09,1.3419220235444967e-08
P28,none,17,HbR,0.5063519462172027,0.8969472371192417,5.208364016461843e-09,6.962310918701492e-09
P28,none,18,HbO,0.979115975706596,0.20792638246466952,6.026382534856914e-10,5.896747400775192e-10
P28,none,18,HbR,0.9712968548315987,0.24291434539850873,5.441294674277877e-10,5.893156945668888e-10
P28,none,19,HbO,0.9212018199061591,0.3900242970665235,4.3839254963351133e-10,4.853765042217904e-10
P28,none,19,HbR,0.9847854824971558,0.1898462819649401,3.205406117523287e-10,3.022076084157095e-10
P28,none,20,HbO,0.9894925721682715,0.15064673993101532,2.536772752409327e-10,2.458785181699078e-10
P28,none,20,HbR,0.9698998322726858,0.24400081136378549,1.1318820812802207e-10,1.1512108598278455e-10
P28,none,21,HbO,0.981094713362753,0.1939173717707599,1.9460504005515216e-10,1.9628750710153036e-10
P28,none,21,HbR,0.9634802941409825,0.2709985634539639,1.1728986016968474e-10,1.1673598895659277e-10
P28,none,22,HbO,0.9537414718463731,0.303478670409512,3.6416736398508195e-10,3.9852620814799383e-10
P28,none,22,HbR,0.9595296414130131,0.28954100349275197,2.2364583872954418e-10,2.50470440972978e-10
P28,none,23,HbO,0.844745642130128,0.5479321484666931,3.0382929758252574e-10,3.1801842580905814e-10
P28,none,23,HbR,0.9759130933960464,0.22483794350378244,1.8328559236768164e-10,1.779362587747666e-10
P28,wavelet,1,HbO,0.7806058938693641,0.7224667101202058,3.552438024890706e-07,3.1082679786168917e-07
P28,wavelet,1,HbR,0.3759057871522338,1.347265740969441,1.3914187485229655e-07,1.0282693410938656e-07
P28,wavelet,2,HbO,0.32216164308872647,1.8306288693973012,1.593020511066796e-07,8.47212263702266e-08
P28,wavelet,2,HbR,0.6048554113233283,1.2309010887697862,4.5096013333793857e-08,2.9284215144138354e-08
P28,wavelet,3,HbO,0.5592303987837357,1.070707660596425,3.26485040708196e-07,2.641042975920373e-07
P28,wavelet,3,HbR,0.5887195547759175,1.199227760592371,2.0380267882836202e-07,1.3825066845238534e-07
P28,wavelet,4,HbO,0.23753177865655747,2.4885788411665724,7.683024271607264e-08,3.052773180184612e-08
P28,wavelet,4,HbR,0.6144438780781394,1.115336056553505,1.8419549227934357e-08,1.3183675289191211e-08
P28,wavelet,5,HbO,0.8106875849541662,0.6185338816656718,3.294070096124838e-07,3.2648844582652785e-07
P28,wavelet,5,HbR,0.5070653612645482,1.151119567733596,1.5124845726615254e-07,1.193480524253069e-07
P28,wavelet,7,HbO,0.9046219490609699,0.44982381085263423,1.248778048828466e-07,1.191745866802017e-07
P28,wavelet,7,HbR,0.8264017296695713,0.6972505400565862,7.153723044867333e-08,5.78568098522517e-08
P28,wavelet,8,HbO,0.7194771324202908,0.8585220622511843,2.2783190192121065e-07,1.8628394453601374e-07
P28,wavelet,8,HbR,0.7233409116204572,0.8471590788565893,1.0574394108638783e-07,8.72580363991239e-08
P28,wavelet,9,HbO,0.724331795419098,0.9257570147097395,2.310566753096479e-07,1.7269915243278913e-07
P28,wavelet,9,HbR,0.7019868700109887,0.9916301770217444,1.2457107735838642e-07,8.949576215711204e-08
P28,wavelet,10,HbO,0.68657128569497,0.8184969131833391,2.2668947217103715e-07,2.1383715583897128e-07
P28,wavelet,10,HbR,0.7538313849606603,0.7827969865757742,9.15817584977064e-08,7.765953953119706e-08
P28,wavelet,11,HbO,0.9129685506717475,0.4482917712160399,2.0743383851890003e-07,1.894174402074036e-07
P28,wavelet,11,HbR,0.6225190146731362,1.0620396867196957,1.0980371570122023e-07,8.224160087718457e-08
P28,wavelet,12,HbO,-0.12707568473508438,5.299285365462497,6.495944570372951e-08,1.2854394020935778e-08
P28,wavelet,12,HbR,-0.19940378203055698,5.270885416899868,2.7427269453644934e-08,5.535849129314634e-09
P28,wavelet,14,HbO,-0.16690986537815766,5.7672155460211165,4.878777651608691e-08,8.889071767402216e-09
P28,wavelet,14,HbR,-0.10689984630828217,5.004456940231618,2.1408404765275076e-08,4.4847708319099205e-09
P28,wavelet,15,HbO,0.9028851049724635,0.44692341596053503,1.874613596828697e-07,1.829649129687453e-07
P28,wavelet,15,HbR,0.8604518695867441,0.631153102675357,1.0208059170128179e-07,8.296460482019386e-08
P28,wavelet,16,HbO,-0.3299837048987898,7.3120961100028445,9.117006190734115e-08,1.3238266001966648e-08
P28,wavelet,16,HbR,-0.31604287669384573,6.681514160567583,4.424538106762952e-08,7.0605864939232765e-09
P28,wavelet,17,HbO,-0.31730397662298665,6.865953774345656,8.656509674394734e-08,1.3419220235444967e-08
P28,wavelet,17,HbR,-0.24999815279687418,6.790298342886292,4.483062870134717e-08,6.962310918701492e-09
P28,wavelet,18,HbO,0.8984669634943389,0.4653786838123263,6.208081911404593e-10,5.896747400775192e-10
P28,wavelet,18,HbR,0.9470160598037447,0.32276664875211936,5.765847790371415e-10,5.893156945668888e-10
P28,wavelet,19,HbO,0.9332231895136669,0.3612912967382518,4.35508585410352e-10,4.853765042217904e-10
P28,wavelet,19,HbR,0.9327414314490254,0.37046090026894374,3.0701918232304784e-10,3.022076084157095e-10
P28,wavelet,20,HbO,0.9781380669758796,0.20927971150133678,2.462454641203814e-10,2.458785181699078e-10
P28,wavelet,20,HbR,0.9577952550720713,0.28829062295951013,1.0797926217472986e-10,1.1512108598278455e-10
P28,wavelet,21,HbO,0.9311359321589133,0.3658908037554484,1.8752065134592105e-10,1.9628750710153036e-10
P28,wavelet,21,HbR,0.9456096292424169,0.32831621650932435,1.1550142247903038e-10,1.1673598895659277e-10
P28,wavelet,22,HbO,0.9521824172322756,0.31027542918759593,3.583941322898966e-10,3.9852620814799383e-10
P28,wavelet,22,HbR,0.9536053784510196,0.31372005472389325,2.1688328363280686e-10,2.50470440972978e-10
P28,wavelet,23,HbO,0.8066167239773714,0.6235422027707554,3.180444539881619e-10,3.1801842580905814e-10
P28,wavelet,23,HbR,0.8896623538286496,0.46938328768434623,1.7762192685602912e-10,1.779362587747666e-10
P06,none,1,HbO,0.9301770422107832,0.4216732788341728,1.5137325500455432e-07,1.330787505393131e-07
P06,none,1,HbR,0.9462590178490915,0.3327875783264522,3.846859653513809e-08,3.7561120537840424e-08
P06,none,2,HbO,0.9280340090923299,0.4450967507184761,2.876237317829656e-07,2.455274756795746e-07
P06,none,2,HbR,0.9144044964181689,0.41410172743205215,3.846003675924043e-08,3.8428863649898296e-08
P06,none,3,HbO,0.8599782307309136,0.6948578814962093,3.397478954582836e-07,2.551736591519286e-07
P06,none,3,HbR,0.6448103674210309,0.9039749014610032,4.8161186659020065e-08,4.271671337437863e-08
P06,none,4,HbO,0.9462072290477186,0.37653046556894737,2.2648963111587297e-07,1.9894222885989513e-07
P06,none,4,HbR,0.9020287333451867,0.4615284876713268,5.71712401203175e-08,5.3665859540242316e-08
P06,none,5,HbO,0.9505350843643623,0.35765586047282444,2.6261880339658136e-07,2.3287440375180593e-07
P06,none,5,HbR,0.9325306407997174,0.38011014341893246,8.117431532965543e-08,7.72163712135929e-08
P06,none,7,HbO,0.8897508964994096,0.565802531139838,2.61843444623065e-07,2.13918864337445e-07
P06,none,7,HbR,0.6027067778160113,0.8684592943816957,3.206427677458778e-08,3.399986060708902e-08
P06,none,8,HbO,0.8825558172284528,0.6214530091582959,2.395351942304399e-07,1.8584784990255981e-07
P06,none,8,HbR,0.5705139771592722,0.9857440963277446,3.280076791328901e-08,2.940796483033425e-08
P06,none,9,HbO,0.9357039761823471,0.40632120468694455,2.671685874610519e-07,2.349289651891552e-07
P06,none,9,HbR,0.9239816224263991,0.3955647062173299,6.229329270488217e-08,6.081349233073005e-08
P06,none,10,HbO,0.950315366811481,0.3538009768462309,4.459575984607944e-07,3.9875682061308696e-07
P06,none,10,HbR,0.9037850011463533,0.43324620518715523,8.681716825851044e-08,8.964912100317103e-08
P06,none,11,HbO,0.8590456254656813,0.6758196213347302,2.4741629034498277e-07,1.9028718856576034e-07
P06,none,11,HbR,0.8552675600378833,0.5606819506460472,6.228114528971933e-08,5.824114321334103e-08
P06,none,12,HbO,0.6966247686701147,1.3932510956129749,5.466636435729119e-07,2.8909673070075233e-07
P06,none,12,HbR,0.43858849316499443,1.9952071321360865,1.1165084627537518e-07,5.0298739554201374e-08
P06,none,14,HbO,0.7306575573723825,1.0554747284564516,3.9067007417555403e-07,2.544247931854132e-07
P06,none,14,HbR,0.7077670360774373,0.9709567350487909,1.3119646805007003e-07,9.55019493386038e-08
P06,none,15,HbO,0.7193140434277213,1.103723234448567,3.8429639188029297e-07,2.4369137609488854e-07
P06,none,15,HbR,0.8066705985014025,0.6635625675116308,1.3112550533311877e-07,1.1834971166561541e-07
P06,none,16,HbO,0.7622869109836847,0.9864326258936178,3.221055917947263e-07,2.1380801986973522e-07
P06,none,16,HbR,0.7586092721237041,0.8061188989272439,8.776160526914775e-08,7.118628973319492e-08
P06,none,17,HbO,0.7625270468884661,1.0314221057219646,6.199695469397987e-07,3.9594236881401253e-07
P06,none,17,HbR,0.7610233321939293,0.6674162333809545,7.077044998057503e-08,7.714321420001876e-08
P06,none,18,HbO,0.9574836599035622,0.29399336237671964,5.490179010505161e-09,6.086429710495841e-09
P06,none,18,HbR,0.9497527653803542,0.3132832514890352,5.130214280835541e-09,5.426828323200075e-09
P06,none,19,HbO,0.9501599012872463,0.32969169300535994,3.4384000288449746e-09,4.073580220302059e-09
P06,none,19,HbR,0.9557250598782593,0.2994133534187266,3.179116658753685e-09,3.524938419248749e-09
P06,none,20,HbO,0.290773586863362,4.891154821503146,1.2436271533057196e-06,2.444521698492258e-07
P06,none,20,HbR,0.15986288949294114,8.630531938198743,7.366039538511963e-07,8.434003394956568e-08
P06,none,21,HbO,0.72310126109873,1.0277456856490303,4.1631204437843394e-07,2.805139690347814e-07
P06,none,21,HbR,0.20897352441959857,11.496691051325326,8.56597847399306e-07,7.343949964751926e-08
P06,none,22,HbO,0.5546752339546266,2.1465604510252723,6.264797885453217e-07,2.47287304590092e-07
P06,none,22,HbR,0.46574357114682124,3.331946627844143,1.9761986930277091e-07,5.373132117075816e-08
P06,none,23,HbO,0.584148897425452,2.4805563274940314,8.309402617731172e-07,2.8377554291041006e-07
P06,none,23,HbR,0.5998715665739222,1.2457582184640137,7.711346714577016e-08,4.960573505668503e-08
P06,wavelet,1,HbO,0.6462877683064255,1.2446730672409465,2.1585639053283358e-07,1.330787505393131e-07
P06,wavelet,1,HbR,0.5255467233477039,1.4395448779098685,6.313200624543833e-08,3.7561120537840424e-08
P06,wavelet,2,HbO,0.7633650405531107,0.7774447240957153,2.9253293387469634e-07,2.455274756795746e-07
P06,wavelet,2,HbR,0.30235895579071853,2.421937677536406,9.684229037304667e-08,3.8428863649898296e-08
P06,wavelet,3,HbO,0.5322355020363111,1.47795985427591,4.4295771019246933e-07,2.551736591519286e-07
P06,wavelet,3,HbR,0.46116272295194805,2.03040647385518,9.753821607335341e-08,4.271671337437863e-08
P06,wavelet,4,HbO,0.7847937575879896,0.7835272082585589,2.506332615713393e-07,1.9894222885989513e-07
P06,wavelet,4,HbR,0.6615853787447374,1.1842503777078905,8.446666357388889e-08,5.3665859540242316e-08
P06,wavelet,5,HbO,0.660342237600524,1.102380234309368,3.400874764572736e-07,2.3287440375180593e-07
P06,wavelet,5,HbR,0.8816546531800289,0.5505755239220134,8.990900329414501e-08,7.72163712135929e-08
P06,wavelet,7,HbO,0.7895177316935594,0.767732644666784,2.6701280683032726e-07,2.13918864337445e-07
P06,wavelet,7,HbR,-0.22760994837688125,3.4065203526059835,1.0280935003999988e-07,3.399986060708902e-08
P06,wavelet,8,HbO,0.6186878615260382,1.1394186137737279,2.675896921053608e-07,1.8584784990255981e-07
P06,wavelet,8,HbR,0.045926372164627076,4.268649970594938,1.2292052607793737e-07,2.940796483033425e-08
P06,wavelet,9,HbO,0.8299720374891689,0.6763440150907616,2.836296553035835e-07,2.349289651891552e-07
P06,wavelet,9,HbR,0.7357863179593452,0.8423026386898625,7.499889444340008e-08,6.081349233073005e-08
P06,wavelet,10,HbO,0.8935444166706651,0.4644550235735541,4.025195390253673e-07,3.9875682061308696e-07
P06,wavelet,10,HbR,0.7168939000213689,1.1530894953051882,1.4605641774266695e-07,8.964912100317103e-08
P06,wavelet,11,HbO,0.5297879168009777,1.2867796702232839,2.8378928470335665e-07,1.9028718856576034e-07
P06,wavelet,11,HbR,0.6742301084632447,1.0572845395137225,8.313564809511782e-08,5.824114321334103e-08
P06,wavelet,12,HbO,0.4551209554470234,1.3822829964093728,4.353778536111241e-07,2.8909673070075233e-07
P06,wavelet,12,HbR,0.14602589633930366,3.243837123169313,1.6212187517603044e-07,5.0298739554201374e-08
P06,wavelet,14,HbO,0.5905543243116725,1.0280135975219327,3.115541511633924e-07,2.544247931854132e-07
P06,wavelet,14,HbR,0.18808241331906728,2.227403966623063,2.0811276916313075e-07,9.55019493386038e-08
P06,wavelet,15,HbO,0.5623401705078998,1.283832324496841,3.7561720775866693e-07,2.4369137609488854e-07
P06,wavelet,15,HbR,0.29731837354533064,1.8208573812057833,2.179031938134059e-07,1.1834971166561541e-07
P06,wavelet,16,HbO,0.6874893814292877,1.082344712347622,3.174900920463188e-07,2.1380801986973522e-07
P06,wavelet,16,HbR,0.19803380962126738,2.0296310714281476,1.4006817666578257e-07,7.118628973319492e-08
P06,wavelet,17,HbO,0.7862057247608956,0.6844667136398885,4.277357328331567e-07,3.9594236881401253e-07
P06,wavelet,17,HbR,0.5881761478600768,1.6201770391590826,1.5306992418404448e-07,7.714321420001876e-08
P06,wavelet,18,HbO,0.8303207506621071,0.5581240685787177,5.0940120569623425e-09,6.086429710495841e-09
P06,wavelet,18,HbR,0.8269019440322882,0.5650705250100794,4.735263040840783e-09,5.426828323200075e-09
P06,wavelet,19,HbO,0.811165526622719,0.5864787010599453,3.379612212027279e-09,4.073580220302059e-09
P06,wavelet,19,HbR,0.8122930801145659,0.5865558081940476,3.060922555480827e-09,3.524938419248749e-09
P06,wavelet,20,HbO,0.4818893150451517,1.2580775120769938,3.3774737026975655e-07,2.444521698492258e-07
P06,wavelet,20,HbR,0.5670269347264008,1.5526824618785329,1.5848122943985652e-07,8.434003394956568e-08
P06,wavelet,21,HbO,0.4977625696724295,1.2637929974636934,3.962259278610906e-07,2.805139690347814e-07
P06,wavelet,21,HbR,0.12035230310472873,1.742884684266244,1.1400721741212145e-07,7.343949964751926e-08
P06,wavelet,22,HbO,0.5149680966618156,1.1787637494877996,3.269726950190021e-07,2.47287304590092e-07
P06,wavelet,22,HbR,-0.02107246460634,4.231737840608013,2.1902060349086023e-07,5.373132117075816e-08
P06,wavelet,23,HbO,0.3838052005303285,1.3648818762737953,3.9352259558789066e-07,2.8377554291041006e-07
P06,wavelet,23,HbR,0.10555737755091846,4.472294360862217,2.208082617528973e-07,4.960573505668503e-08
P45,none,1,HbO,0.8087949010711226,0.7863281590466157,2.397438633943107e-07,1.801890081144925e-07
P45,none,1,HbR,0.8680661158802785,0.5676790111535345,6.346015888562111e-08,5.5502504932313003e-08
P45,none,2,HbO,0.9432137984654888,0.38110892852804534,2.6048709604956945e-07,2.3056331786467303e-07
P45,none,2,HbR,0.9227016702714529,0.39724891255063616,6.885163034326646e-08,6.763183209494304e-08
P45,none,3,HbO,0.7094618781360291,1.4298183153283288,2.723578579452761e-07,1.3942109856530929e-07
P45,none,3,HbR,0.769891177376967,0.9799566176585545,1.2866907663044626e-07,8.503366217927878e-08
P45,none,4,HbO,0.9525464665686559,0.32692119965443983,2.3935418454927e-07,2.2344450495078863e-07
P45,none,4,HbR,0.9407304815289127,0.3429295198520079,5.593823683520164e-08,5.6422922419216216e-08
P45,none,5,HbO,0.9713669811931305,0.252306309372284,3.3618716837475405e-07,3.182754482153017e-07
P45,none,5,HbR,0.9411270626493293,0.3385133551129933,6.537677470543475e-08,6.949482869392289e-08
P45,none,7,HbO,0.9706064164311453,0.2650492518386196,2.9772820360340637e-07,2.7526359051239357e-07
P45,none,7,HbR,0.8801348322557657,0.4760823447132233,3.3898430718975755e-08,3.930728667239545e-08
P45,none,8,HbO,0.9535226694223784,0.3292138186031498,1.9423030747521536e-07,1.7903135030044964e-07
P45,none,8,HbR,0.9164361756220786,0.41680725929829177,4.220442528124953e-08,4.0915408087280323e-08
P45,none,9,HbO,0.9189965914048933,0.46612806267859536,2.506153633477331e-07,2.1484994227645914e-07
P45,none,9,HbR,0.9313169807154311,0.38251607744728694,5.2933158207936e-08,5.0562153053148286e-08
P45,none,10,HbO,0.922997894270065,0.4425351926164135,1.0948487180225656e-07,9.597250596855878e-08
P45,none,10,HbR,0.9291827916182569,0.3768559520592827,3.931298453083517e-08,3.921608202666912e-08
P45,none,11,HbO,0.9214687508233725,0.442374399127607,1.0480136079011288e-07,9.256255710628615e-08
P45,none,11,HbR,0.911173932120541,0.4695404538925028,3.019188005438819e-08,2.657972915598392e-08
P45,none,12,HbO,0.949672143951186,0.3462488114119311,2.6298799933406084e-07,2.399091199259852e-07
P45,none,12,HbR,0.9163193109508854,0.42187716450345747,8.31333494042364e-08,7.924581056842482e-08
P45,none,14,HbO,0.79357753734942,0.8776720678688289,3.030895839048441e-07,2.1258471737135547e-07
P45,none,14,HbR,0.8988817409905809,0.4841939585457506,7.399271020776175e-08,6.696945965163165e-08
P45,none,15,HbO,0.8176463865634895,0.7755113596876603,1.964668955044433e-07,1.4697678015886842e-07
P45,none,15,HbR,0.9043649366516326,0.4574217207200863,4.9109404912275584e-08,4.594859575836097e-08
P45,none,16,HbO,0.930124633588595,0.44551149434344184,6.279861106754692e-08,5.3150825644902396e-08
P45,none,16,HbR,0.8724253808096004,0.5366360047248527,1.787057080419774e-08,1.6339241171732194e-08
P45,none,17,HbO,0.7747317345994646,0.676730809104175,2.115312092733383e-08,2.089976694651763e-08
P45,none,17,HbR,0.8109493991971187,0.5888699826474112,7.49404022671557e-09,8.593320786570385e-09
P45,none,18,HbO,0.6037217575897625,1.5386350187295836,1.1274723982948693e-09,5.873160418986923e-10
P45,none,18,HbR,0.7858870794693801,0.6557311336752837,6.015252313180119e-10,5.99634610126315e-10
P45,none,19,HbO,0.8689475233278571,0.5555031176085227,6.474310380381438e-10,5.775414380856562e-10
P45,none,19,HbR,0.7689736021950622,0.9077011485593149,4.490811901389353e-10,3.177459646236068e-10
P45,none,22,HbO,0.5196578264038001,1.9827421734986355,2.205432638065355e-08,9.55257030364181e-09
P45,none,22,HbR,0.3436741390788105,2.200298411327859,1.2670764557072624e-08,5.440125074297858e-09
P45,none,23,HbO,0.555210882674992,1.6643980151194373,1.9970212525118113e-08,1.0003361258645838e-08
P45,none,23,HbR,0.5132699781977167,1.9193170760304283,1.1004935613457354e-08,4.93497225782548e-09
P45,wavelet,1,HbO,0.8280254323485309,0.6661638138424438,2.1361848162544217e-07,1.801890081144925e-07
P45,wavelet,1,HbR,0.5302247161027358,1.47974729256108,9.634245966415267e-08,5.5502504932313003e-08
P45,wavelet,2,HbO,0.9138870763268706,0.43583354170005306,2.4702014842858936e-07,2.3056331786467303e-07
P45,wavelet,2,HbR,0.5923910244638406,1.264423306574209,1.0556254343577818e-07,6.763183209494304e-08
P45,wavelet,3,HbO,0.7553038200384253,0.7179626159382835,1.4618068657432098e-07,1.3942109856530929e-07
P45,wavelet,3,HbR,0.4490104622851059,1.4803180027562772,1.3793980930678244e-07,8.503366217927878e-08
P45,wavelet,4,HbO,0.6567725399481713,0.964396848175932,2.8047068368591967e-07,2.2344450495078863e-07
P45,wavelet,4,HbR,0.2716955325415917,2.087164558429929,1.1935962593573585e-07,5.6422922419216216e-08
P45,wavelet,5,HbO,0.9315774143593121,0.3785229643872467,3.2997292235979487e-07,3.182754482153017e-07
P45,wavelet,5,HbR,0.6408539976511608,1.034711661075267,9.260787755966348e-08,6.949482869392289e-08
P45,wavelet,7,HbO,0.8812878408254952,0.5194553561269496,3.009821795305834e-07,2.7526359051239357e-07
P45,wavelet,7,HbR,0.7952059203082459,0.7789861434567157,5.045470733465399e-08,3.930728667239545e-08
P45,wavelet,8,HbO,0.7004676835772863,0.9618489487684139,2.3965598081338154e-07,1.7903135030044964e-07
P45,wavelet,8,HbR,0.8708660714840715,0.5931841156478551,4.92177467550409e-08,4.0915408087280323e-08
P45,wavelet,9,HbO,0.7239614016559272,0.9003565735930481,2.793375106250293e-07,2.1484994227645914e-07
P45,wavelet,9,HbR,0.6577795716412602,1.2463424200139566,8.345961788313061e-08,5.0562153053148286e-08
P45,wavelet,10,HbO,0.7123837266650407,1.1096166929565197,1.508137069080227e-07,9.597250596855878e-08
P45,wavelet,10,HbR,0.47099275428706394,1.9422658628642495,8.608235255535647e-08,3.921608202666912e-08
P45,wavelet,11,HbO,0.6998394388182898,0.9973108825549104,1.2867014765553664e-07,9.256255710628615e-08
P45,wavelet,11,HbR,0.7525448469158805,0.8832299260365456,3.557976656143321e-08,2.657972915598392e-08
P45,wavelet,12,HbO,0.790601937367781,0.7599856945765142,2.966668706971313e-07,2.399091199259852e-07
P45,wavelet,12,HbR,0.40607301997592066,1.8363544627399684,1.5756706308389542e-07,7.924581056842482e-08
P45,wavelet,14,HbO,0.5474457800262441,1.2763438654118824,3.200831769278922e-07,2.1258471737135547e-07
P45,wavelet,14,HbR,0.5361704243935097,1.2915960228314098,1.0119480421391039e-07,6.696945965163165e-08
P45,wavelet,15,HbO,0.8351609288974048,0.6117250896795702,1.6164523843246832e-07,1.4697678015886842e-07
P45,wavelet,15,HbR,0.8226855614798556,0.7020077686297252,5.655862080318164e-08,4.594859575836097e-08
P45,wavelet,16,HbO,0.4091128337545999,1.8021906211447043,1.0386849798162868e-07,5.3150825644902396e-08
P45,wavelet,16,HbR,0.06959601439654288,3.0117311617775067,4.733256178053526e-08,1.6339241171732194e-08
P45,wavelet,17,HbO,-0.019398420149168816,4.643342094650049,9.390674347492693e-08,2.089976694651763e-08
P45,wavelet,17,HbR,-0.13794084425253236,5.154816917446106,4.2070219527084965e-08,8.593320786570385e-09
P45,wavelet,18,HbO,0.8574352219945821,0.607053306485619,6.920268189701423e-10,5.873160418986923e-10
P45,wavelet,18,HbR,0.7775375616811994,0.6338411015652121,5.066261757307337e-10,5.99634610126315e-10
P45,wavelet,19,HbO,0.8410068359600081,0.5644103053450993,5.782717378131302e-10,5.775414380856562e-10
P45,wavelet,19,HbR,0.7885601984124762,0.6980362080995499,3.5436526814116935e-10,3.177459646236068e-10
P45,wavelet,22,HbO,-0.0018203731642285543,4.559074635138967,4.2262784498245284e-08,9.55257030364181e-09
P45,wavelet,22,HbR,-0.010457195855421153,3.7351802014709903,1.9424021237114306e-08,5.440125074297858e-09
P45,wavelet,23,HbO,0.08296696889174246,4.247233886059826,4.192381717175216e-08,1.0003361258645838e-08
P45,wavelet,23,HbR,0.0662641520524331,3.8900009136852285,1.878917276168321e-08,4.93497225782548e-09
P47,none,1,HbO,0.7522980033137511,1.1763192686196706,4.872123586911137e-07,2.821519856909259e-07
P47,none,1,HbR,0.8141455303430907,0.8715408763971118,1.3294968552325715e-07,9.080795014243022e-08
P47,none,2,HbO,0.7860343392541382,0.949666519607682,4.960791091187863e-07,3.2924596700168035e-07
P47,none,2,HbR,0.8361649653133728,0.7264213406944542,1.8482091991300602e-07,1.408251327835466e-07
P47,none,3,HbO,0.7478733308745129,1.1529904211920678,4.7264766368297207e-07,2.795863536699289e-07
P47,none,3,HbR,0.7830277850765979,0.8948754191110634,1.4601548050407777e-07,1.0236680379331452e-07
P47,none,4,HbO,0.6558581917306663,1.3369460945170575,3.7206642861213947e-07,2.1148729199183388e-07
P47,none,4,HbR,0.868171757573557,0.5622277866181886,1.7317974944824582e-07,1.529699014223643e-07
P47,none,5,HbO,0.9386738524441092,0.41694341996318685,3.292384947293573e-07,2.806872781602842e-07
P47,none,5,HbR,0.9298390467758278,0.37722628558485666,1.1242154708667233e-07,1.1112146590669549e-07
P47,none,7,HbO,0.9278042695782722,0.42724995609702254,1.8778925694624697e-07,1.6549974908796126e-07
P47,none,7,HbR,0.9018666315779562,0.47383504785744773,4.283715053127222e-08,3.908995156571343e-08
P47,none,8,HbO,0.8637160718429973,0.5479241776398268,3.466622466601566e-08,3.223595981385037e-08
P47,none,8,HbR,0.7726938919082807,0.8808836748566699,1.784895312658621e-08,1.2902897715015699e-08
P47,none,9,HbO,0.9016010480898606,0.613399340306485,1.1914498823152028e-07,8.915705242234908e-08
P47,none,9,HbR,0.8078577868388168,0.7348192230814776,3.161491738413659e-08,2.537121946526177e-08
P47,none,10,HbO,0.8845058751267024,0.6841000621727878,5.989445652813433e-07,4.3259813601765154e-07
P47,none,10,HbR,0.8059610967014218,0.7310882316707877,1.2368073324116126e-07,1.0014741170764888e-07
P47,none,11,HbO,0.8467387931929734,0.7064693966912216,2.5530231427343155e-07,1.9471114571644998e-07
P47,none,11,HbR,0.8018849171045851,0.6297902098877172,6.027955507965676e-08,6.022838352502092e-08
P47,none,12,HbO,0.8933913455260067,0.5592691798224437,4.90937524787153e-07,4.0039941957670166e-07
P47,none,12,HbR,0.7446288473070711,0.7964749465674319,1.0131053872985362e-07,8.593312262283172e-08
P47,none,14,HbO,0.7446565726502258,1.0457272916886646,5.651635147513591e-07,3.647191838277618e-07
P47,none,14,HbR,0.8245177467171587,0.728842389882473,2.0819981798171473e-07,1.6217645987258069e-07
P47,none,15,HbO,0.7828622957109055,0.917579780586393,6.089499934670274e-07,4.17879213672113e-07
P47,none,15,HbR,0.8393526392429487,0.6698752088372678,2.3404907956914624e-07,1.9016620789871447e-07
P47,none,16,HbO,0.8273268469464738,0.878532598579143,4.71694543208338e-07,3.138767272958626e-07
P47,none,16,HbR,0.8535912370870627,0.6521507800707478,1.788983847812531e-07,1.4360244535105973e-07
P47,none,17,HbO,0.725853349296844,1.0165301611109518,3.7355599504215465e-07,2.5340191096643545e-07
P47,none,17,HbR,0.8299865268962984,0.6804315128518101,1.186418998313414e-07,9.727349401887216e-08
P47,none,18,HbO,0.7816056122086183,1.2874200007304275,1.6276592831052253e-09,8.531521907050414e-10
P47,none,18,HbR,0.7021484631036282,0.8857425240920764,8.212254593547346e-10,6.68728658823968e-10
P47,none,19,HbO,0.8049091681287994,1.1503608319453449,1.3157109252311193e-09,7.348665431854329e-10
P47,none,19,HbR,0.762531559337664,1.1832325767343472,6.905254442228915e-10,3.9387514147797783e-10
P47,none,20,HbO,0.24103621210985476,19.574787240079782,9.818556997089323e-07,4.9609343287177956e-08
P47,none,20,HbR,0.2394042560772727,19.669956616194433,8.205648434967967e-08,4.126473400016544e-09
P47,wavelet,1,HbO,0.7948320988661989,0.7215585708237926,3.3440571567794554e-07,2.821519856909259e-07
P47,wavelet,1,HbR,0.34069898284867595,1.9116560115013006,1.8163160009326116e-07,9.080795014243022e-08
P47,wavelet,2,HbO,0.6698283170866524,0.8945775617335429,3.840729015917989e-07,3.2924596700168035e-07
P47,wavelet,2,HbR,0.5608277821145179,1.2737265808627212,2.1511944761960268e-07,1.408251327835466e-07
P47,wavelet,3,HbO,0.7326548755518767,0.8443640257712084,3.4390562460559486e-07,2.795863536699289e-07
P47,wavelet,3,HbR,0.4989377487636524,1.147028852173561,1.2789206351875703e-07,1.0236680379331452e-07
P47,wavelet,4,HbO,0.7440410905018905,0.7605033653282073,2.340291023700938e-07,2.1148729199183388e-07
P47,wavelet,4,HbR,0.4891568011751435,0.9956835350746177,1.4781028765487538e-07,1.529699014223643e-07
P47,wavelet,5,HbO,0.7959015093058407,0.7603633321419158,3.517264506299284e-07,2.806872781602842e-07
P47,wavelet,5,HbR,0.7223219608782332,0.7918848339778946,1.2310279620460273e-07,1.1112146590669549e-07
P47,wavelet,7,HbO,0.7943220583765346,0.7227309195599684,1.956202201144604e-07,1.6549974908796126e-07
P47,wavelet,7,HbR,0.6264163486871068,1.432989126542485,7.128995646687815e-08,3.908995156571343e-08
P47,wavelet,8,HbO,0.16106640355967297,2.239512951637643,6.96646981515834e-08,3.223595981385037e-08
P47,wavelet,8,HbR,0.3593172996779409,2.5460070233272343,3.506111575527631e-08,1.2902897715015699e-08
P47,wavelet,9,HbO,0.6292405630267398,1.172904381055284,1.338941966428822e-07,8.915705242234908e-08
P47,wavelet,9,HbR,0.41042873780953254,1.5161270407575118,4.101606036125145e-08,2.537121946526177e-08
P47,wavelet,10,HbO,0.6886473701072934,0.90615500850875,5.321779649251532e-07,4.3259813601765154e-07
P47,wavelet,10,HbR,0.49421338493286077,1.8181526482235164,2.089981094598285e-07,1.0014741170764888e-07
P47,wavelet,11,HbO,0.8555124966876739,0.6902792238002539,2.5514340449099245e-07,1.9471114571644998e-07
P47,wavelet,11,HbR,0.44733550729099125,2.495112927465222,1.6647799563701939e-07,6.022838352502092e-08
P47,wavelet,12,HbO,0.7810976942496626,0.6848990573551754,4.2543292914559533e-07,4.0039941957670166e-07
P47,wavelet,12,HbR,0.3604557412615223,1.796771464823141,1.6277702039752053e-07,8.593312262283172e-08
P47,wavelet,14,HbO,0.7780842041903933,0.6947624217224905,3.9121001687281205e-07,3.647191838277618e-07
P47,wavelet,14,HbR,0.6212862322555602,1.0102377880902704,2.0392125570504523e-07,1.6217645987258069e-07
P47,wavelet,15,HbO,0.8421412208786649,0.6397219038600721,4.94632051002728e-07,4.17879213672113e-07
P47,wavelet,15,HbR,0.7504104971729374,0.6988896698194815,1.8574140331544232e-07,1.9016620789871447e-07
P47,wavelet,16,HbO,0.7561219624488288,0.9190498529421232,4.398636120823801e-07,3.138767272958626e-07
P47,wavelet,16,HbR,0.42169614002193295,1.718122766259357,2.6935397633808593e-07,1.4360244535105973e-07
P47,wavelet,17,HbO,0.8049447582250745,0.63979133032479,2.6453747114272743e-07,2.5340191096643545e-07
P47,wavelet,17,HbR,0.4084061365870345,2.4879452485823386,2.640017960561001e-07,9.727349401887216e-08
P47,wavelet,18,HbO,0.6925305557879717,0.9536029536814828,1.1226900882189573e-09,8.531521907050414e-10
P47,wavelet,18,HbR,0.6500423772890231,0.8866336033324178,7.398910404511082e-10,6.68728658823968e-10
P47,wavelet,19,HbO,0.7371902390922003,0.822659783464249,8.861378317792425e-10,7.348665431854329e-10
P47,wavelet,19,HbR,0.741619310203573,0.8913852082897404,5.23309364085201e-10,3.9387514147797783e-10
P47,wavelet,20,HbO,0.44490111658529813,0.8982537424405823,2.5499239850346112e-08,4.9609343287177956e-08
P47,wavelet,20,HbR,0.4331200173161291,0.9052891836942976,2.133812291122165e-09,4.126473400016544e-09
P26,none,1,HbO,0.7617528976513002,0.924236840684037,4.161353388812712e-08,2.9297413730588572e-08
P26,none,1,HbR,0.7819827494591521,0.6748232791840173,1.1346295628826322e-08,1.0916692381149529e-08
P26,none,2,HbO,0.8091992442271838,0.8344957624718998,4.554071982549567e-08,3.248961805225124e-08
P26,none,2,HbR,0.6817367053077691,0.8469552260852516,1.0947591502843594e-08,9.884327107899573e-09
P26,none,3,HbO,0.8923620672442701,0.5825814148307226,1.0771060539229456e-07,8.545497816996e-08
P26,none,3,HbR,0.8851243111597241,0.5301362262754037,3.340199857544745e-08,2.9327674262856887e-08
P26,none,4,HbO,0.7723296219359578,0.7255201599383758,1.0993701757852181e-08,9.803774763042686e-09
P26,none,4,HbR,0.6807110172250066,0.7558692475563814,4.262155782798467e-09,4.934457475911923e-09
P26,none,5,HbO,0.8258821581940244,0.8032477267544764,1.6213008545816748e-07,1.1597883114616867e-07
P26,none,5,HbR,0.766277799355843,0.7168633587975808,3.39052403886841e-08,3.127211833183909e-08
P26,none,7,HbO,0.7642587896240923,1.0079858102661055,1.1098311204933198e-07,7.211678812667087e-08
P26,none,7,HbR,0.772563847054818,0.8468225770047721,2.402928487972513e-08,1.803521910360669e-08
P26,none,8,HbO,0.8201574957314495,0.6809959546607776,2.6997459457876247e-08,2.2705246036246948e-08
P26,none,8,HbR,0.7776402451765521,0.7156533987279832,8.91082382858539e-09,7.974481965532981e-09
P26,none,9,HbO,0.9235964849348484,0.4691239315530793,1.2572794117670272e-07,1.0530147567860968e-07
P26,none,9,HbR,0.9170110442170669,0.4477889286640139,3.420330144325225e-08,3.053974854601659e-08
P26,none,10,HbO,0.8947144097604302,0.5097441007402287,2.0267944257591096e-07,1.7774178722191694e-07
P26,none,10,HbR,0.7427085641978981,0.6827258562960946,4.455407443163527e-08,5.087778668415176e-08
P26,none,11,HbO,0.8131802983700795,0.7998157279418874,4.160345597960701e-08,3.0550843749579034e-08
P26,none,11,HbR,0.7048525163694944,0.8476077845585795,1.0843096699860785e-08,9.282693363155788e-09
P26,none,12,HbO,0.8957752490252808,0.5936187147764012,2.437044969647999e-07,1.8904898559261865e-07
P26,none,12,HbR,0.6513845175984455,0.9217065508415762,5.323090700279357e-08,4.531832213221922e-08
P26,none,14,HbO,0.7246290100351925,1.1869860154281098,2.900583431903019e-07,1.7152289404725492e-07
P26,none,14,HbR,0.7693194948739671,0.9830941701741334,9.085255433968497e-08,5.990900090723266e-08
P26,none,15,HbO,0.7769604173102207,0.9513328651046334,1.5619941097353857e-07,1.0481827201788567e-07
P26,none,15,HbR,0.7794448336683876,0.9550779898753525,5.226103743943017e-08,3.4840094596405755e-08
P26,none,16,HbO,0.859697916755452,0.7974576738314363,4.358333255627538e-07,2.9606616015855083e-07
P26,none,16,HbR,0.8870938870202545,0.47629739402015703,1.0554663775054484e-07,1.0522034881282514e-07
P26,none,17,HbO,0.7175721699230049,1.147555435504215,3.4369877719050454e-07,2.1091004581509626e-07
P26,none,17,HbR,0.7437149020039602,0.8789756480592272,1.3230580971310866e-07,1.0066192662274791e-07
P26,none,18,HbO,0.803867608136635,0.6037940111541023,7.501773056676858e-10,1.0585722396894037e-09
P26,none,18,HbR,0.9277817798555774,0.37939168648318033,7.801670463353044e-10,9.039598327754498e-10
P26,none,19,HbO,0.7537536791496605,0.6606015723299399,4.871640077306952e-10,6.084578778665805e-10
P26,none,19,HbR,0.850126487633977,0.535056247896313,4.503658828700588e-10,5.91031354256946e-10
P26,none,20,HbO,0.23919937141048506,19.86335076557353,5.2681734054614245e-08,2.6237486394435733e-09
P26,none,20,HbR,0.20654402881223513,15.666947777066953,2.3610339794778385e-09,1.4902813042310913e-10
P26,none,21,HbO,0.23602512190885358,19.68882735917758,2.1639204901178604e-08,1.0873507922219876e-09
P26,none,21,HbR,0.23830596535627158,19.7286302311774,2.4307864776472225e-08,1.2188661167951555e-09
P26,none,22,HbO,0.3910683379103135,3.1991335097768436,1.9684500782052416e-07,5.697519927336661e-08
P26,none,22,HbR,0.40587365460410585,1.9949725331893893,2.9161925092423993e-08,1.3384418162769896e-08
P26,none,23,HbO,0.5742374712084931,2.1569848506013507,3.820294526771605e-07,1.4866064101963336e-07
P26,none,23,HbR,0.6397745993920525,1.4335668332326659,5.7312136933055755e-08,3.09825527912629e-08
P26,wavelet,1,HbO,0.22149938957316725,2.761215291033854,8.17819379431821e-08,2.9297413730588572e-08
P26,wavelet,1,HbR,0.021411250903680495,3.759558192266291,3.9611493605625406e-08,1.0916692381149529e-08
P26,wavelet,2,HbO,0.14157179381640295,2.660867846740431,8.446916542124582e-08,3.248961805225124e-08
P26,wavelet,2,HbR,-0.15523818443465273,3.9130495291351575,3.5730099495073855e-08,9.884327107899573e-09
P26,wavelet,3,HbO,0.564304935508263,1.4413275084846122,1.4853632734779305e-07,8.545497816996e-08
P26,wavelet,3,HbR,0.2910781055660997,2.125629877575552,6.394128428373993e-08,2.9327674262856887e-08
P26,wavelet,4,HbO,0.04430172666040786,4.694870957355619,4.518480017884115e-08,9.803774763042686e-09
P26,wavelet,4,HbR,-0.21643342441754135,5.031550338360232,2.3171108800253955e-08,4.934457475911923e-09
P26,wavelet,5,HbO,0.7723358622625729,0.7234822333627379,1.2959810440621622e-07,1.1597883114616867e-07
P26,wavelet,5,HbR,0.41561529545731984,2.40854262877017,8.240620113778652e-08,3.127211833183909e-08
P26,wavelet,7,HbO,0.4571766666745678,2.0231853524874754,1.6331337235962991e-07,7.211678812667087e-08
P26,wavelet,7,HbR,0.36068741988137887,1.973868584482215,3.7740464110637705e-08,1.803521910360669e-08
P26,wavelet,8,HbO,0.08839789634561131,4.005847710100947,8.967190093953188e-08,2.2705246036246948e-08
P26,wavelet,8,HbR,0.11768539449356148,2.7792750627759815,2.153686485240837e-08,7.974481965532981e-09
P26,wavelet,9,HbO,0.5535997003931692,1.4753676561917195,1.8568715524775488e-07,1.0530147567860968e-07
P26,wavelet,9,HbR,0.5902276083379896,1.1821640797650093,4.4286906967170854e-08,3.053974854601659e-08
P26,wavelet,10,HbO,0.8026106617845548,0.6687606963672007,1.961876665747603e-07,1.7774178722191694e-07
P26,wavelet,10,HbR,0.4784048651892506,2.006489463296889,1.1571350834818735e-07,5.087778668415176e-08
P26,wavelet,11,HbO,0.4439654574157264,2.1532837596152477,7.305436721965977e-08,3.0550843749579034e-08
P26,wavelet,11,HbR,0.205344112585923,2.804787292639169,2.620122465548728e-08,9.282693363155788e-09
P26,wavelet,12,HbO,0.5185968616233082,1.257203566839154,2.7172436156295614e-07,1.8904898559261865e-07
P26,wavelet,12,HbR,0.4634620009741054,2.200392167634256,1.1199686178516436e-07,4.531832213221922e-08
P26,wavelet,14,HbO,0.60761138605142,1.0209311033103523,2.1341964485053773e-07,1.7152289404725492e-07
P26,wavelet,14,HbR,0.4221836795851334,1.404857089023062,8.927721514240474e-08,5.990900090723266e-08
P26,wavelet,15,HbO,0.6290624264303272,1.2327152355089235,1.6572279452186812e-07,1.0481827201788567e-07
P26,wavelet,15,HbR,0.3307119866897252,2.1690363444383602,7.932632639234821e-08,3.4840094596405755e-08
P26,wavelet,16,HbO,0.6576928876632765,1.0038375509587365,3.901692534205813e-07,2.9606616015855083e-07
P26,wavelet,16,HbR,0.47606712451755645,1.4322878823698804,1.6854891343168895e-07,1.0522034881282514e-07
P26,wavelet,17,HbO,0.66707881860012,0.9134661846146828,2.5215960468030165e-07,2.1091004581509626e-07
P26,wavelet,17,HbR,0.2754637063112365,2.0554392131811805,2.095602691940171e-07,1.0066192662274791e-07
P26,wavelet,18,HbO,0.8273361904896296,0.562740698934538,8.754919762350012e-10,1.0585722396894037e-09
P26,wavelet,18,HbR,0.6794574293593272,0.7468897887258247,7.335596505797648e-10,9.039598327754498e-10
P26,wavelet,19,HbO,0.4379469254596577,1.0306076480644966,5.69317132938373e-10,6.084578778665805e-10
P26,wavelet,19,HbR,0.8675239016878062,0.5008173452942498,4.801641690091547e-10,5.91031354256946e-10
P26,wavelet,20,HbO,0.19856584094145402,0.9801065716970062,5.320903067775822e-10,2.6237486394435733e-09
P26,wavelet,20,HbR,0.44533203480647365,0.9083880167360538,8.82562958995516e-11,1.4902813042310913e-10
P26,wavelet,21,HbO,0.1542228350355575,0.9981970032908362,3.209302213252419e-10,1.0873507922219876e-09
P26,wavelet,21,HbR,0.19850277751596548,0.9801955919686627,2.5413712019096447e-10,1.2188661167951555e-09
P26,wavelet,22,HbO,0.21165155337901215,2.2900220394591124,1.296620874817799e-07,5.697519927336661e-08
P26,wavelet,22,HbR,-0.16658088901743226,6.389336577698225,8.189853796595951e-08,1.3384418162769896e-08
P26,wavelet,23,HbO,0.6527817449274166,0.8538954151388957,1.5528591436871586e-07,1.4866064101963336e-07
P26,wavelet,23,HbR,0.2043836467182107,2.5191988068987956,7.804460866743805e-08,3.09825527912629e-08
P51,none,1,HbO,0.8441359211408819,0.6677439821469277,9.003889413789253e-09,7.248412358088006e-09
P51,none,1,HbR,0.9233661859950179,0.43067798410407226,5.257564826659283e-09,4.700843684176196e-09
P51,none,2,HbO,0.9437483245065459,0.36662707812892936,8.736294550470438e-08,7.932645144945666e-08
P51,none,2,HbR,0.9336895295379296,0.3775887918626373,2.500628599669061e-08,2.3736880038266124e-08
P51,none,3,HbO,0.8227947947804017,0.7066066982781474,1.1066692240032129e-08,8.905688026848763e-09
P51,none,3,HbR,0.9231699907966212,0.4509072144895081,5.524534893773234e-09,4.768799336723887e-09
P51,none,4,HbO,0.9724163463898413,0.2684432497042295,5.3892663231373594e-08,4.876531836321362e-08
P51,none,4,HbR,0.966550888853581,0.2892600719208437,1.7649793129137944e-08,1.6041637143381455e-08
P51,none,5,HbO,0.9364843907279797,0.3909532854608093,2.39440309351716e-07,2.160784242709311e-07
P51,none,5,HbR,0.828404797184885,0.6290677082419814,7.245361699951275e-08,6.500964867581883e-08
P51,none,7,HbO,0.8967418585761893,0.5432134693892716,6.021490280063571e-08,4.971117947719978e-08
P51,none,7,HbR,0.8903006958595698,0.5365017057335044,2.1235987314637447e-08,1.809445905647156e-08
P51,none,8,HbO,0.9599324177157738,0.2813810243906907,1.9383512166734253e-08,2.072060195037565e-08
P51,none,8,HbR,0.8639346719031247,0.5115318214823251,1.1796595429335322e-08,1.520172548667256e-08
P51,none,9,HbO,0.91338818500511,0.49016947867418087,1.4216083714593257e-07,1.1984540976266058e-07
P51,none,9,HbR,0.8887367095425689,0.5653848578664854,4.1479882613640106e-08,3.401736774567516e-08
P51,none,10,HbO,0.8517199060387002,0.6720936753711791,3.1336728173381465e-07,2.462444958763147e-07
P51,none,10,HbR,0.8148240207051685,0.5975908741588363,5.7398526160768095e-08,5.995827661688051e-08
P51,none,11,HbO,0.9401294547280831,0.39236346123804117,1.0789422889609136e-08,9.517257961399618e-09
P51,none,11,HbR,0.9643643488932858,0.3130412940928629,7.102000250930413e-09,6.2771539995063204e-09
P51,none,12,HbO,0.8531117195248488,0.5702084786022314,9.0438621859162e-09,8.350735058070044e-09
P51,none,12,HbR,0.9442059307835895,0.35556403272521653,5.820045659641969e-09,5.398184284729491e-09
P51,none,14,HbO,0.7184633964308018,1.2432659112016473,3.1781526284552024e-08,1.8171795469993995e-08
P51,none,14,HbR,0.7625871648372685,0.9826942614736603,1.0700208099921987e-08,7.122848558928833e-09
P51,none,15,HbO,0.646386551780853,1.726677642068996,3.408338755474731e-07,1.5526187692072212e-07
P51,none,15,HbR,0.6601804331394168,1.5167194746059418,1.0141213958813988e-07,5.127385236081194e-08
P51,none,16,HbO,0.8585581891564017,0.6031184173535438,8.558282603107375e-09,7.292003093799598e-09
P51,none,16,HbR,0.8406700993293755,0.7042456164876552,5.899294068228782e-09,4.591250648884293e-09
P51,none,17,HbO,0.9399554337031013,0.3740216205267617,8.513214862067494e-09,7.80089881470963e-09
P51,none,17,HbR,0.6554148989040927,0.8841548134475319,6.136181748717959e-09,5.528518247496036e-09
P51,none,18,HbO,0.9301180601135383,0.3976969254087239,5.566127056007468e-10,5.15412819324223e-10
P51,none,18,HbR,0.9710315076479482,0.24356120464254122,5.091845361204821e-10,5.511072289822865e-10
P51,none,19,HbO,0.9581013429197197,0.30738737979559944,4.80123603941871e-10,4.488801081102344e-10
P51,none,19,HbR,0.9280792584849312,0.38896329556680653,3.0156483066706104e-10,2.906139046898496e-10
P51,none,20,HbO,0.9896257802156407,0.15176675091406117,2.5440444635077247e-10,2.450623215193566e-10
P51,none,20,HbR,0.9624250018799034,0.27216322883535965,1.1362804012835681e-10,1.1981796245425702e-10
P51,none,21,HbO,0.9440600612818012,0.44979596296855645,2.396647409548425e-10,1.9196614369577518e-10
P51,none,21,HbR,0.9400293973419529,0.3428165916255312,1.2438646273085192e-10,1.2797586080807392e-10
P51,none,22,HbO,0.8344744870985751,0.6409040528345874,8.435756239671561e-09,7.272401271550996e-09
P51,none,22,HbR,0.8554114266637437,0.5401335097526344,4.978861986799884e-09,4.9719788211768424e-09
P51,none,23,HbO,0.7528566414037565,0.7020660070352912,6.751459279849475e-09,6.824653980841213e-09
P51,none,23,HbR,0.7264269032524656,0.8184905435607174,5.083956507345571e-09,4.352005817566424e-09
P51,wavelet,1,HbO,0.3344958122655234,2.110381729861539,1.6031186508636336e-08,7.248412358088006e-09
P51,wavelet,1,HbR,0.40560847412822915,1.8103972933561345,9.206099974295123e-09,4.700843684176196e-09
P51,wavelet,2,HbO,0.7822850431033079,0.8064899877746731,1.0232563684173489e-07,7.932645144945666e-08
P51,wavelet,2,HbR,0.7760155331610872,0.7138422551085283,2.6343894879922608e-08,2.3736880038266124e-08
P51,wavelet,3,HbO,0.3124177684266194,2.1275651955404555,1.964128523956191e-08,8.905688026848763e-09
P51,wavelet,3,HbR,0.6885360321644585,0.9983270293392857,6.5271792471127074e-09,4.768799336723887e-09
P51,wavelet,4,HbO,0.8910089335780265,0.4584238629237291,4.6378909407879976e-08,4.876531836321362e-08
P51,wavelet,4,HbR,0.4755193801853703,1.236258890721176,2.144930875405927e-08,1.6041637143381455e-08
P51,wavelet,5,HbO,0.8448266022688555,0.5641932038920093,2.2115926338747882e-07,2.160784242709311e-07
P51,wavelet,5,HbR,0.5897651785460413,1.330653691875647,1.06770608033727e-07,6.500964867581883e-08
P51,wavelet,7,HbO,0.8165185166240592,0.682154104973153,5.840055358216263e-08,4.971117947719978e-08
P51,wavelet,7,HbR,0.9165086343170628,0.4176355656306293,1.8755614317778425e-08,1.809445905647156e-08
P51,wavelet,8,HbO,0.8407288816065137,0.5440679938456159,1.646407169344219e-08,2.072060195037565e-08
P51,wavelet,8,HbR,0.7097050158186379,0.7166614247167186,8.909965968823287e-09,1.520172548667256e-08
P51,wavelet,9,HbO,0.8635242280169433,0.5421423221477585,1.2727198713398315e-07,1.1984540976266058e-07
P51,wavelet,9,HbR,0.5687897577424869,1.2605717648823491,5.1677279666330114e-08,3.401736774567516e-08
P51,wavelet,10,HbO,0.8226213911428748,0.6035701297796743,2.519501553269268e-07,2.462444958763147e-07
P51,wavelet,10,HbR,0.268771791589531,1.7793534693458088,1.0539702052379155e-07,5.995827661688051e-08
P51,wavelet,11,HbO,0.6861575825250563,1.1189733760783407,1.4553196811305596e-08,9.517257961399618e-09
P51,wavelet,11,HbR,0.7828118515693467,0.8150334587167326,8.187348257176963e-09,6.2771539995063204e-09
P51,wavelet,12,HbO,0.39400804403035505,2.193524640595348,1.9834245545695437e-08,8.350735058070044e-09
P51,wavelet,12,HbR,0.21348244498483618,2.38621216735825,1.2838457062258057e-08,5.398184284729491e-09
P51,wavelet,14,HbO,0.4837371326400467,1.5999205669021332,3.2986682248137145e-08,1.8171795469993995e-08
P51,wavelet,14,HbR,0.7375930171543738,0.9923117704879327,1.0414051752901376e-08,7.122848558928833e-09
P51,wavelet,15,HbO,0.5063835564868079,1.158695148214532,1.9819375084898205e-07,1.5526187692072212e-07
P51,wavelet,15,HbR,0.47137198448251394,1.616799677446434,9.364866261111851e-08,5.127385236081194e-08
P51,wavelet,16,HbO,0.27537084953292984,2.8473089016993245,2.14499176592718e-08,7.292003093799598e-09
P51,wavelet,16,HbR,0.6535401619530653,1.206204936322845,7.282151766343878e-09,4.591250648884293e-09
P51,wavelet,17,HbO,0.3199968442143558,1.998102635855992,1.6140302623896366e-08,7.80089881470963e-09
P51,wavelet,17,HbR,0.6532668862798914,1.4343502904337349,1.0302104172094816e-08,5.528518247496036e-09
P51,wavelet,18,HbO,0.8564473723460523,0.5538846449622532,5.444476948872418e-10,5.15412819324223e-10
P51,wavelet,18,HbR,0.9164124852611932,0.40414390762768176,5.359336197050867e-10,5.511072289822865e-10
P51,wavelet,19,HbO,0.8845747734781493,0.5030081397276157,4.815564520915145e-10,4.488801081102344e-10
P51,wavelet,19,HbR,0.843205060106236,0.5844883253600239,3.1129278095469955e-10,2.906139046898496e-10
P51,wavelet,20,HbO,0.9320745392362207,0.43732822579985675,2.877082611730264e-10,2.450623215193566e-10
P51,wavelet,20,HbR,0.9649668836991379,0.272705504691245,1.2439373045763865e-10,1.1981796245425702e-10
P51,wavelet,21,HbO,0.7868616486641901,0.9856303503472278,2.9763596446246214e-10,1.9196614369577518e-10
P51,wavelet,21,HbR,0.8728289076494117,0.5419747768606225,1.4182375575365169e-10,1.2797586080807392e-10
P51,wavelet,22,HbO,0.5619599248368683,1.6000467960950524,1.3990135220027158e-08,7.272401271550996e-09
P51,wavelet,22,HbR,0.3192467366897897,1.554109787491552,7.672106155173782e-09,4.9719788211768424e-09
P51,wavelet,23,HbO,0.09528327810045131,1.8747574455294247,1.1435296411453675e-08,6.824653980841213e-09
P51,wavelet,23,HbR,0.7395548161667357,1.1530829916500047,7.270393962942663e-09,4.352005817566424e-09
P15,none,1,HbO,0.8276353447421304,0.7069114679370776,1.8141841163203497e-07,1.4432292612251372e-07
P15,none,1,HbR,0.8156824323171029,0.7235163227229552,5.2259365555695593e-08,4.180054971635377e-08
P15,none,2,HbO,0.5451690096502471,2.206545911311944,6.330536350722636e-07,2.4477645602294915e-07
P15,none,2,HbR,0.6995325102777687,0.9719544673465138,7.150150535397116e-08,5.265471921677464e-08
P15,none,3,HbO,0.6825053266474101,1.2236235279978844,4.1932109467139476e-07,2.520368342103421e-07
P15,none,3,HbR,0.5950223563891638,1.1783739940657512,1.0616771561194856e-07,7.287872991145872e-08
P15,none,4,HbO,0.8466721898181935,0.6566907623007471,1.1338365291020705e-07,9.207917503331816e-08
P15,none,4,HbR,0.8783588130053326,0.5080932959745103,2.6780769092050425e-08,2.5513202308866e-08
P15,none,5,HbO,0.9255584383605391,0.40564196276713216,7.820981176108775e-07,7.303160451474806e-07
P15,none,5,HbR,0.5766214454025691,0.8628050414916439,8.224820412457408e-08,9.631762294916876e-08
P15,none,7,HbO,0.8577977713362724,0.5686822266479863,1.1496864835888973e-06,1.0442496637884184e-06
P15,none,7,HbR,0.4846609576810451,0.9756741496746107,1.0958603050177787e-07,1.196024939978837e-07
P15,none,8,HbO,0.8307359277543768,0.7161713083840882,5.837226769436486e-07,4.5562445344031007e-07
P15,none,8,HbR,0.8535687109148491,0.5494201492245308,9.538648715302568e-08,9.2789982195669e-08
P15,none,9,HbO,0.784477595528794,0.8574938154341155,7.83263901620486e-07,5.689531729879379e-07
P15,none,9,HbR,0.326111370232582,2.9244043191760274,1.4868381017382366e-07,4.80631642304461e-08
P15,none,10,HbO,0.8380999980872996,0.651327617326806,4.963027150836746e-07,4.157288606763864e-07
P15,none,10,HbR,0.7501853977289992,0.7899351813138035,7.28417369858101e-08,6.161105668035918e-08
P15,none,11,HbO,0.8600711873806698,0.6398473171515625,7.338364147453561e-08,5.889492998276319e-08
P15,none,11,HbR,0.7929550839913945,0.6984407339125678,1.9432583865678305e-08,1.7134931490368677e-08
P15,none,12,HbO,0.4913681960271981,2.0720724599486866,9.713552413196504e-07,4.096035704752125e-07
P15,none,12,HbR,0.30113210272150004,1.4199351897701333,1.2496331267686093e-07,9.234956872743328e-08
P15,none,14,HbO,0.7731661637516287,1.025257413380047,3.8384851447702963e-07,2.4315772252598995e-07
P15,none,14,HbR,0.7697503314832815,0.7982379826019701,8.528726125851354e-08,6.828374735766996e-08
P15,none,15,HbO,0.6923382097518104,1.2220313691595024,2.97952056692092e-07,1.7750947366814933e-07
P15,none,15,HbR,0.32646489621996116,1.3121522769229341,6.469611852206574e-08,5.2325342336721157e-08
P15,none,16,HbO,0.8640404245332659,0.6421371874436183,3.363905882074362e-07,2.6652622759154035e-07
P15,none,16,HbR,0.6898963311245357,0.8583708244156522,6.09779091300937e-08,5.2974268411401674e-08
P15,none,17,HbO,0.8405493615989844,0.6633548042267872,3.1171672900822287e-07,2.5494515520856227e-07
P15,none,17,HbR,0.8716557842026055,0.5610626264683938,5.801765953432006e-08,5.069232885631806e-08
P15,none,18,HbO,0.9354809263210175,0.3535341932283755,5.605655732279666e-10,5.954268363957531e-10
P15,none,18,HbR,0.9769253224603506,0.2179139503295212,4.551101732300342e-10,4.4669269079832206e-10
P15,none,19,HbO,0.9537939237123678,0.3083130734380226,3.8301703810567635e-10,3.746566652353726e-10
P15,none,19,HbR,0.9210839448893304,0.39764755379621824,3.133746172932082e-10,3.7229254982935895e-10
P15,none,20,HbO,0.575735093512428,4.502706736291159,2.510830642525312e-06,5.018066411588129e-07
P15,none,20,HbR,0.4848324799208096,3.957041579204929,3.2085911879200244e-07,7.386247960611112e-08
P15,none,21,HbO,0.5634773105886279,4.512726200510907,2.5214220603719242e-06,5.042908306650052e-07
P15,none,21,HbR,0.438006441633079,3.5202266700378306,2.61169291193469e-07,6.798636661446553e-08
P15,none,22,HbO,0.09495006695839611,4.276001767560203,5.807571860400551e-08,1.3655399287742489e-08
P15,none,22,HbR,0.13352016404746414,3.8762774790984147,2.8985261778766527e-08,7.468853624350469e-09
P15,none,23,HbO,0.08878542425574294,4.307314298821139,5.394497220519944e-08,1.2607305724440882e-08
P15,none,23,HbR,0.13012167952435286,4.060433177894953,2.7710754223530225e-08,6.8127548881697365e-09
P15,wavelet,1,HbO,0.35702609399311125,1.8081379114798508,2.735748243483456e-07,1.4432292612251372e-07
P15,wavelet,1,HbR,0.3785492471416517,1.4691765367286167,6.328829915070706e-08,4.180054971635377e-08
P15,wavelet,2,HbO,0.6749754207066155,0.7578155677029964,2.0752083119832762e-07,2.4477645602294915e-07
P15,wavelet,2,HbR,0.4023364324032053,1.6089944522630875,9.071736243687017e-08,5.265471921677464e-08
P15,wavelet,3,HbO,0.7027445768099019,0.9021830847271642,3.168764726833918e-07,2.520368342103421e-07
P15,wavelet,3,HbR,0.2886714533996948,2.499157949910895,1.8846281114643327e-07,7.287872991145872e-08
P15,wavelet,4,HbO,0.5005724198669206,1.4992720552381285,1.5805121093102697e-07,9.207917503331816e-08
P15,wavelet,4,HbR,0.2366081543983398,1.602595636107762,3.840970294315681e-08,2.5513202308866e-08
P15,wavelet,5,HbO,0.41977198726895504,1.3524246140444538,1.0358964306516517e-06,7.303160451474806e-07
P15,wavelet,5,HbR,0.1921099388596519,2.005289411705539,1.8644415300307716e-07,9.631762294916876e-08
P15,wavelet,7,HbO,0.5953144468432878,0.9481943976410923,1.1445132445392229e-06,1.0442496637884184e-06
P15,wavelet,7,HbR,0.6445086249484127,1.2694033445447368,1.9825041007599153e-07,1.196024939978837e-07
P15,wavelet,8,HbO,0.8146509940182944,0.6642797790908606,5.180135479873951e-07,4.5562445344031007e-07
P15,wavelet,8,HbR,0.34698597384509244,1.9250122769977962,1.8725295391058708e-07,9.2789982195669e-08
P15,wavelet,9,HbO,0.6166852476387404,0.9668152172962639,6.701977944877759e-07,5.689531729879379e-07
P15,wavelet,9,HbR,0.09176634145368065,3.619741269075791,1.7166806337356172e-07,4.80631642304461e-08
P15,wavelet,10,HbO,0.6520990147744462,0.9446522499780011,5.052273856416781e-07,4.157288606763864e-07
P15,wavelet,10,HbR,0.6159042749823653,1.286016863669974,1.0056007607285049e-07,6.161105668035918e-08
P15,wavelet,11,HbO,0.3172992110043086,1.9148590337652807,1.1614950004308267e-07,5.889492998276319e-08
P15,wavelet,11,HbR,0.054204255018379645,2.828309179369708,4.6076107869533854e-08,1.7134931490368677e-08
P15,wavelet,12,HbO,0.5730158857903198,1.147731009712827,5.624898934379917e-07,4.096035704752125e-07
P15,wavelet,12,HbR,0.5456728318301601,1.4993704828396714,1.651244133515596e-07,9.234956872743328e-08
P15,wavelet,14,HbO,0.3436559794970528,1.7403869686775142,4.379187530340696e-07,2.4315772252598995e-07
P15,wavelet,14,HbR,0.21721404359204577,1.7431562656972623,1.1313911241287483e-07,6.828374735766996e-08
P15,wavelet,15,HbO,0.6386458682281728,1.0189749430086916,2.319043388137329e-07,1.7750947366814933e-07
P15,wavelet,15,HbR,0.37434465796700195,1.992509062141706,1.1158363783440028e-07,5.2325342336721157e-08
P15,wavelet,16,HbO,0.7196642172841958,0.974085012458144,3.7370476396249633e-07,2.6652622759154035e-07
P15,wavelet,16,HbR,0.43161783982044677,2.0183974850403335,1.1818360343618605e-07,5.2974268411401674e-08
P15,wavelet,17,HbO,0.43697479992797167,1.739044444596304,4.883700017835904e-07,2.5494515520856227e-07
P15,wavelet,17,HbR,0.8092986125835535,0.7339289124417081,6.326468031196189e-08,5.069232885631806e-08
P15,wavelet,18,HbO,0.9053683363887142,0.42672265319047703,5.605386541539655e-10,5.954268363957531e-10
P15,wavelet,18,HbR,0.9225804973927221,0.4001921402415214,4.5798759841574135e-10,4.4669269079832206e-10
P15,wavelet,19,HbO,0.6584319912693738,0.8378540547318912,3.833784473081083e-10,3.746566652353726e-10
P15,wavelet,19,HbR,0.8723701855969026,0.4953012406116882,3.536519607242958e-10,3.7229254982935895e-10
P15,wavelet,20,HbO,0.2794495242519262,1.0454465579911865,3.4767092935112716e-07,5.018066411588129e-07
P15,wavelet,20,HbR,0.1844806983568093,1.4750475652180095,9.482147966479053e-08,7.386247960611112e-08
P15,wavelet,21,HbO,0.1658754065458293,1.180144962493443,4.103787384546177e-07,5.042908306650052e-07
P15,wavelet,21,HbR,0.5396461698108529,1.33684659210311,1.0715701755732738e-07,6.798636661446553e-08
P15,wavelet,22,HbO,-0.2728353253636559,6.805496062730303,8.7826126632364e-08,1.3655399287742489e-08
P15,wavelet,22,HbR,-0.33010762112055475,6.269817131167847,4.360499636610099e-08,7.468853624350469e-09
P15,wavelet,23,HbO,-0.3546504251271186,6.887003995820231,8.113745161044435e-08,1.2607305724440882e-08
P15,wavelet,23,HbR,-0.22595524564078165,6.284470474311521,4.055273446730394e-08,6.8127548881697365e-09
P67,none,1,HbO,0.9668312306935033,0.25589598559888854,1.9045154205140034e-07,1.9478375228204043e-07
P67,none,1,HbR,0.9645414214390202,0.26562273560059185,7.509552159422325e-08,8.029486282762579e-08
P67,none,2,HbO,0.9810294020435891,0.19528466449077056,5.164342872432219e-07,5.142566525102359e-07
P67,none,2,HbR,0.9195412251743355,0.4147142284964233,8.994189709714323e-08,8.551764161380651e-08
P67,none,3,HbO,0.963562527825481,0.2697590647321569,2.1163920015474812e-07,2.124244199132776e-07
P67,none,3,HbR,0.9783742623375218,0.20843190307580595,1.3406595215913787e-07,1.40559794950649e-07
P67,none,4,HbO,0.9875686812880986,0.15725968887387579,2.486153741689419e-07,2.5275967091803084e-07
P67,none,4,HbR,0.9356987796601182,0.35888399621518186,7.719376728387265e-08,7.710225196193e-08
P67,none,5,HbO,0.9665663253574638,0.2817041903443363,3.542495310495997e-07,3.2704676347936635e-07
P67,none,5,HbR,0.8705925907397712,0.4981499487377021,6.886914574727358e-08,7.267367116593457e-08
P67,none,7,HbO,0.9501139031464771,0.34760124381480834,4.743795742932751e-07,4.298837761411336e-07
P67,none,7,HbR,0.932015602965052,0.3664003383931619,7.153079766221454e-08,7.255521662116118e-08
P67,none,8,HbO,0.9320212745050632,0.41832439053718656,1.5114636383374537e-07,1.324827702268369e-07
P67,none,8,HbR,0.9000635479744067,0.4682191207592531,3.53836521042078e-08,3.302886746096617e-08
P67,none,9,HbO,0.948973997487476,0.3668029341211569,3.2953803847264174e-07,2.90024104001405e-07
P67,none,9,HbR,0.9017704228814465,0.4406194571943339,6.11650656251859e-08,6.195076846738838e-08
P67,none,10,HbO,0.9084104519701052,0.5314225996960523,4.026905178841177e-07,3.2569327119226627e-07
P67,none,10,HbR,0.8587840706740593,0.5340203754939417,5.2265494547674904e-08,5.1813222322244804e-08
P67,none,11,HbO,0.9557425984599176,0.3181699971430391,2.7027156688358487e-07,2.510122299308731e-07
P67,none,11,HbR,0.8729925067333393,0.544792062166036,4.203246909946955e-08,3.76805316358986e-08
P67,none,12,HbO,0.9471961132278579,0.3432106019472927,4.394844488563095e-07,4.1105946700137987e-07
P67,none,12,HbR,0.6635407075250891,0.8608604778847302,8.905291211038914e-08,8.189356657581769e-08
P67,none,14,HbO,0.9539453337901183,0.3305376556729625,2.569634225197452e-07,2.351736835417726e-07
P67,none,14,HbR,0.9367405980464183,0.3649970468583441,1.0920683977979174e-07,1.050200523783752e-07
P67,none,15,HbO,0.8674002615794829,0.6427498191277956,2.499109856479474e-07,1.9612745929909474e-07
P67,none,15,HbR,0.89668306494541,0.4445921575123359,8.61915798478055e-08,9.198762783155875e-08
P67,none,16,HbO,0.9522043049332961,0.3440515077238428,2.2444462049931083e-07,2.021243301831857e-07
P67,none,16,HbR,0.8538170509392865,0.5378435614529326,3.992516985562423e-08,4.0386078656408136e-08
P67,none,17,HbO,0.9638863403346117,0.2895858625449893,2.0623265503131278e-07,1.9139113731652448e-07
P67,none,17,HbR,0.9269142796869837,0.3965211997146209,3.5429372020571464e-08,3.366442316173716e-08
P67,none,18,HbO,0.9244422213432447,0.4085837256917772,9.902606283653198e-10,1.271632015410464e-09
P67,none,18,HbR,0.9812940185535365,0.19518864148647935,7.14905755998814e-10,7.055162675715983e-10
P67,none,19,HbO,0.9547268985726575,0.3266760034726934,5.639368427056543e-10,5.178376313927818e-10
P67,none,19,HbR,0.951005762607808,0.3145571096615084,4.96325710312084e-10,5.551159589333947e-10
P67,none,20,HbO,0.48063712216211407,6.153593965796809,6.72550199791347e-06,1.023493804866775e-06
P67,none,20,HbR,0.4607747902898908,6.492987982726604,1.0407505949208328e-06,1.50991346130747e-07
P67,none,21,HbO,0.4740576923678333,6.229822513430666,8.461807119774525e-06,1.2741861456087717e-06
P67,none,21,HbR,0.4004075765667902,6.676766225101448,1.443140876084122e-06,2.057570237118677e-07
P67,none,22,HbO,0.9326817596291763,0.4610629389232535,3.5941160358744404e-07,2.94632576520243e-07
P67,none,22,HbR,0.8047198520026362,0.6001239564898833,4.46086935835969e-08,4.9994517042981364e-08
P67,none,23,HbO,0.9365554164879754,0.4539529317386706,2.7699509036449377e-07,2.2611555432060473e-07
P67,none,23,HbR,0.8764681652000691,0.5251864793620165,5.116495923680456e-08,4.710164481273527e-08
P67,wavelet,1,HbO,0.672662482104657,0.7935191410412086,1.8676521083510393e-07,1.9478375228204043e-07
P67,wavelet,1,HbR,0.42853745210789,1.4543995986300386,1.254759694012304e-07,8.029486282762579e-08
P67,wavelet,2,HbO,0.8914537193619768,0.4853833121402234,5.473017824536488e-07,5.142566525102359e-07
P67,wavelet,2,HbR,0.6452648024259615,1.0420944840851976,1.1572939876968717e-07,8.551764161380651e-08
P67,wavelet,3,HbO,0.6575857280290468,0.8808942405044881,2.359198644076574e-07,2.124244199132776e-07
P67,wavelet,3,HbR,0.8576157767740765,0.5509912076973483,1.4825753427469435e-07,1.40559794950649e-07
P67,wavelet,4,HbO,0.910837380757147,0.4503973789093119,2.7548721282102156e-07,2.5275967091803084e-07
P67,wavelet,4,HbR,0.6992248063017916,1.0015484680480886,1.0769390226897785e-07,7.710225196193e-08
P67,wavelet,5,HbO,0.652972024298343,1.0039662799100775,4.2735740500520676e-07,3.2704676347936635e-07
P67,wavelet,5,HbR,0.6927267762368111,1.1089474687343064,1.1156150207877888e-07,7.267367116593457e-08
P67,wavelet,7,HbO,0.9316795379157994,0.38708010018006417,4.5788847109736034e-07,4.298837761411336e-07
P67,wavelet,7,HbR,0.5692137271907161,1.6352760926314474,1.4354472706680186e-07,7.255521662116118e-08
P67,wavelet,8,HbO,0.6306099733849445,1.1171710777149444,1.8906098862704521e-07,1.324827702268369e-07
P67,wavelet,8,HbR,0.9055620960917101,0.43461315861658334,3.3024560587478214e-08,3.302886746096617e-08
P67,wavelet,9,HbO,0.8294149598134992,0.6128323915869419,3.1296241924730424e-07,2.90024104001405e-07
P67,wavelet,9,HbR,0.729555177025927,1.0061249599204691,9.081177019455989e-08,6.195076846738838e-08
P67,wavelet,10,HbO,0.8291041276255449,0.6017251875290136,3.4242394367237896e-07,3.2569327119226627e-07
P67,wavelet,10,HbR,0.5781541862697763,1.5384690435806276,9.753229669882113e-08,5.1813222322244804e-08
P67,wavelet,11,HbO,0.9046214248664084,0.4292740283484938,2.3985567873574534e-07,2.510122299308731e-07
P67,wavelet,11,HbR,0.6762906758975177,1.2814509191412609,6.495936763317488e-08,3.76805316358986e-08
P67,wavelet,12,HbO,0.8287005065586869,0.5866574725284617,4.126191027813796e-07,4.1105946700137987e-07
P67,wavelet,12,HbR,0.6961071924500859,1.8386210763800432,1.9513539188779767e-07,8.189356657581769e-08
P67,wavelet,14,HbO,0.6415113648687171,0.897502464939451,2.60280738767822e-07,2.351736835417726e-07
P67,wavelet,14,HbR,0.6966039024390066,1.2729364754548702,1.8331291637798176e-07,1.050200523783752e-07
P67,wavelet,15,HbO,0.7731224576157535,0.7479014478762037,2.2932861351712394e-07,1.9612745929909474e-07
P67,wavelet,15,HbR,0.7528478028479819,0.8849236305717325,1.2362896184744674e-07,9.198762783155875e-08
P67,wavelet,16,HbO,0.719905973160871,0.9190374450932435,2.6609895374399625e-07,2.021243301831857e-07
P67,wavelet,16,HbR,0.37492850279737755,1.8898587632472654,8.129475835169983e-08,4.0386078656408136e-08
P67,wavelet,17,HbO,0.6674894596147076,1.104716798132447,2.825247483487404e-07,1.9139113731652448e-07
P67,wavelet,17,HbR,0.5481262200510204,1.2841854094104324,5.103424959551861e-08,3.366442316173716e-08
P67,wavelet,18,HbO,0.8554121182371378,0.5279398673261609,9.600734531493587e-10,1.271632015410464e-09
P67,wavelet,18,HbR,0.8711501710534599,0.5224622498742408,7.393419121286572e-10,7.055162675715983e-10
P67,wavelet,19,HbO,0.7345136297330763,0.7453936436005391,5.394428674972616e-10,5.178376313927818e-10
P67,wavelet,19,HbR,0.9281095470871213,0.37820548323196745,5.520345327286122e-10,5.551159589333947e-10
P67,wavelet,20,HbO,-0.03477015425770385,3.809255706917084,3.7114212692773886e-06,1.023493804866775e-06
P67,wavelet,20,HbR,0.4034619123642405,3.0378339173181144,4.98297120483353e-07,1.50991346130747e-07
P67,wavelet,21,HbO,0.0509950609260014,2.819456719426469,3.412151604952712e-06,1.2741861456087717e-06
P67,wavelet,21,HbR,0.16973382955587446,3.0009657103192633,6.159458005139671e-07,2.057570237118677e-07
P67,wavelet,22,HbO,0.7743199859826498,0.6916256145331809,3.101463289532816e-07,2.94632576520243e-07
P67,wavelet,22,HbR,0.37458619851534075,3.4337623205219363,1.8322525769938346e-07,4.9994517042981364e-08
P67,wavelet,23,HbO,0.7024383595027298,0.9638647149314381,3.046002177842352e-07,2.2611555432060473e-07
P67,wavelet,23,HbR,0.6049472621654861,1.3043167126137647,7.697813054750202e-08,4.710164481273527e-08
P59,none,1,HbO,0.5855457023619338,1.93139224410676,4.985957349984702e-07,2.1320422398476466e-07
P59,none,1,HbR,0.5507002237584201,1.2832679542478904,7.190958339758023e-08,4.7142641210828395e-08
P59,none,2,HbO,0.9147095209686167,0.5084264865192747,5.767610470968065e-07,4.715029554896604e-07
P59,none,2,HbR,0.4804490982787174,1.044137168606317,7.458440313252793e-08,7.124157567257046e-08
P59,none,3,HbO,0.5249522889953421,2.1300319327307555,6.630811205574418e-07,2.6763661241094245e-07
P59,none,3,HbR,0.40688606087711127,1.7826586195611198,1.5019465011601056e-07,7.751217286014219e-08
P59,none,4,HbO,0.9319528759709196,0.43115794100283333,1.851892841164308e-07,1.5892668486855086e-07
P59,none,4,HbR,0.8550513287917625,0.5532354452831769,4.2175034352658915e-08,4.0264741386073684e-08
P59,none,5,HbO,0.8514739837077936,0.7474430150185305,4.774934316397269e-07,3.4498880971689786e-07
P59,none,5,HbR,0.49492676240603717,1.547183597504719,1.360766933234511e-07,7.66605871787391e-08
P59,none,7,HbO,0.8508222581031105,0.7156443566204048,6.478548416093339e-07,4.846800170113792e-07
P59,none,7,HbR,0.4645742387697739,1.2361796197320967,1.307930413472237e-07,9.855476835869188e-08
P59,none,8,HbO,0.41789352454712825,5.328641560133944,1.0968646366034528e-06,1.9350317753974087e-07
P59,none,8,HbR,0.35598318103477933,5.431238239768786,1.587825314924687e-07,2.782759268803597e-08
P59,none,10,HbO,0.592190838532031,1.6091410967110096,6.791420366699621e-07,3.421309051998168e-07
P59,none,10,HbR,0.2873249184924347,3.1660543514228903,3.540909412502961e-07,1.0713942235943173e-07
P59,none,11,HbO,0.6938428669840085,1.2787536499342105,4.210922827117274e-07,2.405501670247993e-07
P59,none,11,HbR,0.38918722004216777,1.8887579279242357,1.3833893492664388e-07,6.787684215056674e-08
P59,none,12,HbO,0.6510486038265356,1.5104219840522206,3.351592524432785e-07,1.7127253074568095e-07
P59,none,12,HbR,0.7348484632034225,0.958837984544232,6.325881121842624e-08,4.478206300026116e-08
P59,none,14,HbO,0.7424377941502944,1.06733289474929,6.260972851688526e-08,3.979666158721986e-08
P59,none,14,HbR,0.73008794365493,0.9966665701502118,1.7977273812103493e-08,1.235222063813779e-08
P59,none,15,HbO,0.6621430695417694,1.4651741954511381,7.20718777173333e-07,3.7514430106203203e-07
P59,none,15,HbR,0.7176335613037783,0.8993963865266146,1.5675411326129422e-07,1.2182021505539738e-07
P59,none,16,HbO,0.38815030068629663,4.19144188296168,7.753366838399017e-07,1.731895977818669e-07
P59,none,16,HbR,0.36828153669333663,4.2977329914620634,2.431683748551398e-07,5.327902387257177e-08
P59,none,17,HbO,0.3815128852537593,4.5667236783710665,6.341516883882773e-07,1.306589290057043e-07
P59,none,17,HbR,0.3789914110006366,4.604048744568064,2.2832216148690506e-07,4.670257497565681e-08
P59,none,18,HbO,0.6950799689640001,0.9966286271091888,6.879465507666561e-10,4.966648620921601e-10
P59,none,18,HbR,0.5629975877720433,1.953922070580171,6.182989454857845e-10,2.6500838272073793e-10
P59,none,19,HbO,0.7146090288996129,0.8954268033810472,5.011649790574709e-10,3.9404287347846816e-10
P59,none,19,HbR,0.6441546245649298,1.4419310262115108,3.839269810286694e-10,2.0572468408114417e-10
P59,none,20,HbO,0.9633377033152427,0.3115288839362689,2.750138674742691e-10,2.4532420188052593e-10
P59,none,20,HbR,0.955571763201574,0.30943816564458854,1.1577639944717073e-10,1.1033490244441922e-10
P59,none,21,HbO,0.9494315386329198,0.3478357623674557,2.649386881423003e-10,2.4116562800488315e-10
P59,none,21,HbR,0.8686794994539462,0.5669548970442457,1.3395587344390108e-10,1.1738805234775304e-10
P59,none,22,HbO,0.8229895546874837,0.72427003482944,9.094920568355701e-08,7.15227702151198e-08
P59,none,22,HbR,0.8152377998010529,0.6764435203766606,2.199568687253044e-08,1.8884201365257604e-08
P59,none,23,HbO,0.7240444272532405,1.0423684533418103,1.121627480446905e-07,7.452174764839747e-08
P59,none,23,HbR,0.7642962420345671,0.833118405383806,2.3512015788001594e-08,1.8201738075156475e-08
P59,wavelet,1,HbO,0.39692567520290784,1.5443797384882618,3.486955228733059e-07,2.1320422398476466e-07
P59,wavelet,1,HbR,0.5834930702890251,1.1568541121872726,6.631378302134018e-08,4.7142641210828395e-08
P59,wavelet,2,HbO,0.7282102139350914,0.9098004447890153,6.240255615374631e-07,4.715029554896604e-07
P59,wavelet,2,HbR,0.4812275805319505,1.8408776060364407,1.4960174542075858e-07,7.124157567257046e-08
P59,wavelet,3,HbO,0.4600382658992454,1.3649487407317427,3.998285136787763e-07,2.6763661241094245e-07
P59,wavelet,3,HbR,0.5995791319159182,1.2370593844262843,1.194330403954969e-07,7.751217286014219e-08
P59,wavelet,4,HbO,0.9085240041143235,0.4422776575901079,1.673704666214372e-07,1.5892668486855086e-07
P59,wavelet,4,HbR,0.757622817098571,0.7804953160391235,4.7705348643885165e-08,4.0264741386073684e-08
P59,wavelet,5,HbO,0.7735551225581395,0.8714880875967544,4.7235053542458395e-07,3.4498880971689786e-07
P59,wavelet,5,HbR,0.4965457497632422,2.287935615101308,1.9993021486484438e-07,7.66605871787391e-08
P59,wavelet,7,HbO,0.739674523532562,0.7454668166151837,5.129775862506341e-07,4.846800170113792e-07
P59,wavelet,7,HbR,0.5876581517259467,1.3433736775629046,1.6343654739283983e-07,9.855476835869188e-08
P59,wavelet,8,HbO,-0.09560443454016708,3.882239818918241,7.04839477672186e-07,1.9350317753974087e-07
P59,wavelet,8,HbR,-0.05868506064302171,3.3690536018836723,8.75566564278863e-08,2.782759268803597e-08
P59,wavelet,10,HbO,0.5627007054832301,1.0648801661909906,4.218754965060324e-07,3.421309051998168e-07
P59,wavelet,10,HbR,0.1565188861556487,2.9987796862813694,3.1878611128458754e-07,1.0713942235943173e-07
P59,wavelet,11,HbO,0.4769849673613993,1.20839994845326,3.1358904672461463e-07,2.405501670247993e-07
P59,wavelet,11,HbR,0.4982971014569017,1.677861472997512,1.3127645538240655e-07,6.787684215056674e-08
P59,wavelet,12,HbO,0.5480755717612382,1.2361510704488454,2.4940337609727926e-07,1.7127253074568095e-07
P59,wavelet,12,HbR,0.2907334897693608,1.8905097106861068,8.589356763601042e-08,4.478206300026116e-08
P59,wavelet,14,HbO,0.4445230702374456,1.49000619717699,6.4762909461762e-08,3.979666158721986e-08
P59,wavelet,14,HbR,0.23482405651882207,2.2763391543014975,2.8200064026223467e-08,1.235222063813779e-08
P59,wavelet,15,HbO,0.7076510568608909,0.8604357788424924,4.4954894261391235e-07,3.7514430106203203e-07
P59,wavelet,15,HbR,0.5997811699315692,1.2370508632229016,1.879809019495804e-07,1.2182021505539738e-07
P59,wavelet,16,HbO,-0.11344970171228726,3.788416953345497,6.107536087191273e-07,1.731895977818669e-07
P59,wavelet,16,HbR,-0.05588050744714143,3.173336316473867,1.5687262422182257e-07,5.327902387257177e-08
P59,wavelet,17,HbO,-0.13407960442353323,3.792292928632047,4.587385103524742e-07,1.306589290057043e-07
P59,wavelet,17,HbR,-0.13965195237602065,3.8350448728888185,1.658030250957937e-07,4.670257497565681e-08
P59,wavelet,18,HbO,0.7599217036545582,1.1475405714662443,8.452167787659108e-10,4.966648620921601e-10
P59,wavelet,18,HbR,-0.0423078925592401,2.2163764007441342,5.111027698405141e-10,2.6500838272073793e-10
P59,wavelet,19,HbO,0.7384121543664077,1.3336725639477598,7.417472455111903e-10,3.9404287347846816e-10
P59,wavelet,19,HbR,0.5493894800957295,1.4588476108905748,3.581811376466573e-10,2.0572468408114417e-10
P59,wavelet,20,HbO,0.9617157602713267,0.3197656395109301,2.761996140170512e-10,2.4532420188052593e-10
P59,wavelet,20,HbR,0.9411270558339834,0.35645884263320643,1.162742687683836e-10,1.1033490244441922e-10
P59,wavelet,21,HbO,0.9180209287175871,0.4298637730478449,2.612700307539571e-10,2.4116562800488315e-10
P59,wavelet,21,HbR,0.9215377553470819,0.4251606284473771,1.2835952955389067e-10,1.1738805234775304e-10
P59,wavelet,22,HbO,0.5450866392641386,1.2341593759304785,1.0341523570634863e-07,7.15227702151198e-08
P59,wavelet,22,HbR,0.16459957886382864,3.0651757808236555,5.76791532957218e-08,1.8884201365257604e-08
P59,wavelet,23,HbO,0.4837834425459924,1.440740874072393,1.2074440202948788e-07,7.452174764839747e-08
P59,wavelet,23,HbR,0.6585140270512615,1.064175430863738,2.562721586997689e-08,1.8201738075156475e-08
P50,none,1,HbO,0.5894051847574492,1.7312406971955014,6.427821208669922e-08,3.031238824305513e-08
P50,none,1,HbR,0.666235214554078,1.7458765894317771,2.625764973862956e-08,1.1698341598611188e-08
P50,none,2,HbO,0.7532677528284512,1.1902125064008515,3.34603402964214e-07,1.917305824406551e-07
P50,none,2,HbR,0.7297297046204358,1.2742935698544395,2.0221947371427394e-07,1.1203023262529094e-07
P50,none,3,HbO,0.5664933346767994,2.0779847840248764,2.726167375419692e-07,1.1018916825456225e-07
P50,none,3,HbR,0.6587128069853019,1.7969701292366813,1.0508353764471203e-07,4.5877638759569344e-08
P50,none,4,HbO,0.7291635084586918,1.0996833816496419,2.0368610951426463e-07,1.2811647362379945e-07
P50,none,4,HbR,0.6635707534411304,1.2347044827960412,8.251686957527095e-08,5.013734286526082e-08
P50,none,5,HbO,0.9400870728039603,0.4114050112782411,3.4226895682837237e-07,2.92456504499779e-07
P50,none,5,HbR,0.8852934547191978,0.5103209641697964,7.550093741363146e-08,6.892766810988081e-08
P50,none,7,HbO,0.8480215577886994,0.823838182168489,3.014399911407274e-07,2.0385033658349724e-07
P50,none,7,HbR,0.7037193488572063,0.9738916471823506,6.92132224370703e-08,5.054096319623278e-08
P50,none,8,HbO,0.5487662102551669,5.014598037766117,4.84689837808778e-06,8.823466005001839e-07
P50,none,8,HbR,0.5708973293062629,4.712350238479601,1.8522773878962124e-06,3.554435118609209e-07
P50,none,9,HbO,0.5517348600066136,4.921626184098207,5.08961256752831e-06,9.421405434789753e-07
P50,none,9,HbR,0.5584300458953372,4.685424785856161,1.6351562908188787e-06,3.1628797201691216e-07
P50,none,10,HbO,0.8881971761188778,0.6437577506585819,4.4737858794352094e-07,3.3408891537385576e-07
P50,none,10,HbR,0.7563247287213299,0.7393433789236094,8.971727465405163e-08,8.154869262677122e-08
P50,none,11,HbO,0.906829572639683,0.600731686676727,2.1980638451731952e-07,1.6467358731651098e-07
P50,none,11,HbR,0.8671792277324252,0.6547650403885146,5.633258234374329e-08,4.3592033151446736e-08
P50,none,12,HbO,0.963433703278725,0.31713919904092175,7.992658390293828e-07,7.053908510122984e-07
P50,none,12,HbR,0.8688901028037692,0.5152539995902268,9.662195167822211e-08,9.549326700386527e-08
P50,none,14,HbO,0.8070119736900769,0.9230073093884326,4.4876019027627425e-07,2.959569885139002e-07
P50,none,14,HbR,0.8439519735776092,0.7462407711403061,1.3309891560169735e-07,9.767160383420396e-08
P50,none,15,HbO,0.7661235114923339,1.058247348914362,3.0441377198191763e-07,1.894647486582973e-07
P50,none,15,HbR,0.8235333560141791,0.8710112427180877,1.613613221792451e-07,1.0870184108504722e-07
P50,none,16,HbO,0.6782208040862442,1.395729343046078,1.816573740351347e-07,9.741225039805071e-08
P50,none,16,HbR,0.7309940815477194,1.1981772069864502,6.273583840539859e-08,3.656565099820826e-08
P50,none,17,HbO,0.6100210355703514,1.6718263591564588,1.1388500907843587e-07,5.46964225247927e-08
P50,none,17,HbR,0.5969587606824828,1.6450196502979473,3.0744824664852874e-08,1.5127321245653508e-08
P50,none,18,HbO,0.8968880014844683,0.4462331109603349,5.25506849575847e-10,5.527639300996512e-10
P50,none,18,HbR,0.9112087890810839,0.41480032717285203,5.273957490213191e-10,6.058432915737263e-10
P50,none,19,HbO,0.9728658767299112,0.2471028401389249,4.1469690680026755e-10,3.9148996049565835e-10
P50,none,19,HbR,0.9462154624283449,0.32689868563655067,3.037847011333724e-10,3.0713222495336505e-10
P50,none,20,HbO,0.4190196021470999,5.564576091371946,5.955786947965217e-07,1.0079266847842535e-07
P50,none,20,HbR,0.4138905549225314,5.64145852787321,2.6165709176939334e-07,4.374547902799833e-08
P50,none,21,HbO,0.4293429053569035,5.477176021017721,5.50225193099106e-07,9.435433592407573e-08
P50,none,21,HbR,0.4134074772257205,5.703789233050215,2.6800878329309337e-07,4.434306794007254e-08
P50,none,22,HbO,0.3734623754413279,1.3371528100052081,1.9939596307513077e-08,1.4938211072690355e-08
P50,none,22,HbR,0.4414699472285851,1.1422688607946243,7.4013603758547835e-09,6.457638426633663e-09
P50,none,23,HbO,0.29129325408424217,1.131697964308523,1.0575849216354927e-08,1.1829762496384621e-08
P50,none,23,HbR,0.20569948094396479,1.1254484442111694,4.17750678808828e-09,5.524313840336929e-09
P50,wavelet,1,HbO,0.12809881823995548,2.808707890708545,8.314443239859247e-08,3.031238824305513e-08
P50,wavelet,1,HbR,0.00483381237800751,3.6234617907605093,4.0609697975835865e-08,1.1698341598611188e-08
P50,wavelet,2,HbO,0.5904094725885752,1.0021337189292072,2.2651764103233036e-07,1.917305824406551e-07
P50,wavelet,2,HbR,0.639199012641289,1.1667935485840475,1.698153650053454e-07,1.1203023262529094e-07
P50,wavelet,3,HbO,0.5686235871751212,1.0368998258887896,1.318180834476435e-07,1.1018916825456225e-07
P50,wavelet,3,HbR,0.3950225961951721,1.7076181250773435,8.387842528187696e-08,4.5877638759569344e-08
P50,wavelet,4,HbO,0.5384424172847743,1.1939004064196208,1.7670410413292975e-07,1.2811647362379945e-07
P50,wavelet,4,HbR,0.5740424042123523,0.977891689993079,5.557054518105857e-08,5.013734286526082e-08
P50,wavelet,5,HbO,0.6959088745194657,0.8018112684580395,3.0737269331142e-07,2.92456504499779e-07
P50,wavelet,5,HbR,0.4224102806290561,1.4655726009959564,1.0835153081010602e-07,6.892766810988081e-08
P50,wavelet,7,HbO,0.6299129285889469,0.9668778422684935,2.4562770876827625e-07,2.0385033658349724e-07
P50,wavelet,7,HbR,0.3210228056177513,2.3651545684131023,1.2546960376402873e-07,5.054096319623278e-08
P50,wavelet,8,HbO,0.15263231443123731,1.294743962267655,8.726030790436186e-07,8.823466005001839e-07
P50,wavelet,8,HbR,0.05405830694436355,1.2557116240920854,2.8984572304909267e-07,3.554435118609209e-07
P50,wavelet,9,HbO,0.17545718048752898,1.2847064360884852,9.427662707264557e-07,9.421405434789753e-07
P50,wavelet,9,HbR,0.0630093701854557,1.2617493763907963,2.640958970367352e-07,3.1628797201691216e-07
P50,wavelet,10,HbO,0.6752234946741053,0.8374916741715533,3.577747083040697e-07,3.3408891537385576e-07
P50,wavelet,10,HbR,0.6549504737884917,1.0360825798610565,1.1120127515369006e-07,8.154869262677122e-08
P50,wavelet,11,HbO,0.6608588996104484,0.8619529143574237,1.7830820976313473e-07,1.6467358731651098e-07
P50,wavelet,11,HbR,0.3592642345282259,1.7370600385654849,7.931375851369369e-08,4.3592033151446736e-08
P50,wavelet,12,HbO,0.7869640086465542,0.6770310286042309,7.51238395288229e-07,7.053908510122984e-07
P50,wavelet,12,HbR,0.18682993820440066,2.8380907806625544,2.7134030736143716e-07,9.549326700386527e-08
P50,wavelet,14,HbO,0.4975499965540882,1.3822213777125882,4.6401663701693576e-07,2.959569885139002e-07
P50,wavelet,14,HbR,0.5787240766466102,1.1916693506961886,1.4134200401800528e-07,9.767160383420396e-08
P50,wavelet,15,HbO,0.6341547978495075,1.0397237295870636,2.5142430919621134e-07,1.894647486582973e-07
P50,wavelet,15,HbR,0.7090987063619207,0.9828912880937183,1.5122324025082567e-07,1.0870184108504722e-07
P50,wavelet,16,HbO,0.5491483609995421,1.0929476397375575,1.2149507507504614e-07,9.741225039805071e-08
P50,wavelet,16,HbR,0.26022595431888224,2.0008714300670936,7.329573376064876e-08,3.656565099820826e-08
P50,wavelet,17,HbO,0.19939143995248004,2.9724813332504354,1.636227637763843e-07,5.46964225247927e-08
P50,wavelet,17,HbR,0.05114230843780291,3.516991300558318,5.156367540002184e-08,1.5127321245653508e-08
P50,wavelet,18,HbO,0.7370745480120194,0.7124253930640135,5.302979488352727e-10,5.527639300996512e-10
P50,wavelet,18,HbR,0.8204366542546462,0.5790565575115239,5.482026761800247e-10,6.058432915737263e-10
P50,wavelet,19,HbO,0.9318331647514484,0.409900584485272,4.383266872974639e-10,3.9148996049565835e-10
P50,wavelet,19,HbR,0.8143608525888305,0.6048328383991396,3.006882640495717e-10,3.0713222495336505e-10
P50,wavelet,20,HbO,-0.048566812441499393,4.387671055950008,4.241967725038137e-07,1.0079266847842535e-07
P50,wavelet,20,HbR,-0.04889376187259982,4.393200393668977,1.843436954389478e-07,4.374547902799833e-08
P50,wavelet,21,HbO,-0.04570969668633256,4.316977095829664,3.905363345890572e-07,9.435433592407573e-08
P50,wavelet,21,HbR,-0.04574914544072274,4.346573342768355,1.848828413829546e-07,4.434306794007254e-08
P50,wavelet,22,HbO,-0.2611577757168577,6.761031845384971,9.558797982869391e-08,1.4938211072690355e-08
P50,wavelet,22,HbR,-0.30765286880758563,6.421558562428758,3.882904674945767e-08,6.457638426633663e-09
P50,wavelet,23,HbO,-0.3689156293609481,7.293674858953745,8.080873886997578e-08,1.1829762496384621e-08
P50,wavelet,23,HbR,-0.3253545640479071,7.486576181272757,3.9036251057622106e-08,5.524313840336929e-09
P27,none,1,HbO,0.6238366375459846,1.5915008126988666,6.340148248852228e-07,3.1540800914601384e-07
P27,none,1,HbR,0.6647745379718913,1.1758966882550979,3.032202718632135e-07,1.9284667165471192e-07
P27,none,2,HbO,0.6272958216845669,1.3829539441222176,4.5448000121265586e-07,2.5675507371257e-07
P27,none,2,HbR,0.46085306869131637,3.091937650177487,2.5605357098782417e-07,7.481279743313751e-08
P27,none,3,HbO,0.7064625766885336,1.2687586348811932,6.056017946380706e-07,3.4419500664733864e-07
P27,none,3,HbR,0.8057400577384675,0.7353466485715494,2.8552032465026337e-07,2.30115043756364e-07
P27,none,4,HbO,0.7789790782838699,1.0560368847980048,1.8996747880499545e-07,1.1665396178957981e-07
P27,none,4,HbR,0.7601964141121534,0.921051908729039,4.074352824741727e-08,2.8833497181514522e-08
P27,none,5,HbO,0.8031647892303814,0.9612065019604017,3.251057618809392e-07,2.0878279250157436e-07
P27,none,5,HbR,0.8359531983367482,0.71807620541887,1.0083439747005938e-07,7.762523697888067e-08
P27,none,7,HbO,0.8004863392448793,0.7803829402867564,4.98154465371977e-07,3.832602518899364e-07
P27,none,7,HbR,0.5929528696833539,1.0965523129731776,1.583538548906658e-07,1.1841668010262439e-07
P27,none,8,HbO,0.8093077406809092,0.8348330742139798,3.35946734328605e-07,2.396100288422543e-07
P27,none,8,HbR,0.7853590472066254,0.751125894377617,7.105524692275474e-08,5.8703045497580244e-08
P27,none,9,HbO,0.8975297582671083,0.5887733752250468,3.465437425915414e-07,2.692000247746615e-07
P27,none,9,HbR,0.9286697767630882,0.3917071585517688,1.0879779799889453e-07,1.0317108185522691e-07
P27,none,10,HbO,0.8573726081446036,0.7601890103864805,4.6444177315748457e-07,3.2780891529692084e-07
P27,none,10,HbR,0.8871410267545772,0.5242645879342435,1.1774248991700037e-07,1.0367428640735523e-07
P27,none,11,HbO,0.8714046033724291,0.6887491558512921,3.659012892224222e-07,2.701700899330007e-07
P27,none,11,HbR,0.9406107160184423,0.37384870659843766,7.40270599068874e-08,6.747129180981115e-08
P27,none,12,HbO,0.62211437430692,1.5911416936985332,5.742130751647997e-07,2.8606143753800323e-07
P27,none,12,HbR,0.8297129191456367,0.7350091673555657,8.192807750951841e-08,6.264112695514342e-08
P27,none,14,HbO,0.5672279273758455,1.9013769673653975,4.992961577163783e-07,2.189004770311811e-07
P27,none,14,HbR,0.5934588669892166,1.353652402964417,1.4245410165410566e-07,8.470149266451242e-08
P27,none,15,HbO,0.6634131719666693,1.4686474629928843,4.299636281828896e-07,2.23110845860729e-07
P27,none,15,HbR,0.7501415762293375,0.8957031731165153,1.4872591774400737e-07,1.0986109244973023e-07
P27,none,16,HbO,0.8012903541486986,1.0251802867578426,6.012406674074716e-07,3.680076332332577e-07
P27,none,16,HbR,0.8280505655115248,0.8628480686442541,2.0670188452363081e-07,1.393411490975298e-07
P27,none,17,HbO,0.6626652096386344,1.4859244032546823,6.414756587571345e-07,3.2968063902326266e-07
P27,none,17,HbR,0.6327801200084573,1.1880514606299981,1.0312040315016412e-07,6.723291869907413e-08
P27,none,18,HbO,0.5222765838382258,1.470751642921054,1.0659420196091332e-09,6.195760574579918e-10
P27,none,18,HbR,0.8051561012928917,0.8410489732700411,5.485100276190514e-10,3.9143773377900215e-10
P27,none,19,HbO,0.5353798229646312,1.8343844152805022,8.608573831741328e-10,3.978540170964432e-10
P27,none,19,HbR,0.6425663307091193,1.1857338857164084,4.790002742844558e-10,3.095467156442462e-10
P27,none,22,HbO,0.819165758499228,0.86453818459634,3.9863489792618134e-07,2.719164160851727e-07
P27,none,22,HbR,0.8057599575242069,0.7079608497629475,1.208765709783916e-07,1.013414666691798e-07
P27,none,23,HbO,0.5276394852093379,1.8051136200875193,3.208574826192643e-07,1.5136078673858355e-07
P27,none,23,HbR,0.37984986357094686,2.305620846389052,1.8177381882692325e-07,7.295057569369711e-08
P27,wavelet,1,HbO,0.47377902354000884,1.3785010007432366,4.831246876769891e-07,3.1540800914601384e-07
P27,wavelet,1,HbR,0.6289761740875021,1.0557413774972055,2.589921228681861e-07,1.9284667165471192e-07
P27,wavelet,2,HbO,0.7896051294631571,0.8203474935052198,3.4234508707390575e-07,2.5675507371257e-07
P27,wavelet,2,HbR,0.6405685210115392,1.294318826839487,1.2587037242302175e-07,7.481279743313751e-08
P27,wavelet,3,HbO,0.5516619347231075,1.2971453179942394,5.29568365524278e-07,3.4419500664733864e-07
P27,wavelet,3,HbR,0.7556189476848935,0.7553951008744071,2.602885950687455e-07,2.30115043756364e-07
P27,wavelet,4,HbO,0.4711769737347525,1.633944230086222,2.1459902603396276e-07,1.1665396178957981e-07
P27,wavelet,4,HbR,0.7330452795603472,0.9371938450259227,3.971559457666201e-08,2.8833497181514522e-08
P27,wavelet,5,HbO,0.6544056362572711,1.0929463943296003,3.0047559650292996e-07,2.0878279250157436e-07
P27,wavelet,5,HbR,0.7050985161380195,0.9794577947147417,1.0703740507641817e-07,7.762523697888067e-08
P27,wavelet,7,HbO,0.708363257610617,0.9033615150834399,4.87372196289496e-07,3.832602518899364e-07
P27,wavelet,7,HbR,0.28300803803365737,2.147520601705179,2.6029176995816893e-07,1.1841668010262439e-07
P27,wavelet,8,HbO,0.6793739398715257,1.0081313463045767,3.2750522471730745e-07,2.396100288422543e-07
P27,wavelet,8,HbR,0.7170807609820696,0.8958584028808353,7.505615206855689e-08,5.8703045497580244e-08
P27,wavelet,9,HbO,0.7454899091589086,0.8902651497718959,3.588305102960322e-07,2.692000247746615e-07
P27,wavelet,9,HbR,0.690643933396518,1.0218560225325457,1.4540353916688451e-07,1.0317108185522691e-07
P27,wavelet,10,HbO,0.7749752063951155,0.758518553275721,3.9122620220885506e-07,3.2780891529692084e-07
P27,wavelet,10,HbR,0.7343604967727775,0.9042865625019317,1.378964213982107e-07,1.0367428640735523e-07
P27,wavelet,11,HbO,0.5355115506840018,1.377450173684308,4.3701572555795954e-07,2.701700899330007e-07
P27,wavelet,11,HbR,0.6478906797828395,1.2031283029241935,1.0642197442211847e-07,6.747129180981115e-08
P27,wavelet,12,HbO,0.6231560469024355,1.138129698213519,4.147608704277889e-07,2.8606143753800323e-07
P27,wavelet,12,HbR,0.4899975225499256,1.9230163754702994,1.3802018413782734e-07,6.264112695514342e-08
P27,wavelet,14,HbO,0.4981815071492973,1.2534426106149832,3.069769624761809e-07,2.189004770311811e-07
P27,wavelet,14,HbR,0.42580266733814864,1.4156034467014609,1.2823994079903877e-07,8.470149266451242e-08
P27,wavelet,15,HbO,0.6886819498166695,1.0094670457341774,3.097363360777795e-07,2.23110845860729e-07
P27,wavelet,15,HbR,0.7023223610922428,0.8779248706683338,1.3352704970216225e-07,1.0986109244973023e-07
P27,wavelet,16,HbO,0.5241013813309723,1.2002014678377146,5.022862180530304e-07,3.680076332332577e-07
P27,wavelet,16,HbR,0.6154544118428882,1.0492749856278085,1.8210941010799894e-07,1.393411490975298e-07
P27,wavelet,17,HbO,0.571475588820052,1.3469256423887386,5.39003248348136e-07,3.2968063902326266e-07
P27,wavelet,17,HbR,0.38417840052506946,1.7969461835030327,1.2947693434495365e-07,6.723291869907413e-08
P27,wavelet,18,HbO,0.8266651542650341,0.7289917917467609,7.980173864510768e-10,6.195760574579918e-10
P27,wavelet,18,HbR,0.7849838516796118,0.8326973693717744,5.239452905568549e-10,3.9143773377900215e-10
P27,wavelet,19,HbO,0.7715261248604652,0.995386193439047,6.099037941698189e-10,3.978540170964432e-10
P27,wavelet,19,HbR,0.8946278303640385,0.50106335024696,3.46762990272369e-10,3.095467156442462e-10
P27,wavelet,22,HbO,0.644758017073629,1.0408521730984461,3.667561392860368e-07,2.719164160851727e-07
P27,wavelet,22,HbR,0.43409365095374675,1.731066106130448,1.9330125886239413e-07,1.013414666691798e-07
P27,wavelet,23,HbO,0.4532338462287808,1.7517710406252334,2.957057598098465e-07,1.5136078673858355e-07
P27,wavelet,23,HbR,0.35094057703991144,2.3033835210087106,1.7849023858505616e-07,7.295057569369711e-08
P56,none,1,HbO,0.3435265779976525,4.054740681071228,7.119354522049583e-07,1.6602944452447685e-07
P56,none,1,HbR,0.4342107896286902,2.209481678377499,2.433216079513674e-07,9.924683088975392e-08
P56,none,2,HbO,0.6834105841114435,1.07769964926977,8.84877244813752e-08,5.996053563906833e-08
P56,none,2,HbR,0.5479328217485866,1.1198153116059446,1.6335919700629925e-08,1.2640248561421978e-08
P56,none,3,HbO,0.40361767432006956,2.5683990672096986,6.265683248234033e-07,2.2349261321972593e-07
P56,none,3,HbR,0.43143214360145726,1.6745993536180779,1.8348909601953926e-07,9.960245808438389e-08
P56,none,4,HbO,0.5899441672650314,1.2433510051769734,1.8948905646397265e-08,1.234749019139802e-08
P56,none,4,HbR,0.4620931178158109,1.1547565953457768,4.8040409925708215e-09,4.001287020037301e-09
P56,none,5,HbO,0.7633173541125198,1.0364494167423586,6.360979995573992e-07,4.0421586341430936e-07
P56,none,5,HbR,0.5537852357138892,1.126845894898419,8.039307278524648e-08,6.123077617445014e-08
P56,none,7,HbO,0.7821728220508826,0.9642953615153695,3.40863875385408e-07,2.2452931007496683e-07
P56,none,7,HbR,0.44798823895934053,1.9693882453887648,9.45458928215167e-08,4.292391845426647e-08
P56,none,8,HbO,0.8467386968429031,0.7215548671921024,4.2008993581931594e-07,3.1487713924561094e-07
P56,none,8,HbR,0.6701715517328599,1.1318074835855234,1.1162614509014475e-07,7.321479132797017e-08
P56,none,9,HbO,0.8099455166439382,0.8596056718198732,2.858796755193415e-07,1.987609186913775e-07
P56,none,9,HbR,0.6760788094789638,1.0340363773494006,5.6341981075274335e-08,4.020348726239333e-08
P56,none,10,HbO,0.8778251032959404,0.6169938712360846,4.1582297164309675e-07,3.2831824585372e-07
P56,none,10,HbR,0.8520066200749853,0.5820148403419516,6.359391751614506e-08,5.7495323171487816e-08
P56,none,11,HbO,0.9302023191780563,0.4114842487018739,2.4146327753523876e-07,2.1638373071263692e-07
P56,none,11,HbR,0.9467448227897268,0.328142937069998,5.771495321879235e-08,5.717974117569122e-08
P56,none,12,HbO,0.8698141558378294,0.6268195953320346,3.082745837800558e-07,2.4539911087460605e-07
P56,none,12,HbR,0.8547800201406914,0.5771074617912888,4.812151838780885e-08,4.346385769822573e-08
P56,none,14,HbO,0.41975062636209814,3.0354898492957134,7.074051772723811e-07,2.1330727048535048e-07
P56,none,14,HbR,0.614398828573127,1.8066020841137238,1.4136417139749023e-07,6.312021885232559e-08
P56,none,15,HbO,0.3854786232647943,3.0049651361450196,6.932030368231794e-07,2.1360447858003424e-07
P56,none,15,HbR,0.4023016884409336,1.898824390450036,1.8167659126213252e-07,8.794431501812643e-08
P56,none,16,HbO,0.39161841847543233,4.273198347074163,8.312442952871042e-07,1.8210823041457826e-07
P56,none,16,HbR,0.33715536824445036,2.7764198780055147,1.487297300348901e-07,5.043251333121087e-08
P56,none,17,HbO,0.40381334307527744,3.991154166234904,7.952304217397056e-07,1.8542444621829086e-07
P56,none,17,HbR,0.34298011044653515,3.561886906100943,2.0539249508174277e-07,5.435497051634057e-08
P56,none,18,HbO,0.8838510471263956,0.5381980799299951,3.352954685841037e-09,2.9159078497507906e-09
P56,none,18,HbR,0.9591922370271776,0.2829958934596613,3.2841244623042386e-09,3.4415562126453076e-09
P56,none,19,HbO,0.9328449413537035,0.4087449393247158,1.9418389570798493e-09,1.7249565583615765e-09
P56,none,19,HbR,0.9453776969378176,0.34282297558997465,1.934169724244477e-09,1.8399234233729707e-09
P56,none,20,HbO,0.8722283314552436,0.5905609617832965,2.2139548377463796e-10,1.8469052041819458e-10
P56,none,20,HbR,0.8555678821981866,0.629897182618494,1.0905135341568961e-10,9.003465023881082e-11
P56,none,21,HbO,0.6041673594847666,0.9338696473030577,1.9434219130037924e-10,1.7928347097082787e-10
P56,none,21,HbR,0.917165225366722,0.4133735312321077,1.0923463118535857e-10,1.0680736167269053e-10
P56,none,22,HbO,0.5583297901733152,1.7626518755646066,2.4227484338116816e-07,1.146339383005171e-07
P56,none,22,HbR,0.4610336277243848,1.7910261848447149,6.135951007340963e-08,3.0424998409335205e-08
P56,none,23,HbO,0.3729803444015031,3.3653750267507028,5.412747786946857e-07,1.5002596852503068e-07
P56,none,23,HbR,0.4364908528517206,2.954952390740317,1.1168631700096366e-07,3.435305099002054e-08
P56,wavelet,1,HbO,0.5714245933331545,1.2025363003917944,2.4080152025314977e-07,1.6602944452447685e-07
P56,wavelet,1,HbR,0.4454287407582558,1.7709195898484515,1.9510481242785136e-07,9.924683088975392e-08
P56,wavelet,2,HbO,0.29921823658080166,3.0361982987510165,1.8987179184792273e-07,5.996053563906833e-08
P56,wavelet,2,HbR,0.5478676803629894,2.3998187637613917,3.5348328553780306e-08,1.2640248561421978e-08
P56,wavelet,3,HbO,0.6301794000725355,0.9385358052567672,2.5863737713359484e-07,2.2349261321972593e-07
P56,wavelet,3,HbR,0.7234847541936092,1.051373146430299,1.5096933568482164e-07,9.960245808438389e-08
P56,wavelet,4,HbO,0.09197019753489223,4.730469943543843,5.7953658337325836e-08,1.234749019139802e-08
P56,wavelet,4,HbR,-0.15648954904217535,3.842130735026513,1.4165446216934614e-08,4.001287020037301e-09
P56,wavelet,5,HbO,0.7572864070191114,0.7438689119487202,4.500534429987226e-07,4.0421586341430936e-07
P56,wavelet,5,HbR,0.30597202056757034,2.9550579350467583,1.894275243298619e-07,6.123077617445014e-08
P56,wavelet,7,HbO,0.8314250906095194,0.6779550181003898,2.735971023245516e-07,2.2452931007496683e-07
P56,wavelet,7,HbR,0.3861346796021806,2.2072653481921027,1.0241397658634404e-07,4.292391845426647e-08
P56,wavelet,8,HbO,0.8833460644968778,0.5602973445159518,3.748037831736245e-07,3.1487713924561094e-07
P56,wavelet,8,HbR,0.36643622552322197,1.447081961108129,1.0793054881907676e-07,7.321479132797017e-08
P56,wavelet,9,HbO,0.8305822685657172,0.6134982359633269,2.1605871746316608e-07,1.987609186913775e-07
P56,wavelet,9,HbR,0.655208643843644,1.0660005161700044,5.6550590346117206e-08,4.020348726239333e-08
P56,wavelet,10,HbO,0.7793564985555379,0.6528653988845191,3.159381448367434e-07,3.2831824585372e-07
P56,wavelet,10,HbR,0.5365508012614828,1.9012122936573914,1.2869360224133508e-07,5.7495323171487816e-08
P56,wavelet,11,HbO,0.8942160112069019,0.4877030989202198,2.3523476961728064e-07,2.1638373071263692e-07
P56,wavelet,11,HbR,0.8661019626936625,0.5283619361438884,5.921863484361991e-08,5.717974117569122e-08
P56,wavelet,12,HbO,0.7859933582364439,0.7638138444775092,3.0242660617128844e-07,2.4539911087460605e-07
P56,wavelet,12,HbR,0.3777114150191905,1.495030622469479,6.740351850528366e-08,4.346385769822573e-08
P56,wavelet,14,HbO,0.6742073862481663,0.826037201065449,2.2271878333931084e-07,2.1330727048535048e-07
P56,wavelet,14,HbR,0.3629141669546521,1.540331455779758,1.0007147033405031e-07,6.312021885232559e-08
P56,wavelet,15,HbO,0.4329945997597615,1.1634822542444048,2.495364733991753e-07,2.1360447858003424e-07
P56,wavelet,15,HbR,0.5014134126648856,1.5783255746289746,1.600245321597655e-07,8.794431501812643e-08
P56,wavelet,16,HbO,0.6195403108941396,0.8643883560763572,1.7861564127251547e-07,1.8210823041457826e-07
P56,wavelet,16,HbR,0.22489535520112275,2.315888783998154,1.1685408745097759e-07,5.043251333121087e-08
P56,wavelet,17,HbO,0.6015210179438761,1.0528800188957543,2.3834808612698785e-07,1.8542444621829086e-07
P56,wavelet,17,HbR,0.11958515171006358,2.5453906993938387,1.33475169640283e-07,5.435497051634057e-08
P56,wavelet,18,HbO,0.7082676848179271,0.8389459888657179,3.383183661704476e-09,2.9159078497507906e-09
P56,wavelet,18,HbR,0.957354040434727,0.2960492891068519,3.516954096816824e-09,3.4415562126453076e-09
P56,wavelet,19,HbO,0.8784091381929542,0.5349141475313643,1.9294554374322006e-09,1.7249565583615765e-09
P56,wavelet,19,HbR,0.933194336232891,0.3894991784920504,1.9929818298866766e-09,1.8399234233729707e-09
P56,wavelet,20,HbO,0.7484380939837783,0.8286915585711947,2.2916523592747866e-10,1.8469052041819458e-10
P56,wavelet,20,HbR,0.797401894581836,0.7330845870978348,1.0890784341445744e-10,9.003465023881082e-11
P56,wavelet,21,HbO,0.6159718309430353,0.9104435854986055,1.9122119573715602e-10,1.7928347097082787e-10
P56,wavelet,21,HbR,0.9029280959308995,0.4428684444234037,1.0784888468140546e-10,1.0680736167269053e-10
P56,wavelet,22,HbO,0.48125047529150183,1.3192595540514012,1.6789246803024083e-07,1.146339383005171e-07
P56,wavelet,22,HbR,0.4132606735572363,1.3581671101491126,4.32097590663493e-08,3.0424998409335205e-08
P56,wavelet,23,HbO,0.21722231127676142,2.8420625245987563,4.312277888811497e-07,1.5002596852503068e-07
P56,wavelet,23,HbR,0.2732321605874415,2.2274313412859326,7.820677146730417e-08,3.435305099002054e-08
P52,none,1,HbO,0.8853637892672199,0.6795359837446211,3.006062319881007e-07,2.1767623129399594e-07
P52,none,1,HbR,0.6729015201067997,0.945275241508958,7.954076151969372e-08,6.306213950494772e-08
P52,none,2,HbO,0.8577494974679469,0.5592679458718969,2.4018483221907368e-08,2.231490795803637e-08
P52,none,2,HbR,0.7956841703832164,0.6347597274286587,8.709017179789075e-09,8.863034269311519e-09
P52,none,3,HbO,0.943998736980157,0.38431642432514096,3.5835292685701253e-07,3.1412491101301173e-07
P52,none,3,HbR,0.9051021799904183,0.445817548191952,1.1197797162997132e-07,1.077699634646655e-07
P52,none,4,HbO,0.7597091659151646,0.6603983213097603,8.470132314296586e-09,9.767869676492852e-09
P52,none,4,HbR,0.7647844585765516,0.6618279754830972,4.302236910244076e-09,4.724744117363699e-09
P52,none,5,HbO,0.9296063075368121,0.40075764652724083,4.235274045128141e-07,3.9027548768652614e-07
P52,none,5,HbR,0.9415370004281636,0.3459366499801658,1.820752389525606e-07,1.7869725734300444e-07
P52,none,7,HbO,0.9422481148851443,0.3402920417071571,3.0721986349688266e-07,3.0740509744083255e-07
P52,none,7,HbR,0.6467606089457023,0.8440504808136109,7.546136768731849e-08,7.488749098405066e-08
P52,none,8,HbO,0.8707086017446984,0.5559194636066619,1.7486947556049761e-07,1.5515124521158158e-07
P52,none,8,HbR,0.910600391294359,0.4425321949337804,5.658104183418095e-08,5.302207465690561e-08
P52,none,9,HbO,0.8938690725956321,0.5537821729155336,2.704320110967807e-07,2.219444288767625e-07
P52,none,9,HbR,0.8639779002696321,0.5691494130864913,1.3051308559251163e-07,1.1560018925881998e-07
P52,none,10,HbO,0.938368570219888,0.3790642972682571,3.398280865936644e-07,3.1102614198170206e-07
P52,none,10,HbR,0.85556665910579,0.5599929133355914,1.0265800904058639e-07,9.604870567101704e-08
P52,none,11,HbO,0.9404953766519963,0.36953479150858093,8.64056502592998e-08,7.970162657171852e-08
P52,none,11,HbR,0.933530108160847,0.3728303508203259,2.6490770885761975e-08,2.559011822830806e-08
P52,none,12,HbO,0.8932482184289777,0.5185423299262731,2.689975333262703e-07,2.339463173283807e-07
P52,none,12,HbR,0.8892327026056905,0.5032005815099361,7.015005862111604e-08,6.392410946578701e-08
P52,none,14,HbO,0.540180342587311,2.050831292982358,4.1068599699988673e-07,1.704036710603232e-07
P52,none,14,HbR,0.5985470364768075,1.9514358538102257,2.3171186291257004e-07,9.744106574856413e-08
P52,none,15,HbO,0.5230790279641458,2.2128290413011737,5.313391060810711e-07,2.071428701489423e-07
P52,none,15,HbR,0.6475464263789162,1.3950355562715926,2.2849267199553276e-07,1.258241150311291e-07
P52,none,16,HbO,0.35356308883004195,0.9434216464380873,5.402407355294358e-09,1.1551019590947117e-08
P52,none,16,HbR,0.32276582966444717,0.9757102286082109,3.31403055194167e-09,6.01974833856937e-09
P52,none,17,HbO,0.2739826423802053,0.9775922996505407,5.013504918728229e-09,1.1401848638765606e-08
P52,none,17,HbR,0.3758539963938099,0.941755575533245,3.1780036913852546e-09,5.994518217562857e-09
P52,none,18,HbO,0.8891446751228859,0.48907508264410193,5.612907144476196e-10,7.805317784534966e-10
P52,none,18,HbR,0.9471582335635159,0.324316795012232,5.004686049869366e-10,5.053408301429571e-10
P52,none,19,HbO,0.901307276688017,0.4342524946415817,3.6917764241715735e-10,4.040892874443099e-10
P52,none,19,HbR,0.9070989320709918,0.42459034921152855,3.138251591412288e-10,3.6574926651776226e-10
P52,none,20,HbO,0.21126902133927822,6.086750944741819,1.3277408653155029e-09,2.134985490763667e-10
P52,none,20,HbR,0.18489296274375377,12.642399880386805,1.4678531550878385e-09,1.147745420776183e-10
P52,none,21,HbO,0.2786134098469248,3.6604022550366992,8.143583939093304e-10,2.1370122127927577e-10
P52,none,21,HbR,0.2012372222567632,7.755563503366733,8.95681818374929e-10,1.1345388594617847e-10
P52,none,22,HbO,0.31468518492214537,15.994724545569076,5.118749023142891e-07,3.143959266741445e-08
P52,none,22,HbR,0.3168976222129571,15.890706711474003,2.511895265198398e-07,1.5525389721309706e-08
P52,none,23,HbO,0.3156827090075409,15.929093800087932,4.702534184900832e-07,2.8998471754502685e-08
P52,none,23,HbR,0.31536860241065706,15.967901260509118,2.395228668795023e-07,1.4735293400555488e-08
P52,wavelet,1,HbO,0.7459384205101912,0.8016578621040711,2.5921601764518507e-07,2.1767623129399594e-07
P52,wavelet,1,HbR,0.14734785483972018,2.332647074119256,1.419209934926282e-07,6.306213950494772e-08
P52,wavelet,2,HbO,0.13954511788525092,3.845857500911889,8.562107163410045e-08,2.231490795803637e-08
P52,wavelet,2,HbR,-0.08318644209127879,3.691589655505433,3.0608209469438433e-08,8.863034269311519e-09
P52,wavelet,3,HbO,0.8306448063096413,0.603536042622695,3.3386345020205475e-07,3.1412491101301173e-07
P52,wavelet,3,HbR,0.5494627612364307,1.180565471249817,1.487165048114461e-07,1.077699634646655e-07
P52,wavelet,4,HbO,-0.18944710888544128,5.469514280101573,5.044881783087891e-08,9.767869676492852e-09
P52,wavelet,4,HbR,-0.08145365451799927,4.625374468366458,2.085023176388496e-08,4.724744117363699e-09
P52,wavelet,5,HbO,0.5935669834456967,1.0852456852903454,5.13838146163295e-07,3.9027548768652614e-07
P52,wavelet,5,HbR,0.823721940423224,0.6658339841446637,2.0957315577172394e-07,1.7869725734300444e-07
P52,wavelet,7,HbO,0.8396421080636935,0.5976929179138951,3.338357949108298e-07,3.0740509744083255e-07
P52,wavelet,7,HbR,0.6409491699843314,1.1852490959718016,1.1548675689002357e-07,7.488749098405066e-08
P52,wavelet,8,HbO,0.516197286557912,1.4023991027591487,2.5113674822028745e-07,1.5515124521158158e-07
P52,wavelet,8,HbR,0.734137224883342,0.8541074842140638,6.615867915188463e-08,5.302207465690561e-08
P52,wavelet,9,HbO,0.5852759614528059,1.2925811354746624,3.5185274652264837e-07,2.219444288767625e-07
P52,wavelet,9,HbR,0.7867131301050023,0.7579450581771143,1.4177567218361068e-07,1.1560018925881998e-07
P52,wavelet,10,HbO,0.551035785770863,1.2010689546951359,4.379155081822531e-07,3.1102614198170206e-07
P52,wavelet,10,HbR,0.6452171203036462,1.0450913602848102,1.2999895836361743e-07,9.604870567101704e-08
P52,wavelet,11,HbO,0.4906385402625875,1.360129809343719,1.2169163141139354e-07,7.970162657171852e-08
P52,wavelet,11,HbR,0.7805656811404518,0.648752663201168,2.441854049873842e-08,2.559011822830806e-08
P52,wavelet,12,HbO,0.5091036149328334,1.3718042354695876,3.671812734631109e-07,2.339463173283807e-07
P52,wavelet,12,HbR,0.6921996179161942,0.953882719855151,8.38082084441769e-08,6.392410946578701e-08
P52,wavelet,14,HbO,0.5674326322238386,1.7127605890936217,3.523265254000868e-07,1.704036710603232e-07
P52,wavelet,14,HbR,0.27140436194646156,2.0050034758551076,1.9751693160130154e-07,9.744106574856413e-08
P52,wavelet,15,HbO,0.6418792110799237,1.1114160574799927,2.9950275649572147e-07,2.071428701489423e-07
P52,wavelet,15,HbR,0.4100958871113055,1.3613390070130849,1.7850049575613068e-07,1.258241150311291e-07
P52,wavelet,16,HbO,-0.3766546586114933,8.173831140872284,8.901004326492701e-08,1.1551019590947117e-08
P52,wavelet,16,HbR,-0.3351662247727828,7.872141896655749,4.480608660025524e-08,6.01974833856937e-09
P52,wavelet,17,HbO,-0.40721818233034457,8.172921765795735,8.751889905058241e-08,1.1401848638765606e-08
P52,wavelet,17,HbR,-0.3225982723944869,7.773327667613861,4.4096501726999654e-08,5.994518217562857e-09
P52,wavelet,18,HbO,0.8551692002036383,0.536174288542803,5.631195102438452e-10,7.805317784534966e-10
P52,wavelet,18,HbR,0.9082544885488631,0.42371802879300047,4.906933085492376e-10,5.053408301429571e-10
P52,wavelet,19,HbO,0.8834566547816011,0.5587769151174624,4.79588150734584e-10,4.040892874443099e-10
P52,wavelet,19,HbR,0.8723797480647182,0.4961990098735219,3.494505721657544e-10,3.6574926651776226e-10
P52,wavelet,20,HbO,0.769059822705686,0.6548433145938257,1.934917483238555e-10,2.134985490763667e-10
P52,wavelet,20,HbR,0.7341857023388533,0.6796290257655078,8.729117557164148e-11,1.147745420776183e-10
P52,wavelet,21,HbO,0.8736852492490275,0.5035079712893076,2.1430687581310778e-10,2.1370122127927577e-10
P52,wavelet,21,HbR,0.5870816425717876,0.9785113549758311,1.2856037155068573e-10,1.1345388594617847e-10
P52,wavelet,22,HbO,0.08418968145658523,1.5184342554712051,3.851987382656053e-08,3.143959266741445e-08
P52,wavelet,22,HbR,0.07713348102132536,1.5199151318828774,1.8933171391245008e-08,1.5525389721309706e-08
P52,wavelet,23,HbO,0.07885757862916619,1.5195563636692457,3.5404047207574545e-08,2.8998471754502685e-08
P52,wavelet,23,HbR,0.08306056556891313,1.5178650579142834,1.802443407547619e-08,1.4735293400555488e-08
P69,none,1,HbO,0.9233113552248199,0.4706751330464862,2.5855180116223796e-07,2.1639426884194092e-07
P69,none,1,HbR,0.7683177701972518,0.674073989957375,5.9546566220622864e-08,6.077963844589984e-08
P69,none,2,HbO,0.8687737646792345,0.6193294008110203,4.816667829640523e-07,3.883025420318829e-07
P69,none,2,HbR,0.8185979046164699,0.6036666661129778,7.433525663130126e-08,7.403988000660337e-08
P69,none,3,HbO,0.9348554181528888,0.4062821421635392,2.8445105352064023e-07,2.5129874455565195e-07
P69,none,3,HbR,0.8960780047401058,0.4555798083353467,8.743081162157156e-08,8.760377700395535e-08
P69,none,4,HbO,0.9161809818251502,0.5343927258608436,2.6723992609501026e-07,2.1050491042273102e-07
P69,none,4,HbR,0.9046682738872027,0.47504047062944293,7.109568882502765e-08,6.379485018085704e-08
P69,none,5,HbO,0.8660045424054035,0.6573588203024021,5.264304568384153e-07,4.073406099171497e-07
P69,none,5,HbR,0.8989796940650376,0.49321267304872324,1.7086040454672223e-07,1.5177527564659447e-07
P69,none,7,HbO,0.9215600708114892,0.4265352855195617,5.358930475708691e-07,4.884579412361201e-07
P69,none,7,HbR,0.8616621060849186,0.5503548776268473,1.1048779215498071e-07,1.0281668578608224e-07
P69,none,8,HbO,0.24474032393986428,9.630792864515067,2.621290681465583e-06,2.6675480344896477e-07
P69,none,8,HbR,0.2290604457420153,6.423610541001535,4.251396674546012e-07,6.462618622746825e-08
P69,none,9,HbO,0.24627001901385834,10.551382454918604,4.425192442580334e-06,4.1152962161945884e-07
P69,none,9,HbR,0.22591742188577732,11.691728261932221,1.217740887606202e-06,1.0252940062919364e-07
P69,none,10,HbO,0.9452100185475978,0.36782492983855913,5.012714555059166e-07,4.4995792913081015e-07
P69,none,10,HbR,0.916303179718711,0.4334918080209182,1.7749694415416468e-07,1.640144431185083e-07
P69,none,11,HbO,0.9646691946479171,0.2853602943333353,2.931668059179513e-07,2.731093590255287e-07
P69,none,11,HbR,0.8501231841821021,0.5699709766919945,1.0639425528152729e-07,9.961667472793726e-08
P69,none,12,HbO,0.8661166188254409,0.6294183343975509,4.791890873865117e-07,3.837704545301532e-07
P69,none,12,HbR,0.7105006730079749,0.792314911822643,1.047632473744805e-07,9.753175205179363e-08
P69,none,14,HbO,0.5159869320294466,2.864397954799225,8.562626067480752e-07,2.6379721070338485e-07
P69,none,14,HbR,0.6516614205809838,1.9345613574805882,3.4176701580909947e-07,1.406479210766447e-07
P69,none,15,HbO,0.5252175214953931,2.538083619065726,5.794845991851738e-07,1.987782986299241e-07
P69,none,15,HbR,0.5914512110299043,1.8659549841505763,2.3368488317105319e-07,1.027713429414091e-07
P69,none,16,HbO,0.6035283364101175,1.6202439739018437,3.5019821384477013e-07,1.7407945453496273e-07
P69,none,16,HbR,0.6155169163193528,1.322135185026216,1.3002244910973247e-07,7.752961994842262e-08
P69,none,17,HbO,0.49725432714219253,1.8186704852576738,4.306028917733209e-07,2.0552332860426783e-07
P69,none,17,HbR,0.6143141019639834,1.2286743150916921,7.850222043978053e-08,5.0452753426572025e-08
P69,none,18,HbO,0.9736715059929342,0.22841484898059103,5.414318735583257e-09,5.486954127976355e-09
P69,none,18,HbR,0.9429114586522207,0.3477127534942705,6.149067736879188e-09,7.280951102078078e-09
P69,none,19,HbO,0.9564641216824991,0.2974131152600244,3.924351753590357e-09,4.359849614480705e-09
P69,none,19,HbR,0.9854037406281745,0.1757826882372657,3.179201380023048e-09,3.0889442393887716e-09
P69,none,20,HbO,0.9223475470687671,0.44311592427300633,3.0519575474667434e-10,4.3225753611980154e-10
P69,none,20,HbR,0.847062190885707,0.5317511941289086,1.5119261137788548e-10,1.7767961341997508e-10
P69,none,21,HbO,0.9256788965047079,0.3807195352256336,2.552641485110244e-10,2.6372249569701784e-10
P69,none,21,HbR,0.9593195805562076,0.2833321314257107,1.678730640156151e-10,1.794219288216807e-10
P69,none,22,HbO,0.7041324959225309,0.9760169651282147,4.1882772467777634e-07,3.0500575984716897e-07
P69,none,22,HbR,0.6115021890615367,1.1324903243358817,1.0825072765435696e-07,7.617713559381077e-08
P69,none,23,HbO,0.6704808338051238,1.2394244398858687,6.16435468342642e-07,3.706149352458452e-07
P69,none,23,HbR,0.14161578385291082,2.864021622146394,1.4932535161839297e-07,5.2781720479082906e-08
P69,wavelet,1,HbO,0.7656736539110974,0.9048225186391652,3.026963355832096e-07,2.1639426884194092e-07
P69,wavelet,1,HbR,0.48373704651558436,2.021409445895397,1.3977235534219737e-07,6.077963844589984e-08
P69,wavelet,2,HbO,0.6880427548966114,1.030878248026917,5.496813989866241e-07,3.883025420318829e-07
P69,wavelet,2,HbR,0.5013712437033324,1.455255505893477,1.2371958806369157e-07,7.403988000660337e-08
P69,wavelet,3,HbO,0.8079204057556445,0.6488698640600769,2.7059124799519655e-07,2.5129874455565195e-07
P69,wavelet,3,HbR,0.6029976357430328,1.222267850915736,1.3343363931254353e-07,8.760377700395535e-08
P69,wavelet,4,HbO,0.7440658587476862,0.9207320154829025,2.894116591381303e-07,2.1050491042273102e-07
P69,wavelet,4,HbR,0.45226374923321616,1.7625734467314407,1.253773807021115e-07,6.379485018085704e-08
P69,wavelet,5,HbO,0.6404893975965814,1.0778964659502221,5.672592376748866e-07,4.073406099171497e-07
P69,wavelet,5,HbR,0.6761627700036446,0.9767721560371315,1.9968026129743154e-07,1.5177527564659447e-07
P69,wavelet,7,HbO,0.7835613495832516,0.6787831904128026,5.133998025737423e-07,4.884579412361201e-07
P69,wavelet,7,HbR,0.8265518086097454,0.7091244007240083,1.292159705797966e-07,1.0281668578608224e-07
P69,wavelet,8,HbO,0.6952417253354966,0.78244586232814,2.6789842529652746e-07,2.6675480344896477e-07
P69,wavelet,8,HbR,0.31237011344513427,1.7661043167382724,1.1600414111677192e-07,6.462618622746825e-08
P69,wavelet,9,HbO,0.5277046326892122,0.9783382892511396,4.1638377085916875e-07,4.1152962161945884e-07
P69,wavelet,9,HbR,0.3800325120157585,1.4864933901023254,1.5810984425604138e-07,1.0252940062919364e-07
P69,wavelet,10,HbO,0.8779241390769965,0.5002095487276147,4.6001229347879015e-07,4.4995792913081015e-07
P69,wavelet,10,HbR,0.8822371056427248,0.5006033830088178,1.7259834300355602e-07,1.640144431185083e-07
P69,wavelet,11,HbO,0.894444905961135,0.5053771787650646,3.084498787265516e-07,2.731093590255287e-07
P69,wavelet,11,HbR,0.6103300700846208,1.24514872769693,1.5595249041040202e-07,9.961667472793726e-08
P69,wavelet,12,HbO,0.7150366511314312,0.8799434724440377,4.776855780355609e-07,3.837704545301532e-07
P69,wavelet,12,HbR,0.5954477878014273,1.0304481652728172,1.2100782045694617e-07,9.753175205179363e-08
P69,wavelet,14,HbO,0.1587430704288279,1.8336457077023867,4.4738482809597626e-07,2.6379721070338485e-07
P69,wavelet,14,HbR,0.3220774611037569,1.3139660346861948,1.7344713070353463e-07,1.406479210766447e-07
P69,wavelet,15,HbO,0.30967268425850425,1.8399234294788598,3.7363874023150097e-07,1.987782986299241e-07
P69,wavelet,15,HbR,0.37682445389839203,1.709746916335346,1.864150277955593e-07,1.027713429414091e-07
P69,wavelet,16,HbO,0.33166915865935737,2.1619355716624518,3.9455085282657606e-07,1.7407945453496273e-07
P69,wavelet,16,HbR,0.4002580299141274,1.404046038176826,1.1342711113154416e-07,7.752961994842262e-08
P69,wavelet,17,HbO,0.5574695670879654,1.2158584522923799,2.959033161892682e-07,2.0552332860426783e-07
P69,wavelet,17,HbR,0.5893121870545571,1.0280696462513168,6.180236471716359e-08,5.0452753426572025e-08
P69,wavelet,18,HbO,0.9575209174609838,0.2909948819067009,5.465398759035573e-09,5.486954127976355e-09
P69,wavelet,18,HbR,0.9378779812768214,0.3644801883774967,6.0260423721184695e-09,7.280951102078078e-09
P69,wavelet,19,HbO,0.9378087032431978,0.3475533626958472,4.030878233189372e-09,4.359849614480705e-09
P69,wavelet,19,HbR,0.9634786167072712,0.2769963166892022,3.1949400269717005e-09,3.0889442393887716e-09
P69,wavelet,20,HbO,0.8955539502353772,0.5267188654737417,2.657886493841343e-10,4.3225753611980154e-10
P69,wavelet,20,HbR,0.9091705693057344,0.4192044688287183,1.5301072013440607e-10,1.7767961341997508e-10
P69,wavelet,21,HbO,0.8834693541855975,0.5974603862271136,3.299918496052481e-10,2.6372249569701784e-10
P69,wavelet,21,HbR,0.3006508783138342,1.0033364849319262,1.0813031595918354e-10,1.794219288216807e-10
P69,wavelet,22,HbO,0.42258768679826847,1.7283243278368308,5.750385153995743e-07,3.0500575984716897e-07
P69,wavelet,22,HbR,0.531293624469103,1.696212569870742,1.5209291959492588e-07,7.617713559381077e-08
P69,wavelet,23,HbO,0.43877047076526393,1.2673560651625255,4.924547764581282e-07,3.706149352458452e-07
P69,wavelet,23,HbR,0.3804200924450666,2.2621402528141292,1.290264654829744e-07,5.2781720479082906e-08
P25,none,1,HbO,0.7957684654154203,0.8634148131648894,3.308131158317333e-07,2.3442525537613134e-07
P25,none,1,HbR,0.7435807382244025,0.7668783604697276,1.1556403032503666e-07,1.0342374988435717e-07
P25,none,2,HbO,0.9651113861765516,0.29661627707511823,3.5155312384361696e-07,3.183065664689576e-07
P25,none,2,HbR,0.7556322340177504,0.6570531843952975,4.1891991632461895e-08,5.878098217459498e-08
P25,none,3,HbO,0.9596826559013065,0.2987578371601314,4.147567853760878e-07,3.9094690011163843e-07
P25,none,3,HbR,0.8957233319904709,0.45042042193111925,1.280318077568962e-07,1.326917441922175e-07
P25,none,4,HbO,0.9533008724414745,0.3832462209034477,2.1581871816961095e-07,1.8150718500079864e-07
P25,none,4,HbR,0.9183135624133193,0.4467980462416178,5.33059372703528e-08,4.736476637803355e-08
P25,none,5,HbO,0.9585094850220551,0.34935438443845446,4.212112531531232e-07,3.6300936273810306e-07
P25,none,5,HbR,0.9208635273514174,0.39373090767206026,8.549220035986729e-08,8.763183559331892e-08
P25,none,7,HbO,0.9420892638890361,0.4037464149467488,4.272088514482579e-07,3.6618315712928045e-07
P25,none,7,HbR,0.8480056430736863,0.5428887928211577,6.328896498213561e-08,6.554071757266169e-08
P25,none,8,HbO,0.8706047693490009,0.6479372483134348,1.886693366820509e-07,1.4600970368965574e-07
P25,none,8,HbR,0.8557920591314269,0.602819886901643,4.603069860385624e-08,3.950327132152749e-08
P25,none,9,HbO,0.867271323029318,0.6513721730493407,5.104582526272053e-07,3.9654674370924316e-07
P25,none,9,HbR,0.9152323645958558,0.40401150081282255,8.454537390122055e-08,8.948372743443344e-08
P25,none,10,HbO,0.9607567927066758,0.3535754993288545,5.200314654569905e-07,4.4070628061755535e-07
P25,none,10,HbR,0.8862068691261927,0.5028415788641672,9.89872575083998e-08,9.16463706710537e-08
P25,none,11,HbO,0.9355937843865166,0.514324169657057,2.7583139288595435e-07,2.1062629918430447e-07
P25,none,11,HbR,0.8578665887154115,0.5369218391816236,5.9267912166813627e-08,5.855573869435743e-08
P25,none,12,HbO,0.9442203277511763,0.3973415008257693,3.5927252425149563e-07,3.0802662322828715e-07
P25,none,12,HbR,0.8961988783203887,0.4673220556375696,8.584412342873725e-08,8.230615250862051e-08
P25,none,14,HbO,0.8913373743598395,0.5344839488395196,3.805170340793766e-07,3.2399968501749484e-07
P25,none,14,HbR,0.9378671198262734,0.37195412783828075,1.5650721447569624e-07,1.4611785082686345e-07
P25,none,15,HbO,0.9235214419727099,0.4293125498482289,3.6448552364306214e-07,3.264880680613021e-07
P25,none,15,HbR,0.8818593897857673,0.5538477476775262,2.0257746704124034e-07,1.728838437691989e-07
P25,none,16,HbO,0.32499081161171,9.81928586873904,5.87268887620434e-06,5.815333344393124e-07
P25,none,16,HbR,0.3012359975249927,7.177917357246159,1.0554033337420796e-06,1.423233309642693e-07
P25,none,17,HbO,0.3104698206629315,8.487656927980963,3.1470973016211637e-06,3.598851124171861e-07
P25,none,17,HbR,0.26991088943618835,4.084093260456119,2.658747128584672e-07,6.272357500739024e-08
P25,none,18,HbO,0.5661405200680312,1.3488666880090165,5.707865722698773e-09,3.4937043764298323e-09
P25,none,18,HbR,0.5569498655912549,1.4410338226303059,6.111864417490872e-09,3.523683870538802e-09
P25,none,19,HbO,0.6140045766904865,1.1153810770342816,3.2070737750258868e-09,2.2875083267715003e-09
P25,none,19,HbR,0.5780877086497697,1.33400199998816,3.3294090217945007e-09,2.038373472458121e-09
P25,none,20,HbO,0.947343440812032,0.38017510217591854,2.752050540334723e-10,2.391086798971062e-10
P25,none,20,HbR,0.7882754793410937,0.8463688465031128,1.484743083181893e-10,1.0846763018574236e-10
P25,none,21,HbO,0.8249888946402587,0.6674050189423926,2.779886105492381e-10,2.356646514630874e-10
P25,none,21,HbR,0.7981888645696613,0.7579277001606282,1.24581050652157e-10,9.906134275748168e-11
P25,none,22,HbO,0.603278810767422,4.067874749403401,4.7405483694481145e-06,1.0323028658050993e-06
P25,none,22,HbR,0.5269463442101342,3.217621848363528,4.3215615304562474e-07,1.1904232266798711e-07
P25,none,23,HbO,0.5994611164529886,3.9634091385326085,5.377291701588955e-06,1.1999654438974202e-06
P25,none,23,HbR,0.5392803984013229,3.825479100511743,7.677558367016556e-07,1.7976450230976227e-07
P25,wavelet,1,HbO,0.5483738747808872,0.9636183297859651,2.4068656521063354e-07,2.3442525537613134e-07
P25,wavelet,1,HbR,-0.009597697572170926,2.433390700013938,2.273993362282562e-07,1.0342374988435717e-07
P25,wavelet,2,HbO,0.8362105250849369,0.6015323031867692,3.443096387544277e-07,3.183065664689576e-07
P25,wavelet,2,HbR,-0.19732690194271507,3.7262641176210587,1.9881048487454797e-07,5.878098217459498e-08
P25,wavelet,3,HbO,0.8793825481101517,0.48083652514840286,3.7006605715196165e-07,3.9094690011163843e-07
P25,wavelet,3,HbR,0.7004783313513911,0.9213696354385685,1.6997290500081697e-07,1.326917441922175e-07
P25,wavelet,4,HbO,0.7511860117653828,0.7713229779046337,2.0808711558747166e-07,1.8150718500079864e-07
P25,wavelet,4,HbR,0.7246151377712106,0.867684181268697,5.9284469948608117e-08,4.736476637803355e-08
P25,wavelet,5,HbO,0.7229047676678977,0.749048707793182,3.669611985561893e-07,3.6300936273810306e-07
P25,wavelet,5,HbR,0.44621675596190113,1.556541010019109,1.5021909863898034e-07,8.763183559331892e-08
P25,wavelet,7,HbO,0.9052756799594376,0.44953922385869644,3.8520440284306255e-07,3.6618315712928045e-07
P25,wavelet,7,HbR,0.46190295275914184,2.2286243872985674,1.6370924720048282e-07,6.554071757266169e-08
P25,wavelet,8,HbO,0.7121913079054244,0.9008819024698048,1.8563063645604887e-07,1.4600970368965574e-07
P25,wavelet,8,HbR,0.5347734392223024,1.1418565821943816,5.132520361229609e-08,3.950327132152749e-08
P25,wavelet,9,HbO,0.9411484020665216,0.3673895652420366,4.3024870467500854e-07,3.9654674370924316e-07
P25,wavelet,9,HbR,0.6621379938838302,1.2427727648548061,1.4743717815943392e-07,8.948372743443344e-08
P25,wavelet,10,HbO,0.80394316108879,0.6515779851101319,4.709707506032704e-07,4.4070628061755535e-07
P25,wavelet,10,HbR,0.5110701719127467,1.3874594637637043,1.4635505837826513e-07,9.16463706710537e-08
P25,wavelet,11,HbO,0.7334241603336111,0.754347028358442,2.2335999066012758e-07,2.1062629918430447e-07
P25,wavelet,11,HbR,0.6729737991560873,1.2381798178716266,9.74497635677731e-08,5.855573869435743e-08
P25,wavelet,12,HbO,0.6402644402463308,1.2206892812152292,4.872763696656361e-07,3.0802662322828715e-07
P25,wavelet,12,HbR,0.8295283616461917,0.7137748790196612,1.0485260905948541e-07,8.230615250862051e-08
P25,wavelet,14,HbO,0.8380106555857125,0.7112234343713708,4.1856438916203904e-07,3.2399968501749484e-07
P25,wavelet,14,HbR,0.7434634512293185,0.8283102315997274,1.8001028277851992e-07,1.4611785082686345e-07
P25,wavelet,15,HbO,0.7856803819637802,0.8038321864646997,4.2278413928124015e-07,3.264880680613021e-07
P25,wavelet,15,HbR,0.7396711138961719,0.7594967885034085,1.8872681114681571e-07,1.728838437691989e-07
P25,wavelet,16,HbO,0.4559253445286216,0.9145687160986501,3.874505527594867e-07,5.815333344393124e-07
P25,wavelet,16,HbR,0.4790351127061319,1.1569478574741328,1.7535941756919246e-07,1.423233309642693e-07
P25,wavelet,17,HbO,0.5308034051664456,0.8629544323568423,2.494748341819015e-07,3.598851124171861e-07
P25,wavelet,17,HbR,0.3051707919506982,1.6751576116237616,1.0528356027778321e-07,6.272357500739024e-08
P25,wavelet,18,HbO,0.8794974546310572,0.4863482793975868,3.419482760904699e-09,3.4937043764298323e-09
P25,wavelet,18,HbR,0.8499031296706122,0.5274702431988229,3.0628927591443282e-09,3.523683870538802e-09
P25,wavelet,19,HbO,0.8617565236106361,0.5086379257152769,1.89361540342935e-09,2.2875083267715003e-09
P25,wavelet,19,HbR,0.9144276527944949,0.40562573172094807,1.910550146556908e-09,2.038373472458121e-09
P25,wavelet,20,HbO,0.9137181597075074,0.4134855090480923,2.367656630621692e-10,2.391086798971062e-10
P25,wavelet,20,HbR,0.9310232818355328,0.37607775551377276,1.1079965210752532e-10,1.0846763018574236e-10
P25,wavelet,21,HbO,0.6983884477765456,0.8348181759442502,2.651101836891811e-10,2.356646514630874e-10
P25,wavelet,21,HbR,0.6479183732206221,0.9079748710103636,1.1284137780293836e-10,9.906134275748168e-11
P25,wavelet,22,HbO,-0.013528958994681043,1.1060041598633004,4.73614440529888e-07,1.0323028658050993e-06
P25,wavelet,22,HbR,0.42266921289987,1.090438842873516,1.224981233578402e-07,1.1904232266798711e-07
P25,wavelet,23,HbO,0.08892371337305909,1.0740502689849503,5.880916349432026e-07,1.1999654438974202e-06
P25,wavelet,23,HbR,0.31710142028098687,1.0463315334046477,1.3618142175062655e-07,1.7976450230976227e-07
P22,none,1,HbO,0.7792834839018622,0.9820199846366604,3.4672524441627147e-07,2.2582725913837833e-07
P22,none,1,HbR,0.40454752517728493,2.055722940108645,1.7115515947081246e-07,7.621661330253407e-08
P22,none,2,HbO,0.6551484425046628,1.270343999554932,6.505327154036877e-07,3.8805697851313874e-07
P22,none,2,HbR,0.30452824340932655,2.503555133576843,1.6957575719834412e-07,6.472885226706915e-08
P22,none,3,HbO,0.7397396408611351,1.0246045237473418,5.414657641380464e-07,3.580181441804038e-07
P22,none,3,HbR,0.6690778242512523,1.1615114798567994,1.0493432461833861e-07,6.719303062082205e-08
P22,none,4,HbO,0.7518819070259576,0.91213586307257,3.98272225467745e-07,2.881435643509379e-07
P22,none,4,HbR,0.5342280512206551,1.1456623713859113,8.336860763346672e-08,6.37624475563974e-08
P22,none,5,HbO,0.6800760754148356,1.2468800532707038,4.37930451040287e-07,2.5933900964819466e-07
P22,none,5,HbR,0.5185374913613325,2.4841434622510077,1.6062665723699177e-07,5.634271742899269e-08
P22,none,7,HbO,0.7431231026764114,1.0541707680940866,5.966629207330196e-07,3.830534982324741e-07
P22,none,7,HbR,0.1719604921018539,2.5564268427461987,1.3386298766312567e-07,5.289043980456319e-08
P22,none,8,HbO,0.6620169738890997,1.2762307686991623,5.240674488464881e-07,3.091864573619834e-07
P22,none,8,HbR,0.33315644884789924,2.7029376760227115,1.3515551333161848e-07,4.715335821742393e-08
P22,none,9,HbO,0.6291573211619026,1.3836462429225083,4.868070471438593e-07,2.744359463492273e-07
P22,none,9,HbR,0.7054685947822049,0.9761903927988078,7.446418044801545e-08,5.408728381811006e-08
P22,none,10,HbO,0.5632055040626813,1.7150614174891088,7.634177567650242e-07,3.69501582195481e-07
P22,none,10,HbR,0.4370929245245723,2.755904751041161,2.2640895871495357e-07,7.442525760981811e-08
P22,none,11,HbO,0.6978318449031076,1.1745900495054786,4.304896799931372e-07,2.6432319633129907e-07
P22,none,11,HbR,0.3635521912822468,1.5690023235867714,1.5703892671782332e-07,9.658202355739439e-08
P22,none,12,HbO,0.6568299862592007,1.4279111667968951,6.002290681413677e-07,3.211129836071261e-07
P22,none,12,HbR,0.694835284069782,1.03720558423697,9.654467804417246e-08,6.694880282943206e-08
P22,none,14,HbO,0.7734576296020238,0.9955793357213223,6.005531323664925e-07,3.8969495245163856e-07
P22,none,14,HbR,0.8519935838382816,0.6845905876490432,1.8897178476478202e-07,1.4614081671081105e-07
P22,none,15,HbO,0.8288825870826397,0.8264392405889934,4.6059358980507355e-07,3.2050250341472196e-07
P22,none,15,HbR,0.6842899348777379,1.0356741503339513,2.7881446408809803e-07,1.9639617760586156e-07
P22,none,16,HbO,0.9358276613453972,0.41378173912985333,2.1592772982752424e-07,1.8744130280550806e-07
P22,none,16,HbR,0.8910099309701144,0.49556242065723927,4.706992964386498e-08,4.3197744304528295e-08
P22,none,17,HbO,0.870883950531929,0.6097134360907172,2.1810204056685688e-07,1.7718581479213907e-07
P22,none,17,HbR,0.8082026987706328,0.6417653973295219,4.3197715880444624e-08,4.063691342385924e-08
P22,none,18,HbO,0.9802523660662039,0.21336073106077844,6.072825649086632e-10,5.72756236382152e-10
P22,none,18,HbR,0.945141247567578,0.3429207707366865,4.902687923970924e-10,5.822540675002557e-10
P22,none,19,HbO,0.9812031668610142,0.2075411680625706,4.1467784609913126e-10,3.9227256262005686e-10
P22,none,19,HbR,0.9707974746621663,0.251900958686275,3.1032298838386714e-10,2.962198072431966e-10
P22,none,20,HbO,0.9762568628397567,0.2426759764788625,2.6011515764580766e-10,2.396117254297552e-10
P22,none,20,HbR,0.9767270332691264,0.24276061650543454,1.1382769980685268e-10,1.0440962135494719e-10
P22,none,21,HbO,0.9597805424529381,0.28799499162226855,2.3650993276629446e-10,2.3109401799937003e-10
P22,none,21,HbR,0.9266568578777419,0.3944272043947705,1.134147348914434e-10,1.0865796344178194e-10
P22,none,22,HbO,0.7660693411829945,0.7846168639329442,3.579962584176147e-08,2.946446632974869e-08
P22,none,22,HbR,0.6965530217439303,0.8279168667046984,1.053626379382744e-08,9.508746481996243e-09
P22,none,23,HbO,0.7330118642659377,0.8748871774051605,3.510468523180927e-08,2.7384695080926923e-08
P22,none,23,HbR,0.7674883227537732,0.7488863392336114,1.0305131110095014e-08,8.928252837342177e-09
P22,wavelet,1,HbO,0.2654768328375071,1.748358410128584,3.8785283086774234e-07,2.2582725913837833e-07
P22,wavelet,1,HbR,0.40666435204023277,1.9195886662657935,1.5916076688655503e-07,7.621661330253407e-08
P22,wavelet,2,HbO,0.5211785782582031,1.1265490917125758,4.855275420400058e-07,3.8805697851313874e-07
P22,wavelet,2,HbR,0.5309077502203035,1.436044907717957,1.0916584240156409e-07,6.472885226706915e-08
P22,wavelet,3,HbO,0.48568699512679353,1.155968644453948,4.4295712465785506e-07,3.580181441804038e-07
P22,wavelet,3,HbR,0.5773749466676428,1.35043510702029,1.1093996602852554e-07,6.719303062082205e-08
P22,wavelet,4,HbO,0.7762759876386435,0.690619372991405,3.041494221021629e-07,2.881435643509379e-07
P22,wavelet,4,HbR,0.6875618537205851,1.0233807930109582,8.96991250712669e-08,6.37624475563974e-08
P22,wavelet,5,HbO,0.4628798964774315,1.305938692714949,3.678836795894269e-07,2.5933900964819466e-07
P22,wavelet,5,HbR,0.40613008450531274,3.3733610546218045,2.0525901413021863e-07,5.634271742899269e-08
P22,wavelet,7,HbO,0.33044131286384076,1.5702787744385334,6.049967452795501e-07,3.830534982324741e-07
P22,wavelet,7,HbR,0.46630716786453874,2.7618886517665393,1.6277799283267418e-07,5.289043980456319e-08
P22,wavelet,8,HbO,0.7731612820361421,0.7229440834611972,3.459489116570487e-07,3.091864573619834e-07
P22,wavelet,8,HbR,0.6865892939929185,1.5496942347096683,9.684586048399361e-08,4.715335821742393e-08
P22,wavelet,9,HbO,0.5582547649287354,1.206965029070805,3.930136185062289e-07,2.744359463492273e-07
P22,wavelet,9,HbR,0.34100493303188006,2.244353928852927,1.2866354247408307e-07,5.408728381811006e-08
P22,wavelet,10,HbO,0.25156188803046425,1.5173639923121527,5.226235819144575e-07,3.69501582195481e-07
P22,wavelet,10,HbR,0.35156181050800833,2.1904364209360536,1.7303617492400297e-07,7.442525760981811e-08
P22,wavelet,11,HbO,0.7274626417499078,0.7802521098418563,2.9032693711391067e-07,2.6432319633129907e-07
P22,wavelet,11,HbR,0.17258293826109702,1.536919921434696,1.3060867097665035e-07,9.658202355739439e-08
P22,wavelet,12,HbO,0.7009666534698437,0.8914967196594513,3.9632494024566377e-07,3.211129836071261e-07
P22,wavelet,12,HbR,0.29850263480274464,2.2259620078469284,1.5438798961287554e-07,6.694880282943206e-08
P22,wavelet,14,HbO,0.6822723282248152,0.8355551529303358,4.23438612999778e-07,3.8969495245163856e-07
P22,wavelet,14,HbR,0.30997413448311634,1.4667498586524204,2.0804882941139946e-07,1.4614081671081105e-07
P22,wavelet,15,HbO,0.6917170296844931,0.9098968782318283,3.990788385014144e-07,3.2050250341472196e-07
P22,wavelet,15,HbR,0.36692889812488433,1.2090422386703976,2.2373672455081334e-07,1.9639617760586156e-07
P22,wavelet,16,HbO,0.5567819448073809,1.4722558921422895,3.306017439706915e-07,1.8744130280550806e-07
P22,wavelet,16,HbR,0.2524711973061656,2.1707615961545716,9.444747173979078e-08,4.3197744304528295e-08
P22,wavelet,17,HbO,0.6973249869287014,0.9882692164340278,2.431176283905011e-07,1.7718581479213907e-07
P22,wavelet,17,HbR,0.5788713627307117,1.6593353561320965,8.20093978221128e-08,4.063691342385924e-08
P22,wavelet,18,HbO,0.8722368014964882,0.5261400019718155,6.106256211322075e-10,5.72756236382152e-10
P22,wavelet,18,HbR,0.920177494844408,0.403525251523313,5.926168012945039e-10,5.822540675002557e-10
P22,wavelet,19,HbO,0.8696140662847794,0.5762606248023092,4.567933409119087e-10,3.9227256262005686e-10
P22,wavelet,19,HbR,0.7949926729530494,0.738044349322208,3.589006997014963e-10,2.962198072431966e-10
P22,wavelet,20,HbO,0.9679581308540477,0.2632980308091884,2.508210999100554e-10,2.396117254297552e-10
P22,wavelet,20,HbR,0.9607855591124143,0.2942547852760928,1.1058028311438039e-10,1.0440962135494719e-10
P22,wavelet,21,HbO,0.824533776441723,0.6092290759033346,2.415839362646945e-10,2.3109401799937003e-10
P22,wavelet,21,HbR,0.8112718644606575,0.6591059530276148,1.2086178963598691e-10,1.0865796344178194e-10
P22,wavelet,22,HbO,0.12916457662679212,3.8515220212981434,1.1291907679285843e-07,2.946446632974869e-08
P22,wavelet,22,HbR,0.052683243140472014,3.0738241122766894,2.8005008595795167e-08,9.508746481996243e-09
P22,wavelet,23,HbO,0.037197080893512896,4.932947312277153,1.3266865515446691e-07,2.7384695080926923e-08
P22,wavelet,23,HbR,0.25341476278296954,2.4224193278308133,2.199795647781887e-08,8.928252837342177e-09
P36,none,1,HbO,0.9212107770362354,0.47106156609941635,3.594754688086841e-07,3.029004665061671e-07
P36,none,1,HbR,0.859521674015604,0.5204046445480682,7.069153704262218e-08,7.391654489594759e-08
P36,none,2,HbO,0.9467826590712568,0.36764414828441017,5.670503002452872e-07,5.043176988232854e-07
P36,none,2,HbR,0.9299815652272504,0.42799130166075317,1.0478851156158417e-07,9.119374583722141e-08
P36,none,3,HbO,0.9509527854873858,0.3275572024670008,2.7501597218621435e-07,2.599508385320326e-07
P36,none,3,HbR,0.7074314210261703,0.7427362307381185,6.577644003490076e-08,7.064495018018965e-08
P36,none,4,HbO,0.9781497796330919,0.2304847475340713,3.531634934076848e-07,3.277411637264201e-07
P36,none,4,HbR,0.916511753379916,0.40643162935120486,4.874089927155808e-08,4.9356341703632415e-08
P36,none,5,HbO,0.9739651178107545,0.24465560523356641,3.8693098166932183e-07,3.6303962050584733e-07
P36,none,5,HbR,0.945388169282791,0.33097709551555893,1.0387763650305268e-07,1.037294218261825e-07
P36,none,7,HbO,0.984711826463135,0.17691955935781914,4.958010497158329e-07,4.884293196921409e-07
P36,none,7,HbR,0.9393222054334854,0.35904272528863346,1.2467930319490095e-07,1.1930800805947085e-07
P36,none,8,HbO,0.968312813773053,0.2719248965034642,6.229445229510771e-07,5.790332495278283e-07
P36,none,8,HbR,0.9379754140043802,0.349019722282672,1.2041330427429002e-07,1.231476264621936e-07
P36,none,9,HbO,0.9843744849374015,0.17970515884466357,5.208547083358928e-07,5.105214051812596e-07
P36,none,9,HbR,0.9234935093751386,0.4011904942202369,1.2475540106495624e-07,1.198892900540339e-07
P36,none,10,HbO,0.9497250412510831,0.3593836503490797,3.7272027861746105e-07,3.3097439040645267e-07
P36,none,10,HbR,0.7558728446708061,0.7359612332827525,7.846077508998094e-08,7.185040716683654e-08
P36,none,11,HbO,0.9760939613430718,0.2432496714431937,2.736297752439598e-07,2.5216572676540107e-07
P36,none,11,HbR,0.9285213744720592,0.38171638636681976,5.12271774754715e-08,5.048449832660331e-08
P36,none,12,HbO,0.8752751804972884,0.5813340347029643,2.982392195888233e-07,2.4897925420303114e-07
P36,none,12,HbR,0.4563383375392249,1.0540672812277698,5.4452601166285604e-08,5.3313060522079036e-08
P36,none,14,HbO,0.734434368469932,1.1251473276819455,2.474859944637746e-07,1.5166878312544845e-07
P36,none,14,HbR,0.6322384882264499,1.100791645370489,6.0129648585088e-08,4.2518420933439995e-08
P36,none,15,HbO,0.9540834066285244,0.3307705917588018,2.679455187302981e-07,2.448500214230603e-07
P36,none,15,HbR,0.9378951043995175,0.3497194516759358,7.483168104703514e-08,7.647748119253374e-08
P36,none,16,HbO,0.9318027130605129,0.4038599655734807,2.1040177133488924e-07,1.8976955521584659e-07
P36,none,16,HbR,0.9189346550652322,0.4058269073059367,5.4222363146088825e-08,5.344745716691722e-08
P36,none,17,HbO,0.9316627974855137,0.41295718704483825,1.0057434584744138e-07,8.916550003232711e-08
P36,none,17,HbR,0.9135187226973311,0.42071441580773766,2.567514536415176e-08,2.522608591135299e-08
P36,none,18,HbO,0.9736744731707689,0.2535165515396037,9.78836828325135e-10,9.031788624758905e-10
P36,none,18,HbR,0.9726567650560779,0.23230091868458044,1.072516357191734e-09,1.098042126068868e-09
P36,none,19,HbO,0.9683283444891693,0.30370228475665295,6.874425142969686e-10,6.028354652325494e-10
P36,none,19,HbR,0.9835528752406874,0.20343577852639882,6.004962390357488e-10,5.580743066545839e-10
P36,none,20,HbO,0.9183792707836353,0.3975023701385998,2.579216678940945e-10,2.904896396637245e-10
P36,none,20,HbR,0.9081307576012864,0.42505873146894885,1.192147053625998e-10,1.4219497386232746e-10
P36,none,21,HbO,0.8978820213253834,0.5164587702485771,2.630201590829635e-10,2.252109033485825e-10
P36,none,21,HbR,0.9466984421741174,0.3459215116369464,1.2097871318546967e-10,1.1277226242663687e-10
P36,none,22,HbO,0.7805531437485745,0.9157344385451492,5.18144254312092e-07,3.574391362271343e-07
P36,none,22,HbR,0.8304037268707367,0.6080848765617115,8.668595345986549e-08,8.071701872105405e-08
P36,none,23,HbO,0.8591710674582227,0.675234634598024,7.432532807098718e-07,5.720635948539382e-07
P36,none,23,HbR,0.8791281944117608,0.47720552714500125,9.014760801023066e-08,9.988361687542039e-08
P36,wavelet,1,HbO,0.6370828745715275,1.031673519191882,3.9902332500626294e-07,3.029004665061671e-07
P36,wavelet,1,HbR,0.17620696142124087,3.103590064142599,2.2947638756197127e-07,7.391654489594759e-08
P36,wavelet,2,HbO,0.8002144503949831,0.6937861706388516,5.779376088445783e-07,5.043176988232854e-07
P36,wavelet,2,HbR,0.4071061647775662,1.8902632826375216,1.8784371027850902e-07,9.119374583722141e-08
P36,wavelet,3,HbO,0.703112342183301,0.8264965005443694,2.915038226674283e-07,2.599508385320326e-07
P36,wavelet,3,HbR,-0.12256602622783598,3.0341029703970825,1.9318036198582943e-07,7.064495018018965e-08
P36,wavelet,4,HbO,0.8356664685490569,0.6291883543706551,3.7314374389931043e-07,3.277411637264201e-07
P36,wavelet,4,HbR,0.2629688287872448,2.01594477190111,9.996768658693033e-08,4.9356341703632415e-08
P36,wavelet,5,HbO,0.8126354749341578,0.6979729012156828,4.329418674996105e-07,3.6303962050584733e-07
P36,wavelet,5,HbR,0.6884465917067992,0.9347623063813981,1.321449261196768e-07,1.037294218261825e-07
P36,wavelet,7,HbO,0.9302320413796782,0.3849402632230222,5.097509460824317e-07,4.884293196921409e-07
P36,wavelet,7,HbR,0.8330595719856313,0.6696676321497073,1.4426637214676855e-07,1.1930800805947085e-07
P36,wavelet,8,HbO,0.9442426194407411,0.3436224954061401,6.036548620788289e-07,5.790332495278283e-07
P36,wavelet,8,HbR,0.8669596448040553,0.5440934623906958,1.3356479543872825e-07,1.231476264621936e-07
P36,wavelet,9,HbO,0.9207688313917695,0.4198042390487761,5.481277596494283e-07,5.105214051812596e-07
P36,wavelet,9,HbR,0.7503304215158167,0.8499875131382354,1.5388683558238268e-07,1.198892900540339e-07
P36,wavelet,10,HbO,0.8451726056035047,0.6038574721883854,3.7240147550404715e-07,3.3097439040645267e-07
P36,wavelet,10,HbR,0.2999289089457966,1.7838313867974604,1.2957592210060489e-07,7.185040716683654e-08
P36,wavelet,11,HbO,0.8438845436859391,0.563611135398148,2.5586710844507396e-07,2.5216572676540107e-07
P36,wavelet,11,HbR,0.25565716088771956,1.828184743251323,9.087212465773619e-08,5.048449832660331e-08
P36,wavelet,12,HbO,0.5696883019986329,0.9754780745400263,2.7196545988250665e-07,2.4897925420303114e-07
P36,wavelet,12,HbR,0.0832597695764613,3.8317259371910852,2.008108484463648e-07,5.3313060522079036e-08
P36,wavelet,14,HbO,0.6715852290576354,0.9213806779967815,1.8489402117339875e-07,1.5166878312544845e-07
P36,wavelet,14,HbR,0.2181607080525662,3.5156918508147483,1.5211784455345477e-07,4.2518420933439995e-08
P36,wavelet,15,HbO,0.9223663440682724,0.4376712060946055,2.7526168054317216e-07,2.448500214230603e-07
P36,wavelet,15,HbR,0.3425329877512915,1.8881776043365466,1.506904695164794e-07,7.647748119253374e-08
P36,wavelet,16,HbO,0.649646428066104,1.1138312992501616,2.764246851561058e-07,1.8976955521584659e-07
P36,wavelet,16,HbR,0.6262363302561061,1.3057958624692036,8.919603466418207e-08,5.344745716691722e-08
P36,wavelet,17,HbO,0.5834213274786285,1.4239760554193064,1.5553528828027416e-07,8.916550003232711e-08
P36,wavelet,17,HbR,0.15389899909971563,2.922801894573269,7.294868927866109e-08,2.522608591135299e-08
P36,wavelet,18,HbO,0.74423574631814,0.7685447879137944,1.0134298856107934e-09,9.031788624758905e-10
P36,wavelet,18,HbR,0.8282533457317068,0.5639665456427452,9.738570907780362e-10,1.098042126068868e-09
P36,wavelet,19,HbO,0.8757960419568124,0.5198458769678543,6.442462738110068e-10,6.028354652325494e-10
P36,wavelet,19,HbR,0.7741728615138832,0.6725641575947301,5.572041325714422e-10,5.580743066545839e-10
P36,wavelet,20,HbO,0.9282403740601208,0.37329589119879436,2.61381754843538e-10,2.904896396637245e-10
P36,wavelet,20,HbR,0.8476498003121481,0.5351990775662072,1.1151604450185555e-10,1.4219497386232746e-10
P36,wavelet,21,HbO,0.8610168953802839,0.6089521770936703,2.687606354517272e-10,2.252109033485825e-10
P36,wavelet,21,HbR,0.8438119449351795,0.6325555620158959,1.3270710845725594e-10,1.1277226242663687e-10
P36,wavelet,22,HbO,0.7455038892158931,0.8496466032589596,4.542406629191878e-07,3.574391362271343e-07
P36,wavelet,22,HbR,0.40821290290846085,2.592659493985867,2.2764422659673995e-07,8.071701872105405e-08
P36,wavelet,23,HbO,0.7161260245768628,0.8418189743766229,6.785069350105052e-07,5.720635948539382e-07
P36,wavelet,23,HbR,0.34179914279197393,2.6898624226164163,2.848993596022759e-07,9.988361687542039e-08
P13,none,1,HbO,0.9251028134234621,0.4361428472822177,7.857305664942564e-08,6.902332552177036e-08
P13,none,1,HbR,0.9499087627322339,0.35388447163799625,2.5639319829727467e-08,2.298002371114106e-08
P13,none,2,HbO,0.9105869437272541,0.49601812808025786,2.626674653109752e-07,2.2180517953810058e-07
P13,none,2,HbR,0.9177077328006142,0.4610418310904695,6.84823346024669e-08,5.947164733484421e-08
P13,none,3,HbO,0.9528586067917137,0.3169259230020727,1.1757039801003844e-07,1.1283243396536335e-07
P13,none,3,HbR,0.9677022495017805,0.25947179563288775,3.864699114028516e-08,3.761919886756109e-08
P13,none,4,HbO,0.9360827688488433,0.4136773076412355,1.1558315642964038e-07,1.0023125131458242e-07
P13,none,4,HbR,0.949131143574777,0.37054794373365413,3.384160816815208e-08,2.957484345709814e-08
P13,none,5,HbO,0.9612511854924528,0.2982003802528066,3.2640503861339206e-07,3.038174181865012e-07
P13,none,5,HbR,0.9396791325550536,0.34828854017594046,7.17884620385273e-08,7.141417726775699e-08
P13,none,7,HbO,0.8877410375656232,0.5874294038441853,2.4923519878017174e-07,1.9901174154490246e-07
P13,none,7,HbR,0.9342700457767164,0.38662703269532644,6.51461745351138e-08,6.011882548322651e-08
P13,none,8,HbO,0.9454510284226758,0.3601651819727058,2.1449621864041158e-07,1.9528394569500406e-07
P13,none,8,HbR,0.8831034372475884,0.4822708115281832,5.48546990443418e-08,5.516295251629602e-08
P13,none,9,HbO,0.8969819013431515,0.5668952251165165,4.468971360238506e-07,3.5703759780789086e-07
P13,none,9,HbR,0.9697482265214058,0.2547923667201316,1.0119391585491241e-07,9.704710642470626e-08
P13,none,10,HbO,0.9728300025718131,0.25072322039342293,3.476019968487621e-07,3.251638274177762e-07
P13,none,10,HbR,0.929707141908077,0.37699827115739937,9.865396385226078e-08,9.779499108168173e-08
P13,none,11,HbO,0.9832236048113583,0.19013445812447993,2.715799265555572e-07,2.6199693184315123e-07
P13,none,11,HbR,0.9495513906422173,0.3136795980549645,5.349143616814416e-08,5.639576306802817e-08
P13,none,12,HbO,0.974241138497776,0.2471990394210685,3.846621262608045e-07,3.578393855623022e-07
P13,none,12,HbR,0.9606345814203596,0.27934577131051286,5.6892749819736505e-08,5.747921077567346e-08
P13,none,14,HbO,0.9644542698055727,0.2650737763059152,3.159987624117646e-07,3.3233375055887807e-07
P13,none,14,HbR,0.9628246172857406,0.2818280443648612,2.2745770864196299e-07,2.1819509371967696e-07
P13,none,15,HbO,0.9538027174501952,0.3073585944005136,2.3302185220067592e-07,2.2894500601011258e-07
P13,none,15,HbR,0.9635665061521163,0.2974964902792898,1.7453571750732578e-07,1.59578496376889e-07
P13,none,16,HbO,0.25172966009989617,0.9750236127327759,3.6129353604383546e-09,1.000421586024091e-08
P13,none,16,HbR,0.051382173313057146,1.0556957581681325,1.990843576208306e-09,5.18813027858256e-09
P13,none,17,HbO,0.5266878619047604,0.9076720118014969,9.816700142758999e-09,1.1681454143759058e-08
P13,none,17,HbR,0.6161943305143539,0.8316933603761328,5.625654033524674e-09,6.389229831926507e-09
P13,none,18,HbO,0.9566022951381353,0.2914182846789121,6.670288613838849e-10,6.991320152357119e-10
P13,none,18,HbR,0.9898005778091162,0.14281797207772193,4.5427574743104497e-10,4.554905037994235e-10
P13,none,19,HbO,0.8387532142666846,0.682697272604883,4.966099514051338e-10,3.9755591995159147e-10
P13,none,19,HbR,0.9189594147633359,0.41637578709608497,3.596688840214152e-10,4.573857356268753e-10
P13,none,20,HbO,0.4435002373195025,4.04100673339679,1.4442571002310967e-06,3.294530915265332e-07
P13,none,20,HbR,0.443118522351263,4.046048582878007,7.241648360130551e-07,1.6501238036206352e-07
P13,none,21,HbO,0.44821630145687935,4.054864659335418,1.4056070649365285e-06,3.192197324415024e-07
P13,none,21,HbR,0.44334586651085767,4.007040423877265,7.021098109355262e-07,1.6144946660009672e-07
P13,none,22,HbO,0.7606687955754149,0.9298991747482691,2.029918949357281e-07,1.423190693424553e-07
P13,none,22,HbR,0.8253755392731006,0.7507061841647846,5.958487945365011e-08,4.513766636942337e-08
P13,none,23,HbO,0.8183276016003239,0.861254363718904,4.762763990296694e-07,3.262755665070071e-07
P13,none,23,HbR,0.8192876767830414,0.770907664499094,9.1043383879535e-08,6.82185445062102e-08
P13,wavelet,1,HbO,0.5016632631661467,1.4912729031052891,1.1788320857541261e-07,6.902332552177036e-08
P13,wavelet,1,HbR,0.8978478270540355,0.454034138183818,2.3173436913652137e-08,2.298002371114106e-08
P13,wavelet,2,HbO,0.4756204189984837,1.520262386040435,3.7865862930632976e-07,2.2180517953810058e-07
P13,wavelet,2,HbR,0.6303188489493826,1.0441353087334926,7.868287920627161e-08,5.947164733484421e-08
P13,wavelet,3,HbO,0.45238583377277913,1.569646732114715,1.9577740156196278e-07,1.1283243396536335e-07
P13,wavelet,3,HbR,0.7555512187097706,0.754986100255311,4.2339051594510296e-08,3.761919886756109e-08
P13,wavelet,4,HbO,0.5681043421927403,1.3666105717526849,1.6550559447604883e-07,1.0023125131458242e-07
P13,wavelet,4,HbR,0.9119402521153347,0.45668819108363107,3.2866578798849184e-08,2.957484345709814e-08
P13,wavelet,5,HbO,0.712688506326249,0.9328572411208362,4.01576833764427e-07,3.038174181865012e-07
P13,wavelet,5,HbR,0.7447903038156732,0.9629759709298182,1.0262376218278546e-07,7.141417726775699e-08
P13,wavelet,7,HbO,0.5877525610913863,1.1613279558743412,2.815732375530967e-07,1.9901174154490246e-07
P13,wavelet,7,HbR,0.7159960266740468,0.921005719095451,7.909704228284111e-08,6.011882548322651e-08
P13,wavelet,8,HbO,0.6818232017350712,0.876727348995103,2.2648474705777526e-07,1.9528394569500406e-07
P13,wavelet,8,HbR,0.7077696810304731,0.9092324224508344,7.045896742412588e-08,5.516295251629602e-08
P13,wavelet,9,HbO,0.6471326588837475,0.9624721149923463,4.3898973783588847e-07,3.5703759780789086e-07
P13,wavelet,9,HbR,0.8810251565240491,0.4871818816042596,9.679456849812878e-08,9.704710642470626e-08
P13,wavelet,10,HbO,0.9168379712989729,0.41306769087795575,3.321548760512818e-07,3.251638274177762e-07
P13,wavelet,10,HbR,0.8394588220625899,0.6015054015345357,1.0719229520715731e-07,9.779499108168173e-08
P13,wavelet,11,HbO,0.8897178923388589,0.4814439008232414,2.7290975649235917e-07,2.6199693184315123e-07
P13,wavelet,11,HbR,0.6847423499984668,0.939763679302906,7.186423896163328e-08,5.639576306802817e-08
P13,wavelet,12,HbO,0.8214092824483954,0.6548733265487501,4.0853783484280404e-07,3.578393855623022e-07
P13,wavelet,12,HbR,0.3149847315225767,1.7864965367168095,1.0490233831579647e-07,5.747921077567346e-08
P13,wavelet,14,HbO,0.7524019837165109,0.7345002288676684,3.567330342089711e-07,3.3233375055887807e-07
P13,wavelet,14,HbR,0.7937979994135075,0.6744013722821001,2.3642023653982027e-07,2.1819509371967696e-07
P13,wavelet,15,HbO,0.48095378593306,1.4241855331144868,3.653036450245023e-07,2.2894500601011258e-07
P13,wavelet,15,HbR,0.7428428216912388,0.7862956725859377,1.8394848322951136e-07,1.59578496376889e-07
P13,wavelet,16,HbO,-0.40884114418034395,8.171071746477145,7.675256616118419e-08,1.000421586024091e-08
P13,wavelet,16,HbR,-0.3934218921937546,8.145664209368377,3.974744629861392e-08,5.18813027858256e-09
P13,wavelet,17,HbO,-0.2167130765033071,6.807017318440974,7.577898125262346e-08,1.1681454143759058e-08
P13,wavelet,17,HbR,-0.24580405903091598,6.105358127591019,3.675673427707404e-08,6.389229831926507e-09
P13,wavelet,18,HbO,0.9138587913241963,0.42238262040547053,7.200167017495816e-10,6.991320152357119e-10
P13,wavelet,18,HbR,0.8947687265600844,0.5326270723125474,5.38268108301517e-10,4.554905037994235e-10
P13,wavelet,19,HbO,0.3620248924627312,1.3651408010266952,5.386014901911202e-10,3.9755591995159147e-10
P13,wavelet,19,HbR,0.8003489157422495,0.607959049453059,4.1084666354120807e-10,4.573857356268753e-10
P13,wavelet,20,HbO,0.4590217807264475,1.4606176397059718,5.331660309897263e-07,3.294530915265332e-07
P13,wavelet,20,HbR,0.46423447908686505,1.4522461621172813,2.6650657453161115e-07,1.6501238036206352e-07
P13,wavelet,21,HbO,0.41800013085860654,1.5149626850608173,5.204293678647992e-07,3.192197324415024e-07
P13,wavelet,21,HbR,0.47350629493256,1.4720274254171546,2.668611760630663e-07,1.6144946660009672e-07
P13,wavelet,22,HbO,0.42957550550189855,1.6214643571172258,2.5157234128697994e-07,1.423190693424553e-07
P13,wavelet,22,HbR,0.6889047248601716,0.9303374944343262,5.724539134496173e-08,4.513766636942337e-08
P13,wavelet,23,HbO,0.37091711168411934,1.593857933569077,5.413338117151293e-07,3.262755665070071e-07
P13,wavelet,23,HbR,0.49661537896463953,1.1839268411874346,8.856726111111124e-08,6.82185445062102e-08
P46,none,1,HbO,0.4615856418249679,2.5077265568688225,1.1165644087515085e-06,3.9775579808299455e-07
P46,none,1,HbR,0.6587451520783345,1.0158539276369571,3.8750100641980355e-07,2.888974021772641e-07
P46,none,2,HbO,0.9253177031561006,0.42399398221754403,3.566122366533794e-07,3.198427062094781e-07
P46,none,2,HbR,0.7460491693374192,0.7822705694537698,6.429148496429264e-08,5.558813134262268e-08
P46,none,3,HbO,0.5185895549287288,2.1502007822382776,1.1319595579166428e-06,4.543323065958839e-07
P46,none,3,HbR,0.6640951415767821,1.1234306353630548,4.0509834579202353e-07,2.6959537590785736e-07
P46,none,4,HbO,0.7759172846937212,0.8376657400299656,2.565030979873336e-07,1.933030871378421e-07
P46,none,4,HbR,0.6694079557641929,0.8568729289806076,6.804664779001558e-08,6.211833395346833e-08
P46,none,5,HbO,0.9116667515815514,0.4748298460270268,3.1454327939844805e-07,2.7363264018068223e-07
P46,none,5,HbR,0.8259542276504244,0.6380037058521567,1.0467559931985972e-07,9.311025113850715e-08
P46,none,7,HbO,0.9581221173071472,0.30580225112104353,3.5633690534245714e-07,3.3447045649889925e-07
P46,none,7,HbR,0.7462415726110684,0.7870539753671212,1.015451198018854e-07,8.707761245456254e-08
P46,none,8,HbO,0.9249631456181225,0.44958419459091997,3.413892783849733e-07,2.9305319086165694e-07
P46,none,8,HbR,0.8703036305965238,0.5033320016585149,9.374733631763245e-08,9.656329572305101e-08
P46,none,9,HbO,0.910637061548512,0.47229307398163417,3.862983706498194e-07,3.390449098632745e-07
P46,none,9,HbR,0.9309435685889791,0.36730427835509,1.2938795438980317e-07,1.339851426528284e-07
P46,none,10,HbO,0.386832824302906,2.6337466358891386,8.705313261826797e-07,3.050356367066426e-07
P46,none,10,HbR,0.5080540123237794,1.8326501699894766,1.558827323902523e-07,7.333303138036484e-08
P46,none,11,HbO,0.7151615617565799,1.0397030057699483,3.266833864052576e-07,2.2000969783282485e-07
P46,none,11,HbR,0.6513448023422385,1.068648806102177,7.956164429274589e-08,5.667407254447317e-08
P46,none,12,HbO,0.8058671064950106,0.8740938878134066,5.643919311520365e-07,3.895382875670562e-07
P46,none,12,HbR,0.7444253936358193,0.7811258012471424,6.539276472745623e-08,5.6874110384552196e-08
P46,none,14,HbO,0.5757393139485372,2.2626929544740606,8.802333914317456e-07,3.277730824044443e-07
P46,none,14,HbR,0.44871368317896937,1.6754898054653393,2.5092086240073174e-07,1.3447828558195142e-07
P46,none,15,HbO,0.44523329534407863,2.801090313421523,7.944950245959192e-07,2.5634324224754595e-07
P46,none,15,HbR,0.5803421374046537,1.3656723165114126,3.370012707066398e-07,2.0099956917766448e-07
P46,none,16,HbO,0.6675484608340828,2.1505933775584327,9.934001419712133e-07,3.6996256723013547e-07
P46,none,16,HbR,0.775901373391913,0.8708284220598,2.635076327989704e-07,1.9147525987348097e-07
P46,none,17,HbO,0.5556849857756034,2.2589866728175543,7.582767992992903e-07,2.854836292362503e-07
P46,none,17,HbR,0.6550231368577805,1.082800765508302,1.5969711276902308e-07,1.1162983007729598e-07
P46,none,18,HbO,0.9881685780241425,0.15976527032307866,2.0993187986915775e-09,2.032504552571791e-09
P46,none,18,HbR,0.9643581614022734,0.265538830409177,2.097789066502535e-09,2.216789459946403e-09
P46,none,19,HbO,0.9841570783868988,0.18271160023586275,1.2992032058149602e-09,1.264103455046031e-09
P46,none,19,HbR,0.9773223469703194,0.21217680112800805,1.2387577219680808e-09,1.2798474859248112e-09
P46,none,20,HbO,0.9592184581329791,0.32928259078479194,2.0961045062534012e-10,1.8593839783979538e-10
P46,none,20,HbR,0.9704001369512893,0.29408092039559836,1.1707903450714415e-10,1.0289372771893857e-10
P46,none,21,HbO,0.9831261839142948,0.1839732552291435,2.064640375370729e-10,2.0591515915609152e-10
P46,none,21,HbR,0.982851092530692,0.20027944740806103,1.1294786493732297e-10,1.066004461130005e-10
P46,none,22,HbO,0.8022903542531239,0.8325217495392034,4.1398747853044096e-07,2.994386567692616e-07
P46,none,22,HbR,0.8584510124168273,0.5220921697893322,9.057572299353694e-08,9.50029300480976e-08
P46,none,23,HbO,0.8131753592270613,0.8169431064293781,1.8573321099551082e-07,1.3396271488663601e-07
P46,none,23,HbR,0.9250922854550246,0.3801088554449196,6.47978316453661e-08,7.047276465039469e-08
P46,wavelet,1,HbO,0.5306890111932812,1.1967833264617296,5.467154334902213e-07,3.9775579808299455e-07
P46,wavelet,1,HbR,0.7375685345940975,0.9921019743093858,4.224417893254295e-07,2.888974021772641e-07
P46,wavelet,2,HbO,0.8230539388458152,0.5975136011350525,3.224962049140478e-07,3.198427062094781e-07
P46,wavelet,2,HbR,0.3312732924492815,1.8820129598977253,1.0864816133470954e-07,5.558813134262268e-08
P46,wavelet,3,HbO,0.39209482087890923,1.3519524088474133,6.272197883410406e-07,4.543323065958839e-07
P46,wavelet,3,HbR,0.6831138385927565,0.8848653911476233,3.188337520245139e-07,2.6959537590785736e-07
P46,wavelet,4,HbO,0.5354978366982254,1.175541238394098,2.6106741389400943e-07,1.933030871378421e-07
P46,wavelet,4,HbR,0.5399229244058373,1.1463778525967783,8.18778367241328e-08,6.211833395346833e-08
P46,wavelet,5,HbO,0.6658796764519012,0.8446553239177966,2.8946494395653354e-07,2.7363264018068223e-07
P46,wavelet,5,HbR,0.38629701149507883,1.5171723895022404,1.4745542531805574e-07,9.311025113850715e-08
P46,wavelet,7,HbO,0.8815443404540206,0.48457845137026523,3.306041993234452e-07,3.3447045649889925e-07
P46,wavelet,7,HbR,0.4610998113985056,1.509966996103064,1.4615871502128944e-07,8.707761245456254e-08
P46,wavelet,8,HbO,0.8122278001682739,0.6358396706112376,3.1212847156963356e-07,2.9305319086165694e-07
P46,wavelet,8,HbR,0.5755789234641111,1.1273958518323848,1.3026103875651078e-07,9.656329572305101e-08
P46,wavelet,9,HbO,0.9322842698296017,0.37068849324006187,3.4282403041000064e-07,3.390449098632745e-07
P46,wavelet,9,HbR,0.4239156736391965,1.2261083361091951,1.665870269243815e-07,1.339851426528284e-07
P46,wavelet,10,HbO,0.785529704322837,0.7636178112830185,3.759478842365993e-07,3.050356367066426e-07
P46,wavelet,10,HbR,0.3673883712908518,2.3236990779770332,1.825596260706488e-07,7.333303138036484e-08
P46,wavelet,11,HbO,0.6430483991691858,1.0174716431535114,2.879761860581831e-07,2.2000969783282485e-07
P46,wavelet,11,HbR,0.5430919612947311,1.4864040223376092,9.999194398858529e-08,5.667407254447317e-08
P46,wavelet,12,HbO,0.7362104578120161,0.7843000646512831,4.4068525000020237e-07,3.895382875670562e-07
P46,wavelet,12,HbR,0.17406881730634302,2.31700137694951,1.2897835752756428e-07,5.6874110384552196e-08
P46,wavelet,14,HbO,0.3670953787146376,1.4785919579440119,4.954245562956757e-07,3.277730824044443e-07
P46,wavelet,14,HbR,0.4291220384546207,1.4865686518889072,2.1609422713376792e-07,1.3447828558195142e-07
P46,wavelet,15,HbO,0.4945754938415042,1.6916557374088816,4.985955576898422e-07,2.5634324224754595e-07
P46,wavelet,15,HbR,0.7335083360263843,1.100754353075502,3.2138503144440195e-07,2.0099956917766448e-07
P46,wavelet,16,HbO,0.289529319555036,1.5279387171725578,5.469000974153486e-07,3.6996256723013547e-07
P46,wavelet,16,HbR,0.4840114341769112,1.4401372222619084,3.1128641458825564e-07,1.9147525987348097e-07
P46,wavelet,17,HbO,0.518003850527002,1.2151005015301424,3.936863975872633e-07,2.854836292362503e-07
P46,wavelet,17,HbR,0.553381200067865,1.241383482318831,1.6442900169276088e-07,1.1162983007729598e-07
P46,wavelet,18,HbO,0.9613038716473401,0.2770157315743366,2.0124037233433034e-09,2.032504552571791e-09
P46,wavelet,18,HbR,0.9380088365391763,0.3482141040675771,2.014927390017631e-09,2.216789459946403e-09
P46,wavelet,19,HbO,0.8394420294932791,0.5969521435190109,1.3725375905899544e-09,1.264103455046031e-09
P46,wavelet,19,HbR,0.8776077252173468,0.491814387313735,1.2607978235717845e-09,1.2798474859248112e-09
P46,wavelet,20,HbO,0.9009888984867502,0.4560700450350826,1.9361453017785064e-10,1.8593839783979538e-10
P46,wavelet,20,HbR,0.8830359538856024,0.5061145782699681,1.103280330850175e-10,1.0289372771893857e-10
P46,wavelet,21,HbO,0.9403371322434997,0.34234482607644057,2.0131434319090295e-10,2.0591515915609152e-10
P46,wavelet,21,HbR,0.9103730575677885,0.43963706363711536,1.128675899413854e-10,1.066004461130005e-10
P46,wavelet,22,HbO,0.8632237836465168,0.6891173854840067,3.981041827724478e-07,2.994386567692616e-07
P46,wavelet,22,HbR,0.8148902198698299,0.8304411199527233,1.3387235594571738e-07,9.50029300480976e-08
P46,wavelet,23,HbO,0.6262869392400588,0.9552496934138889,1.5749659781277406e-07,1.3396271488663601e-07
P46,wavelet,23,HbR,0.3444609136792955,1.723469296598069,1.2561894226618745e-07,7.047276465039469e-08
P68,none,1,HbO,0.928191051251694,0.4081507103204393,1.9416745158457263e-07,1.7749080745802002e-07
P68,none,1,HbR,0.9400663207526107,0.34529055614522397,4.222040384255433e-08,4.254453886413224e-08
P68,none,2,HbO,0.9083686462534706,0.478185478475385,3.322943936525157e-07,2.917560520469038e-07
P68,none,2,HbR,0.8493525754856871,0.5775953830369399,6.584513846086424e-08,6.084077095382471e-08
P68,none,3,HbO,0.9636527525880523,0.27094839147963545,1.9416121784492726e-07,1.9302858252973138e-07
P68,none,3,HbR,0.9549916537925414,0.29812849301346594,5.811121335018047e-08,6.274314391739168e-08
P68,none,4,HbO,0.9404651325485053,0.4018964192766031,1.2261425242698902e-07,1.0628523878163976e-07
P68,none,4,HbR,0.9419149700526318,0.38504644845677527,3.4928316714430014e-08,3.0904797720831857e-08
P68,none,5,HbO,0.9613455521869786,0.27891643174994385,1.6372891127632154e-07,1.6331844874657716e-07
P68,none,5,HbR,0.8750907008887184,0.5132513928938104,4.7767935913063735e-08,4.567155394241868e-08
P68,none,7,HbO,0.9648582678926879,0.2863331098058617,1.9037610990736603e-07,1.7663991612258222e-07
P68,none,7,HbR,0.9641167122547591,0.26848895243204807,4.680906567048282e-08,4.6616354546225395e-08
P68,none,8,HbO,0.9413419353877959,0.4174154004079992,2.2786139836722615e-07,1.919950908892954e-07
P68,none,8,HbR,0.9078746911210751,0.43418700674209354,4.534486677449535e-08,4.444099312344005e-08
P68,none,9,HbO,0.9398122854448734,0.43333610553418456,2.99547702606867e-07,2.4840344979632595e-07
P68,none,9,HbR,0.9155115188842691,0.4182005538162323,6.004788520091537e-08,5.83390824702106e-08
P68,none,10,HbO,0.9646411687800136,0.2671818071318105,1.7010769260456995e-07,1.6903070259513914e-07
P68,none,10,HbR,0.9484322286775256,0.32058445285907766,6.045972186724327e-08,6.068012503579663e-08
P68,none,11,HbO,0.9176323794984795,0.43284984443843155,1.1172990724898944e-07,1.0265143188169646e-07
P68,none,11,HbR,0.9334435479389481,0.370288851263745,3.171108074708372e-08,3.093137210190024e-08
P68,none,12,HbO,0.8963487382856673,0.5390086409248087,3.1639491064268774e-07,2.632560292627715e-07
P68,none,12,HbR,0.5746111736026944,0.9534896944985923,5.820351611432934e-08,5.4713066413389205e-08
P68,none,14,HbO,0.8412619291704241,0.704990387679123,1.9667667027982872e-07,1.5209798799263298e-07
P68,none,14,HbR,0.9384044504682549,0.3875801960438362,6.431630468574077e-08,5.7739281345888106e-08
P68,none,15,HbO,0.7800596619637301,0.9108396809522924,3.1592370348824136e-07,2.1914305045667637e-07
P68,none,15,HbR,0.8628872607458309,0.6379468566157633,1.1228805216111704e-07,8.967621634041524e-08
P68,none,16,HbO,0.8751896046330545,0.6183112965852375,2.0454020292776199e-07,1.623803548479096e-07
P68,none,16,HbR,0.9206593583268001,0.40496314192784294,6.404471489642355e-08,6.227597255922777e-08
P68,none,17,HbO,0.8025196444686763,0.8513157418871155,9.356862907929146e-08,6.639106992718118e-08
P68,none,17,HbR,0.8447825990101233,0.6496327064197209,2.1297317761079545e-08,1.7573764256630995e-08
P68,none,18,HbO,0.9639682814753411,0.2665255426334573,1.7662459184279703e-09,1.8016741267345582e-09
P68,none,18,HbR,0.971697540389701,0.27477686652904665,1.0779869552163934e-09,9.700557736341657e-10
P68,none,19,HbO,0.956448738575365,0.38668548529767083,1.5233198230240818e-09,1.2604783171322297e-09
P68,none,19,HbR,0.9344172071667244,0.4198878196918788,8.206071927050776e-10,7.118231617016112e-10
P68,none,20,HbO,0.9499672990347361,0.3166950802164548,5.001339499930795e-10,4.993769890926552e-10
P68,none,20,HbR,0.964376255035277,0.2781196633448648,2.1187684337834198e-10,2.0178535393538122e-10
P68,none,21,HbO,0.9381065531061488,0.35590829317409234,5.27645578652474e-10,5.174694182706906e-10
P68,none,21,HbR,0.9367479215535351,0.352351624080001,2.08497395720375e-10,2.1346802496266815e-10
P68,none,22,HbO,0.6238139826603887,1.467196266800057,8.721222140972798e-08,4.676398413272925e-08
P68,none,22,HbR,0.6034901992787042,1.0233938868434034,2.7116803511693762e-08,2.1801735816006184e-08
P68,none,23,HbO,0.5834387320889798,1.3992801676339002,9.059363550892226e-08,5.261004367962943e-08
P68,none,23,HbR,0.7180951739448341,1.1047024218078427,3.6980040009442356e-08,2.3466941377781124e-08
P68,wavelet,1,HbO,0.4306781189927493,1.6046755184515453,3.103255163463906e-07,1.7749080745802002e-07
P68,wavelet,1,HbR,0.830860655298952,0.6190167234372519,4.681595266070432e-08,4.254453886413224e-08
P68,wavelet,2,HbO,0.5106524520683395,1.5149694060625383,5.102929274632958e-07,2.917560520469038e-07
P68,wavelet,2,HbR,0.6199552092122372,1.066994565432596,8.132532638145635e-08,6.084077095382471e-08
P68,wavelet,3,HbO,0.6794518328323647,0.9256290670712699,2.3894819487105117e-07,1.9302858252973138e-07
P68,wavelet,3,HbR,0.6196436799738696,0.9400795926138473,7.10764905124907e-08,6.274314391739168e-08
P68,wavelet,4,HbO,0.46884551490902665,1.5051318929082882,1.7849019460448336e-07,1.0628523878163976e-07
P68,wavelet,4,HbR,0.6357910159957019,1.1145584203810577,4.4378570516083885e-08,3.0904797720831857e-08
P68,wavelet,5,HbO,0.6835375685582681,0.9684198323688692,2.1447300573699763e-07,1.6331844874657716e-07
P68,wavelet,5,HbR,0.60493391634953,1.3585929915683885,7.766253115350694e-08,4.567155394241868e-08
P68,wavelet,7,HbO,0.46808653130072647,1.3378972660610176,2.5891817977284467e-07,1.7663991612258222e-07
P68,wavelet,7,HbR,0.46243758734762663,1.0763191812443051,4.995844829052012e-08,4.6616354546225395e-08
P68,wavelet,8,HbO,0.6156695639682161,1.1637211126932079,2.8145301022142514e-07,1.919950908892954e-07
P68,wavelet,8,HbR,0.541221961148007,1.1728896047190431,6.034442064993816e-08,4.444099312344005e-08
P68,wavelet,9,HbO,0.5778324257861485,1.2353682328257902,3.723184429674472e-07,2.4840344979632595e-07
P68,wavelet,9,HbR,0.5314456061493558,1.2590660361598742,8.534655600794634e-08,5.83390824702106e-08
P68,wavelet,10,HbO,0.8424806761332561,0.6179843716322,1.9264312503752318e-07,1.6903070259513914e-07
P68,wavelet,10,HbR,0.7293168817871577,0.7931113835252308,6.840794881886367e-08,6.068012503579663e-08
P68,wavelet,11,HbO,0.7302542679865175,0.858108340757146,1.2764068528554732e-07,1.0265143188169646e-07
P68,wavelet,11,HbR,0.8540233798030126,0.578271276686342,3.420045925744575e-08,3.093137210190024e-08
P68,wavelet,12,HbO,0.6402994570850281,1.0780100771026606,3.6592646667329075e-07,2.632560292627715e-07
P68,wavelet,12,HbR,0.5283755551808068,1.233014507764312,7.781935550495491e-08,5.4713066413389205e-08
P68,wavelet,14,HbO,0.5902039766736206,1.1944468358163498,2.2290550097535713e-07,1.5209798799263298e-07
P68,wavelet,14,HbR,0.6357945469683544,1.1677121513144912,8.711704348231911e-08,5.7739281345888106e-08
P68,wavelet,15,HbO,0.6508858307787281,0.9669424088830221,2.728966368031664e-07,2.1914305045667637e-07
P68,wavelet,15,HbR,0.7606885620143723,0.7287749395004833,9.79253136639975e-08,8.967621634041524e-08
P68,wavelet,16,HbO,0.6036911746430843,1.2056776022597395,2.437686997419362e-07,1.623803548479096e-07
P68,wavelet,16,HbR,0.5620468854559092,1.4655392268695138,1.0987779692368711e-07,6.227597255922777e-08
P68,wavelet,17,HbO,0.3504648342051234,1.9819208661322012,1.385542073859984e-07,6.639106992718118e-08
P68,wavelet,17,HbR,0.4224843101027649,1.9378759605920834,3.7355246938063107e-08,1.7573764256630995e-08
P68,wavelet,18,HbO,0.8134253637399762,0.5859003257499494,1.5881901593427698e-09,1.8016741267345582e-09
P68,wavelet,18,HbR,0.8684391774277209,0.585164206970385,1.1429946977488913e-09,9.700557736341657e-10
P68,wavelet,19,HbO,0.9092158881253236,0.43586286169028254,1.3073085302221968e-09,1.2604783171322297e-09
P68,wavelet,19,HbR,0.8861504918292061,0.493221508826321,7.494753631563217e-10,7.118231617016112e-10
P68,wavelet,20,HbO,0.7413441823242798,0.6794620585856466,4.19295132224035e-10,4.993769890926552e-10
P68,wavelet,20,HbR,0.7556432442743446,0.6726733789301537,1.8230727123485534e-10,2.0178535393538122e-10
P68,wavelet,21,HbO,0.9230552964776532,0.40065604102699215,5.356226282308781e-10,5.174694182706906e-10
P68,wavelet,21,HbR,0.680698421899937,0.8017189561490085,2.1409502109915404e-10,2.1346802496266815e-10
P68,wavelet,22,HbO,0.5266383160785547,1.4041034232328211,7.66260686641797e-08,4.676398413272925e-08
P68,wavelet,22,HbR,0.38981736613907286,1.5863146151090608,3.654823151700478e-08,2.1801735816006184e-08
P68,wavelet,23,HbO,0.1587910678548119,2.682608245399342,1.389447535316084e-07,5.261004367962943e-08
P68,wavelet,23,HbR,0.8138368320485498,0.7200423008644787,2.907553271654455e-08,2.3466941377781124e-08
P08,none,1,HbO,0.7677991393543345,0.8736657506253735,1.8187059013715824e-07,1.3361826366464958e-07
P08,none,1,HbR,0.6932151535279629,0.7600981651644605,3.4594673158173706e-08,3.704575225160538e-08
P08,none,2,HbO,0.2260387177718462,1.0211812831263314,4.514175759746811e-09,8.64298381959663e-09
P08,none,2,HbR,0.5415190217662045,0.8456718154171833,3.0075140373681345e-09,4.795582692971794e-09
P08,none,3,HbO,0.9073199509602973,0.4811184259356451,9.756253813532908e-08,8.554260906364104e-08
P08,none,3,HbR,0.8308217492620746,0.6424843297243888,3.464995540259908e-08,3.008287721511755e-08
P08,none,4,HbO,0.5190055955597683,0.8558616184660791,2.96870560306113e-09,5.743191296725543e-09
P08,none,4,HbR,0.3854555629668709,0.9555391661975432,1.8841824062334726e-09,3.020459895571442e-09
P08,none,5,HbO,0.5282487318056645,0.8687151442755066,5.582468244227367e-09,7.97111287442517e-09
P08,none,5,HbR,0.5804234071129601,0.820414084459657,2.683338141751079e-09,4.006796051323661e-09
P08,none,7,HbO,0.9250883200803769,0.3963722219253509,2.3653887293065298e-08,2.2827999131712694e-08
P08,none,7,HbR,0.8098276418251696,0.5908610406872646,5.625944433776809e-09,6.447552179987664e-09
P08,none,8,HbO,0.8982656996753815,0.4408201708036138,6.711404187855978e-10,7.655975583988655e-10
P08,none,8,HbR,0.9005641074670202,0.4355395163906617,5.462303464971496e-10,6.129849486965635e-10
P08,none,9,HbO,0.932410272388769,0.3621671579314108,5.384300130963813e-10,5.861085337017572e-10
P08,none,9,HbR,0.8923502382817653,0.45343985880870274,3.534356834500933e-10,4.1065663032476423e-10
P08,none,10,HbO,0.6334327197127072,0.8210196097020998,7.60422545860004e-09,8.433420106156146e-09
P08,none,10,HbR,0.6323925580928365,0.7958522941025997,3.107155427396228e-09,3.818203933503027e-09
P08,none,11,HbO,0.42524958181124767,0.9074679738042982,2.5554259657780104e-09,5.590510960855566e-09
P08,none,11,HbR,0.5269861477312556,0.8583709447387929,1.9062019793369668e-09,2.977384349425723e-09
P08,none,12,HbO,0.009654421391197942,1.0536807286009076,3.0642615903111264e-09,9.169840684354876e-09
P08,none,12,HbR,0.4576763404250047,0.8909876408481526,2.1939570944491566e-09,5.123560133620144e-09
P08,none,14,HbO,0.8714078178364111,0.5114011605306779,2.299670683387034e-08,2.2744057579032186e-08
P08,none,14,HbR,0.8677538393529637,0.498680878970874,6.832164710209913e-09,7.54690175687558e-09
P08,none,15,HbO,0.8688189390438851,0.6027987359662085,4.227775618901657e-08,3.4896694224449616e-08
P08,none,15,HbR,0.8506188913256236,0.6325850037608882,1.5623209197446213e-08,1.2993951988554123e-08
P08,none,16,HbO,0.5658937211131414,1.7280553162484051,5.552994779014094e-07,2.6639898519978715e-07
P08,none,16,HbR,0.36987130086512665,2.509375061709159,1.859252724118183e-07,6.883818460996939e-08
P08,none,17,HbO,0.5477048502447138,1.9335157497971662,4.2986751628132194e-07,1.8766036339209787e-07
P08,none,17,HbR,0.34501019220880447,2.6216790870827023,2.0599174475117336e-07,7.375553109944955e-08
P08,none,18,HbO,0.9279084464806605,0.3850922364980792,1.101114241444824e-09,1.321250544261008e-09
P08,none,18,HbR,0.974243393246565,0.2333326997494892,8.476159743377923e-10,8.199912871865376e-10
P08,none,19,HbO,0.9388538643775943,0.3598625396342308,8.589455887989594e-10,1.0281311253460487e-09
P08,none,19,HbR,0.952506821178242,0.30802653047306267,5.448684586097475e-10,5.46736048340132e-10
P08,none,20,HbO,0.9316690732821705,0.38260271753766706,3.1746316857623353e-10,3.9050606456625743e-10
P08,none,20,HbR,0.9537704336576822,0.31887091696863507,1.606718500686425e-10,1.89588763941185e-10
P08,none,21,HbO,0.9647456830520094,0.27682842528277724,3.2187888937480996e-10,3.662037855785497e-10
P08,none,21,HbR,0.9358226966058538,0.3566042068975836,1.2477025444421212e-10,1.2603630154226928e-10
P08,none,22,HbO,0.6025962358922433,0.8152246303009146,1.3535037352706884e-08,1.779082638651955e-08
P08,none,22,HbR,0.48323298667462755,0.8843120114354571,4.369987749687467e-09,7.3507812359691024e-09
P08,none,23,HbO,0.7947754304080366,0.7827365861540043,1.6361796780105572e-07,1.2697220889019165e-07
P08,none,23,HbR,0.8693641458288469,0.5221562410119944,3.7266436442625224e-08,3.591095931519504e-08
P08,wavelet,1,HbO,0.5887263045931261,0.9996223928299115,1.5653767104432073e-07,1.3361826366464958e-07
P08,wavelet,1,HbR,0.5216159007771218,1.4470156566883128,6.243651769792627e-08,3.704575225160538e-08
P08,wavelet,2,HbO,-0.36107661685944464,7.852650170184318,6.39526959709897e-08,8.64298381959663e-09
P08,wavelet,2,HbR,-0.30636453793724633,7.124135185444513,3.222838676783394e-08,4.795582692971794e-09
P08,wavelet,3,HbO,0.6816030749095731,0.9500366686401299,1.0983239516523232e-07,8.554260906364104e-08
P08,wavelet,3,HbR,0.30245396760334364,2.403635381848433,7.516683889675501e-08,3.008287721511755e-08
P08,wavelet,4,HbO,-0.3426066565815071,7.47564484472852,4.042549782245634e-08,5.743191296725543e-09
P08,wavelet,4,HbR,-0.3484192113356777,7.371418810888555,2.0927757932491493e-08,3.020459895571442e-09
P08,wavelet,5,HbO,-0.1988175391517663,6.645138647959128,5.0552599293178317e-08,7.97111287442517e-09
P08,wavelet,5,HbR,-0.3316444734884105,6.318792591656276,2.358636847129716e-08,4.006796051323661e-09
P08,wavelet,7,HbO,0.19374529408144653,2.879718906795411,6.5901979599024e-08,2.2827999131712694e-08
P08,wavelet,7,HbR,-0.01321439198519791,4.187832062385686,2.6004800315021207e-08,6.447552179987664e-09
P08,wavelet,8,HbO,0.8127224651497458,0.584927824605737,6.508872899973899e-10,7.655975583988655e-10
P08,wavelet,8,HbR,0.9030954018803355,0.429587023889882,5.563269291177236e-10,6.129849486965635e-10
P08,wavelet,9,HbO,0.8928545044364267,0.45496711783696897,5.610638129380999e-10,5.861085337017572e-10
P08,wavelet,9,HbR,0.791575757207433,0.6180846410222122,3.6000935545005553e-10,4.1065663032476423e-10
P08,wavelet,10,HbO,-0.15992932008072785,6.075050183834272,4.896116835255802e-08,8.433420106156146e-09
P08,wavelet,10,HbR,-0.25732323983466454,5.9484589071300755,2.1321099413424206e-08,3.818203933503027e-09
P08,wavelet,11,HbO,-0.41355921197886064,7.5542529364228646,3.941438293187657e-08,5.590510960855566e-09
P08,wavelet,11,HbR,-0.20796009830282966,6.936128628935715,1.972842229401156e-08,2.977384349425723e-09
P08,wavelet,12,HbO,-0.35810471517958553,8.263685947322672,7.165337040913276e-08,9.169840684354876e-09
P08,wavelet,12,HbR,-0.4019210364272368,7.689800480026494,3.687511207329292e-08,5.123560133620144e-09
P08,wavelet,14,HbO,0.0006424727105714026,3.862308795319278,8.444844197426312e-08,2.2744057579032186e-08
P08,wavelet,14,HbR,0.15287261835592472,2.988213053609468,2.2325978856402436e-08,7.54690175687558e-09
P08,wavelet,15,HbO,0.40689889205266117,1.6404292404757026,6.154692866856864e-08,3.4896694224449616e-08
P08,wavelet,15,HbR,0.18562877358447635,3.0621821447292485,3.9922741368817296e-08,1.2993951988554123e-08
P08,wavelet,16,HbO,0.7693056889326821,0.7570519090174898,3.1294088166456115e-07,2.6639898519978715e-07
P08,wavelet,16,HbR,0.21343540801516428,2.8150202230771,1.9556720905465944e-07,6.883818460996939e-08
P08,wavelet,17,HbO,0.5955783068293243,1.1193301568222926,2.5691398199707544e-07,1.8766036339209787e-07
P08,wavelet,17,HbR,0.30855075613204075,1.8982744051096163,1.433542844317951e-07,7.375553109944955e-08
P08,wavelet,18,HbO,0.9213089012951264,0.3959430360985426,1.121296567711746e-09,1.321250544261008e-09
P08,wavelet,18,HbR,0.9235068380912939,0.39709628641782313,8.395740090122109e-10,8.199912871865376e-10
P08,wavelet,19,HbO,0.9045196505132231,0.43012515271814056,8.768994638336809e-10,1.0281311253460487e-09
P08,wavelet,19,HbR,0.8528664908254925,0.535615068631358,5.302826269438012e-10,5.46736048340132e-10
P08,wavelet,20,HbO,0.923808520194216,0.40217864707712714,3.1327672132496125e-10,3.9050606456625743e-10
P08,wavelet,20,HbR,0.9506624771173066,0.32744465036876674,1.6041370281821227e-10,1.89588763941185e-10
P08,wavelet,21,HbO,0.9423327974259116,0.3421437473752774,3.1909766280903017e-10,3.662037855785497e-10
P08,wavelet,21,HbR,0.8655340383777193,0.5264667094517924,1.2953471927292272e-10,1.2603630154226928e-10
P08,wavelet,22,HbO,-0.2680572444495864,6.605124247178004,1.1093157268749849e-07,1.779082638651955e-08
P08,wavelet,22,HbR,-0.296453424474666,6.59254956642474,4.554148383999061e-08,7.3507812359691024e-09
P08,wavelet,23,HbO,0.5611545965311513,1.295446690387809,1.9685230493698254e-07,1.2697220889019165e-07
P08,wavelet,23,HbR,0.6385449836629671,1.1958391598731386,5.5666048065276864e-08,3.591095931519504e-08
P62,none,1,HbO,0.46201569883143684,1.2498422543963084,6.455675264220087e-09,4.808941242979227e-09
P62,none,1,HbR,0.4387553302929795,1.2310624863709083,3.522790592411832e-09,2.7567519232971364e-09
P62,none,2,HbO,0.8552185276229154,0.7589046724923845,1.633523161389729e-07,1.159057664337324e-07
P62,none,2,HbR,0.8256886422331376,0.774001557607368,4.332397331017853e-08,3.1964212046896094e-08
P62,none,3,HbO,0.6613574578895274,0.7921043386432298,4.73465854161822e-09,5.180698284179355e-09
P62,none,3,HbR,0.5258904724918548,1.1224154061294749,3.2825782737009074e-09,2.6107255974474778e-09
P62,none,4,HbO,0.7477128656021593,1.3684861885731217,1.7295933194285476e-07,8.895752747181895e-08
P62,none,4,HbR,0.7251696619545285,1.0590175961423376,2.8655785576471946e-08,1.8732047252946657e-08
P62,none,5,HbO,0.8931757954389152,0.607446224022163,3.5859946222106704e-08,2.755417254383567e-08
P62,none,5,HbR,0.7819183444431902,0.8118868391594944,1.2339289808438652e-08,9.478659692619037e-09
P62,none,7,HbO,0.7942578129624133,0.9671365149290555,5.030346828560391e-08,3.252283133666421e-08
P62,none,7,HbR,0.6976978729769426,1.067291474563924,1.607112150621681e-08,1.079650019326974e-08
P62,none,8,HbO,0.48745822780762565,5.552168584658359,2.6166312608187488e-06,4.38257064417519e-07
P62,none,8,HbR,0.41409171780954956,4.896916109927103,3.463837822618068e-07,6.628521272109e-08
P62,none,9,HbO,0.49006574562625577,5.944815089007339,5.776093805241883e-06,9.066759985815711e-07
P62,none,9,HbR,0.4759169889110501,5.568688175014196,7.511280896662733e-07,1.257178055820029e-07
P62,none,10,HbO,0.7850871681251281,0.9493398328797139,3.565586285196869e-07,2.3699027182979266e-07
P62,none,10,HbR,0.4658036494356926,1.3989361767134114,1.0823999747110647e-07,6.986877347513915e-08
P62,none,11,HbO,0.8632369321946942,0.7339551070634984,3.671093696164196e-07,2.629842827190047e-07
P62,none,11,HbR,0.8806034927809374,0.5352197534817301,7.140311809079501e-08,6.322461872478313e-08
P62,none,12,HbO,0.6628629176355287,1.649569536643382,7.395068481727528e-07,3.4674470774195557e-07
P62,none,12,HbR,0.6307502478776267,1.1334313541369965,1.647529070113739e-07,1.1308559354073308e-07
P62,none,14,HbO,0.6362907296163837,1.8577671717204147,5.739973045603241e-07,2.46744323842785e-07
P62,none,14,HbR,0.7817201148682776,1.3897591265018259,2.48244058329061e-07,1.2266987429445138e-07
P62,none,15,HbO,0.6232668988362472,1.7874303843623365,6.041435848378942e-07,2.708494047012582e-07
P62,none,15,HbR,0.7123749537265016,1.3496303333112178,1.7009902047248606e-07,9.119698298572511e-08
P62,none,16,HbO,0.4283909996015957,3.465575450829226,3.053499981807549e-07,8.090687005750544e-08
P62,none,16,HbR,0.5118906112168948,3.1598041366057465,8.226110209221274e-08,2.3154848040632193e-08
P62,none,17,HbO,0.45734197329261406,2.7834513111528603,4.547790350565533e-07,1.4694420907399226e-07
P62,none,17,HbR,0.5143955496807281,2.16929637545598,9.765007844806035e-08,3.8951292583419184e-08
P62,none,18,HbO,0.9908089615100055,0.13624079924439875,5.587668150043396e-10,5.548744970801752e-10
P62,none,18,HbR,0.9795447996968526,0.2179591741587929,4.5593434487407314e-10,4.2921722361800814e-10
P62,none,19,HbO,0.9455276250777293,0.3751719635716697,3.8202483985027617e-10,3.3804379094896024e-10
P62,none,19,HbR,0.9724253003253335,0.23416209576948793,2.929404364317862e-10,3.0670878251810846e-10
P62,none,22,HbO,0.46257785635394993,2.980963920515139,7.729954404915009e-08,2.3363686351911808e-08
P62,none,22,HbR,0.4388193359578089,2.632166750781823,2.0197466700217737e-08,6.934426646263015e-09
P62,none,23,HbO,0.421482654513431,5.652535621398722,1.773978224868094e-07,2.956266519315112e-08
P62,none,23,HbR,0.43394375556658543,5.380568320792127,3.989057376666057e-08,6.951371831263604e-09
P62,wavelet,1,HbO,-0.12774143615019956,3.699043691700574,1.6449240114093188e-08,4.808941242979227e-09
P62,wavelet,1,HbR,-0.07654000635218941,3.4898418005469067,8.966679183753444e-09,2.7567519232971364e-09
P62,wavelet,2,HbO,0.46406205968326036,1.2622407584501265,1.5725316158451633e-07,1.159057664337324e-07
P62,wavelet,2,HbR,0.6785284848531127,0.8358084997482926,3.4419156563691654e-08,3.1964212046896094e-08
P62,wavelet,3,HbO,-0.008702617211183023,3.5381384596994474,1.7461466405497406e-08,5.180698284179355e-09
P62,wavelet,3,HbR,-0.07618103016991606,3.410653093084613,8.279664753531426e-09,2.6107255974474778e-09
P62,wavelet,4,HbO,0.7103063627629471,0.9825623556445401,1.2416021130278171e-07,8.895752747181895e-08
P62,wavelet,4,HbR,0.3522480177706446,1.8384137387777886,3.6185040554554174e-08,1.8732047252946657e-08
P62,wavelet,5,HbO,0.2879864402798202,2.197750173900902,6.214440727073968e-08,2.755417254383567e-08
P62,wavelet,5,HbR,0.5446737278957261,1.3357510562976176,1.5005707074772685e-08,9.478659692619037e-09
P62,wavelet,7,HbO,0.45794357663828206,1.9497422769230979,7.10344515140429e-08,3.252283133666421e-08
P62,wavelet,7,HbR,0.64102037629741,1.3472122181992887,1.8874639551670146e-08,1.079650019326974e-08
P62,wavelet,8,HbO,0.19430718735790703,1.6934900608781096,6.876704754048268e-07,4.38257064417519e-07
P62,wavelet,8,HbR,0.16204166432276446,2.888066020784243,1.9022947091695368e-07,6.628521272109e-08
P62,wavelet,9,HbO,0.18606403250890374,1.4556993113264445,1.1390803990608447e-06,9.066759985815711e-07
P62,wavelet,9,HbR,0.19838720858412706,2.904068887597327,3.6736208236697725e-07,1.257178055820029e-07
P62,wavelet,10,HbO,0.7569307547983033,0.7425728322957746,2.629576707599106e-07,2.3699027182979266e-07
P62,wavelet,10,HbR,0.5712776699215514,1.3425647644160241,1.1400658256100367e-07,6.986877347513915e-08
P62,wavelet,11,HbO,0.5470315817093802,1.2882965206712695,4.0006252373501135e-07,2.629842827190047e-07
P62,wavelet,11,HbR,0.626132751555844,0.8970604910700497,6.743737465388448e-08,6.322461872478313e-08
P62,wavelet,12,HbO,0.5750156410106787,1.1865554183395868,4.965916051110311e-07,3.4674470774195557e-07
P62,wavelet,12,HbR,0.5438312710460967,1.1331531737903298,1.4749418895992616e-07,1.1308559354073308e-07
P62,wavelet,14,HbO,0.4676328231829647,1.302247136956698,3.5040978137541265e-07,2.46744323842785e-07
P62,wavelet,14,HbR,0.5517084787436517,1.205070662264641,1.7428370839064363e-07,1.2266987429445138e-07
P62,wavelet,15,HbO,0.45488737867813983,1.4693308006661265,4.3864188038988726e-07,2.708494047012582e-07
P62,wavelet,15,HbR,0.3708720377109705,1.4874535146336325,1.3977209798466984e-07,9.119698298572511e-08
P62,wavelet,16,HbO,0.21487761388272827,2.8703045002203904,2.3470565522389347e-07,8.090687005750544e-08
P62,wavelet,16,HbR,0.5450811419423987,1.5190455727584515,4.190811428301257e-08,2.3154848040632193e-08
P62,wavelet,17,HbO,0.3256160401276373,2.4437491390639043,3.7723398015709887e-07,1.4694420907399226e-07
P62,wavelet,17,HbR,0.693780215023155,1.0262778718977432,5.53778991454466e-08,3.8951292583419184e-08
P62,wavelet,18,HbO,0.814314512597709,0.6724255421917642,6.393355489887398e-10,5.548744970801752e-10
P62,wavelet,18,HbR,0.8979494873030172,0.49398497818414017,4.811422995036705e-10,4.2921722361800814e-10
P62,wavelet,19,HbO,0.7477812961625708,0.8191676460666539,4.137055241126761e-10,3.3804379094896024e-10
P62,wavelet,19,HbR,0.9465064340545822,0.33969624510600155,3.2275464422538223e-10,3.0670878251810846e-10
P62,wavelet,22,HbO,0.09466811915363314,3.066503941342853,6.969376841850817e-08,2.3363686351911808e-08
P62,wavelet,22,HbR,0.13453145494408966,2.6518952831995266,1.792394619277331e-08,6.934426646263015e-09
P62,wavelet,23,HbO,-0.032068846005458236,3.478871628586681,9.737300445872024e-08,2.956266519315112e-08
P62,wavelet,23,HbR,-0.03408410254019323,5.284619330037034,3.578108737071153e-08,6.951371831263604e-09
P38,none,1,HbO,0.8577781279087433,0.7182162825040896,1.9749968030054187e-07,1.452854960715827e-07
P38,none,1,HbR,0.8546900590855281,0.6535426752278297,4.849308135636877e-08,3.875128098028807e-08
P38,none,2,HbO,0.7544643194748212,1.075477457921738,2.9525380661213397e-07,1.8379507492832163e-07
P38,none,2,HbR,0.6754735781224345,1.1249479215683735,5.276163104188886e-08,3.460862480798105e-08
P38,none,3,HbO,0.8707254454526843,0.6064746594777741,9.113250980985894e-08,7.436414514491201e-08
P38,none,3,HbR,0.8537404230167057,0.6378148561173637,2.4860127484334217e-08,2.0363744721121017e-08
P38,none,4,HbO,0.8277770956430033,0.8062137899207867,6.709678479149107e-08,4.7696944691132214e-08
P38,none,4,HbR,0.824631686564267,0.7573840821719321,1.6371811371077294e-08,1.2326810217150279e-08
P38,none,5,HbO,0.9080229680200617,0.5140272467334135,1.9879100062402772e-07,1.6485223808274423e-07
P38,none,5,HbR,0.9196448365863087,0.45857096544088316,4.7286767508958137e-08,4.089292095105528e-08
P38,none,7,HbO,0.9014454451970499,0.5882587911122316,1.3189117617322046e-07,1.0147374210047116e-07
P38,none,7,HbR,0.8975479582119811,0.59563409545067,3.661209430753632e-08,2.8211389380429392e-08
P38,none,8,HbO,0.887621058203035,0.6277106635516864,1.4188366446820964e-07,1.0796970113957734e-07
P38,none,8,HbR,0.9176346915328898,0.5148467875614605,3.4137218961407065e-08,2.7423058456052014e-08
P38,none,9,HbO,0.8515674448998247,0.6566449054118391,1.9961335438924146e-07,1.6008726343717488e-07
P38,none,9,HbR,0.5138809901021281,1.4752515217835038,6.521355740164964e-08,3.804854285352429e-08
P38,none,10,HbO,0.7773430182570663,0.8921182786575571,4.653285332762794e-07,3.300558722251808e-07
P38,none,10,HbR,0.7695274353733166,0.8179124986860932,1.0718138286739217e-07,8.369926222518228e-08
P38,none,11,HbO,0.7848555111194268,1.0635485122917756,2.2469581840485225e-07,1.3624402227500122e-07
P38,none,11,HbR,0.8392294338946811,0.7393480443139192,4.152764542943999e-08,3.09873999201486e-08
P38,none,12,HbO,0.7143431112555452,1.2379323162348173,2.000903075722121e-07,1.1529257224852722e-07
P38,none,12,HbR,0.7794955341263987,0.9628795357555308,4.5047149097792334e-08,2.982303258879002e-08
P38,none,14,HbO,0.7931401746849023,1.049165470461069,5.355340195316259e-07,3.2507470197106906e-07
P38,none,14,HbR,0.8274805063477138,0.8746783706217551,1.6938717702552675e-07,1.1306688254904092e-07
P38,none,15,HbO,0.8551837826226464,0.745389742945177,4.4546816705790524e-07,3.2034317804261434e-07
P38,none,15,HbR,0.9443676794703906,0.4269477174780492,2.532294994699537e-07,2.081670448753616e-07
P38,none,16,HbO,0.05877681925588083,1.0921393618680273,5.2549737541330746e-09,1.062514173209724e-08
P38,none,16,HbR,0.3229723765348224,0.9793505634425603,3.1815673213729997e-09,5.583492020941704e-09
P38,none,17,HbO,-0.026951270730272037,1.0531110160411183,2.974809605498998e-09,1.0074199222464512e-08
P38,none,17,HbR,0.1334857391892763,1.0280432183400268,2.075205079854965e-09,5.225301831298012e-09
P38,none,18,HbO,0.9301232886801256,0.3896940347652551,6.84829049632967e-10,8.55172377666703e-10
P38,none,18,HbR,0.9638325513285042,0.2671669627827806,4.351123181185893e-10,4.4451337606975674e-10
P38,none,19,HbO,0.9345766027926191,0.4509994377769815,5.01361203317209e-10,4.1473099540102627e-10
P38,none,19,HbR,0.870846401523314,0.5194194241712965,3.1061726171109605e-10,4.4021591084873315e-10
P38,none,20,HbO,0.5154733199288358,5.406521589843988,6.93034941636556e-07,1.1839436355779294e-07
P38,none,20,HbR,0.5168431261227006,5.326381431025639,3.3914893604365853e-07,5.873792379874582e-08
P38,none,21,HbO,0.5127218990482787,5.430528166156118,6.746596587520477e-07,1.148374201189806e-07
P38,none,21,HbR,0.5121965795438818,5.437410954491983,3.3829285757740477e-07,5.75200182593926e-08
P38,none,22,HbO,0.26847476949077237,1.0851355043930284,5.18749545554502e-09,6.7977583985328875e-09
P38,none,22,HbR,0.5366837360664297,0.867026285401877,2.7164448844557325e-09,3.7148203986310962e-09
P38,none,23,HbO,0.29088815933918905,1.0719339830704537,4.593224111156728e-09,5.9517402508132294e-09
P38,none,23,HbR,0.42300326569720315,0.9459953721500977,2.2919920456961064e-09,3.3436373130594843e-09
P38,wavelet,1,HbO,0.6925424017866584,0.9248362825590868,1.839498417084521e-07,1.452854960715827e-07
P38,wavelet,1,HbR,0.6512073234505356,1.0621598136886843,5.391210669130095e-08,3.875128098028807e-08
P38,wavelet,2,HbO,0.6564238406250353,1.191144066942256,2.8896233726547693e-07,1.8379507492832163e-07
P38,wavelet,2,HbR,0.46784092474096556,1.3817495673562565,5.2918722073907816e-08,3.460862480798105e-08
P38,wavelet,3,HbO,0.5539219446848671,1.572742008838552,1.3975475193964646e-07,7.436414514491201e-08
P38,wavelet,3,HbR,0.7563639854817064,0.7647168127017231,2.3375050541479426e-08,2.0363744721121017e-08
P38,wavelet,4,HbO,0.5323530850369037,1.4477449219959253,8.106274694269127e-08,4.7696944691132214e-08
P38,wavelet,4,HbR,0.7110061841460756,0.8831716761440744,1.5341725658646263e-08,1.2326810217150279e-08
P38,wavelet,5,HbO,0.5491819663707648,1.5492339626113072,3.041579989803864e-07,1.6485223808274423e-07
P38,wavelet,5,HbR,0.839857512769471,0.6716633331336588,5.04554504173306e-08,4.089292095105528e-08
P38,wavelet,7,HbO,0.538630466637339,1.6667016837498445,1.9970590717976957e-07,1.0147374210047116e-07
P38,wavelet,7,HbR,0.8590196064036082,0.650867708441922,3.557143347332238e-08,2.8211389380429392e-08
P38,wavelet,8,HbO,0.5307097005758722,1.6326634727823466,2.0706319005570727e-07,1.0796970113957734e-07
P38,wavelet,8,HbR,0.8095603326741854,0.7686200179148795,3.580471278363863e-08,2.7423058456052014e-08
P38,wavelet,9,HbO,0.6498558718240425,1.1243952056826547,2.3576703717779293e-07,1.6008726343717488e-07
P38,wavelet,9,HbR,0.6450028271694155,1.2833482638963671,6.37312303492818e-08,3.804854285352429e-08
P38,wavelet,10,HbO,0.7440801050399276,0.8906092015199711,4.388741398263392e-07,3.300558722251808e-07
P38,wavelet,10,HbR,0.6901345597912566,1.2296184673597916,1.4085348880337803e-07,8.369926222518228e-08
P38,wavelet,11,HbO,0.5782668927607437,1.5071707557585536,2.505846620175918e-07,1.3624402227500122e-07
P38,wavelet,11,HbR,0.7272098326112021,0.929866212427629,4.196147065513421e-08,3.09873999201486e-08
P38,wavelet,12,HbO,0.5420973333099314,1.520271645191409,2.0769349740902804e-07,1.1529257224852722e-07
P38,wavelet,12,HbR,0.832013442458952,0.6991753775448357,3.749660861898685e-08,2.982303258879002e-08
P38,wavelet,14,HbO,0.6680386232503273,0.9547201936724486,4.102399366748772e-07,3.2507470197106906e-07
P38,wavelet,14,HbR,0.7121787285142646,0.9657524335332204,1.554534569802386e-07,1.1306688254904092e-07
P38,wavelet,15,HbO,0.6467989411397415,0.9430758688936558,3.837769689627043e-07,3.2034317804261434e-07
P38,wavelet,15,HbR,0.667575773933291,0.914509099380944,2.4922251846726173e-07,2.081670448753616e-07
P38,wavelet,16,HbO,-0.39242861128790196,8.036214344308572,8.025577067099713e-08,1.062514173209724e-08
P38,wavelet,16,HbR,-0.3520174882977787,7.73341091526888,4.0693920832751e-08,5.583492020941704e-09
P38,wavelet,17,HbO,-0.40135431826796697,8.265685081095384,7.832439085099012e-08,1.0074199222464512e-08
P38,wavelet,17,HbR,-0.37105831974735054,8.015094629368361,3.946384462301294e-08,5.225301831298012e-09
P38,wavelet,18,HbO,0.9313662550997198,0.37194120752414267,7.319844796275384e-10,8.55172377666703e-10
P38,wavelet,18,HbR,0.8483292299401115,0.5387637022663976,4.1946217771389283e-10,4.4451337606975674e-10
P38,wavelet,19,HbO,0.8924183492389429,0.5649932774305995,5.101661156839226e-10,4.1473099540102627e-10
P38,wavelet,19,HbR,0.8268794480405413,0.5746726038417341,3.1359381064132633e-10,4.4021591084873315e-10
P38,wavelet,20,HbO,0.24559195397364467,1.5296376325224552,1.6914615445239747e-07,1.1839436355779294e-07
P38,wavelet,20,HbR,0.24583140705561696,1.532362276160259,8.414035155249867e-08,5.873792379874582e-08
P38,wavelet,21,HbO,0.2481121460564031,1.5305817110772693,1.6455406980855956e-07,1.148374201189806e-07
P38,wavelet,21,HbR,0.24575610546590973,1.5326505564230906,8.241222156298478e-08,5.75200182593926e-08
P38,wavelet,22,HbO,-0.4078360134925996,7.126466984904826,4.504436510087002e-08,6.7977583985328875e-09
P38,wavelet,22,HbR,-0.13665035201744677,6.487783880978689,2.3196142283760753e-08,3.7148203986310962e-09
P38,wavelet,23,HbO,-0.34382072340756964,7.490614614155134,4.197386939898108e-08,5.9517402508132294e-09
P38,wavelet,23,HbR,-0.306628813399902,6.870955221280526,2.1618791953774897e-08,3.3436373130594843e-09
P53,none,1,HbO,0.8915458413156244,0.4952720541935118,2.814274563823112e-07,2.578184269323392e-07
P53,none,1,HbR,0.47911367471519795,1.0680025999665477,7.471700540709838e-08,6.870295052106616e-08
P53,none,2,HbO,0.9218963580180037,0.4584840531621141,3.3694722573132e-07,2.8896242428502385e-07
P53,none,2,HbR,0.7389480691544749,0.7667516016717167,6.168394595971329e-08,5.583251241541118e-08
P53,none,3,HbO,0.9364752238132559,0.38280236752603003,3.4272965376746014e-07,3.1469799455801647e-07
P53,none,3,HbR,0.9154433048717207,0.413057508504979,9.877211795756109e-08,9.797545508599797e-08
P53,none,4,HbO,0.9184995911026347,0.4487189629630619,2.5121857916027343e-07,2.223143674099804e-07
P53,none,4,HbR,0.9308361715012752,0.37829927829646776,6.781809805497759e-08,6.59839777562738e-08
P53,none,5,HbO,0.8683282930686368,0.5619607423888551,4.719873944970465e-07,4.1692942026834134e-07
P53,none,5,HbR,0.9212998896874399,0.40477356707258305,1.936811555530779e-07,1.8746105308830842e-07
P53,none,7,HbO,0.9627988940975598,0.2710101787963794,3.852386535299541e-07,3.941091005687659e-07
P53,none,7,HbR,0.9167076826472049,0.39959604191894166,1.1760674158193991e-07,1.2872676768811102e-07
P53,none,8,HbO,0.9421502732266382,0.34894415616399815,2.4853934367696284e-07,2.3940362639840815e-07
P53,none,8,HbR,0.9487031291265019,0.3178029950761882,5.930188139774028e-08,6.053052649320313e-08
P53,none,9,HbO,0.9015331598098486,0.4794874872641143,4.0134602943071395e-07,3.625289697707407e-07
P53,none,9,HbR,0.8821311787602087,0.4781606055053731,1.0041446040319792e-07,1.0416784071786904e-07
P53,none,10,HbO,0.8741522510500856,0.5825628403529249,5.118237501452558e-07,4.2810216417402307e-07
P53,none,10,HbR,0.9156504011421149,0.4205492799025883,1.3725865958892812e-07,1.3208867486087044e-07
P53,none,11,HbO,0.9028361366748251,0.48866754407512814,2.3132182566054569e-07,2.0391209860051117e-07
P53,none,11,HbR,0.9337439534740114,0.3650883258401755,5.763198971004786e-08,5.732124335213014e-08
P53,none,12,HbO,0.9330970818132154,0.4022414403044293,2.621361258478946e-07,2.3556244920466017e-07
P53,none,12,HbR,0.9125249613138993,0.43101102726380763,5.588417537027263e-08,5.330233618854023e-08
P53,none,14,HbO,0.7513579192683414,1.0475390976711898,3.1083566424592e-07,1.9863783780462664e-07
P53,none,14,HbR,0.6400074347578152,1.2478404523978601,1.2013610163502844e-07,7.40194015286653e-08
P53,none,15,HbO,0.8198346053817077,0.8056167275743098,2.4899660802069666e-07,1.7959716789276374e-07
P53,none,15,HbR,0.5236304368321756,1.8976053869120328,1.4602605119461309e-07,6.580494372807424e-08
P53,none,16,HbO,0.919375306167019,0.45423040058564945,1.835618873075608e-07,1.601765863193518e-07
P53,none,16,HbR,0.6877435287775628,0.7974977236354055,3.348822516464685e-08,3.291986744655019e-08
P53,none,17,HbO,0.8468565302892089,0.7617159396621489,1.9929818296189584e-07,1.4316524733267883e-07
P53,none,17,HbR,0.6767327179551142,0.8595840015908719,3.299664741486281e-08,2.945392636183844e-08
P53,none,18,HbO,0.9384776524176401,0.34909922526829956,1.45718967525834e-09,1.6386992268353788e-09
P53,none,18,HbR,0.9358017552022191,0.35415450034232876,1.1472363065724038e-09,1.2670703021308325e-09
P53,none,19,HbO,0.9056447733524692,0.4689042636812935,9.244550991950981e-10,8.361884331127405e-10
P53,none,19,HbR,0.9459973947468354,0.329922252930836,7.018074432136414e-10,7.9154777959721e-10
P53,none,22,HbO,0.9074642379232379,0.45503143494584153,1.4038649465981872e-07,1.2997872446961262e-07
P53,none,22,HbR,0.9231918004003495,0.4094396528860345,4.4057528823620717e-08,4.142474253087188e-08
P53,none,23,HbO,0.9127920516772478,0.4951659758706307,2.2523218700865274e-07,1.8902916843887042e-07
P53,none,23,HbR,0.9293955539346237,0.4560505648446196,7.103436500360841e-08,5.935844776187084e-08
P53,wavelet,1,HbO,0.6735322859809576,0.956176633110436,3.293168492707529e-07,2.578184269323392e-07
P53,wavelet,1,HbR,0.5677694896631222,1.473154360814807,1.2277860721612416e-07,6.870295052106616e-08
P53,wavelet,2,HbO,0.7548803918896432,0.6992803788626196,2.871151254421873e-07,2.8896242428502385e-07
P53,wavelet,2,HbR,0.18986337682100962,3.181621633660191,1.787576189110714e-07,5.583251241541118e-08
P53,wavelet,3,HbO,0.6869622034749049,0.899519048960545,3.815413176686385e-07,3.1469799455801647e-07
P53,wavelet,3,HbR,0.7444310630409702,0.8219174223302956,1.1985153133715201e-07,9.797545508599797e-08
P53,wavelet,4,HbO,0.7208150973362702,0.8768454882802984,2.786215793223013e-07,2.223143674099804e-07
P53,wavelet,4,HbR,0.678992578240122,0.9638015696229189,8.583613696095464e-08,6.59839777562738e-08
P53,wavelet,5,HbO,0.8249202483032411,0.5801325963923609,3.9692341988078636e-07,4.1692942026834134e-07
P53,wavelet,5,HbR,0.640571467566994,0.9843321309001787,2.3457391199717665e-07,1.8746105308830842e-07
P53,wavelet,7,HbO,0.938920209714561,0.34754142007733535,3.8809159882003796e-07,3.941091005687659e-07
P53,wavelet,7,HbR,0.8514980403252159,0.567831965968158,1.3718991576512834e-07,1.2872676768811102e-07
P53,wavelet,8,HbO,0.789788808022782,0.6993070392539247,2.6849817396979014e-07,2.3940362639840815e-07
P53,wavelet,8,HbR,0.6421241523256386,0.9634643112971033,7.41175406004493e-08,6.053052649320313e-08
P53,wavelet,9,HbO,0.8689875343048574,0.5253751867746156,3.7893174829747544e-07,3.625289697707407e-07
P53,wavelet,9,HbR,0.6102803226482334,1.2008485410948984,1.5712580078015434e-07,1.0416784071786904e-07
P53,wavelet,10,HbO,0.8821188381747223,0.4892831881131634,4.342777852726493e-07,4.2810216417402307e-07
P53,wavelet,10,HbR,0.6947638827048043,0.9120713622850983,1.6571371258863142e-07,1.3208867486087044e-07
P53,wavelet,11,HbO,0.8513837869588493,0.5577704885700552,2.1192898129430258e-07,2.0391209860051117e-07
P53,wavelet,11,HbR,0.5984679082428761,1.2087123760252911,8.589524889257702e-08,5.732124335213014e-08
P53,wavelet,12,HbO,0.6517653969454543,1.0504553012342226,3.233505807127394e-07,2.3556244920466017e-07
P53,wavelet,12,HbR,0.5689623843937499,1.208986174289996,7.756386151507764e-08,5.330233618854023e-08
P53,wavelet,14,HbO,0.664037684894202,1.13150254064654,2.998966195071241e-07,1.9863783780462664e-07
P53,wavelet,14,HbR,0.41466184327819944,1.5202411106297602,1.2069176070923065e-07,7.40194015286653e-08
P53,wavelet,15,HbO,0.7693836502183282,0.8383734528617022,2.355898889669663e-07,1.7959716789276374e-07
P53,wavelet,15,HbR,0.47437330616542756,1.5309959624934442,1.1364246206217458e-07,6.580494372807424e-08
P53,wavelet,16,HbO,0.49476160086246124,1.553124275200725,2.8423156137311695e-07,1.601765863193518e-07
P53,wavelet,16,HbR,0.43102030312881284,2.3301189593035976,8.46629393302052e-08,3.291986744655019e-08
P53,wavelet,17,HbO,0.5083874124592684,1.6379129509824846,2.7117251105364023e-07,1.4316524733267883e-07
P53,wavelet,17,HbR,0.48854516213201227,2.22526050131691,7.463186112736684e-08,2.945392636183844e-08
P53,wavelet,18,HbO,0.8758153513601822,0.48561251602611316,1.5201316284190866e-09,1.6386992268353788e-09
P53,wavelet,18,HbR,0.8588367002918778,0.515996355791953,1.1644955809196696e-09,1.2670703021308325e-09
P53,wavelet,19,HbO,0.8819628405125695,0.6419655648631356,1.0993171966231702e-09,8.361884331127405e-10
P53,wavelet,19,HbR,0.797975538221997,0.6043119545001218,6.452875912661449e-10,7.9154777959721e-10
P53,wavelet,22,HbO,0.4624952326289585,1.6945625854448048,2.466377067546843e-07,1.2997872446961262e-07
P53,wavelet,22,HbR,0.8971275563806047,0.47547637009311,4.4352991223766643e-08,4.142474253087188e-08
P53,wavelet,23,HbO,0.6676654081752298,1.1025192464467164,2.788429671833083e-07,1.8902916843887042e-07
P53,wavelet,23,HbR,0.8660675782755931,0.5898934074346414,6.998569729961486e-08,5.935844776187084e-08
P17,none,1,HbO,0.7134459574931632,1.1157963441011416,5.136165720576946e-07,3.2471846964268134e-07
P17,none,1,HbR,0.857963727435551,0.6081011231246382,1.850240311878798e-07,1.56353638252156e-07
P17,none,2,HbO,0.7762468336297773,0.9785059550907691,7.242293983277786e-07,4.7503020254673984e-07
P17,none,2,HbR,0.7582430275461163,0.7326801712573059,8.555078061181472e-08,7.830767878141362e-08
P17,none,3,HbO,0.7564695444659321,0.9810798844520126,3.5879391701473707e-07,2.411691642279829e-07
P17,none,3,HbR,0.8928657240333032,0.4816735418463407,1.5390369090820266e-07,1.4467895529618944e-07
P17,none,4,HbO,0.9483803507654932,0.37386556869576676,3.033121770381523e-07,2.645961745681406e-07
P17,none,4,HbR,0.8967570175465512,0.4764528380694545,7.495071754693289e-08,6.986122163066709e-08
P17,none,5,HbO,0.9432409924108878,0.4244532040811109,2.9851565344296007e-07,2.4720606146157955e-07
P17,none,5,HbR,0.8664126273204834,0.573919291389395,1.0359212692021276e-07,9.013590506679746e-08
P17,none,7,HbO,0.9545754278545885,0.32765376346048775,2.929704340373328e-07,2.6871449013435304e-07
P17,none,7,HbR,0.7608269164429441,0.6845683989680389,4.396364779531913e-08,4.493343398593615e-08
P17,none,8,HbO,0.9075666844579681,0.568270860190242,2.3258490822494344e-07,1.802351414650593e-07
P17,none,8,HbR,0.8409796221060841,0.7444460200996437,5.187158729068204e-08,3.835866809673123e-08
P17,none,9,HbO,0.8528938236452256,0.6295807537657019,3.6503769431718365e-07,3.030933700214762e-07
P17,none,9,HbR,0.8459516601810476,0.5653577563887913,7.477678751252341e-08,7.234122197257001e-08
P17,none,10,HbO,0.8636439463456884,0.6897704035775871,3.843373338805895e-07,2.880156415283917e-07
P17,none,10,HbR,0.79771973484807,0.7075740294531707,9.800446821410794e-08,8.391669226913984e-08
P17,none,11,HbO,0.7204252043934594,1.1303521652118675,3.139641114988141e-07,1.9464747723580425e-07
P17,none,11,HbR,0.6468271867617339,0.8466969913714143,7.141481752831226e-08,7.039934674288025e-08
P17,none,12,HbO,0.6985915273440352,1.3793441215418127,7.646514886102293e-07,4.0720251660514227e-07
P17,none,12,HbR,0.41874354578653633,1.331093717603201,1.0563454433869099e-07,7.589045846637148e-08
P17,none,14,HbO,0.5729507551982661,2.107512654632769,6.376161496145905e-07,2.535687662658563e-07
P17,none,14,HbR,0.6741534226760201,1.3078235294563934,2.370705714104731e-07,1.3521060405613922e-07
P17,none,15,HbO,0.5368796153234121,1.9886439579399393,3.9432775225129356e-07,1.6869080181781841e-07
P17,none,15,HbR,0.6659159294964343,1.1733403409916785,1.5599570680157661e-07,9.926684728793076e-08
P17,none,16,HbO,0.8571597198157264,0.6813280825494623,3.818963314358618e-07,2.930504646534097e-07
P17,none,16,HbR,0.8875807276442707,0.4840163037430326,1.3275527380102472e-07,1.2813140651526866e-07
P17,none,17,HbO,0.9651696303295234,0.3016905239632305,4.3910295490065403e-07,3.9370316443921726e-07
P17,none,17,HbR,0.9183458856161436,0.40818339011924987,1.233630066024251e-07,1.2121878368662407e-07
P17,none,18,HbO,0.975742037601326,0.22001068101443164,6.355279600868933e-10,6.379418003926206e-10
P17,none,18,HbR,0.9371724667087755,0.34927227767450725,5.089476677057569e-10,5.409810272038658e-10
P17,none,19,HbO,0.9853085734501835,0.1889307598461822,5.100882499923022e-10,4.784827576531345e-10
P17,none,19,HbR,0.9788246672306381,0.20712837831679512,3.1113788085816803e-10,3.082588702617316e-10
P17,none,20,HbO,0.21276743788206465,9.621596093713562,3.158843912756077e-06,3.229063906053078e-07
P17,none,20,HbR,0.13323114001772862,5.144417115072416,6.696471862930231e-07,1.2944241606373095e-07
P17,none,21,HbO,0.2288740513918803,9.801095186511352,3.4942341322690813e-06,3.500880480041917e-07
P17,none,21,HbR,0.2448056652376386,8.299726791342643,1.2083979498476689e-06,1.4239457876484481e-07
P17,none,22,HbO,0.9241259298105317,0.4329824629496154,2.640574523406385e-07,2.3423808191592014e-07
P17,none,22,HbR,0.7957244853733717,0.6649456522749184,6.804540946561639e-08,6.364010476746282e-08
P17,none,23,HbO,0.9386850344127754,0.37800593702345026,2.8687613617979163e-07,2.623076856637199e-07
P17,none,23,HbR,0.838366764122673,0.5973700220086167,6.224687730382281e-08,5.757470503266346e-08
P17,wavelet,1,HbO,0.7512081100710624,0.8119583682624839,3.967387159627462e-07,3.2471846964268134e-07
P17,wavelet,1,HbR,0.6055605210811629,1.1252612572222724,2.1843194947240868e-07,1.56353638252156e-07
P17,wavelet,2,HbO,0.6840070128617757,0.9412223901328806,6.071931814937405e-07,4.7503020254673984e-07
P17,wavelet,2,HbR,0.6637765352934324,1.1341824638462024,1.1873362247758869e-07,7.830767878141362e-08
P17,wavelet,3,HbO,0.5397275502579273,1.1886997286715533,3.316788098917155e-07,2.411691642279829e-07
P17,wavelet,3,HbR,0.6851696094871095,0.9231630360584412,1.809913835476396e-07,1.4467895529618944e-07
P17,wavelet,4,HbO,0.6916598183713971,1.0188944067268275,3.7184421900706863e-07,2.645961745681406e-07
P17,wavelet,4,HbR,0.8543082906307129,0.6278438774393367,8.428634924595147e-08,6.986122163066709e-08
P17,wavelet,5,HbO,0.5949952193482243,1.273990629434937,3.8992420468025543e-07,2.4720606146157955e-07
P17,wavelet,5,HbR,0.6724708869514371,0.9243129694016147,1.1045448059386478e-07,9.013590506679746e-08
P17,wavelet,7,HbO,0.7254090074191548,0.8709319605770256,3.3703647911753264e-07,2.6871449013435304e-07
P17,wavelet,7,HbR,0.6548032171711932,1.6882445100676389,9.699847241116187e-08,4.493343398593615e-08
P17,wavelet,8,HbO,0.6332061668543661,1.1874794232665333,2.7552462669654306e-07,1.802351414650593e-07
P17,wavelet,8,HbR,0.7121335203945585,1.1028798445114891,5.991968488843448e-08,3.835866809673123e-08
P17,wavelet,9,HbO,0.6358524379309053,1.0290591748257627,3.9760788611189637e-07,3.030933700214762e-07
P17,wavelet,9,HbR,0.7440359285877253,1.0044624014718484,1.0808196032903024e-07,7.234122197257001e-08
P17,wavelet,10,HbO,0.6849842461131663,0.9103983524707053,3.543375904560404e-07,2.880156415283917e-07
P17,wavelet,10,HbR,0.364494563892147,1.5546639818167498,1.35028167788393e-07,8.391669226913984e-08
P17,wavelet,11,HbO,0.7365025584398429,1.0123095585022224,2.8993824051103126e-07,1.9464747723580425e-07
P17,wavelet,11,HbR,0.5317395491490395,1.2417733003031342,1.0120557713826677e-07,7.039934674288025e-08
P17,wavelet,12,HbO,0.7414225950082353,0.8227334567238186,4.957134237006618e-07,4.0720251660514227e-07
P17,wavelet,12,HbR,0.6297467766323174,1.9942915614965204,1.8703158930481542e-07,7.589045846637148e-08
P17,wavelet,14,HbO,0.6917439878676052,0.9224118100292331,3.207195140725974e-07,2.535687662658563e-07
P17,wavelet,14,HbR,0.6187246140936136,1.0830261500059137,1.844234748175068e-07,1.3521060405613922e-07
P17,wavelet,15,HbO,0.3114677442377242,1.5684715123889859,2.6263774379712184e-07,1.6869080181781841e-07
P17,wavelet,15,HbR,0.5864359909643178,1.1901139920466748,1.4465319940865989e-07,9.926684728793076e-08
P17,wavelet,16,HbO,0.6492933427455925,0.9547635263152303,3.592713961174803e-07,2.930504646534097e-07
P17,wavelet,16,HbR,0.4463162951274727,1.9864053664553099,2.831061913089534e-07,1.2813140651526866e-07
P17,wavelet,17,HbO,0.8933615140627276,0.5041285666688495,4.4078298551086816e-07,3.9370316443921726e-07
P17,wavelet,17,HbR,0.5102710157281763,1.6512935932624744,2.318092049827018e-07,1.2121878368662407e-07
P17,wavelet,18,HbO,0.9612933249260853,0.27727591839844334,6.330691737412847e-10,6.379418003926206e-10
P17,wavelet,18,HbR,0.8753226587357957,0.48487158347898834,4.840207808862912e-10,5.409810272038658e-10
P17,wavelet,19,HbO,0.9586631314150648,0.3011026404566448,5.05793504591918e-10,4.784827576531345e-10
P17,wavelet,19,HbR,0.9417219906748797,0.3389426119577867,3.02901764124031e-10,3.082588702617316e-10
P17,wavelet,20,HbO,-0.012881877889408363,2.601231828868579,7.679678187316069e-07,3.229063906053078e-07
P17,wavelet,20,HbR,0.1818175510485365,2.274050041692301,2.878614341916848e-07,1.2944241606373095e-07
P17,wavelet,21,HbO,0.3167328268246863,1.7393638485882634,6.206175816487047e-07,3.500880480041917e-07
P17,wavelet,21,HbR,-0.3462958076334292,3.7195122849891695,4.6198041468779904e-07,1.4239457876484481e-07
P17,wavelet,22,HbO,0.6289276833518037,1.1975400507022615,3.5899170953854267e-07,2.3423808191592014e-07
P17,wavelet,22,HbR,0.560306848919552,1.3276880637385737,1.013446786242484e-07,6.364010476746282e-08
P17,wavelet,23,HbO,0.5314904419944401,1.5904088857005916,4.901416686150723e-07,2.623076856637199e-07
P17,wavelet,23,HbR,0.48885581279373397,1.472328448318115,9.603803305928921e-08,5.757470503266346e-08
P16,none,1,HbO,0.6703274008290783,1.2797666900881255,7.482107523871495e-08,4.3683375373356266e-08
P16,none,1,HbR,0.7973304774403375,0.872850039054933,2.1644109115254794e-08,1.5159029606583977e-08
P16,none,2,HbO,0.7678408214608582,0.6607904044916194,1.0206880732492571e-08,1.1023578249663083e-08
P16,none,2,HbR,0.8196026479916907,0.5997287941517906,6.78335536292896e-09,6.807095295027352e-09
P16,none,3,HbO,0.6556035221188936,1.5936254838247181,3.059064162225808e-07,1.48572301144373e-07
P16,none,3,HbR,0.6682912148490563,1.3680402195546533,9.315317340993427e-08,5.128471337443886e-08
P16,none,4,HbO,0.7301115268890962,0.7384684617872492,8.308187293341233e-09,8.265603248690396e-09
P16,none,4,HbR,0.8727222773717286,0.5086103049350714,4.689050853275812e-09,4.6250495953868106e-09
P16,none,5,HbO,0.8846919653571124,0.6109968435684704,1.972478161522436e-07,1.5414150804203604e-07
P16,none,5,HbR,0.6369604177263107,1.1927850756281748,5.136511862246463e-08,3.320012021014973e-08
P16,none,7,HbO,0.900021961502291,0.5309390160663388,2.1022976406474954e-07,1.7472138950051728e-07
P16,none,7,HbR,0.8080681886012387,0.6580921258846684,3.6124327790661146e-08,3.280550463569537e-08
P16,none,8,HbO,0.23487936783150254,5.812414330781402,2.940630295206214e-07,4.929443981435553e-08
P16,none,8,HbR,0.1582569037388343,5.663372916259325,7.926227451856739e-08,1.382123286665277e-08
P16,none,9,HbO,0.2580014619612263,5.47853734581034,1.0233069878465875e-06,1.8109483479227364e-07
P16,none,9,HbR,0.23617982253631473,3.4142393162710287,1.0867186542862056e-07,3.096754212007946e-08
P16,none,10,HbO,0.9261924662311348,0.48596730582861725,4.329594809314159e-07,3.512534961348054e-07
P16,none,10,HbR,0.8938759739231912,0.5590585816013925,9.441669605442033e-08,7.689782720967627e-08
P16,none,11,HbO,0.9408396472338894,0.3780333594675306,9.920153515673634e-08,8.949938223682801e-08
P16,none,11,HbR,0.9118974849028199,0.4455230613832211,2.548239052195565e-08,2.349939691888674e-08
P16,none,12,HbO,0.4682336206620592,0.9134383011576043,9.8991598637788e-09,1.4275512275545325e-08
P16,none,12,HbR,0.378339195287815,1.00463319474729,4.902680338119953e-09,6.424799159242652e-09
P16,none,14,HbO,0.4838666865290444,1.722195036655894,3.348762541537623e-08,1.703020946068566e-08
P16,none,14,HbR,0.4837345055228,1.4020934462665056,1.0334696640541815e-08,6.544991758156612e-09
P16,none,15,HbO,0.40600468242714577,3.5477861091860836,6.456272085566021e-07,1.6839343424880725e-07
P16,none,15,HbR,0.28704050055153546,3.4345670669588366,1.9816924708968697e-07,5.527258734555974e-08
P16,none,16,HbO,0.43190252949216573,2.2571048675466976,9.804903544706203e-08,3.9205872318767336e-08
P16,none,16,HbR,0.38664774414089303,2.12412121428673,2.9196885812755062e-08,1.2695953908746563e-08
P16,none,17,HbO,0.31281032856277047,2.885887100558906,7.51170429715351e-08,2.4728227926195863e-08
P16,none,17,HbR,0.21833563683767146,3.242518363158133,2.906421111057307e-08,8.779774837013559e-09
P16,none,18,HbO,0.9593196091507866,0.28299591792694895,5.347199233209533e-10,5.499232415711368e-10
P16,none,18,HbR,0.9670371753606546,0.2618744918885418,5.048522511429872e-10,4.911173420611676e-10
P16,none,19,HbO,0.9337441902465422,0.3589193104579295,4.1715366906778333e-10,4.4235782641721634e-10
P16,none,19,HbR,0.9608203663105851,0.2790434900167031,2.8996554324810006e-10,2.9213507129584093e-10
P16,none,20,HbO,0.9435363880967339,0.33373072822206357,2.860672259979954e-10,3.157754292628042e-10
P16,none,20,HbR,0.9790322904289304,0.20747970808180888,1.169781116490145e-10,1.1487531195190562e-10
P16,none,21,HbO,0.9779604680743484,0.24756683884934783,2.800249050858888e-10,2.523039428073079e-10
P16,none,21,HbR,0.8777467585341471,0.4803717054817874,1.225407573472157e-10,1.38831623794931e-10
P16,none,22,HbO,0.856951539385135,0.7060087016853397,1.726175450487872e-07,1.288985438794327e-07
P16,none,22,HbR,0.8022077053236589,0.7176417763562968,3.993785247091789e-08,3.3276661289030884e-08
P16,none,23,HbO,0.7189816454276212,1.0295168321319854,7.955606691258014e-08,5.381848437166938e-08
P16,none,23,HbR,0.775827429476942,0.9032358963658336,2.1142660119568293e-08,1.4866881361147114e-08
P16,wavelet,1,HbO,0.411031322757549,2.167564583324686,1.0340927893307054e-07,4.3683375373356266e-08
P16,wavelet,1,HbR,0.4431566868785072,1.6368078090997942,2.7406257833639196e-08,1.5159029606583977e-08
P16,wavelet,2,HbO,-0.09974565983208648,5.042918732632105,5.313368567256601e-08,1.1023578249663083e-08
P16,wavelet,2,HbR,0.07450941809887365,3.785974431110108,2.5245743099970214e-08,6.807095295027352e-09
P16,wavelet,3,HbO,0.5540072028115766,1.165615405536711,2.0318511031108064e-07,1.48572301144373e-07
P16,wavelet,3,HbR,0.5181008580300658,1.3821585305772377,8.203642733559286e-08,5.128471337443886e-08
P16,wavelet,4,HbO,-0.0564514097907033,4.036340945032848,3.170251039211271e-08,8.265603248690396e-09
P16,wavelet,4,HbR,0.10617225979208467,4.014838039383321,1.8390872563411603e-08,4.6250495953868106e-09
P16,wavelet,5,HbO,0.7376602665087245,0.7883025390738218,1.757879442971487e-07,1.5414150804203604e-07
P16,wavelet,5,HbR,0.22414249367727113,2.463325279827915,8.228843970454078e-08,3.320012021014973e-08
P16,wavelet,7,HbO,0.6205954172385822,1.259331439792254,2.79232780619474e-07,1.7472138950051728e-07
P16,wavelet,7,HbR,0.7682081886422246,0.9476450650631056,4.807339368419217e-08,3.280550463569537e-08
P16,wavelet,8,HbO,0.43543801625345663,2.008045071567296,1.0946275933348823e-07,4.929443981435553e-08
P16,wavelet,8,HbR,0.5926771847447343,1.282459864324335,2.198362975043564e-08,1.382123286665277e-08
P16,wavelet,9,HbO,0.5172629311228856,1.5471956321838556,3.259462213962454e-07,1.8109483479227364e-07
P16,wavelet,9,HbR,0.26113930420868475,2.272907812103658,7.166842620679024e-08,3.096754212007946e-08
P16,wavelet,10,HbO,0.6253068507347019,1.1097320386822425,4.945347203979975e-07,3.512534961348054e-07
P16,wavelet,10,HbR,0.613219811644103,1.040411945946021,9.922394520216187e-08,7.689782720967627e-08
P16,wavelet,11,HbO,0.6847074659690089,1.03324980619863,1.2621320717901166e-07,8.949938223682801e-08
P16,wavelet,11,HbR,0.6371791909375255,0.9477423099643658,2.7843108318130568e-08,2.349939691888674e-08
P16,wavelet,12,HbO,-0.3039497855631525,6.144394883740765,8.190094378894486e-08,1.4275512275545325e-08
P16,wavelet,12,HbR,-0.2579301208405774,6.639248579276595,4.0345115126544296e-08,6.424799159242652e-09
P16,wavelet,14,HbO,0.02120110925036548,4.5099672453813415,7.489314350210574e-08,1.703020946068566e-08
P16,wavelet,14,HbR,-0.198844603016462,4.708960723124354,2.8703246380589166e-08,6.544991758156612e-09
P16,wavelet,15,HbO,0.5764141644873189,1.2241500323017551,2.503817309641435e-07,1.6839343424880725e-07
P16,wavelet,15,HbR,0.3907644531982528,1.5187453281740473,8.835145560395955e-08,5.527258734555974e-08
P16,wavelet,16,HbO,0.3129861785654472,2.0643562430799025,8.392102585734674e-08,3.9205872318767336e-08
P16,wavelet,16,HbR,-0.015111594869392975,5.394830988089026,6.685716221749693e-08,1.2695953908746563e-08
P16,wavelet,17,HbO,0.07551358900320809,3.945476234711865,9.581506288448028e-08,2.4728227926195863e-08
P16,wavelet,17,HbR,-0.0762601653278747,4.374608999422781,3.6551646081392615e-08,8.779774837013559e-09
P16,wavelet,18,HbO,0.8652281748466063,0.549037433901514,5.985955796618761e-10,5.499232415711368e-10
P16,wavelet,18,HbR,0.8435988104528295,0.6355442570068391,5.807713521675223e-10,4.911173420611676e-10
P16,wavelet,19,HbO,0.736544550723823,0.7027514770979957,4.078282984981777e-10,4.4235782641721634e-10
P16,wavelet,19,HbR,0.9065463812843009,0.43261676403997606,2.925145210293969e-10,2.9213507129584093e-10
P16,wavelet,20,HbO,0.9197003026876657,0.39499871887095583,2.7758982140046687e-10,3.157754292628042e-10
P16,wavelet,20,HbR,0.942986995068215,0.339130454306056,1.1579215548507065e-10,1.1487531195190562e-10
P16,wavelet,21,HbO,0.960757847819591,0.31696646888261826,2.80853883946274e-10,2.523039428073079e-10
P16,wavelet,21,HbR,0.8144327051758928,0.5858465334132892,1.2320733668226624e-10,1.38831623794931e-10
P16,wavelet,22,HbO,0.580878712685916,1.11787873711665,1.7312410174899577e-07,1.288985438794327e-07
P16,wavelet,22,HbR,0.6778114503724597,1.1448814575353246,5.1687641085423194e-08,3.3276661289030884e-08
P16,wavelet,23,HbO,0.3270070528847191,1.9944717031569275,1.1161025233652246e-07,5.381848437166938e-08
P16,wavelet,23,HbR,0.48280077871853455,1.3784035162715067,2.2948702895975186e-08,1.4866881361147114e-08
P10,none,1,HbO,0.46817826091891707,2.2847529874662214,9.903509373638926e-07,3.8458152335160077e-07
P10,none,1,HbR,0.5840069240672774,1.3369851029343034,2.915089060600554e-07,1.77230469502277e-07
P10,none,2,HbO,0.9015090944273962,0.5309877497795699,4.7491565551300056e-07,3.9278623348743814e-07
P10,none,2,HbR,0.855971023338329,0.8156298828315568,8.711046304369567e-08,5.858986024504306e-08
P10,none,3,HbO,0.6231868702082666,1.3995870845338327,7.061883483749681e-07,3.9587382748298504e-07
P10,none,3,HbR,0.589230338566609,1.2100413958747858,1.678505818147668e-07,1.1265843144043981e-07
P10,none,4,HbO,0.935706554696997,0.4074877102220734,2.1006235711039716e-07,1.843365603047124e-07
P10,none,4,HbR,0.8649057690098927,0.5357730498965235,3.078455072775523e-08,2.928147469447208e-08
P10,none,5,HbO,0.9359072032239846,0.44036462343708827,2.336153827237911e-07,1.9468079389512622e-07
P10,none,5,HbR,0.9041215744019591,0.4678019217281615,5.805992669428682e-08,5.308335546203614e-08
P10,none,7,HbO,0.4246570682702863,1.752892613101934,1.559156837901052e-07,8.0968448603007e-08
P10,none,7,HbR,0.8391874415022288,0.5555523171933946,1.0444330192741775e-07,1.0963530032424698e-07
P10,none,8,HbO,0.9600448887037125,0.2950372107859621,4.033157373329232e-07,3.828376860076959e-07
P10,none,8,HbR,0.9032911706416389,0.4453419711416622,6.088815704286975e-08,5.954600618878788e-08
P10,none,9,HbO,0.950270782392168,0.34226797792519353,2.720627785430674e-07,2.4919268456242624e-07
P10,none,9,HbR,0.9251973097017365,0.40920646607313693,7.267309603200143e-08,6.739647548370507e-08
P10,none,10,HbO,0.9096689682636799,0.4668146184072757,2.528020289798064e-07,2.2543690350016602e-07
P10,none,10,HbR,0.9428483816392723,0.3529134228781645,7.58557829206666e-08,7.166132304123441e-08
P10,none,11,HbO,0.8748277131595049,0.5557565058098374,2.241037967280477e-07,1.9548264456000062e-07
P10,none,11,HbR,0.9391020839389528,0.3886319833962011,5.488248096091553e-08,4.897622020510496e-08
P10,none,12,HbO,0.8766677581131258,0.535861403849001,1.5418383505434022e-07,1.3863455782746046e-07
P10,none,12,HbR,0.8766708776918608,0.5358553981866013,2.165684756528992e-07,1.9472758605063767e-07
P10,none,14,HbO,0.4875578432644746,2.867464978009226,6.367791170321551e-07,1.978493080325153e-07
P10,none,14,HbR,0.6369819234853606,1.6853555201382184,1.8885145716240818e-07,8.84278254067894e-08
P10,none,15,HbO,0.48067703636645726,2.299787615489499,6.377829813226469e-07,2.446795098719076e-07
P10,none,15,HbR,0.6337350879530741,1.2345821041320704,1.7766820320768178e-07,1.1132711016214323e-07
P10,none,16,HbO,0.2723174931419827,12.167056978338143,5.367526994081482e-06,4.3282102654678496e-07
P10,none,16,HbR,0.24270906090301575,11.029275690902447,1.5031088635818514e-06,1.3385682934357278e-07
P10,none,17,HbO,0.24985949674442992,9.955300564912902,4.103954509008733e-06,4.040136994485701e-07
P10,none,17,HbR,0.24554798656118917,12.748037748454813,1.1661342560497527e-06,9.0002644383298e-08
P10,none,18,HbO,0.794974723045425,0.8029540003981557,1.0506185896579903e-09,7.953227971341143e-10
P10,none,18,HbR,0.7479632083004178,1.01643016209942,9.397168503932007e-10,6.192422575819482e-10
P10,none,19,HbO,0.7255093101283747,0.9839584851394977,7.446692604796641e-10,5.212113057024483e-10
P10,none,19,HbR,0.7799425536921348,0.9003898033477415,5.689965044219371e-10,3.986791159555199e-10
P10,none,20,HbO,0.954426331661405,0.3305855284736346,2.1556492072266376e-10,1.9700866401145454e-10
P10,none,20,HbR,0.6646669899731833,0.9653092045557479,1.4102373946266147e-10,1.1059070908880172e-10
P10,none,21,HbO,0.8991585551938881,0.43843788586027926,2.2597220199110418e-10,2.550131397946812e-10
P10,none,21,HbR,0.9285390634235505,0.3995317344195805,1.1151503564233776e-10,1.0366746841540532e-10
P10,none,22,HbO,0.9481491706309443,0.36228437213243286,2.7589037798793927e-07,2.458886649512585e-07
P10,none,22,HbR,0.6235646281246608,0.8172595312109937,5.164344960589766e-08,6.049442944481714e-08
P10,none,23,HbO,0.9479500354852104,0.3758945997646521,2.4575913164142054e-07,2.1414184213082543e-07
P10,none,23,HbR,0.6504468769817856,0.7855813910200509,3.2392001014989347e-08,3.840670898130802e-08
P10,wavelet,1,HbO,0.2182155984937779,1.4715697060944786,5.056007665957861e-07,3.8458152335160077e-07
P10,wavelet,1,HbR,0.408298230135021,1.396411175240856,2.589669629692354e-07,1.77230469502277e-07
P10,wavelet,2,HbO,0.7689115221067746,0.7286907119763305,4.384112317923994e-07,3.9278623348743814e-07
P10,wavelet,2,HbR,0.23129609698593578,2.480674523730821,1.467790170490109e-07,5.858986024504306e-08
P10,wavelet,3,HbO,0.5238413897643986,1.225210733404802,5.540194265927081e-07,3.9587382748298504e-07
P10,wavelet,3,HbR,0.42583377049364224,1.7007434987488828,2.095072650730317e-07,1.1265843144043981e-07
P10,wavelet,4,HbO,0.8542381462043519,0.609058202148505,2.156768183473806e-07,1.843365603047124e-07
P10,wavelet,4,HbR,0.24880331098560857,2.115128723629084,6.21693451546585e-08,2.928147469447208e-08
P10,wavelet,5,HbO,0.8237049279469575,0.6513668744764534,2.2253397348901127e-07,1.9468079389512622e-07
P10,wavelet,5,HbR,0.7581947334593004,0.8188360012306778,6.644391245140452e-08,5.308335546203614e-08
P10,wavelet,7,HbO,0.5729769039040118,1.4142012395066996,1.3970745884522383e-07,8.0968448603007e-08
P10,wavelet,7,HbR,0.7916208585974649,0.7410981361971993,1.3272259393415783e-07,1.0963530032424698e-07
P10,wavelet,8,HbO,0.8845119605011379,0.5201486073020869,4.2669047865841994e-07,3.828376860076959e-07
P10,wavelet,8,HbR,0.4939369195886204,2.0819043541708013,1.4204749249262834e-07,5.954600618878788e-08
P10,wavelet,9,HbO,0.7434428313212146,0.7774495874725196,2.836554218196455e-07,2.4919268456242624e-07
P10,wavelet,9,HbR,0.7001871390232828,0.9464976690538581,8.904688137524118e-08,6.739647548370507e-08
P10,wavelet,10,HbO,0.5734032169658361,1.2046255915509956,3.2689060954952424e-07,2.2543690350016602e-07
P10,wavelet,10,HbR,0.7999369472058213,0.7672726655546971,9.15664787136886e-08,7.166132304123441e-08
P10,wavelet,11,HbO,0.4474644026246577,1.5448730014044765,3.32140772350799e-07,1.9548264456000062e-07
P10,wavelet,11,HbR,0.8478939301400256,0.6297295217178784,5.80247878887648e-08,4.897622020510496e-08
P10,wavelet,12,HbO,0.43907133837976475,1.4074571641869726,2.0998791739182974e-07,1.3863455782746046e-07
P10,wavelet,12,HbR,0.4390697661504361,1.4074596891862883,2.949514843117839e-07,1.9472758605063767e-07
P10,wavelet,14,HbO,0.17347363874762883,2.1537893971448177,4.1161252940987816e-07,1.978493080325153e-07
P10,wavelet,14,HbR,0.18079463277898458,2.1425191839026128,1.838246652156918e-07,8.84278254067894e-08
P10,wavelet,15,HbO,0.23517250003261422,2.212830164125754,5.417918008731803e-07,2.446795098719076e-07
P10,wavelet,15,HbR,0.42067049563200726,2.0802198688720015,2.5447664045482305e-07,1.1132711016214323e-07
P10,wavelet,16,HbO,0.35734389773628944,1.0197208673158238,3.302927502299048e-07,4.3282102654678496e-07
P10,wavelet,16,HbR,0.4752415398270295,1.031154717391531,1.35466270672256e-07,1.3385682934357278e-07
P10,wavelet,17,HbO,0.6240247577582136,0.8140253928388995,3.438146731116943e-07,4.040136994485701e-07
P10,wavelet,17,HbR,0.3284967261568536,1.2643194335553145,1.0508194114011694e-07,9.0002644383298e-08
P10,wavelet,18,HbO,0.9034514289991351,0.44125217099528885,8.014445273191481e-10,7.953227971341143e-10
P10,wavelet,18,HbR,0.9146129273838054,0.463821821171507,7.062744671686412e-10,6.192422575819482e-10
P10,wavelet,19,HbO,0.8853423037947588,0.507126281489693,5.6681748157005e-10,5.212113057024483e-10
P10,wavelet,19,HbR,0.8425606055658909,0.602026269070159,4.4281070508943837e-10,3.986791159555199e-10
P10,wavelet,20,HbO,0.9264465645492385,0.3936350041508253,2.0505827134592492e-10,1.9700866401145454e-10
P10,wavelet,20,HbR,0.8697269363293698,0.49655817003625735,1.0151232530827309e-10,1.1059070908880172e-10
P10,wavelet,21,HbO,0.8622166070685618,0.5068668291092182,2.1909025550846876e-10,2.550131397946812e-10
P10,wavelet,21,HbR,0.8291767491566211,0.6164691760475407,1.1289655772892567e-10,1.0366746841540532e-10
P10,wavelet,22,HbO,0.9052531491788484,0.45986893403722817,2.6572306607929804e-07,2.458886649512585e-07
P10,wavelet,22,HbR,-0.026612179832089813,2.2074843445468986,1.1705243564709014e-07,6.049442944481714e-08
P10,wavelet,23,HbO,0.81023434634342,0.69541152059583,2.536193899241551e-07,2.1414184213082543e-07
P10,wavelet,23,HbR,0.19320982261121497,1.7591286567841875,6.341706361667782e-08,3.840670898130802e-08
P32,none,1,HbO,0.6824570565101613,1.4898028981599087,8.151005086316182e-08,4.115383050634845e-08
P32,none,1,HbR,0.6959755073844299,1.389692927196857,2.4623246829958213e-08,1.305876905405638e-08
P32,none,2,HbO,0.9417785880991217,0.37724522653923703,1.9147349903704858e-07,1.721159739140993e-07
P32,none,2,HbR,0.9308016283078779,0.4073693353345172,4.2383410938175765e-08,3.816256108282244e-08
P32,none,3,HbO,0.8170420224841549,0.8200655901185604,4.82291012869477e-08,3.444613725639794e-08
P32,none,3,HbR,0.7740353033743179,0.8225442973274761,1.3182919536693828e-08,1.015659118561678e-08
P32,none,4,HbO,0.9015501504853655,0.48409193159977115,3.445133720364396e-08,3.0819107888354137e-08
P32,none,4,HbR,0.9204943342079156,0.4134274362741327,9.313596901451903e-09,8.837293714959073e-09
P32,none,5,HbO,0.7877732966668388,0.8818512558766264,3.657387872766677e-07,2.5777407023964516e-07
P32,none,5,HbR,0.8248729226272865,0.6444276394304652,7.094315338883291e-08,6.255139267654672e-08
P32,none,7,HbO,0.839370371750566,0.7796971061760251,3.5373386280186477e-07,2.529639351496784e-07
P32,none,7,HbR,0.47379834860712144,1.098522342189728,3.977992078674741e-08,3.520709477660404e-08
P32,none,10,HbO,0.9295575838819979,0.45230444079971277,3.4872843340111166e-07,2.9266135986364563e-07
P32,none,10,HbR,0.7811858760611597,0.7138486742268373,6.027288422368256e-08,5.350244718896421e-08
P32,none,11,HbO,0.903649861242334,0.5538394079127721,8.029276650357647e-08,6.398776620319679e-08
P32,none,11,HbR,0.9160243907768317,0.4736487131539662,2.0485342725719182e-08,1.7542356362986844e-08
P32,none,12,HbO,0.35225228334480796,1.6625609318817824,1.8504621867523264e-08,1.0722097719357447e-08
P32,none,12,HbR,0.3075351001819586,1.4136842249332227,5.1372648933860185e-09,3.79843739128461e-09
P32,none,14,HbO,0.4385127642017516,0.9178646018422443,3.370470255721436e-09,5.403611859994864e-09
P32,none,14,HbR,0.35900784931996466,0.9877829903167004,1.983726221912408e-09,2.958384974116009e-09
P32,none,15,HbO,0.7111029203041668,1.24862504515213,4.1768102060361067e-07,2.3965597060921316e-07
P32,none,15,HbR,0.6688505272427842,1.4117285858862756,1.2686610250389198e-07,6.787962840721912e-08
P32,none,16,HbO,0.6264723468950563,1.4253208805961555,2.605328732371812e-07,1.4316921650040914e-07
P32,none,16,HbR,0.4747215737715601,1.4829701036846281,6.079145965433471e-08,3.643982707501708e-08
P32,none,17,HbO,0.8768353267659851,0.6126768926293641,1.3959785570689765e-07,1.1109329419472502e-07
P32,none,17,HbR,0.8362353640965022,0.7292339483343806,2.945941417259709e-08,2.238488109408422e-08
P32,none,18,HbO,0.9375995977752823,0.34862698669579245,7.427769760984049e-10,7.782764073050231e-10
P32,none,18,HbR,0.9706458925598391,0.2424942428366242,6.030796136622884e-10,6.024517872195234e-10
P32,none,19,HbO,0.939083176933756,0.3448899155129478,5.074257296762033e-10,5.253831136960885e-10
P32,none,19,HbR,0.9537863659083782,0.3015909817632318,3.9992461861318937e-10,4.1125822276389246e-10
P32,none,20,HbO,0.9873894423483088,0.1740264990677645,2.6029785412732883e-10,2.456671200867678e-10
P32,none,20,HbR,0.9737852953638223,0.2453204317876007,1.0859922841845223e-10,1.019484731156665e-10
P32,none,21,HbO,0.9563827866455687,0.2942513308922618,2.459811575631426e-10,2.4818520975332715e-10
P32,none,21,HbR,0.9356868130690096,0.3539255504484748,1.28968516553882e-10,1.4106055750971255e-10
P32,none,22,HbO,0.3882305933755322,1.3161818914806662,1.5038412109335186e-08,1.132981172816627e-08
P32,none,22,HbR,0.3049543633999222,1.1385874555176954,4.436984418112563e-09,4.795357198000587e-09
P32,none,23,HbO,0.1651619782067206,3.7800427018224743,3.5953024995574077e-08,9.426654017147829e-09
P32,none,23,HbR,0.16185927390727034,2.2154096197473656,1.0015176713942259e-08,4.6700431492536576e-09
P32,wavelet,1,HbO,0.3670221177421676,1.6317810270902902,7.005767630754508e-08,4.115383050634845e-08
P32,wavelet,1,HbR,0.20883469869263813,3.525621637646889,4.6766897020336594e-08,1.305876905405638e-08
P32,wavelet,2,HbO,0.6078860899341928,1.1501360532132212,2.466904572224206e-07,1.721159739140993e-07
P32,wavelet,2,HbR,0.7382573495542193,0.8571174454239808,4.825546775016793e-08,3.816256108282244e-08
P32,wavelet,3,HbO,0.37367900307088603,1.8833324821562232,6.911788562168598e-08,3.444613725639794e-08
P32,wavelet,3,HbR,0.19330395632752972,3.826497875336629,3.936222300771285e-08,1.015659118561678e-08
P32,wavelet,4,HbO,0.13852379198009818,2.987245065379265,9.069464030337763e-08,3.0819107888354137e-08
P32,wavelet,4,HbR,0.38770148653233194,1.8654837701400164,1.767891937791523e-08,8.837293714959073e-09
P32,wavelet,5,HbO,0.6027336069242382,1.0016483922130872,3.112301754389283e-07,2.5777407023964516e-07
P32,wavelet,5,HbR,0.5693330128080296,1.6753553880577128,1.2679183074866824e-07,6.255139267654672e-08
P32,wavelet,7,HbO,0.7786602371191507,0.7664247074737508,3.083060047066572e-07,2.529639351496784e-07
P32,wavelet,7,HbR,0.10479024719016089,2.9373547418817902,1.008773779735338e-07,3.520709477660404e-08
P32,wavelet,10,HbO,0.7172077205766164,0.7920894214577648,3.1999436196961787e-07,2.9266135986364563e-07
P32,wavelet,10,HbR,0.4732774206193277,1.5490408486626697,9.33977501345541e-08,5.350244718896421e-08
P32,wavelet,11,HbO,0.5211145153564721,1.2597014274400908,9.229920299137715e-08,6.398776620319679e-08
P32,wavelet,11,HbR,0.595498122100498,1.419885557586823,3.087346848214512e-08,1.7542356362986844e-08
P32,wavelet,12,HbO,-0.20625290984840983,6.874456564185168,7.040763661044404e-08,1.0722097719357447e-08
P32,wavelet,12,HbR,-0.2668731380423283,5.848718905046059,2.0792960638278296e-08,3.79843739128461e-09
P32,wavelet,14,HbO,-0.2801492152695775,7.756362044937977,3.9878063327342995e-08,5.403611859994864e-09
P32,wavelet,14,HbR,-0.35305676896829313,7.282385820169312,2.02193516518106e-08,2.958384974116009e-09
P32,wavelet,15,HbO,0.572708489637211,0.9713032564441305,2.614190323661931e-07,2.3965597060921316e-07
P32,wavelet,15,HbR,0.45010229195370866,1.5148620988509107,1.1353552832008864e-07,6.787962840721912e-08
P32,wavelet,16,HbO,0.40482896208281655,1.4530669900548054,2.1935126877750254e-07,1.4316921650040914e-07
P32,wavelet,16,HbR,0.4680379750214809,2.165785509117284,8.883451299565809e-08,3.643982707501708e-08
P32,wavelet,17,HbO,0.3708298225630856,1.663248114630758,1.9388942934291723e-07,1.1109329419472502e-07
P32,wavelet,17,HbR,0.34609279359100537,3.2792494299721318,7.783505869484852e-08,2.238488109408422e-08
P32,wavelet,18,HbO,0.9468862354707485,0.32737599435432646,7.847166675510916e-10,7.782764073050231e-10
P32,wavelet,18,HbR,0.959717638848253,0.2996671384776476,6.401876295412078e-10,6.024517872195234e-10
P32,wavelet,19,HbO,0.9091036612774012,0.44222234031806784,5.553538209150734e-10,5.253831136960885e-10
P32,wavelet,19,HbR,0.9418762000208485,0.35048203306883613,4.284149472744551e-10,4.1125822276389246e-10
P32,wavelet,20,HbO,0.9255490079025468,0.3833094088286302,2.420194506398432e-10,2.456671200867678e-10
P32,wavelet,20,HbR,0.9152617693933535,0.41242669946189103,1.022746927221287e-10,1.019484731156665e-10
P32,wavelet,21,HbO,0.9330789542661485,0.36310215331773665,2.439342852788596e-10,2.4818520975332715e-10
P32,wavelet,21,HbR,0.8751264399770137,0.48635268308155005,1.2952203083956762e-10,1.4106055750971255e-10
P32,wavelet,22,HbO,-0.36963513946186966,7.5591965026062,8.041599896462917e-08,1.132981172816627e-08
P32,wavelet,22,HbR,-0.2557235091925614,6.885322200707323,3.1306238067651885e-08,4.795357198000587e-09
P32,wavelet,23,HbO,-0.36284235988250574,7.41186606920836,6.556876861672975e-08,9.426654017147829e-09
P32,wavelet,23,HbR,-0.28851447219901616,7.130831822218218,3.14940721585952e-08,4.6700431492536576e-09
