subject_id,marker,motion_correction,hpf,response_m5_30,response_minus_baseline_m5_30,n_events
P01,M3,none,0,-0.46826065150727902,-0.50851549434889542,3
P01,M4,none,0,0.53782337130903968,-0.27264886205160532,3
P01,M5,none,0,4.0146081802161541e-2,-0.11788222915791025,3
P01,M6,none,0,0.14058874797738899,-1.1215068971599909,3
P02,M3,none,0,0.27501144823212009,-2.5370271565702502e-2,3
P02,M4,none,0,-4.71983950615336416e-1,-0.15028081913234903,3
P02,M5,none,0,0.40157113912778752,-1.0940477210846574e-2,3
P02,M6,none,0,-0.11242609454962532,0.086561314388307914,3
P03,M3,none,0,-0.13992068811524097,-0.11432661934574728,3
P03,M4,none,0,-6.766504126119663e-2,-0.2400791334334671,3
P03,M5,none,0,0.093026098238091645,0.17900083602991601,3
P03,M6,none,0,2.1217007949445662e-2,9.688194730095426e-2,3
P04,M3,none,0,-0.41203825862108256,4.568807206400538e-1,3
P04,M4,none,0,-0.15125457186842792,2.85262700207536593e-2,3
P04,M5,none,0,0.20323492302049417,-0.31657546339185205,3
P04,M6,none,0,9.228413839204870e-1,0.082566747122875331,3
P05,M3,none,0,-0.20101584086268415,-0.17861590342938508,3
P05,M4,none,0,0.023434234241273961,-0.33138936764293936,3
P05,M5,none,0,-0.32713878697325344,-0.29385450100240312,3
P05,M6,none,0,-0.31393764565342319,-0.08079279558738478,3
P06,M3,none,0,1.322413336684023e-1,-0.23380008598912877,3
P06,M4,none,0,-0.2186720013758516,-2.082512533586035e-1,3
P06,M5,none,0,-0.2823337077719546,-0.66739042092087408,3
P06,M6,none,0,-4.704870488958043840e-1,-4.244927537464050e-1,3
P07,M3,none,0,-0.15331159180244527,-0.29576490635439584,3
P07,M4,none,0,0.69843637711731854,0.4482303380394953,3
P07,M5,none,0,-0.01758878923343658,-0.080705245146475951,3
P07,M6,none,0,0.17699377311165815,0.04976308697949141,3
P08,M3,none,0,-0.02038885255374831,-2.5270988082409835e-2,3
P08,M4,none,0,2.520788341329457e-2,-1.3552991559162678e-2,3
P08,M5,none,0,-1.8760635107266182e-2,-2.5338264846955894e-2,3
P08,M6,none,0,-3.0508632269245014e-2,-1.4293361725365771e-2,3
P09,M3,none,0,-0.36595502652877177,-0.1548835743965363,3
P09,M4,none,0,-0.56809717558330253,-0.54481619979434726,3
P09,M5,none,0,-4.868279646895355e-1,-0.48576106729046414,3
P09,M6,none,0,-0.27273107178411904,-1.90174290899057456e-1,3
P10,M3,none,0,0.13355149389327073,-0.53952557450231931,3
P10,M4,none,0,-4.6397434368308741e-2,-4.33779181020099105e-1,3
P10,M5,none,0,0.077621685070736815,-0.33972542474612788,3
P10,M6,none,0,-0.53850064730412495,-0.40396084114614511,3
P11,M3,none,0,-0.11440956620219182,-0.016669276784652041,3
P11,M4,none,0,1.488902584496782250e-2,-0.23498100054251808,3
P11,M5,none,0,-0.39531237534762015,-0.04997427588622011,3
P11,M6,none,0,0.12888722702063402,-0.22565950453287492,3
P13,M3,none,0,1.5887362976636547e-2,-0.50224598518132391,3
P13,M4,none,0,-0.22438700264741532,-4.950954075221906e-1,3
P13,M5,none,0,-0.26448590979756975,-0.3798141265219559,3
P13,M6,none,0,0.31911015212627086,-4.60917731863759200e-2,3
P14,M3,none,0,0.14199120756735237,-0.29657967044655059,3
P14,M4,none,0,-4.136327416563095e-1,3.3155532093713523e-3,2
P14,M5,none,0,-1.1865353454556231e-2,-2.6808543502020267e-2,3
P14,M6,none,0,-2.02912759837181521e-1,0.13800047416155128,3
P15,M3,none,0,-0.77909538227408004,-3.75051494651253600e-1,3
P15,M4,none,0,0.28580448066263675,-1.1041979616219335,3
P15,M5,none,0,-0.80030011151048108,-0.71292481787946471,3
P15,M6,none,0,0.13364382260970409,-0.55471333397143896,3
P16,M3,none,0,-9.502864823672086e-2,6.124876589820956e-2,3
P16,M4,none,0,-0.66189400773008233,-0.30028888901020651,3
P16,M5,none,0,4.812979372455063e-1,-0.039523815096697293,3
P16,M6,none,0,-1.8231300137513507e-2,-0.30546397189563596,3
P17,M3,none,0,0.35432312960162821,-0.52791678571580503,3
P17,M4,none,0,-0.51361879922083831,-0.6019004882038852,3
P17,M5,none,0,5.7541235814749189e-2,0.54790100659319174,3
P17,M6,none,0,-0.28750926382970493,-6.103255494714921e-2,3
P18,M3,none,0,6.658155520920721e-2,-1.1311409155587775,3
P18,M4,none,0,2.2797221387863550e-2,-0.067162321028897104,3
P18,M5,none,0,4.785260518778077e-1,-0.60977658945590241,3
P18,M6,none,0,-0.57706012789985661,-0.31515575338519353,3
P19,M3,none,0,-0.38348485324612863,-0.22497028437363528,3
P19,M4,none,0,-0.65625581695138391,-0.22436933357475736,3
P19,M5,none,0,0.61222023075143162,-0.34975254779583964,3
P19,M6,none,0,-0.074607076047000523,-0.68321344530125394,3
P20,M3,none,0,-0.42748855546299735,-0.2507095225997657,3
P20,M4,none,0,-2.380453179994060330e-1,-0.087768936183982932,3
P20,M5,none,0,-5.243097215544361e-2,-0.38129775697897217,3
P20,M6,none,0,-0.27146869820443598,2.0140416672590371e-2,3
P21,M3,none,0,-0.065257090663992545,-0.15907300181477982,3
P21,M4,none,0,7.845356995893528e-2,-8.834495326550461e-2,3
P21,M5,none,0,1.4702844228857111e-2,7.580550122731067e-3,3
P21,M6,none,0,-2.23250690915619217e-1,-0.17223320454291863,3
P22,M3,none,0,-3.0546231980305667e-2,-0.75754154057892764,3
P22,M4,none,0,0.50873589564068167,-1.3074825058148372,3
P22,M5,none,0,0.45796290275201745,-0.85809995329781374,3
P22,M6,none,0,2.282948561881219e-2,-0.61191360929392147,3
P23,M3,none,0,-0.1377512750960565,-0.31624627638107194,3
P23,M4,none,0,0.04567642585800543,-0.12926562238086051,3
P23,M5,none,0,-4.613583398960719e-2,0.14822831653259172,3
P23,M6,none,0,0.097872599591789802,-0.45702230647258113,3
P24,M3,none,0,-0.85559066775914228,-0.055746961111566601,3
P24,M4,none,0,0.024959373857975201,-0.093573777065364142,3
P24,M5,none,0,1.0278750763559916,0.079697796618863101,3
P24,M6,none,0,-1.9621838004935555e-2,8.342822576174959e-2,3
P25,M3,none,0,-0.61367348868011762,-0.92729070393844526,3
P25,M4,none,0,-6.694227857614961e-2,-0.37666247627960758,3
P25,M5,none,0,0.24293323093295141,-2.37628953277307248e-1,3
P25,M6,none,0,-0.35556712184680106,-0.24328561504619947,3
P26,M3,none,0,2.4363143091809363e-2,-0.00240388012996066,3
P26,M4,none,0,3.691257770144970e-2,-1.7239521827641442e-2,3
P26,M5,none,0,2.8318628786499931e-2,-0.18607470218055999,3
P26,M6,none,0,0.15892544138718412,-0.14059604609913814,3
P27,M3,none,0,-0.62855264216982698,-0.60424530915442209,3
P27,M4,none,0,-0.011628227827919391,-0.57115527728311477,3
P27,M5,none,0,-0.86308598052342067,-1.03739798546133129e-1,3
P27,M6,none,0,0.45690457081690944,-0.40898507941829537,3
P28,M3,none,0,-0.24853670735919065,-0.22361631993400061,3
P28,M4,none,0,-0.18805540708862276,-0.25135673397397101,3
P28,M5,none,0,0.14951790449934022,-0.064935698022875271,3
P28,M6,none,0,0.073247514571705072,0.029653726908781111,3
P29,M3,none,0,0.085529319300343465,-4.02485532755762016e-1,3
P29,M4,none,0,-2.715454961163651e-2,-0.39654081922204337,3
P29,M5,none,0,1.1157816332752738e-2,-0.2608576492668454,3
P29,M6,none,0,-0.1774841619379342,-3.974924755736090e-1,3
P30,M3,none,0,-0.33195935530939297,-1.2924507613151139,3
P30,M4,none,0,0.97119671468841906,-0.96426619240863787,3
P30,M5,none,0,6.423821395556306e-3,-0.47214293678069802,3
P30,M6,none,0,0.14147046975790412,-0.35380885934909195,3
P31,M3,none,0,0.076836709575441836,-1.6918195529934254e-1,3
P31,M4,none,0,0.46650237609457834,0.057977002524345962,3
P31,M5,none,0,-0.27281063120718302,-0.30889888478776306,3
P31,M6,none,0,-0.21706748308646401,1.20868840768865481e-1,3
P32,M3,none,0,-0.1876677489283301,0.1505791969378692,3
P32,M4,none,0,-0.30569061885181842,0.17234748698604502,3
P32,M5,none,0,4.590124801019987e-1,0.51565269295248195,3
P32,M6,none,0,-0.37995449615981225,-0.26417907026458071,3
P33,M3,none,0,2.677226391980206e0,0.28808338837101777,3
P33,M4,none,0,2.6439920666615055,0.13649663286022204,3
P33,M5,none,0,0.68852347991133378,-3.9633048502384869e-2,3
P33,M6,none,0,0.91418833668990018,-3.1721494865607550e-2,3
P34,M3,none,0,-0.35989826575019512,-0.3324702459809315,3
P34,M4,none,0,0.52903366764143867,-0.37416889968566541,3
P34,M5,none,0,0.02516725182937235,-0.45478296644794114,3
P34,M6,none,0,-0.19543606287088264,-0.40035679420618503,3
P35,M3,none,0,-1.01558813570041688e-1,0.43492644755932541,3
P35,M4,none,0,-5.2044157416213173e-2,0.044261402622140511,3
P35,M5,none,0,0.076856914049100222,0.38894644560522673,3
P35,M6,none,0,0.15989805174052268,0.48035643573866033,3
P36,M3,none,0,0.4150480856634382,-0.51514536187579707,3
P36,M4,none,0,-0.68257229772118511,-0.59184785594803735,3
P36,M5,none,0,-0.40393485086181891,-0.44003416077099922,3
P36,M6,none,0,4.488299319265795e-2,-1.2855512478258086e-1,3
P37,M3,none,0,-0.6712355866001225,-0.55596062665700852,3
P37,M4,none,0,3.7188565802890501e-2,-2.39801269116202000e-1,3
P37,M5,none,0,4.133279182932711e-2,-0.49361606495194982,3
P37,M6,none,0,-0.035858896463855691,-0.43239384708348255,3
P38,M3,none,0,1.374719462450565e-3,-0.46780080697111542,3
P38,M4,none,0,0.33223146055756736,-1.3409902721187098e-1,3
P38,M5,none,0,-0.44856012258133104,-4.737178184546795e-1,3
P38,M6,none,0,-0.35167097689621513,-0.10309653056986159,3
P39,M3,none,0,-0.13705350874145819,-3.769642748845705e-1,3
P39,M4,none,0,0.077701306347393556,-0.022824255484333061,3
P39,M5,none,0,0.54861694931271021,0.66642073811928482,3
P39,M6,none,0,0.13173169844140065,1.17009896031563256e-1,3
P40,M3,none,0,-0.35221971551491682,-0.59763693066448897,3
P40,M4,none,0,-0.67072499548658393,-4.950172745306395e-1,3
P40,M5,none,0,0.19539733748219565,-0.19421314549077665,3
P40,M6,none,0,0.068320749697923303,2.0031120095053366e-2,3
P41,M3,none,0,-0.193231693636775,-0.5919563110779813,3
P41,M4,none,0,-0.20692643428029675,-0.4382164371602984,3
P41,M5,none,0,-5.0183834125087100e-2,-0.10878574121968976,3
P41,M6,none,0,-0.086575164534512875,-0.25989954407576038,3
P42,M3,none,0,-0.27905851356093681,-0.36178066035003115,3
P42,M4,none,0,0.18489973350328137,-2.9226331798779123e-2,3
P42,M5,none,0,-0.047395420920364043,-6.870915607137246e-2,3
P42,M6,none,0,-0.043401481578502953,-0.22024787695224007,3
P43,M3,none,0,-4.102616328227043e-1,-0.23660890487670072,3
P43,M4,none,0,0.13172640579170641,-9.489075959035522e-2,3
P43,M5,none,0,-5.604671689635451e-2,0.02678219018645147,3
P43,M6,none,0,1.2430107716421611e-2,0.1828488669628261,3
P44,M3,none,0,0.57679112037613489,-1.2838423763241813,3
P44,M4,none,0,-1.0478236999980506,-0.86653876473503211,3
P44,M5,none,0,-0.22572475586448784,-1.1876095073908494e0,3
P44,M6,none,0,-0.41875704175319822,-0.032896301741429983,3
P45,M3,none,0,-0.023359335618605481,-0.1352508344860984,3
P45,M4,none,0,0.23252712686748181,-0.40874657488432714,3
P45,M5,none,0,-0.2150282218477107,-0.26073549776692878,3
P45,M6,none,0,-1.4333772628203491e-2,0.17900915190497074,3
P46,M3,none,0,-0.6849595952030112,-1.1558977200017464,3
P46,M4,none,0,-0.18577486972906532,-0.64904380124639749,3
P46,M5,none,0,0.54484608115914912,-0.16128448342901161,3
P46,M6,none,0,0.50031082952326944,-2.9785863800707206e-3,3
P47,M3,none,0,-0.71203566928795037,-4.684836284721157e-1,3
P47,M4,none,0,-0.18019019165656389,2.9350217902297675e-2,3
P47,M5,none,0,0.1432094902937851,-1.3093834742449133,3
P47,M6,none,0,-1.047941001123702,-0.90464608886996123,3
P48,M3,none,0,-0.099825561210764746,-2.8188829878179131e-2,3
P48,M4,none,0,0.084692257864751791,-0.35624061374659099,3
P48,M5,none,0,-0.066279499300093137,2.4227286124916275e-2,3
P48,M6,none,0,0.20645724278581892,0.16338458627437907,3
P49,M3,none,0,0.02612911164465128,-2.6134883307063987e-2,3
P49,M4,none,0,-4.725505030064012e-2,-0.01944475213449583,3
P49,M5,none,0,0.04379696568017559,-1.963713695774138e-2,3
P49,M6,none,0,-0.065202751946191281,-2.0912646983883622e-2,3
P50,M3,none,0,-0.28672428384289189,-0.33641053617698863,3
P50,M4,none,0,4.526417964522034e-2,-8.096443434823730e-1,3
P50,M5,none,0,-1.4016905987776606e-2,-0.88882885720349614,3
P50,M6,none,0,-1.22928457663202281e-1,-3.964982275804728650e-1,3
P51,M3,none,0,2.38417864832802928e-1,0.46932055746444401,3
P51,M4,none,0,-0.34039446998071987,-9.3954833082861144e-3,3
P51,M5,none,0,0.41689686522454761,0.67545787444633765,3
P51,M6,none,0,0.28564866997721594,0.16343634319964842,3
P52,M3,none,0,0.25114569719478286,-0.27759785633455747,3
P52,M4,none,0,-0.17351440291918385,-0.21019074641155699,3
P52,M5,none,0,0.17281911425933866,-0.031226511685178371,3
P52,M6,none,0,0.18532179630025455,-0.16951257723192018,3
P53,M3,none,0,-0.48521071737148647,-0.83084326293227317,3
P53,M4,none,0,-0.75395426688707468,-0.28065466290477376,3
P53,M5,none,0,-0.28878377276704914,-0.27236048761118126,3
P53,M6,none,0,0.9683518463484414,0.35991020201500551,3
P54,M3,none,0,-1.1915546923794918e-1,-0.58426618629910365,3
P54,M4,none,0,0.51827943556170852,-0.22795544208882595,3
P54,M5,none,0,0.30779197368013783,0.45116244410758671,3
P54,M6,none,0,-0.86216527534150544,-0.29684754824986931,3
P55,M3,none,0,-0.11472157603092133,-0.25855218445524097,3
P55,M4,none,0,-1.7777659570385571e-2,-0.18005551256976932,3
P55,M5,none,0,0.12203855191486364,-0.16797751163625493,3
P55,M6,none,0,2.8587695704743654e-2,-0.52705268285456142,3
P56,M3,none,0,-0.48303140191008703,-1.13158200407698569e-1,3
P56,M4,none,0,-0.29025530158450435,-0.49746804449693249,3
P56,M5,none,0,-0.31400416352262245,-0.46877053591970819,3
P56,M6,none,0,8.204421058922771e-1,1.4778061713347167e-2,3
P57,M3,none,0,0.36180187880370246,-0.66696716147500201,3
P57,M4,none,0,-0.15962846562692981,-0.17283469084555753,3
P57,M5,none,0,0.13619570810302634,0.38714128167875561,3
P57,M6,none,0,0.29883477864546215,-0.03206309136189598,3
P58,M3,none,0,2.35228781777568401e-1,0.041935417589406512,3
P58,M4,none,0,8.263576922375355e-4,-0.074870326663846493,3
P58,M5,none,0,9.4619751346703561e-2,-0.35975188130673652,3
P58,M6,none,0,-0.29528906782979286,-0.089601144995367116,3
P59,M3,none,0,7.452209480715380e-2,-7.489730999620590e-1,3
P59,M4,none,0,0.52581005486300425,0.6996675687529591,3
P59,M5,none,0,8.581764630329087e-1,-4.4599573265444789e-2,3
P59,M6,none,0,-0.48819678113987486,-0.23137245928797837,3
P60,M3,none,0,4.359437494400598e-3,-0.37108543800833127,3
P60,M4,none,0,-0.224672417504238,-0.32164523883235208,3
P60,M5,none,0,0.21671327640819291,-4.667335673748678e-2,3
P60,M6,none,0,-0.29408999043132361,-1.07068208445774776e-1,3
P61,M3,none,0,-0.29061500054913586,-5.9543109275981324e-2,3
P61,M4,none,0,-0.17762141069328785,-0.19574428073429587,3
P61,M5,none,0,8.359928273330156e-1,-0.01369398259622992,3
P61,M6,none,0,7.522141837882177e-1,0.47572948957403122,3
P62,M3,none,0,-4.478856769036803e-2,1.2298153488415842e-2,3
P62,M4,none,0,0.047716504865796552,-0.14263515453502928,3
P62,M5,none,0,-0.1389812596686047,-0.13301763527947488,3
P62,M6,none,0,-0.18836888867840837,0.32465756303455839,3
P63,M3,none,0,0.42723575749119391,-2.39075051637062192e-1,3
P63,M4,none,0,-0.45267570450035211,-0.93816961397048715,3
P63,M5,none,0,-0.23470395584978768,-0.69053424482130121,3
P63,M6,none,0,-0.41630843046914245,-7.678180280345508e-1,3
P64,M3,none,0,-0.021945345126564542,-1.21007021139639288e-1,3
P64,M4,none,0,-0.15441188982725787,-0.15680779397889749,3
P64,M5,none,0,0.054758982219889361,-2.471719674990010e-3,3
P64,M6,none,0,-1.7808890421635542e-1,-1.1815994335275406e-1,3
P65,M3,none,0,0.11675724986144435,-0.14675885035663885,3
P65,M4,none,0,-1.4930019969897606e-1,-2.14988732204702192e-1,3
P65,M5,none,0,-0.080700204555022165,-0.10966635699604328,3
P65,M6,none,0,-1.93950103502524592e-1,-0.082666227526501074,3
P66,M3,none,0,4.37761474220236705e-1,-0.068684195909003196,3
P66,M4,none,0,1.7263360052041503e-2,-8.118140891243500e-2,3
P66,M5,none,0,-0.39624017012039064,-0.42275430458949703,3
P66,M6,none,0,-0.1223381698575389,4.678156282999822e-1,3
P67,M3,none,0,-2.3880126374143382e-3,-0.20202421726347117,3
P67,M4,none,0,-0.473849556177666,-2.06450645879245841e-1,3
P67,M5,none,0,0.91241574013697124,0.52502939844425878,3
P67,M6,none,0,9.7800156979278168e-2,-0.21611349474542735,3
P68,M3,none,0,0.2523595562428072,-0.13122042904818568,3
P68,M4,none,0,-0.11215199789764482,-0.10013446468211856,3
P68,M5,none,0,-1.19467868756502168e-1,-2.323763050062623530e-1,3
P68,M6,none,0,-0.16828734568861875,-0.20898474645633247,3
P69,M3,none,0,0.1677756527228946,-0.37641441143012344,3
P69,M4,none,0,-0.032064536744393912,-4.49607543481672353e-1,3
P69,M5,none,0,7.591674576432099e-2,-0.50206427751406668,3
P69,M6,none,0,0.23365269536332051,-2.6277103558492443e-2,3
P01,M3,none,0.002,-0.2587375853210232,-0.56146991692934567,3
P01,M4,none,0.002,0.37400287383734593,-0.24261355866322917,3
P01,M5,none,0.002,0.030706412665371181,-0.057847415609953101,3
P01,M6,none,0.002,0.12154880720105116,-1.0386294300701282,3
P02,M3,none,0.002,0.061172749264781223,0.067889255681548383,3
P02,M4,none,0.002,-1.7805581494580151e-2,-9.2062285761372700e-2,3
P02,M5,none,0.002,1.90862387284355248e-1,-0.065571491656561662,3
P02,M6,none,0.002,-0.08690838142251342,0.044936467920046672,3
P03,M3,none,0.002,-0.25751160843860837,-0.12749156570305312,3
P03,M4,none,0.002,-3.5928458355176755e-3,-2.37081796728080560e-1,3
P03,M5,none,0.002,0.04667632984754818,2.01359997091244016e-1,3
P03,M6,none,0.002,0.13939838276606001,1.14589584210580937e-1,3
P04,M3,none,0.002,0.054054341247344741,0.26096647397961881,3
P04,M4,none,0.002,-4.16684919619535200e-1,-2.3819084658597723e-2,3
P04,M5,none,0.002,-0.18333758330845068,-0.44163488259589234,3
P04,M6,none,0.002,4.63498251954203937e-1,0.16453215098693891,3
P05,M3,none,0.002,-2.349448416629758250e-1,-0.12740914248237689,3
P05,M4,none,0.002,-8.937513266334130e-4,-0.31359834755027305,3
P05,M5,none,0.002,-0.31337638720213418,-0.24764442467275591,3
P05,M6,none,0.002,-1.183732586444507930e-1,-4.116883734256273e-2,3
P06,M3,none,0.002,0.049201319132320703,-2.02584569546620561e-1,3
P06,M4,none,0.002,-0.24811159312716941,-0.17280586945195781,3
P06,M5,none,0.002,-0.2927085732745125,-0.60024480188107776,3
P06,M6,none,0.002,-0.30900377472043006,-0.3834290945477325,3
P07,M3,none,0.002,-0.061744366851415572,-0.29874378794219425,3
P07,M4,none,0.002,0.51420696208775918,0.43722093264096273,3
P07,M5,none,0.002,7.869372517585885e-2,-1.1420742458381202e-1,3
P07,M6,none,0.002,0.081174526041734363,3.2839129875893123e-2,3
P08,M3,none,0.002,2.979396807644556e-3,-5.970252710783585e-3,3
P08,M4,none,0.002,-1.1242532953193915e-2,1.2168317960160071e-3,3
P08,M5,none,0.002,-2.259318720366717e-3,-7.245518989473172e-3,3
P08,M6,none,0.002,-1.5447362547713674e-3,2.8701827246113531e-3,3
P09,M3,none,0.002,-0.6413161761113344,-0.16548413332276612,3
P09,M4,none,0.002,-0.26235225016668046,-0.58733189663040808,3
P09,M5,none,0.002,-7.776942163384556e-1,-0.53289271325699805,3
P09,M6,none,0.002,-0.36581663524858998,-0.24749476188763675,3
P10,M3,none,0.002,-2.476762497673778e-2,-0.44737934930946738,3
P10,M4,none,0.002,-6.715949691587934e-3,-0.315235364950748,3
P10,M5,none,0.002,0.01277831567845238,-2.43158463585272368e-1,3
P10,M6,none,0.002,-0.25028842100840193,-0.3131713338727613,3
P11,M3,none,0.002,-2.2859974093056627e-2,-0.046618863410430221,3
P11,M4,none,0.002,-0.1468737554625191,-2.26162328782195760e-1,3
P11,M5,none,0.002,-0.1504354800184472,-4.611808683948264e-2,3
P11,M6,none,0.002,2.7548611956284094e-2,-2.32024334003000432e-1,3
P13,M3,none,0.002,-0.01452818881743485,-0.49814033291640536,3
P13,M4,none,0.002,-0.25656811193078033,-4.448188177329697e-1,3
P13,M5,none,0.002,-0.20264975515179015,-3.851360500718997e-1,3
P13,M6,none,0.002,0.28062413793953472,-1.44036832857955224e-2,3
P14,M3,none,0.002,-0.14561359429682405,-0.29198933730969817,3
P14,M4,none,0.002,0.15678951002352284,0.14772463139679839,2
P14,M5,none,0.002,-0.053085198431596113,1.5860690925401386e-2,3
P14,M6,none,0.002,0.068365097459073695,0.20818694306706303,3
P15,M3,none,0.002,-0.2471969338723701,-0.43791089614440215,3
P15,M4,none,0.002,-0.66057563359061489,-1.2276875614350518,3
P15,M5,none,0.002,-0.39072954752878375,-0.69368113434177681,3
P15,M6,none,0.002,-0.27661528971132521,-0.58035373362041909,3
P16,M3,none,0.002,-0.041684766372954631,0.16371685170725633,3
P16,M4,none,0.002,-0.41063184762428145,-0.28355890529837446,3
P16,M5,none,0.002,0.061302896716583843,5.264140276945162e-3,3
P16,M6,none,0.002,0.049117307589119932,-0.20884817000418449,3
P17,M3,none,0.002,-7.681197571116913e-2,-0.54513047597119213,3
P17,M4,none,0.002,-4.769327497033466e-1,-0.59026269626809669,3
P17,M5,none,0.002,-1.84347780990118737e-2,0.57562146341698384,3
P17,M6,none,0.002,0.11144626459548418,-0.026346908329413461,3
P18,M3,none,0.002,-0.35534680585877249,-1.0064657373444597,3
P18,M4,none,0.002,1.2882414475308506e-3,-8.895352767122268e-2,3
P18,M5,none,0.002,0.42392703815490745,-0.65049428296564527,3
P18,M6,none,0.002,-0.61941705636123567,-0.41787229377713642,3
P19,M3,none,0.002,-0.10096761709072856,-0.21743406475567131,3
P19,M4,none,0.002,-0.45365790834045761,-0.26627304807472663,3
P19,M5,none,0.002,6.426287162086479e-2,-0.32034626756592327,3
P19,M6,none,0.002,-0.20013491929952043,-0.54295007896713032,3
P20,M3,none,0.002,-0.29520247383927539,-2.39915198236527792e-1,3
P20,M4,none,0.002,-0.39260433043223814,-1.16369454380090648e-1,3
P20,M5,none,0.002,-0.1000586982420012,-0.35706350991544011,3
P20,M6,none,0.002,-0.17690827516584967,0.02389590038508272,3
P21,M3,none,0.002,0.032225298446777441,-0.090836494071540166,3
P21,M4,none,0.002,-5.837737592855599e-3,-4.8955535060467941e-2,3
P21,M5,none,0.002,1.85929392492613777e-2,6.378025916532601e-2,3
P21,M6,none,0.002,-0.14035496942155515,-1.229220523341807130e-1,3
P22,M3,none,0.002,-0.58376764171640627,-0.66283320642150789,3
P22,M4,none,0.002,0.4857911437248742,-1.5545396711429538,3
P22,M5,none,0.002,-0.07618056646279775,-8.764739576423665e-1,3
P22,M6,none,0.002,-0.31258386029396829,-0.75235277784479093,3
P23,M3,none,0.002,0.12833355069627858,-0.25211895627947578,3
P23,M4,none,0.002,-0.24293283090321471,-6.894969446373607e-2,3
P23,M5,none,0.002,3.0679171415766702e-2,0.22415482734705089,3
P23,M6,none,0.002,-0.016525998812370581,-3.863296023523682890e-1,3
P24,M3,none,0.002,-0.46863349371470298,-0.024881525524290821,3
P24,M4,none,0.002,0.1542740135272582,-2.07801716738618833e-1,3
P24,M5,none,0.002,0.70309538836551388,4.585839362017276e-2,3
P24,M6,none,0.002,-0.41329753111214257,4.365088467089530e-2,3
P25,M3,none,0.002,-0.4265223905167983,-0.93518991152213216,3
P25,M4,none,0.002,-0.26568901770020137,-0.43051329963409474,3
P25,M5,none,0.002,0.28299071878630272,-2.03189639636899153e-1,3
P25,M6,none,0.002,-0.5137529891756395,-0.22636064002748685,3
P26,M3,none,0.002,0.067533707392880685,5.373315681387523e-2,3
P26,M4,none,0.002,0.11350047002267888,-0.082522838620385605,3
P26,M5,none,0.002,-0.064978018065907722,-0.17690840232283289,3
P26,M6,none,0.002,0.1098576253790669,-0.14744819913491214,3
P27,M3,none,0.002,-0.6253385502983948,-0.64662336177271384,3
P27,M4,none,0.002,-0.56082678539606157,-4.83544882214400801e-1,3
P27,M5,none,0.002,-0.48778277503062617,-1.98796911555631000e-2,3
P27,M6,none,0.002,0.57100137518621008,-0.33310013992931725,3
P28,M3,none,0.002,-0.11983694778090524,-1.16385412522853208e-1,3
P28,M4,none,0.002,-0.14516837039526692,-0.23514718989303768,3
P28,M5,none,0.002,2.8511930317756430e-2,-3.0061548023098603e-2,3
P28,M6,none,0.002,4.793499823477919e-2,0.035200462852262922,3
P29,M3,none,0.002,5.6877289992300380e-2,-4.080143295738027e-1,3
P29,M4,none,0.002,-1.6765290654859682e-1,-0.3758643390697548,3
P29,M5,none,0.002,-1.3427998448651242e-2,-0.1540732907554978,3
P29,M6,none,0.002,1.8749664891355230e-2,-0.31996412650806794,3
P30,M3,none,0.002,-1.2377931403931482e0,-1.3050301875071453,3
P30,M4,none,0.002,1.591489322713219,-1.1438647230399828,3
P30,M5,none,0.002,-1.0299766118526248,-0.46637703166579775,3
P30,M6,none,0.002,-0.79898517176593986,-0.51968874321879299,3
P31,M3,none,0.002,2.39621931244699601e-2,-0.083855135769826145,3
P31,M4,none,0.002,0.31650026072023696,0.066899809520200942,3
P31,M5,none,0.002,-0.22200028667386945,-0.26426526038356368,3
P31,M6,none,0.002,-1.17070385424549801e-1,1.136223452056678960e-1,3
P32,M3,none,0.002,-3.93614851015676833e-1,0.13693253777708755,3
P32,M4,none,0.002,-0.3079605333634956,2.24138771419638960e-1,3
P32,M5,none,0.002,0.44707562330658102,0.526090004208008,3
P32,M6,none,0.002,-8.102987265256058e-2,-0.17559854397425134,3
P33,M3,none,0.002,0.87408075063103696,0.83145105206501968,3
P33,M4,none,0.002,1.2953584794949842,0.50436221731881592,3
P33,M5,none,0.002,-2.15046285049428720e-1,1.3551226508202186e-1,3
P33,M6,none,0.002,-7.430587328159509e-2,-3.920163998832585e-3,3
P34,M3,none,0.002,-4.150502363526611e-1,-0.28573850720294064,3
P34,M4,none,0.002,0.4026531392169323,-0.40852576366851207,3
P34,M5,none,0.002,0.13022913705759914,-0.43738290126525559,3
P34,M6,none,0.002,-0.089064221604631483,-3.869077429882379e-1,3
P35,M3,none,0.002,-0.1064135704694274,4.13867112335709152e-1,3
P35,M4,none,0.002,-0.26593213597243603,1.7963049766227774e-2,3
P35,M5,none,0.002,0.28786869682773308,0.3642189788220952,3
P35,M6,none,0.002,6.598466691445472e-2,0.41058768649107935,3
P36,M3,none,0.002,9.87365155514649665e-2,-0.49871457137532144,3
P36,M4,none,0.002,-4.95113498323257184e-1,-0.61289506173589425,3
P36,M5,none,0.002,-0.5312016110438269,-0.50081257573156435,3
P36,M6,none,0.002,0.087523022919328702,-0.21846140466666725,3
P37,M3,none,0.002,-0.19651679603948016,-0.38549832094772857,3
P37,M4,none,0.002,-0.17693346264278351,-0.27949383807692174,3
P37,M5,none,0.002,4.115807428303317e-2,-0.37740226250809544,3
P37,M6,none,0.002,-0.19810014696694828,-0.38987243987288472,3
P38,M3,none,0.002,-0.15261973078061125,-0.41562913033847426,3
P38,M4,none,0.002,0.063686321698700976,-1.89510531879860656e-3,3
P38,M5,none,0.002,-0.34816547375928508,-0.34851602971039169,3
P38,M6,none,0.002,-1.9835962107268123e-2,1.5522020357896742e-2,3
P39,M3,none,0.002,1.08299469879989176e-1,-0.36513861120447177,3
P39,M4,none,0.002,2.550787207868946e-2,-2.3088967747514843e-2,3
P39,M5,none,0.002,0.58267383392913585,0.64364313733831924,3
P39,M6,none,0.002,-0.067493174830129316,0.098585941850994646,3
P40,M3,none,0.002,-0.38525062997511961,-0.60693841896547174,3
P40,M4,none,0.002,-0.5365021357657288,-0.54518300171641643,3
P40,M5,none,0.002,-0.01847675526094298,-0.2216921999588656,3
P40,M6,none,0.002,0.035325322457432931,-1.860787403027502e-2,3
P41,M3,none,0.002,-0.25407125034573791,-0.51487980492498453,3
P41,M4,none,0.002,-0.07815054095745369,-0.40683298126596174,3
P41,M5,none,0.002,-0.16649463130045239,-4.048688869750962e-2,3
P41,M6,none,0.002,-2.1962468705721891e-2,-0.25177509944587895,3
P42,M3,none,0.002,-0.19736593278464665,-0.24760846351382965,3
P42,M4,none,0.002,-0.0267184820662426,0.08775930911410014,3
P42,M5,none,0.002,0.067939947728726247,3.89584287369996512e-3,3
P42,M6,none,0.002,-3.2549861170476283e-2,-0.13801099419299537,3
P43,M3,none,0.002,-2.20674837508603056e-1,-0.15080901780450812,3
P43,M4,none,0.002,0.075759846152361615,-0.078817080376369003,3
P43,M5,none,0.002,1.3271730252830034e-2,6.002850597963682e-2,3
P43,M6,none,0.002,-0.14967434179098521,0.16112108814257162,3
P44,M3,none,0.002,-0.02481750268238312,-1.1624644209905428,3
P44,M4,none,0.002,-0.70887718432182012,-0.78877168245476803,3
P44,M5,none,0.002,-0.51741876739743886,-1.1013341291774077,3
P44,M6,none,0.002,0.031950840736549732,4.38340157932499552e-2,3
P45,M3,none,0.002,1.0289896309446746e-3,-0.13619071575837419,3
P45,M4,none,0.002,8.459096932723212e-2,-0.36332008745764149,3
P45,M5,none,0.002,-0.076191999858526954,-0.24409447276669671,3
P45,M6,none,0.002,-2.780198970045848e-2,0.17170033976236204,3
P46,M3,none,0.002,-1.873939643888596320e0,-2.2042702526144682,3
P46,M4,none,0.002,-4.428364801197890890e-1,-0.72071477878102108,3
P46,M5,none,0.002,1.2285447543603736,-0.32253946110042275,3
P46,M6,none,0.002,0.34073551324054535,-1.8997081196165131e-2,3
P47,M3,none,0.002,-0.35226245501058939,-0.3373507017170298,3
P47,M4,none,0.002,-0.36370296035469618,-0.14994736165581868,3
P47,M5,none,0.002,-0.19214374746200633,-1.1936846842522193,3
P47,M6,none,0.002,-0.65826151709374059,-0.7713770278144596,3
P48,M3,none,0.002,-0.1099933202412649,-3.986832352195563e-2,3
P48,M4,none,0.002,5.7145477033652588e-2,-0.29149158056877467,3
P48,M5,none,0.002,-0.01495106991030995,4.825786243911871e-3,3
P48,M6,none,0.002,0.17069694059591023,1.99283762697022576e-1,3
P49,M3,none,0.002,-4.670746617658534e-3,-4.183879414958641e-3,3
P49,M4,none,0.002,1.4081514258196251e-3,-8.660374987480127e-4,3
P49,M5,none,0.002,1.0056085838370687e-3,-1.4056934332709934e-3,3
P49,M6,none,0.002,-4.2670109303653445e-3,-2.118628464250542e-3,3
P50,M3,none,0.002,-0.11939552265292402,-0.36608312595298992,3
P50,M4,none,0.002,-0.11251930968542612,-0.81291357511833029,3
P50,M5,none,0.002,-3.4005377031248462e-2,-0.87872923034277339,3
P50,M6,none,0.002,-1.22973485147412088e-1,-0.32773535869115322,3
P51,M3,none,0.002,0.29000715395635512,0.45736378444921655,3
P51,M4,none,0.002,-0.30551501230855976,-1.4176994964766774e-2,3
P51,M5,none,0.002,0.25293702975764926,0.67235203516305009,3
P51,M6,none,0.002,0.26058425418962722,0.17450410603531169,3
P52,M3,none,0.002,-6.343977300120600e-2,-0.22242474524323824,3
P52,M4,none,0.002,-0.12778923830225178,-0.14169099577481431,3
P52,M5,none,0.002,1.24569164404142584e-1,3.283056636249867e-2,3
P52,M6,none,0.002,4.318933690239549e-1,-0.1174858153515472,3
P53,M3,none,0.002,-0.63115570046232783,-0.71654576305230933,3
P53,M4,none,0.002,-8.750904192892860e-1,-0.29595957556413893,3
P53,M5,none,0.002,-0.23772089996276771,-0.33356086805676455,3
P53,M6,none,0.002,0.92979370928182703,0.31318626636685404,3
P54,M3,none,0.002,-0.15532026559500503,-0.5259465622878039,3
P54,M4,none,0.002,0.34323546539588501,-0.20882197547557935,3
P54,M5,none,0.002,4.273168164658929e-1,0.50523836623968266,3
P54,M6,none,0.002,-0.7000836090992435,-0.26414284823241074,3
P55,M3,none,0.002,2.8738846218890211e-2,-0.23386841766216104,3
P55,M4,none,0.002,0.037376555315094692,-0.11952581081952472,3
P55,M5,none,0.002,0.091502099076890622,-0.1598175594248479,3
P55,M6,none,0.002,-0.139460628146238,-0.55112463502624054,3
P56,M3,none,0.002,-0.13328519860258994,-0.1043102249318391,3
P56,M4,none,0.002,-0.55044900234115191,-0.51520803821861305,3
P56,M5,none,0.002,-0.390674102507368,-0.41645830701767472,3
P56,M6,none,0.002,0.64856738527546798,8.066510919128342e-2,3
P57,M3,none,0.002,0.3058031883755078,-0.6763912568199304,3
P57,M4,none,0.002,-0.12887656224034616,-0.18438661011841553,3
P57,M5,none,0.002,2.6620583797443371e-3,0.42447016635735729,3
P57,M6,none,0.002,0.41273116105289759,-0.01385205229896728,3
P58,M3,none,0.002,1.6189761758471031e-2,0.076771393210732841,3
P58,M4,none,0.002,0.19612257605523295,1.3796495074786474e-2,3
P58,M5,none,0.002,-1.9218623570393694e-2,-0.29994433501562329,3
P58,M6,none,0.002,-0.1225558094984058,-8.892770519361361e-2,3
P59,M3,none,0.002,-0.50144843064529043,-0.72317067552375358,3
P59,M4,none,0.002,4.303121480189481e-1,3.995997628158645e-1,3
P59,M5,none,0.002,0.25366451729032402,-0.059078029611025852,3
P59,M6,none,0.002,-0.77108030573764719,-0.44426210052764936,3
P60,M3,none,0.002,-0.19561832398650092,-0.32568767237245044,3
P60,M4,none,0.002,-0.1888690819625064,-0.27400128243960453,3
P60,M5,none,0.002,0.29534471214639579,-3.5509692175303062e-2,3
P60,M6,none,0.002,-0.16259550618673127,-0.10227315401035196,3
P61,M3,none,0.002,-0.13101741755000679,2.4189564664047494e-2,3
P61,M4,none,0.002,-0.32172065948819473,-0.10834596482876371,3
P61,M5,none,0.002,0.75550457541513283,0.05413812428393365,3
P61,M6,none,0.002,0.67443100690599211,0.54873669982657192,3
P62,M3,none,0.002,2.24486982630878737e-2,0.12068741818607739,3
P62,M4,none,0.002,-0.076164478523399803,-0.26736125119064258,3
P62,M5,none,0.002,-0.18485769207479336,-0.082113082303738733,3
P62,M6,none,0.002,-0.10950777136676861,0.28248001760611824,3
P63,M3,none,0.002,0.24263199495515372,-0.23626688865137024,3
P63,M4,none,0.002,-0.28410715003667031,-0.79063481815109216,3
P63,M5,none,0.002,-2.300541463765000000e-1,-0.72611756781461811,3
P63,M6,none,0.002,-4.609768231187943e-1,-0.71799244165498266,3
P64,M3,none,0.002,-4.9346853989256373e-2,-0.079867122252056041,3
P64,M4,none,0.002,-0.10196776150261734,-0.11621765978291372,3
P64,M5,none,0.002,2.2113704549075870e-2,0.032089505721050092,3
P64,M6,none,0.002,-8.951172868715525e-2,-9.297157647035254e-2,3
P65,M3,none,0.002,0.016754324502084882,-1.0282279133027434e-1,3
P65,M4,none,0.002,-9.50372755916559808e-2,-0.1804900649826599,3
P65,M5,none,0.002,-9.961330012096258e-2,-9.54201376294873665e-2,3
P65,M6,none,0.002,-1.0467094925713586e-1,-7.318624354227066e-2,3
P66,M3,none,0.002,0.082447836159397492,9.691255454743214e-3,3
P66,M4,none,0.002,0.22067353199151524,-3.442178110615936e-2,3
P66,M5,none,0.002,-0.28550258998810113,-0.47554063049796902,3
P66,M6,none,0.002,-0.08851658941261982,4.000593900726402890e-1,3
P67,M3,none,0.002,-8.551514862799814e-2,-0.187753306469785,3
P67,M4,none,0.002,-0.17158972971688,-0.20312221722295104,3
P67,M5,none,0.002,0.63169852340115951,0.50049989701893605,3
P67,M6,none,0.002,3.94574172616399905e-2,-0.2206438665196595,3
P68,M3,none,0.002,0.13535919582597969,-6.413693347653675e-2,3
P68,M4,none,0.002,1.0284417913217587e-2,-0.050695445743028492,3
P68,M5,none,0.002,-1.812103128378294240e-1,-0.21389827898713185,3
P68,M6,none,0.002,-0.14445833210377068,-2.06777931341338449e-1,3
P69,M3,none,0.002,-0.15762636301835378,-0.2743602783338262,3
P69,M4,none,0.002,3.4292950928827110e-2,-0.4165901381296081,3
P69,M5,none,0.002,7.205221732904550e-4,-0.45333107702593106,3
P69,M6,none,0.002,0.38551976606883426,-2.2607761026668662e-2,3
P01,M3,none,0.005,-0.26504103342264129,-0.59512111040287352,3
P01,M4,none,0.005,0.26096106060072205,-0.23244444967844968,3
P01,M5,none,0.005,0.15904533061001425,-9.11476950634577600e-2,3
P01,M6,none,0.005,-1.11294868187049720e-1,-1.0032261168143677,3
P02,M3,none,0.005,1.1524842769314362e-1,1.0226107289514646e-1,3
P02,M4,none,0.005,-1.9704015897617774e-3,-0.1003167429840099,3
P02,M5,none,0.005,1.947105002673957930e-3,-1.19820307697173065e-1,3
P02,M6,none,0.005,0.12131313586920292,-1.1729586145740934e-2,3
P03,M3,none,0.005,-0.17669549487361932,-0.11679428150768958,3
P03,M4,none,0.005,-0.064700592347894201,-0.20614878576897641,3
P03,M5,none,0.005,1.0483462130559422e-2,0.26183071945009212,3
P03,M6,none,0.005,9.596600531139270e-2,3.9404829132530901e-2,3
P04,M3,none,0.005,0.24857050072118975,2.031291065039537120e-1,3
P04,M4,none,0.005,-0.13947793962860056,9.3727283705830569e-2,3
P04,M5,none,0.005,-0.34267164009014706,-0.4524392785000711,3
P04,M6,none,0.005,3.5854304829935030e-2,-3.765138000567270e-2,3
P05,M3,none,0.005,-0.1573184705270273,-0.13588781301603428,3
P05,M4,none,0.005,0.052082366716162051,-0.29326033450829092,3
P05,M5,none,0.005,-1.2121222511520182e-1,-0.13005453670178924,3
P05,M6,none,0.005,-1.670773624585773e-1,-0.084864890152154163,3
P06,M3,none,0.005,-0.038374897145068441,-0.20974436119526513,3
P06,M4,none,0.005,-1.15313016945181304e-1,-8.511445331372053e-2,3
P06,M5,none,0.005,-0.27409411221492763,-0.53591043616128409,3
P06,M6,none,0.005,-0.27157318176887818,-4.18288995470258784e-1,3
P07,M3,none,0.005,0.086225219577928724,-0.23359664858761109,3
P07,M4,none,0.005,0.35816484654444869,0.40920755600313002,3
P07,M5,none,0.005,-2.1693284493354094e-3,-0.12933978939228957,3
P07,M6,none,0.005,0.13230692637142194,0.03558540042294768,3
P08,M3,none,0.005,6.5754203069334832e-06,-6.296345656300553e-3,3
P08,M4,none,0.005,-4.141014285217037e-3,5.194701189228917e-3,3
P08,M5,none,0.005,-1.5507985055964811e-3,-7.667302150768220e-3,3
P08,M6,none,0.005,-5.332766707260613e-4,2.090765021527041e-3,3
P09,M3,none,0.005,-3.650919705303817e-1,-0.18659393621545856,3
P09,M4,none,0.005,-0.18002587272762008,-0.60386717797890754,3
P09,M5,none,0.005,-0.16039436404050883,-1.93899918674743536e-1,3
P09,M6,none,0.005,-0.59684818030843922,-0.43469883735904791,3
P10,M3,none,0.005,-8.909948899017556e-2,-3.869331661752246e-1,3
P10,M4,none,0.005,1.1476554472106807e-2,-0.24754353270480367,3
P10,M5,none,0.005,-0.062888025729306074,-0.29479662692468628,3
P10,M6,none,0.005,-5.4021694188757452e-2,-0.25900808869638631,3
P11,M3,none,0.005,-0.049334215947422842,-3.5666447077861190e-2,3
P11,M4,none,0.005,-0.11851366350727782,-2.42707399590766512e-1,3
P11,M5,none,0.005,-0.089464631623285065,-1.8637498542511163e-2,3
P11,M6,none,0.005,-1.1198728930591011e-2,-0.21930706448748477,3
P13,M3,none,0.005,-5.3516657127940188e-2,-4.89808220479937504e-1,3
P13,M4,none,0.005,-1.08097613621002136e-1,-0.39338968423093545,3
P13,M5,none,0.005,-1.7371407757772534e-1,-4.03142310391151137e-1,3
P13,M6,none,0.005,0.17546647162880427,-4.944923603038490e-2,3
P14,M3,none,0.005,-0.10768101518729314,-0.24928743181043997,3
P14,M4,none,0.005,0.33769441811049539,1.4233027215422806e-1,2
P14,M5,none,0.005,0.077898555665656802,2.2679927408781910e-2,3
P14,M6,none,0.005,5.9676919686200940e-2,0.19933508241754672,3
P15,M3,none,0.005,-0.32818530852960048,-0.48922319568949463,3
P15,M4,none,0.005,-0.43861217453836154,-0.91787182563025249,3
P15,M5,none,0.005,-0.14262882576654431,-0.70952237110421179,3
P15,M6,none,0.005,0.05565304361408023,-4.189772934731633e-1,3
P16,M3,none,0.005,-2.1926141341764691e-2,1.5575541667847862e-1,3
P16,M4,none,0.005,-0.23936142521188741,-0.25788330484516125,3
P16,M5,none,0.005,0.11658094750471253,1.5589478739750574e-2,3
P16,M6,none,0.005,2.8743154447944987e-2,-0.24767505602176337,3
P17,M3,none,0.005,-0.070046959133218165,-0.52512033330536723,3
P17,M4,none,0.005,-0.40139442432118472,-0.54041407032840438,3
P17,M5,none,0.005,0.0569082595292138,4.872178260116399e-1,3
P17,M6,none,0.005,0.28941514992607098,0.10041835740646328,3
P18,M3,none,0.005,-5.6943709761151068e-2,-0.82220887898820139,3
P18,M4,none,0.005,0.064827513086440094,2.1837276494053075e-2,3
P18,M5,none,0.005,-4.913845174250737e-2,-0.63865346112385091,3
P18,M6,none,0.005,-3.642543835473873e-1,-0.52350020539903563,3
P19,M3,none,0.005,-0.1699952268913561,-0.19849241527570247,3
P19,M4,none,0.005,-0.24778286157213517,-0.18299081378581303,3
P19,M5,none,0.005,1.9679310016380491e-2,-0.28305418753376599,3
P19,M6,none,0.005,-0.20873567028051629,-4.677368774986620000e-1,3
P20,M3,none,0.005,-0.32397573940343871,-0.14358348822972511,3
P20,M4,none,0.005,-0.16718857204199494,-0.14479366299436491,3
P20,M5,none,0.005,-1.2381348886822554e-1,-0.36749496034086737,3
P20,M6,none,0.005,-8.287602850450314e-2,-1.6746886661363434e-2,3
P21,M3,none,0.005,0.041410281181569371,-8.054335066952810e-2,3
P21,M4,none,0.005,-3.756921204732232e-2,-4.881707249454391e-2,3
P21,M5,none,0.005,4.7124361634669765e-2,3.999169069482861e-2,3
P21,M6,none,0.005,-0.075593935016001507,-9.64675039146460000e-2,3
P22,M3,none,0.005,-0.38825430798749966,-0.59620341294303281,3
P22,M4,none,0.005,0.30858503420254929,-1.70621793323083,3
P22,M5,none,0.005,-2.448754361335454250e-1,-8.745226085265085e-1,3
P22,M6,none,0.005,-0.35469841689746978,-0.55796766640012618,3
P23,M3,none,0.005,4.501917281107166e-2,-0.24044643904065105,3
P23,M4,none,0.005,-1.24764662626606697e-1,-0.031292268069612161,3
P23,M5,none,0.005,0.06736564243065063,0.16946270716802492,3
P23,M6,none,0.005,-0.053569315982534373,-0.25129126155777676,3
P24,M3,none,0.005,-3.6057626445501484e-2,0.12985613084896591,3
P24,M4,none,0.005,0.076972656201659523,-0.33277346242041339,3
P24,M5,none,0.005,0.38309056202642977,9.9593140456368856e-2,3
P24,M6,none,0.005,-0.071175482551701544,2.4920881093239403e-2,3
P25,M3,none,0.005,-2.14645209829966801e-1,-8.037669654526777e-1,3
P25,M4,none,0.005,-0.11775960805583896,-4.526741160298230e-1,3
P25,M5,none,0.005,-0.093874491495665999,-0.27077373186602272,3
P25,M6,none,0.005,-0.44585554460786442,-0.10861744510125446,3
P26,M3,none,0.005,4.688080778116824e-2,-0.039747520251931352,3
P26,M4,none,0.005,0.065204300602570334,-1.13040050785529801e-1,3
P26,M5,none,0.005,-0.086895996694682731,-0.16938427468921297,3
P26,M6,none,0.005,1.7897425820651878e-2,-7.682134806979070e-2,3
P27,M3,none,0.005,-0.48645744445191041,-0.67630869892935841,3
P27,M4,none,0.005,-0.43459867499641958,-0.46442982151340056,3
P27,M5,none,0.005,-1.044139943389973530e-1,0.14153928097737184,3
P27,M6,none,0.005,0.069114674969853976,-0.39807829209693874,3
P28,M3,none,0.005,-0.1478102118002465,-0.095857325990615999,3
P28,M4,none,0.005,-3.7638763308957733e-4,-0.21172337347112241,3
P28,M5,none,0.005,1.0210723950480414e-1,-0.042627928272984991,3
P28,M6,none,0.005,9.505164106523355e-3,3.7038800006573861e-3,3
P29,M3,none,0.005,2.6015986744349102e-2,-3.901395503193397e-1,3
P29,M4,none,0.005,-6.0160677569991964e-2,-0.3107567400069946,3
P29,M5,none,0.005,2.5774921815666171e-2,-0.14940693786704032,3
P29,M6,none,0.005,-0.15047884844822668,-0.38298426960446391,3
P30,M3,none,0.005,-9.959332034731060e-1,-1.4279710407925861,3
P30,M4,none,0.005,-8.907667312520415e-2,-1.2523858158424746e0,3
P30,M5,none,0.005,-0.68907028121248992,-0.39844951972521414,3
P30,M6,none,0.005,-7.416842257587378e-1,-0.33423551931104439,3
P31,M3,none,0.005,-1.1864926001025678e-2,-0.13966751667568378,3
P31,M4,none,0.005,0.12589837534816112,0.10277048563099292,3
P31,M5,none,0.005,-0.15719086735487012,-0.13485784610969559,3
P31,M6,none,0.005,1.834997787407856e-2,5.192581763063710e-2,3
P32,M3,none,0.005,-0.28304278820326445,0.26337597220116427,3
P32,M4,none,0.005,-1.02931650939561688e-1,2.25662684280727216e-1,3
P32,M5,none,0.005,0.28964895801985835,4.92836220001969632e-1,3
P32,M6,none,0.005,1.6103700798515142e-3,-0.1892836365484207,3
P33,M3,none,0.005,0.58425586396076545,0.57358606016693836,3
P33,M4,none,0.005,0.84066978444411644,4.86307721483670817e-1,3
P33,M5,none,0.005,-9.605996757470878e-2,5.309643360466461e-2,3
P33,M6,none,0.005,-0.31392090040876941,-0.24391981338527052,3
P34,M3,none,0.005,-3.969929980916360640e-1,-0.30991251414499982,3
P34,M4,none,0.005,0.34556789141545047,-0.2992422816446228,3
P34,M5,none,0.005,-0.032801892877428913,-4.65078901366821921e-1,3
P34,M6,none,0.005,-1.8820338567619182e-2,-0.31662856619196889,3
P35,M3,none,0.005,0.16282244035869956,0.55883087003332221,3
P35,M4,none,0.005,-1.1227597746763574e-1,-9.885296169005298e-2,3
P35,M5,none,0.005,0.18971492734858561,0.41583702500940112,3
P35,M6,none,0.005,0.062245475705173692,0.28745510882855962,3
P36,M3,none,0.005,-5.7607745775984940e-2,-4.963016752598217e-1,3
P36,M4,none,0.005,-0.17822395024758458,-0.47398081585767626,3
P36,M5,none,0.005,-2.26293262818554641e-1,-0.46954072112947037,3
P36,M6,none,0.005,-0.096242726599817113,-0.40911707945497494,3
P37,M3,none,0.005,-5.022471971261218e-2,-0.3592158060157119,3
P37,M4,none,0.005,-0.11087475083301376,-0.24745334912087807,3
P37,M5,none,0.005,-0.1298481277558084,-0.32496880752304225,3
P37,M6,none,0.005,-0.25020115397145465,-0.35859104622641974,3
P38,M3,none,0.005,-0.071317759006185075,-0.39995201256653307,3
P38,M4,none,0.005,0.16880264170167897,9.7760956631052009e-2,3
P38,M5,none,0.005,-7.576320443633880e-2,-0.21405872449115804,3
P38,M6,none,0.005,-0.10031251466996025,-5.857821101548877e-2,3
P39,M3,none,0.005,0.13968724799211546,-0.27295809744063626,3
P39,M4,none,0.005,0.04620203183266517,-0.01321440421918459,3
P39,M5,none,0.005,3.75920224391195104e-1,0.60807273268412254,3
P39,M6,none,0.005,1.6225014256989182e-1,0.068748285753316957,3
P40,M3,none,0.005,-0.39920436427681688,-0.57535360485735809,3
P40,M4,none,0.005,-4.16838198786853216e-1,-0.51098398365545106,3
P40,M5,none,0.005,-5.9698291607827685e-2,-0.21013757135593847,3
P40,M6,none,0.005,0.067701325194895454,-0.10366893350913164,3
P41,M3,none,0.005,-0.2178456968058651,-0.5211358311513381,3
P41,M4,none,0.005,-0.07574448569673331,-0.283945569299138,3
P41,M5,none,0.005,-3.885449283183687e-2,-8.010731973033055e-3,3
P41,M6,none,0.005,-6.774205260035786e-2,-0.34531700932803888,3
P42,M3,none,0.005,-0.13879485191900112,-0.20394106580493088,3
P42,M4,none,0.005,3.0598292234873950e-2,0.093753283219429162,3
P42,M5,none,0.005,2.3623496924995870e-2,2.6214829677510334e-2,3
P42,M6,none,0.005,-1.2832192392621907e-3,-0.13239351711915304,3
P43,M3,none,0.005,-0.1676368793139453,-0.12150280708871744,3
P43,M4,none,0.005,0.01705522722091387,-0.052167743223582821,3
P43,M5,none,0.005,1.120490117644108570e-1,0.085553187350331572,3
P43,M6,none,0.005,-2.3675653963293206e-2,1.055097562225314330e-1,3
P44,M3,none,0.005,-0.10570978114982409,-1.1266021162023698,3
P44,M4,none,0.005,-0.5845489515594654,-0.6828098170061756,3
P44,M5,none,0.005,-2.492836459014410000e-1,-1.0651280280206343,3
P44,M6,none,0.005,-2.2917894702662654e-2,3.451595609383930e-2,3
P45,M3,none,0.005,0.071610346561626084,-0.089931909105232952,3
P45,M4,none,0.005,-7.229177433913211e-3,-0.32303579435086138,3
P45,M5,none,0.005,-7.269326560724454e-2,-0.20286894476962664,3
P45,M6,none,0.005,0.063819837089098705,0.087580853189409003,3
P46,M3,none,0.005,-0.1097937100468155,-1.467450792940302,3
P46,M4,none,0.005,-0.15158745523973405,-0.58600140244113719,3
P46,M5,none,0.005,-0.15556259358745481,-0.24719637275457992,3
P46,M6,none,0.005,-0.2274507426087331,-4.56799964269540641e-1,3
P47,M3,none,0.005,-0.3701795088295326,-0.35292771638606807,3
P47,M4,none,0.005,4.650079203694086e-2,0.0260004682248276,3
P47,M5,none,0.005,-0.16797209024639848,-0.98839736491461205,3
P47,M6,none,0.005,-0.70171257685058119,-0.85742026328266685,3
P48,M3,none,0.005,-1.15756823522547704e-1,-6.20897890482137153e-2,3
P48,M4,none,0.005,4.7158515571808693e-2,-0.27480024338829973,3
P48,M5,none,0.005,2.0078634902878155e-2,1.7034128443588682e-2,3
P48,M6,none,0.005,0.11394274273628802,1.83385769296490416e-1,3
P49,M3,none,0.005,-3.504109036384830e-4,-4.082597824775981e-3,3
P49,M4,none,0.005,1.116186615063300000e-4,-1.4660537885569538e-3,3
P49,M5,none,0.005,2.401191589045351e-4,2.0444597574617515e-3,3
P49,M6,none,0.005,-1.192001135670603e-3,-2.537084166259012e-3,3
P50,M3,none,0.005,1.01832157201090057e-1,-0.33275284096282209,3
P50,M4,none,0.005,-0.1927457208052579,-0.85210331947126638,3
P50,M5,none,0.005,-0.28351682428928809,-0.79893206060840405,3
P50,M6,none,0.005,-0.07016823232397687,-0.29902339358739277,3
P51,M3,none,0.005,0.26047337667456155,0.40985034898069467,3
P51,M4,none,0.005,1.38898322111311576e-2,2.02330944163487536e-2,3
P51,M5,none,0.005,0.269791165976908,0.59620002140597606,3
P51,M6,none,0.005,0.043829914364532881,0.17838215880303362,3
P52,M3,none,0.005,-0.0206747519191239,-0.2371485188161731,3
P52,M4,none,0.005,0.04755855074266159,-0.17656396921544806,3
P52,M5,none,0.005,0.12923537564078891,0.057759520771755793,3
P52,M6,none,0.005,0.11638539688096736,-0.17458285588709038,3
P53,M3,none,0.005,-0.57792400094892427,-7.603355670570833e-1,3
P53,M4,none,0.005,0.14710353378453064,-0.12694346128701794,3
P53,M5,none,0.005,-2.6534435579850894e-2,-0.34605957820042393,3
P53,M6,none,0.005,0.24413466875890355,1.83462634779353520e-1,3
P54,M3,none,0.005,-4.7882032781015788e-3,-0.38853185744215474,3
P54,M4,none,0.005,0.23440612240943831,-0.15853180682748994,3
P54,M5,none,0.005,0.21030041167746269,4.902949437871650890e-1,3
P54,M6,none,0.005,-0.11262661030447955,-0.22455441330376863,3
P55,M3,none,0.005,0.14786009061293023,-0.20002724156163729,3
P55,M4,none,0.005,-1.2631237243673543e-2,-0.18467100093212613,3
P55,M5,none,0.005,-0.11305459305770998,-0.1823779164637615,3
P55,M6,none,0.005,-1.1632522566235591e-2,-0.45545504090885047,3
P56,M3,none,0.005,1.0004293902890818e-3,-1.98544957936998576e-1,3
P56,M4,none,0.005,-4.83350607555645217e-1,-0.56688050485779018,3
P56,M5,none,0.005,-1.1301037125142322e-1,-0.26261724672722131,3
P56,M6,none,0.005,0.3912733337919771,2.4829266066915766e-2,3
P57,M3,none,0.005,0.066175400379432453,-0.59057285836823881,3
P57,M4,none,0.005,-0.098767251803525274,-0.27153071273501039,3
P57,M5,none,0.005,0.084188411654685463,0.14498128320027706,3
P57,M6,none,0.005,0.30083167662458166,0.11603776058120556,3
P58,M3,none,0.005,1.04513218646614665e-1,4.2553488774204140e-2,3
P58,M4,none,0.005,0.13764329838234834,4.312524355932450e-2,3
P58,M5,none,0.005,-0.057997442513208722,-0.21318818016075275,3
P58,M6,none,0.005,-0.13690650859069514,-0.1462567241530727,3
P59,M3,none,0.005,-0.43718528394605793,-0.60015096002039103,3
P59,M4,none,0.005,0.29111488148898046,0.49958671224098666,3
P59,M5,none,0.005,0.095091442116052541,-1.029760926358303920e-1,3
P59,M6,none,0.005,-0.19267083224741807,-0.27146813059569463,3
P60,M3,none,0.005,-0.1079064783317592,-2.45597156542597969e-1,3
P60,M4,none,0.005,-0.088408409274861974,-2.391811475594871850e-1,3
P60,M5,none,0.005,0.15936244781356695,-0.036224257020724432,3
P60,M6,none,0.005,-6.527097575469948e-2,-0.11477527949640404,3
P61,M3,none,0.005,0.14716208595993213,0.07026009562616907,3
P61,M4,none,0.005,-0.20271656572685709,-0.055794202897700373,3
P61,M5,none,0.005,0.51964786034071753,1.13672996086408841e-1,3
P61,M6,none,0.005,0.50991968082722161,0.4269013498978903,3
P62,M3,none,0.005,0.08188206792796679,0.10357274207935632,3
P62,M4,none,0.005,-2.8789312176142862e-2,-0.29029784314730689,3
P62,M5,none,0.005,-0.16769143881007967,1.9321304542306862e-2,3
P62,M6,none,0.005,-0.14634101210814121,0.22218845362074752,3
P63,M3,none,0.005,-0.03413154584661722,-0.27366395547592465,3
P63,M4,none,0.005,-0.28401344433916781,-0.72050864416575877,3
P63,M5,none,0.005,-2.37355730321445201e-1,-9.612565463277235e-1,3
P63,M6,none,0.005,-0.34829066730470043,-0.58976342079769917,3
P64,M3,none,0.005,-4.802316174032894e-2,-6.2325484220452100e-2,3
P64,M4,none,0.005,-0.074802733816112382,-0.11910767569256768,3
P64,M5,none,0.005,9.370563672649018e-3,0.02580741600331701,3
P64,M6,none,0.005,-0.030824117245922981,-6.447370290713145e-2,3
P65,M3,none,0.005,0.030892161783081691,-0.091045410073253646,3
P65,M4,none,0.005,-8.020569336355031e-2,-0.16184987618141655,3
P65,M5,none,0.005,-1.0625566406561634e-1,-0.056054874815514001,3
P65,M6,none,0.005,-0.081705694894447276,-0.10915493163399134,3
P66,M3,none,0.005,0.10013327785322725,5.3591816332362389e-2,3
P66,M4,none,0.005,0.069765994709834064,7.852093947028527e-2,3
P66,M5,none,0.005,-0.16921769172382151,-0.24877504924688451,3
P66,M6,none,0.005,0.12841868617512908,0.15457019356968915,3
P67,M3,none,0.005,-2.6526454295885155e-2,-2.02374817416787248e-1,3
P67,M4,none,0.005,-1.16706422152719945e-1,-0.19623225848402573,3
P67,M5,none,0.005,0.36698990488007466,0.52771720581494685,3
P67,M6,none,0.005,1.3785207245981294e-2,-0.27408954758208848,3
P68,M3,none,0.005,0.12793399274305606,-0.072742572704483283,3
P68,M4,none,0.005,2.767500575537052e-2,-9.256614493458454e-4,3
P68,M5,none,0.005,-6.583812583812228e-2,-0.22628066607318639,3
P68,M6,none,0.005,-0.13084304717129358,-0.2253553659810229,3
P69,M3,none,0.005,0.12519101031021798,-0.25367824708751779,3
P69,M4,none,0.005,3.1219563881984235e-2,-0.44338978270034818,3
P69,M5,none,0.005,-0.01094312853213191,-3.640922489944562e-1,3
P69,M6,none,0.005,5.945338822191894e-2,-0.12045592351203778,3
P01,M3,none,0.01,-2.0274446620331107e-2,-0.33290460170669506,3
P01,M4,none,0.01,1.2394996229410002e-3,1.8130041506815907e-2,3
P01,M5,none,0.01,0.10455413924847382,-1.817750286465030000e-1,3
P01,M6,none,0.01,-0.13338118513166,-0.72089745369702907,3
P02,M3,none,0.01,0.10293311001589985,4.1658825636980101e-2,3
P02,M4,none,0.01,-0.054988490733329773,-0.14315110410848314,3
P02,M5,none,0.01,3.8091035309047365e-2,1.5061281103953011e-2,3
P02,M6,none,0.01,8.677855664649749e-2,0.12501341255069978,3
P03,M3,none,0.01,-3.042954661245656e-3,0.016821845716176141,3
P03,M4,none,0.01,-0.039242001811268613,-9.0410665646390968e-2,3
P03,M5,none,0.01,0.06352054607458664,0.20663551206008651,3
P03,M6,none,0.01,2.2964885553747587e-2,-0.038028351731671121,3
P04,M3,none,0.01,0.066260627410918621,0.22466722807587419,3
P04,M4,none,0.01,-5.5060312404778725e-2,3.7009020993760965e-3,3
P04,M5,none,0.01,-0.13268885426142146,-0.30544337478604838,3
P04,M6,none,0.01,-0.038812908347109432,-9.56344412762145472e-2,3
P05,M3,none,0.01,8.408764977619037e-3,-3.461738644013425e-2,3
P05,M4,none,0.01,-2.2207147784949710e-2,-0.28153514609433877,3
P05,M5,none,0.01,-5.376710836994004e-2,-1.20287406299210985e-1,3
P05,M6,none,0.01,-0.02307657511012344,9.361166737954794e-3,3
P06,M3,none,0.01,-5.74434453466411553e-2,-0.13615512061663326,3
P06,M4,none,0.01,4.807930968109313e-2,4.298334906558829e-2,3
P06,M5,none,0.01,-0.15381427648007967,-0.31107995510891817,3
P06,M6,none,0.01,-0.14610121317021749,-0.34150547687983435,3
P07,M3,none,0.01,0.067805388998653182,-0.052573125614687452,3
P07,M4,none,0.01,2.11655929377933969e-1,0.28123070814403844,3
P07,M5,none,0.01,8.768256174853645e-2,-4.542198905358304e-3,3
P07,M6,none,0.01,0.038900191892457373,-2.271854460876564e-2,3
P08,M3,none,0.01,-3.5167777718094315e-3,-7.516051991082585e-3,3
P08,M4,none,0.01,1.7824678279379411e-3,5.313412438910472e-3,3
P08,M5,none,0.01,-1.4983134860728254e-3,-3.2651378667953934e-3,3
P08,M6,none,0.01,-2.3817032419136422e-4,1.6471703372854902e-3,3
P09,M3,none,0.01,0.22415184673855887,0.074788044512972704,3
P09,M4,none,0.01,-0.13889670036494867,-0.43992149477389919,3
P09,M5,none,0.01,-0.051678499271645702,-3.620211407269806e-1,3
P09,M6,none,0.01,-0.073087550775982876,-0.19917893738534748,3
P10,M3,none,0.01,-0.022637124383265261,-0.13572319381244974,3
P10,M4,none,0.01,-1.0596408113593695e-2,-4.8377606818498780e-2,3
P10,M5,none,0.01,-0.071361338578598596,-0.2147834448922509,3
P10,M6,none,0.01,-3.7602733303876460e-2,-0.1895800449894007,3
P11,M3,none,0.01,-3.1696109462669030e-2,3.1294935157707059e-05,3
P11,M4,none,0.01,-0.080209597309495256,-0.20318361236522939,3
P11,M5,none,0.01,-1.0749500620951782e-2,4.941907092753935e-3,3
P11,M6,none,0.01,-8.005004379933284e-2,-0.17750844366936702,3
P13,M3,none,0.01,-2.1495803384972382e-2,-0.33524992502811662,3
P13,M4,none,0.01,-5.394838774127378e-2,-0.27023062211393412,3
P13,M5,none,0.01,-1.1851818741889674e-1,-0.30752512772307095,3
P13,M6,none,0.01,0.084088355757891045,-0.02661685917427898,3
P14,M3,none,0.01,3.840619319269160e-2,-0.067855873777724132,3
P14,M4,none,0.01,0.18439862691841952,3.700258037782403e-2,2
P14,M5,none,0.01,5.465030452198412e-2,-5.812628132883955e-2,3
P14,M6,none,0.01,0.04096109679939456,0.20304383940062024,3
P15,M3,none,0.01,0.079256044190779862,-0.18534404252573261,3
P15,M4,none,0.01,-0.092875282889996302,-0.2466854492237302,3
P15,M5,none,0.01,-1.09558162314956809e-1,-3.968548431087335e-1,3
P15,M6,none,0.01,-0.088425560241817122,-0.37683585447182683,3
P16,M3,none,0.01,0.06589035265433435,0.17863416305395272,3
P16,M4,none,0.01,0.076953301747063774,-5.385300483609197e-2,3
P16,M5,none,0.01,0.11139198658477992,2.78092615473605040e-2,3
P16,M6,none,0.01,-0.11038604321270802,-2.49187945244852912e-1,3
P17,M3,none,0.01,0.057836894507897932,-0.23163867903816995,3
P17,M4,none,0.01,-0.038386643574174491,-1.3145877643577914e-1,3
P17,M5,none,0.01,0.13961261365955449,0.39412947330857306,3
P17,M6,none,0.01,0.07953503350575844,0.052095766965680392,3
P18,M3,none,0.01,-0.1797392231823986,-0.79165546553843169,3
P18,M4,none,0.01,1.10003549179174104e-1,0.34965606168851499,3
P18,M5,none,0.01,-0.1634307483368127,-0.33582448052765407,3
P18,M6,none,0.01,-0.17896281496549143,-0.60663608837484395,3
P19,M3,none,0.01,-0.041196307953169843,-0.07746504446043527,3
P19,M4,none,0.01,1.01880213579132201e-1,1.12288990302693705e-1,3
P19,M5,none,0.01,-3.380122428302751e-2,-0.12788421906641367,3
P19,M6,none,0.01,-0.25850723746924392,-0.48834767711074945,3
P20,M3,none,0.01,-0.12605579915989051,-0.15336395008740339,3
P20,M4,none,0.01,5.614171458690480e-2,0.075583393505801316,3
P20,M5,none,0.01,-9.3628373004201481e-2,-0.26547538487760303,3
P20,M6,none,0.01,-2.794923076468706e-2,-4.1683441331832421e-2,3
P21,M3,none,0.01,0.02590857839476958,-0.079168858574471035,3
P21,M4,none,0.01,5.243337548092235e-3,-3.3592451435649995e-3,3
P21,M5,none,0.01,4.2050000819424613e-2,4.3117489605337452e-2,3
P21,M6,none,0.01,-4.7415336889363781e-2,-7.982707993510907e-2,3
P22,M3,none,0.01,-0.1821304987878051,-0.36298978647474928,3
P22,M4,none,0.01,-0.25222655871808042,-1.7803369190553795,3
P22,M5,none,0.01,-0.27183268780709413,-0.84119231886021772,3
P22,M6,none,0.01,-2.069712151467007e-3,-0.30513412995630784,3
P23,M3,none,0.01,-3.3860235141669302e-2,-0.17334773507259907,3
P23,M4,none,0.01,-5.605096272013794e-2,-0.067146684799501685,3
P23,M5,none,0.01,7.020738500120502e-2,0.11227908306067561,3
P23,M6,none,0.01,-9.9470198064788760e-2,-0.16163940405549307,3
P24,M3,none,0.01,0.09927674321367734,0.15056041432318143,3
P24,M4,none,0.01,0.074059086252463061,-5.107551148739255e-2,3
P24,M5,none,0.01,0.18778688068619803,0.065303493600344223,3
P24,M6,none,0.01,0.02708378418986155,0.059830711435674762,3
P25,M3,none,0.01,-0.14527431191557158,-0.64133095767739234,3
P25,M4,none,0.01,-9.2429218123513001e-2,-0.32979342788615645,3
P25,M5,none,0.01,-0.16155169485002807,-0.22894814462734628,3
P25,M6,none,0.01,-2.43969768269678033e-1,-0.096333893428301107,3
P26,M3,none,0.01,1.6618564450805134e-2,-9.4484213024852905e-2,3
P26,M4,none,0.01,0.0428646263161198,-0.05589077341463513,3
P26,M5,none,0.01,-4.3683852795321548e-2,-0.091333987613733542,3
P26,M6,none,0.01,-0.069380002871905405,-0.080892617864881666,3
P27,M3,none,0.01,-0.10459549056762106,-0.1968004370218209,3
P27,M4,none,0.01,-0.29717183474617248,-0.47868952120203245,3
P27,M5,none,0.01,-3.885063283536182e-2,0.10885668088684612,3
P27,M6,none,0.01,-0.1042661412485357,-0.53771329018007386,3
P28,M3,none,0.01,-5.583836740271088e-2,0.024821163268443511,3
P28,M4,none,0.01,0.074303415318155611,-0.054733320165890373,3
P28,M5,none,0.01,4.7814877057818485e-2,-0.081554703933337733,3
P28,M6,none,0.01,4.9208763426987973e-2,3.481165551184125e-2,3
P29,M3,none,0.01,-4.1175907871657740e-2,-2.11564787882491120e-1,3
P29,M4,none,0.01,4.0515224420841973e-2,-0.10688250448738652,3
P29,M5,none,0.01,0.04190369506662972,-1.5023371448549786e-1,3
P29,M6,none,0.01,-0.10482503687086756,-0.34040107970078709,3
P30,M3,none,0.01,-0.89187124423940645,-1.1451636522438355,3
P30,M4,none,0.01,-0.19426057629562815,-0.69893164600399771,3
P30,M5,none,0.01,-0.085553875789093625,0.12714642483419572,3
P30,M6,none,0.01,-0.33038655811002354,-9.358151574754678e-2,3
P31,M3,none,0.01,-3.170655538234111e-2,-0.095710924982927159,3
P31,M4,none,0.01,5.9385190789641109e-2,0.13853448430191409,3
P31,M5,none,0.01,-5.0077144737118172e-2,-2.26606426528355568e-2,3
P31,M6,none,0.01,4.041529050110198e-2,0.060562576178591773,3
P32,M3,none,0.01,5.4385520024642924e-2,0.3430220220549639,3
P32,M4,none,0.01,0.14676247002241671,0.26506282910024936,3
P32,M5,none,0.01,0.12729173517523279,0.29703756845811286,3
P32,M6,none,0.01,-0.063362411289681633,-0.10991340845164414,3
P33,M3,none,0.01,-0.15506966969840091,-1.6328667536153771e-2,3
P33,M4,none,0.01,0.19556116341627661,1.1523714618997042e-1,3
P33,M5,none,0.01,-1.2988019147357231e-2,-0.14377602177182039,3
P33,M6,none,0.01,-0.13565710231206024,-0.17003166393130348,3
P34,M3,none,0.01,-0.1284072698896454,-0.17801931633036511,3
P34,M4,none,0.01,0.064309011695448795,-1.20192202232289449e-1,3
P34,M5,none,0.01,-0.11486241093088662,-0.35139420775708541,3
P34,M6,none,0.01,-0.053282883351510893,-1.850079153270089130e-1,3
P35,M3,none,0.01,0.24365482779582684,0.42714076467591006,3
P35,M4,none,0.01,1.704335631839199e-2,-1.238953952829858330e-1,3
P35,M5,none,0.01,1.1505296830828938e-1,0.46775209164247761,3
P35,M6,none,0.01,1.03566275597206936e-1,0.21283946976336171,3
P36,M3,none,0.01,-0.057317412661681992,-0.27615810427591159,3
P36,M4,none,0.01,-3.572489593947921e-2,-0.14679568256253761,3
P36,M5,none,0.01,-0.01763989751045919,-1.94720856702066257e-1,3
P36,M6,none,0.01,-0.16648788907632625,-0.52797371665757009,3
P37,M3,none,0.01,-2.5172047028438246e-2,-0.34637718137761508,3
P37,M4,none,0.01,-3.949297641054782e-2,-8.105031569139543e-3,3
P37,M5,none,0.01,-7.659571866912489e-2,-0.22865098940373144,3
P37,M6,none,0.01,-1.3109713263835982e-1,-0.29059881111730745,3
P38,M3,none,0.01,5.5732567414367132e-2,-0.16791636035780691,3
P38,M4,none,0.01,0.13087482955705779,0.16957736554499647,3
P38,M5,none,0.01,1.1351019796216098e-2,-0.11763814442123811,3
P38,M6,none,0.01,7.877368135554046e-3,-6.080676751425633e-3,3
P39,M3,none,0.01,1.20837265351026200e-1,-0.13894808555167082,3
P39,M4,none,0.01,8.727330699051414e-2,0.11658339592563594,3
P39,M5,none,0.01,0.33514703314162508,0.58049032412086943,3
P39,M6,none,0.01,0.059982790261288582,4.041616380546339e-2,3
P40,M3,none,0.01,-0.21177445885044957,-4.13217324854794785e-1,3
P40,M4,none,0.01,-1.04986890762382985e-1,-0.40444210864903846,3
P40,M5,none,0.01,-0.086077229268538544,-1.89477313843396753e-1,3
P40,M6,none,0.01,-2.7465622487800027e-2,-0.089387921572564172,3
P41,M3,none,0.01,-0.11472186338571554,-0.32858638640054916,3
P41,M4,none,0.01,-3.249658928214839e-2,-0.087360936282730062,3
P41,M5,none,0.01,8.939000352855514e-3,-0.087508662419468933,3
P41,M6,none,0.01,-0.12502443277176326,-0.25439885724567846,3
P42,M3,none,0.01,-2.0095075371618462e-2,-0.04197155747944268,3
P42,M4,none,0.01,0.012788112125080461,0.045253356384100302,3
P42,M5,none,0.01,0.027166897977687121,1.3794874485559494e-2,3
P42,M6,none,0.01,4.7623297042792364e-3,-1.23513116037224216e-1,3
P43,M3,none,0.01,-9.0244458834125000e-2,-0.088908377686677684,3
P43,M4,none,0.01,1.0862673775650466e-1,0.11754555843059428,3
P43,M5,none,0.01,0.082933248857759961,0.06453837677502211,3
P43,M6,none,0.01,3.5735638180093611e-3,2.0557965373942814e-2,3
P44,M3,none,0.01,-0.13173073249631329,-0.70942550206289079,3
P44,M4,none,0.01,-0.2499470503899423,-0.34762780812415534,3
P44,M5,none,0.01,1.027849013397556e-2,-0.64476641616180741,3
P44,M6,none,0.01,-0.21666528654558836,-0.14913902367340931,3
P45,M3,none,0.01,5.044255194512357e-3,-0.065904337768778312,3
P45,M4,none,0.01,-3.610766908909457e-2,-0.19490455248019739,3
P45,M5,none,0.01,-1.4864922673034822e-2,-0.086756902090104893,3
P45,M6,none,0.01,0.068775798391253765,0.089000459553935582,3
P46,M3,none,0.01,-0.17384424653320299,-0.60933459311122606,3
P46,M4,none,0.01,-0.1144226435587605,-0.3251959677723123,3
P46,M5,none,0.01,3.5792970379702142e-2,-2.32158086725905169e-1,3
P46,M6,none,0.01,-0.15551512282984928,-0.35104747108007484,3
P47,M3,none,0.01,-0.22597664801155293,-0.12864242458893091,3
P47,M4,none,0.01,0.10675128087760692,0.2040425534072226,3
P47,M5,none,0.01,-2.24210969512888913e-1,-0.85740135787944027,3
P47,M6,none,0.01,-0.34146758243896119,-0.55223932022308719,3
P48,M3,none,0.01,3.3082462013565542e-2,1.0096995582929931e-2,3
P48,M4,none,0.01,-0.066081899929833432,-2.20099060732579601e-1,3
P48,M5,none,0.01,3.134004743152711e-2,0.090865308281921117,3
P48,M6,none,0.01,9.0571938126962520e-2,2.19213914239821777e-1,3
P49,M3,none,0.01,-2.20592778069272529e-4,-4.141655745588818e-3,3
P49,M4,none,0.01,3.2800217711963422e-4,-1.2361768692367322e-3,3
P49,M5,none,0.01,1.2023834434924007e-3,1.922108862917517610e-3,3
P49,M6,none,0.01,-1.0561947256031718e-3,-1.8952904058914222e-3,3
P50,M3,none,0.01,-9.020751433252075e-3,-0.20574322911331996,3
P50,M4,none,0.01,-0.16570865579081542,-0.51941672279755335,3
P50,M5,none,0.01,-0.16191981246193959,-0.50499906060454613,3
P50,M6,none,0.01,-2.1530290314251214e-2,-2.25281585834380528e-1,3
P51,M3,none,0.01,1.96477020389685521e-1,3.686973272085199e-1,3
P51,M4,none,0.01,2.4048379817893814e-2,0.074270516793495042,3
P51,M5,none,0.01,0.2383220331113256,4.574321889671651e-1,3
P51,M6,none,0.01,0.081858472025330614,1.4273099286973786e-1,3
P52,M3,none,0.01,-5.558087199409763e-2,-1.87066914738528368e-1,3
P52,M4,none,0.01,7.184140355768816e-2,-0.10047043049916714,3
P52,M5,none,0.01,1.21019701448657449e-1,1.4639024598332883e-2,3
P52,M6,none,0.01,4.530800679007633e-2,-0.13268931188695324,3
P53,M3,none,0.01,-4.082500123157392e-2,-0.44749461816171582,3
P53,M4,none,0.01,0.17679036066880677,-2.9487941336741150e-2,3
P53,M5,none,0.01,-1.728625473853477e-3,-0.23313347174546883,3
P53,M6,none,0.01,5.316698774294064e-2,1.03450780764283256e-1,3
P54,M3,none,0.01,-4.962412068306156e-3,-0.28580556145768504,3
P54,M4,none,0.01,1.177471709643528730e-1,0.275685253349295,3
P54,M5,none,0.01,0.23773578293400396,4.24581626079789536e-1,3
P54,M6,none,0.01,1.88239633684149009e-2,-0.14008130988581804,3
P55,M3,none,0.01,0.04609629220475174,-0.15018917160098291,3
P55,M4,none,0.01,-8.503007959160891e-2,-0.20027893012997025,3
P55,M5,none,0.01,-0.035899329215605132,-0.1618643198589419,3
P55,M6,none,0.01,-0.046285608051615711,-0.23266591934918901,3
P56,M3,none,0.01,4.894827467911755e-2,-0.15157923821795072,3
P56,M4,none,0.01,-8.590003021074337e-2,-0.23781048681865741,3
P56,M5,none,0.01,1.804778643507991e-2,-0.089167406108630831,3
P56,M6,none,0.01,4.74859088770718000e-2,-3.137820153230303e-2,3
P57,M3,none,0.01,-2.1046994481838635e-2,-0.23049090681868559,3
P57,M4,none,0.01,-0.071054232100191392,-0.34177022752423769,3
P57,M5,none,0.01,0.13668324847070804,0.087165581509272783,3
P57,M6,none,0.01,0.068131591104449024,4.8347360067825445e-2,3
P58,M3,none,0.01,5.6963403092831109e-2,5.496775632656166e-2,3
P58,M4,none,0.01,0.11898569629405084,0.13140503223226241,3
P58,M5,none,0.01,-0.037256764036375331,-0.15896494236961606,3
P58,M6,none,0.01,-0.085201730526246314,-0.17007864802939529,3
P59,M3,none,0.01,-0.133849672116854,-0.31661909743398226,3
P59,M4,none,0.01,0.26496108280569919,0.91060441196361142,3
P59,M5,none,0.01,8.413337624245564e-3,-1.0791475134026562e-3,3
P59,M6,none,0.01,-0.16629538428848653,-0.17109249247057609,3
P60,M3,none,0.01,-1.2058868035114334e-2,-0.15441605767792849,3
P60,M4,none,0.01,0.060926641304334381,-0.050223326080601371,3
P60,M5,none,0.01,2.40234453489891056e-2,-7.771079178828741e-2,3
P60,M6,none,0.01,-6.632619105215379e-3,-3.5237724720580995e-2,3
P61,M3,none,0.01,0.17939407211554198,0.1030746467097164,3
P61,M4,none,0.01,0.063526614621140745,2.69690199031930129e-2,3
P61,M5,none,0.01,0.21173800307301341,0.199545471167794,3
P61,M6,none,0.01,0.26515990727775424,0.17418581924757667,3
P62,M3,none,0.01,-6.411635789197734e-3,0.06158311805963658,3
P62,M4,none,0.01,-1.00056424202705464e-1,-0.22273803380809051,3
P62,M5,none,0.01,-2.0013502454599934e-2,0.049553738432409511,3
P62,M6,none,0.01,0.087160325366789235,0.31512307233406511,3
P63,M3,none,0.01,-0.16561167891371853,-0.46584285440925882,3
P63,M4,none,0.01,-0.1731056039315419,-3.955478167087265e-1,3
P63,M5,none,0.01,-0.24335822147456723,-0.71379717760294437,3
P63,M6,none,0.01,-0.29052077340832638,-0.46582613721279525,3
P64,M3,none,0.01,1.3916673428334682e-2,-6.3875276572629548e-3,3
P64,M4,none,0.01,-2.7186035247780590e-2,-0.06253285916371841,3
P64,M5,none,0.01,1.5585740645432815e-2,0.033096672013331371,3
P64,M6,none,0.01,-3.1114028116985443e-2,-0.049269921278766851,3
P65,M3,none,0.01,1.1887664613326154e-2,-3.1481772215242131e-2,3
P65,M4,none,0.01,-4.6704000112460853e-2,-0.074993334033565173,3
P65,M5,none,0.01,-0.0367090356754858,1.8375300707757366e-2,3
P65,M6,none,0.01,-0.04840529965105516,-0.073486235718588672,3
P66,M3,none,0.01,0.12308869144867854,0.19831820238771053,3
P66,M4,none,0.01,2.0263883414106374e-2,6.150996887583700e-2,3
P66,M5,none,0.01,1.089064888954678e-2,-5.3446543491545685e-2,3
P66,M6,none,0.01,1.2559898049351926e-2,0.082871953876793303,3
P67,M3,none,0.01,-4.6657105588049061e-2,-2.25849212201937648e-1,3
P67,M4,none,0.01,6.588656092942078e-3,-0.12631731587207554,3
P67,M5,none,0.01,0.25444225370420803,0.45545123334249682,3
P67,M6,none,0.01,-0.11532297138170181,-0.24664451936815296,3
P68,M3,none,0.01,5.701809214454480e-2,-4.4303127014808869e-2,3
P68,M4,none,0.01,5.7338378814807260e-2,0.040836234207298192,3
P68,M5,none,0.01,-9.201642482587442e-3,-0.15777521897249666,3
P68,M6,none,0.01,-0.079781538190370704,-0.1283465418985324,3
P69,M3,none,0.01,0.086712863859408046,-0.23317054195373413,3
P69,M4,none,0.01,-0.20187481974135005,-0.49349422344499111,3
P69,M5,none,0.01,-1.9683708555642827e-2,-0.4116121474344332,3
P69,M6,none,0.01,0.09938679427627814,-4.0005259960008453e-2,3
P01,M3,wavelet,0,-0.77155571413210033,-0.59688080509524566,3
P01,M4,wavelet,0,0.096425653107880704,-0.32655263242464994,3
P01,M5,wavelet,0,4.292002241882409e-2,-4.79736348020154720e-2,3
P01,M6,wavelet,0,0.39272969828268123,-1.0510445936274753,3
P02,M3,wavelet,0,0.74904420323119236,1.01602550360416344e-1,3
P02,M4,wavelet,0,-0.65603729047232995,-1.3676132170756306e-1,3
P02,M5,wavelet,0,4.510855372690297e-1,0.39012423072914809,3
P02,M6,wavelet,0,-3.793771735557082e-2,-2.2454465762306547e-2,3
P03,M3,wavelet,0,3.429857963610835e-2,-6.021984303304099e-2,3
P03,M4,wavelet,0,-0.10087865721814894,-0.23760498476034547,3
P03,M5,wavelet,0,-6.079615575387633e-2,1.110259241820131930e-1,3
P03,M6,wavelet,0,-0.078235870572782404,-0.071027305878680475,3
P04,M3,wavelet,0,-0.17583602513302521,0.45996628362545566,3
P04,M4,wavelet,0,-0.19717056071625719,0.1279722769084739,3
P04,M5,wavelet,0,1.95630684237904209e-1,-0.40441131932344937,3
P04,M6,wavelet,0,9.173476170310715e-1,7.720839326562673e-2,3
P05,M3,wavelet,0,0.30134951712861135,0.11073253859372882,3
P05,M4,wavelet,0,0.15444973101604359,0.088339100991967706,3
P05,M5,wavelet,0,-0.11582461052167042,-0.17509444211067424,3
P05,M6,wavelet,0,-0.24661502453846468,-0.066261921694442671,3
P06,M3,wavelet,0,4.62935394045688800e-1,-0.1332593740860212,3
P06,M4,wavelet,0,-0.34660050183944763,-0.28990024387804791,3
P06,M5,wavelet,0,-0.24816697119594455,-0.40375909990720837,3
P06,M6,wavelet,0,-4.631457452867198e-1,-0.51717061064193415,3
P07,M3,wavelet,0,-2.0232709675575635e-2,-0.54406787486515862,3
P07,M4,wavelet,0,0.44744246832320078,8.716311959017191e-2,3
P07,M5,wavelet,0,-0.067040412128046331,-0.1268876492877043,3
P07,M6,wavelet,0,0.14968350394631097,0.04034964855363856,3
P08,M3,wavelet,0,0.052971231290956933,-2.2175243813360950e-2,3
P08,M4,wavelet,0,-0.15536795859160205,-3.206927810846232e-3,3
P08,M5,wavelet,0,-2.242422051178426e-2,-6.296525900053445e-3,3
P08,M6,wavelet,0,-0.10672357165680128,4.3346582577711973e-3,3
P09,M3,wavelet,0,0.67457197502886779,4.24694844458319905e-1,3
P09,M4,wavelet,0,-0.70460142758135735,-4.826990605083858e-1,3
P09,M5,wavelet,0,-0.84965619599172593,-0.48932096273405917,3
P09,M6,wavelet,0,0.32488119654465386,2.6999521430754867e-2,3
P10,M3,wavelet,0,4.526377252997127e-1,-0.34454400884506714,3
P10,M4,wavelet,0,0.16194514243889829,-0.21435901248627287,3
P10,M5,wavelet,0,-0.33230314788397253,1.4429797953538067e-2,3
P10,M6,wavelet,0,-0.59402450691880493,-0.63061057068263815,3
P11,M3,wavelet,0,-0.040462443422567551,-1.18441489953576361e-1,3
P11,M4,wavelet,0,0.01556696227215287,-0.2337940663070297,3
P11,M5,wavelet,0,-0.48015194942644718,-0.12767982178010309,3
P11,M6,wavelet,0,0.12920616396364168,-2.252872993964583850e-1,3
P13,M3,wavelet,0,-0.27176329164045682,-0.58187909148949457,3
P13,M4,wavelet,0,-0.11676294616853508,-0.48773440331568024,3
P13,M5,wavelet,0,-0.30897400447952922,-0.39094501200766552,3
P13,M6,wavelet,0,0.2903023747703905,8.448660286266437e-3,3
P14,M3,wavelet,0,0.31894348266727318,-0.13030402016358691,3
P14,M4,wavelet,0,-0.39222788199087777,3.76227575036792416e-2,2
P14,M5,wavelet,0,0.14859035659201872,0.27607861116985466,3
P14,M6,wavelet,0,-2.029673086369575520e-1,0.14866632334063887,3
P15,M3,wavelet,0,-7.632609847340646e-1,-0.36004244241292321,3
P15,M4,wavelet,0,0.34992286976002773,-0.4204824098400991,3
P15,M5,wavelet,0,-0.76541666550037568,-7.861373882290442e-1,3
P15,M6,wavelet,0,0.97674352556713595,8.033776074195992e-2,3
P16,M3,wavelet,0,-0.26205222333308537,0.14644270443924468,3
P16,M4,wavelet,0,-0.30569167764499111,-0.24568139128925159,3
P16,M5,wavelet,0,-5.7416372063061301e-2,5.795654335333149e-2,3
P16,M6,wavelet,0,-0.12184329330204027,-0.33043227188654545,3
P17,M3,wavelet,0,0.37442059850869602,-4.504925791173094e-1,3
P17,M4,wavelet,0,-0.57343179913048969,-0.67148839479376088,3
P17,M5,wavelet,0,0.075070769293760442,0.57823057458145644,3
P17,M6,wavelet,0,-0.2755430788464906,-4.041223262812599e-2,3
P18,M3,wavelet,0,0.31321582712397927,-1.0141785964408294,3
P18,M4,wavelet,0,-1.4631096565147258e-1,-0.096187826383675887,3
P18,M5,wavelet,0,0.31188949328575277,-0.54246596329695951,3
P18,M6,wavelet,0,-0.25642094531697379,-0.4966253975830166,3
P19,M3,wavelet,0,-0.55980813967249521,-0.33549614476914469,3
P19,M4,wavelet,0,0.085609833310297784,0.29343772072868379,3
P19,M5,wavelet,0,1.0034160785095567,-1.0565450571086326e-1,3
P19,M6,wavelet,0,-0.11970130512547961,-0.55519709227777458,3
P20,M3,wavelet,0,-0.5849273757494261,-0.088106558585125172,3
P20,M4,wavelet,0,0.26978505642043049,7.073093219643408e-3,3
P20,M5,wavelet,0,-1.02174004129921065e-1,-3.996869595558460000e-1,3
P20,M6,wavelet,0,5.8892411605213109e-2,0.15328228813854891,3
P21,M3,wavelet,0,-0.14508338747614391,-5.7491884132030364e-2,3
P21,M4,wavelet,0,0.3575793424405575,4.435198621213532e-2,3
P21,M5,wavelet,0,-0.01244192268154746,-0.14805006223071973,3
P21,M6,wavelet,0,-0.28805391203031727,-0.17513925473582104,3
P22,M3,wavelet,0,0.98028370971945267,-0.59773881388922534,3
P22,M4,wavelet,0,0.18388409733155076,-0.67195150060216413,3
P22,M5,wavelet,0,0.32084203563700636,-0.93273596001275683,3
P22,M6,wavelet,0,0.069895997698611836,-0.32128559130224815,3
P23,M3,wavelet,0,-0.14018055914338684,-0.28212558804626753,3
P23,M4,wavelet,0,7.4363193228258825e-3,-0.18433882476778443,3
P23,M5,wavelet,0,6.043331265160309e-2,0.32831488294018429,3
P23,M6,wavelet,0,0.097697231217091701,-0.45874732263670615,3
P24,M3,wavelet,0,-0.52805277931670536,2.226344052880500320e-1,3
P24,M4,wavelet,0,4.368763496394827e-1,-6.728877982229649e-2,3
P24,M5,wavelet,0,1.0425052774794823,8.841994526693721e-2,3
P24,M6,wavelet,0,-0.34975493885851583,0.047141821299967232,3
P25,M3,wavelet,0,-0.47308169621159663,-0.6072457008356934,3
P25,M4,wavelet,0,-4.140290898308792e-2,-0.34990924250185756,3
P25,M5,wavelet,0,0.50814484089024703,0.22449986003429229,3
P25,M6,wavelet,0,-0.35046188837647274,-0.29627818900940683,3
P26,M3,wavelet,0,2.28827254552795217e-2,-5.437816062029458e-3,3
P26,M4,wavelet,0,1.7442982731092222e-1,0.15012844483853677,3
P26,M5,wavelet,0,2.73252196192598192e-2,-0.19043844830536399,3
P26,M6,wavelet,0,0.12297035448696246,-1.04471618588334360e-1,3
P27,M3,wavelet,0,-0.21711833118228152,-0.44125722600197087,3
P27,M4,wavelet,0,0.0630723760638289,-0.42230798497467392,3
P27,M5,wavelet,0,-8.966386418028439e-1,-0.098604022865882546,3
P27,M6,wavelet,0,0.41073192041081041,-0.25843676165888685,3
P28,M3,wavelet,0,-0.14442325718518367,-1.85237839603763409e-1,3
P28,M4,wavelet,0,-0.16469908417139695,-0.19620184020036124,3
P28,M5,wavelet,0,-0.11608226486651682,-0.36596388573342514,3
P28,M6,wavelet,0,0.05377482802134885,-5.3880612236764460e-2,3
P29,M3,wavelet,0,-0.19702264900355929,-1.4270356493824022e-3,3
P29,M4,wavelet,0,0.087220929706773045,-3.848575290303433e-1,3
P29,M5,wavelet,0,1.3213118771990162e-2,-0.33754751060323512,3
P29,M6,wavelet,0,-0.18655440405494525,-0.5523297950571926,3
P30,M3,wavelet,0,-1.87914525526330961e-1,-0.31166691879709946,3
P30,M4,wavelet,0,8.725095167035370e-1,-1.2879207953156953,3
P30,M5,wavelet,0,-0.16888961609572556,-0.39624214505932032,3
P30,M6,wavelet,0,0.13719281669616229,-0.48058677311143394,3
P31,M3,wavelet,0,-0.042758440448575241,-0.18701461632189967,3
P31,M4,wavelet,0,4.14960327947424417e-1,-0.081823602169374482,3
P31,M5,wavelet,0,-0.070328683003152051,-0.2169082075872355,3
P31,M6,wavelet,0,-0.27172110873205046,-2.458885053751738e-3,3
P32,M3,wavelet,0,0.19797834225891719,0.34823492941642431,3
P32,M4,wavelet,0,-0.28366674574171935,-1.1489034584749238e-1,3
P32,M5,wavelet,0,0.40008457714871959,0.3095525775603265,3
P32,M6,wavelet,0,-0.3799603441826313,-0.26375661555224,3
P33,M3,wavelet,0,1.4282606341418718,0.28663360763481488,3
P33,M4,wavelet,0,3.6441648336274746,0.11965652957892506,3
P33,M5,wavelet,0,-1.62285985606838,0.75595717608026813,3
P33,M6,wavelet,0,0.6832246592214819,1.586704428956981e-1,3
P34,M3,wavelet,0,-0.15340326765601148,-0.33749163877255356,3
P34,M4,wavelet,0,0.058036710162478772,-0.43358783833461317,3
P34,M5,wavelet,0,-7.503620719476431e-2,-0.35243468854071935,3
P34,M6,wavelet,0,-0.075595249174262455,-4.56264484783460001e-1,3
P35,M3,wavelet,0,0.36746509621924761,0.51780093079950074,3
P35,M4,wavelet,0,1.2948392176929667e-2,0.21936314956900593,3
P35,M5,wavelet,0,0.31383591223616303,0.35229535569533532,3
P35,M6,wavelet,0,-5.480167213047102e-2,0.20891457611574421,3
P36,M3,wavelet,0,0.69992524123195721,-0.28300138434764982,3
P36,M4,wavelet,0,-0.70753169038060837,-0.54628789476280781,3
P36,M5,wavelet,0,-0.40746801688197509,-4.490957387495499e-1,3
P36,M6,wavelet,0,5.30399140055589600e-2,-0.084034436993815173,3
P37,M3,wavelet,0,-0.57820486255511916,9.4840036617414456e-2,3
P37,M4,wavelet,0,4.725250862294167e-1,-0.1094072598029842,3
P37,M5,wavelet,0,2.2598275979097691e-3,-0.59950351306755778,3
P37,M6,wavelet,0,-0.19529155328586939,-0.49890167752802866,3
P38,M3,wavelet,0,-0.21736895785879295,-0.4719235093692869,3
P38,M4,wavelet,0,0.8616923557400602,0.36315716527643743,3
P38,M5,wavelet,0,-0.44585847163843806,-0.43536146006737553,3
P38,M6,wavelet,0,-0.51378304015696119,-0.12525118312081451,3
P39,M3,wavelet,0,-0.28354304305829814,-4.416358313075182e-2,3
P39,M4,wavelet,0,0.22239507692797789,5.7302344088187180e-2,3
P39,M5,wavelet,0,0.38110003209719945,0.43521826861154866,3
P39,M6,wavelet,0,1.0184219016806926e-1,0.12820588311111117,3
P40,M3,wavelet,0,-0.2103509748697843,-0.51414783492156868,3
P40,M4,wavelet,0,-0.30188332275824076,-0.24621769800469945,3
P40,M5,wavelet,0,0.32676074976568759,-3.043285265075524e-4,3
P40,M6,wavelet,0,0.069621969343904536,2.1687873589387462e-2,3
P41,M3,wavelet,0,-4.3897667165738060e-2,-0.50307253180388656,3
P41,M4,wavelet,0,-0.22715953756267984,-0.4091069953486664,3
P41,M5,wavelet,0,-2.35695075973684753e-1,4.455270399448634e-3,3
P41,M6,wavelet,0,-7.672991283474369e-2,-0.29144577959963158,3
P42,M3,wavelet,0,-0.31133832669942774,-0.35714957423865978,3
P42,M4,wavelet,0,-0.27733736384536534,0.16887424390877204,3
P42,M5,wavelet,0,-4.495114539361689e-2,-0.17313769140322527,3
P42,M6,wavelet,0,0.26754797351399223,-2.0197445389732835e-2,3
P43,M3,wavelet,0,-0.40905752010877894,-0.2376084053593305,3
P43,M4,wavelet,0,-1.05372773189446441e-1,-0.10965765087565818,3
P43,M5,wavelet,0,-3.434550871345684e-2,0.0276925660492683,3
P43,M6,wavelet,0,2.445271060167473450e-1,0.26296465669544855,3
P44,M3,wavelet,0,9.45340484771379009e-1,-0.42682747035381247,3
P44,M4,wavelet,0,-7.941622476663446e-1,-8.391654162897175e-1,3
P44,M5,wavelet,0,-0.35982886837274514,-1.1054177374006673,3
P44,M6,wavelet,0,-0.36650604553038085,-1.7378870475402086e-2,3
P45,M3,wavelet,0,0.096290216258349479,-0.14153383547398349,3
P45,M4,wavelet,0,0.22988642779472557,-0.11758007450976143,3
P45,M5,wavelet,0,-2.20589462166618449e-1,-0.17833652465447478,3
P45,M6,wavelet,0,-2.44984316204042321e-1,0.14431741914704624,3
P46,M3,wavelet,0,-0.82158238255286675,-0.368931950326293,3
P46,M4,wavelet,0,-0.25987635086717414,-9.14816992465613504e-1,3
P46,M5,wavelet,0,1.7905343160223279,-0.27359496539874617,3
P46,M6,wavelet,0,4.843847594004800000e-1,2.43316246086407057e-1,3
P47,M3,wavelet,0,-0.90256649947285073,-7.752067310604486e-1,3
P47,M4,wavelet,0,0.71731195595215347,7.501782417915497e-1,3
P47,M5,wavelet,0,4.941378606793445e-3,-1.0863658789240462,3
P47,M6,wavelet,0,-0.32898555471568636,-0.97840216467589003,3
P48,M3,wavelet,0,-0.44705554884548399,-0.12675493624114295,3
P48,M4,wavelet,0,0.19655732650957192,-0.36901844774543402,3
P48,M5,wavelet,0,-0.081466779859582145,0.20707683341892219,3
P48,M6,wavelet,0,0.16519519523681678,0.056317531407573083,3
P49,M3,wavelet,0,-0.070500262947795711,-2.4571509850301475e-2,3
P49,M4,wavelet,0,0.01410387564491326,-8.500651603275184e-3,3
P49,M5,wavelet,0,-0.12732270621904365,6.943838501991196e-3,3
P49,M6,wavelet,0,-0.068051528723771307,-2.8940178866225955e-3,3
P50,M3,wavelet,0,-0.27548811383205085,-0.28353388583566896,3
P50,M4,wavelet,0,0.31906057498787754,-0.16918461924969491,3
P50,M5,wavelet,0,0.27828021833920435,0.071335339408528237,3
P50,M6,wavelet,0,-0.17303846179834345,-0.367571573297861,3
P51,M3,wavelet,0,0.18236521382731621,3.838356388207633e-1,3
P51,M4,wavelet,0,-0.38028814455383897,-0.12140799769355484,3
P51,M5,wavelet,0,0.13729752437058326,0.26654066663940978,3
P51,M6,wavelet,0,0.28768208843053855,0.1641216701266392,3
P52,M3,wavelet,0,-0.13832742954259442,-0.047768971898178303,3
P52,M4,wavelet,0,8.821773709466907e-2,-2.6815227299393595e-2,3
P52,M5,wavelet,0,0.17967103269544957,-0.13156580842748417,3
P52,M6,wavelet,0,0.17725141012843112,-2.6358732284484374e-2,3
P53,M3,wavelet,0,0.52908164278917602,-0.29151931460195663,3
P53,M4,wavelet,0,-4.2565367496040780e-3,-0.076193152708164125,3
P53,M5,wavelet,0,-4.427802829417410e-1,-4.05423769450852000e-1,3
P53,M6,wavelet,0,0.24581402136260996,0.20907612480596813,3
P54,M3,wavelet,0,-0.14950846182441388,-0.54606304309245524,3
P54,M4,wavelet,0,0.72456912638057602,0.35820851588983155,3
P54,M5,wavelet,0,0.31794998199952262,0.4629932610988331,3
P54,M6,wavelet,0,-0.96767393831641857,-0.3233140461083196,3
P55,M3,wavelet,0,-0.46033597138657489,-3.64067600475180384e-1,3
P55,M4,wavelet,0,0.089814912020432874,-0.2549215403293289,3
P55,M5,wavelet,0,0.10561882836578952,-0.43138914995678856,3
P55,M6,wavelet,0,0.014972750743244371,-0.42570624082436886,3
P56,M3,wavelet,0,-0.48545303283938329,1.5771751617166974e-2,3
P56,M4,wavelet,0,-0.29326465219763326,-0.49199797186650646,3
P56,M5,wavelet,0,-0.30632677158235028,-0.4041367305387556,3
P56,M6,wavelet,0,0.7858708160984087,-2.43131164520853808e-1,3
P57,M3,wavelet,0,0.33148491730730267,-0.54212923562953996,3
P57,M4,wavelet,0,-0.13144732237444276,-0.26852047114653699,3
P57,M5,wavelet,0,2.7445065975649107e-2,0.23306399133516256,3
P57,M6,wavelet,0,0.3665635687651364,-5.1987241114516021e-2,3
P58,M3,wavelet,0,0.5268367334885804,0.1143657652591183,3
P58,M4,wavelet,0,-0.084223460536706957,-0.060784551484880302,3
P58,M5,wavelet,0,2.309442011790090e-2,-1.82629219025088913e-1,3
P58,M6,wavelet,0,-0.27146772672097164,-0.17126463446561738,3
P59,M3,wavelet,0,0.1109201714883478,-0.69679301638296653,3
P59,M4,wavelet,0,1.2162355064772962e0,1.1999859174116612,3
P59,M5,wavelet,0,0.53304364192247256,-0.58736735087456216,3
P59,M6,wavelet,0,-1.99899962450579056e-1,0.19546418746703609,3
P60,M3,wavelet,0,-0.17670358621146567,-0.23421334580851111,3
P60,M4,wavelet,0,-0.31770020731462878,-0.33308359791687514,3
P60,M5,wavelet,0,0.22538911308855963,-5.7264740827857052e-2,3
P60,M6,wavelet,0,-0.29657600988703919,-1.14696519063218185e-1,3
P61,M3,wavelet,0,-0.46173348080234111,2.6683266997954782e-2,3
P61,M4,wavelet,0,0.10659224265573626,-0.17401647603955711,3
P61,M5,wavelet,0,1.0819384864746095e-2,-0.0236223404675668,3
P61,M6,wavelet,0,0.61643680170122273,0.22435984136930295,3
P62,M3,wavelet,0,-0.2872908887567352,-0.14125270157956094,3
P62,M4,wavelet,0,-0.13716468257706299,-0.055696022225553921,3
P62,M5,wavelet,0,0.16193233806286886,-1.4876804262573554e-2,3
P62,M6,wavelet,0,0.093808035772190837,0.29298420742288878,3
P63,M3,wavelet,0,0.42672300996643769,-0.24287715470817839,3
P63,M4,wavelet,0,-0.52694086517719607,-1.1126784527618412,3
P63,M5,wavelet,0,-0.58728827652966964,-1.0351855657401166,3
P63,M6,wavelet,0,-0.50353860625327473,-0.80882492319938981,3
P64,M3,wavelet,0,-0.17476036095517919,-0.063712273839272901,3
P64,M4,wavelet,0,-7.909933812392466e-3,-0.15157114972469052,3
P64,M5,wavelet,0,-0.26543169206129152,5.4311662700714204e-2,3
P64,M6,wavelet,0,-0.21471922445307792,-1.062974499207724720e-1,3
P65,M3,wavelet,0,-0.074611879549470531,-0.034940448980998601,3
P65,M4,wavelet,0,-2.45471331247569617e-1,-1.82880290140731153e-1,3
P65,M5,wavelet,0,-0.067580033077232482,-0.095838655496348304,3
P65,M6,wavelet,0,-0.09892345078528228,-5.563141919787499e-2,3
P66,M3,wavelet,0,0.1152456870688281,-9.5588341711516937e-2,3
P66,M4,wavelet,0,2.26253057979566640e-1,-0.16326616118344589,3
P66,M5,wavelet,0,0.34736591891706448,-0.24736723284965045,3
P66,M6,wavelet,0,-2.28520358524724369e-1,1.5477943710197414e-2,3
P67,M3,wavelet,0,-0.26229762155283798,-0.31191264430961341,3
P67,M4,wavelet,0,-3.72471545326238432e-1,-0.30378237343100312,3
P67,M5,wavelet,0,0.48436750657004102,0.11895648929034522,3
P67,M6,wavelet,0,0.13091589456373898,-0.17300713296128964,3
P68,M3,wavelet,0,0.31723413372786285,-0.13117432117799713,3
P68,M4,wavelet,0,-1.104198759146281370e-1,-0.091182971078352146,3
P68,M5,wavelet,0,-0.21041981802854465,-0.089021474844410031,3
P68,M6,wavelet,0,-0.16601504802543779,-0.22959491936718643,3
P69,M3,wavelet,0,0.27257442041295926,-1.4627134126084482e-2,3
P69,M4,wavelet,0,-0.36230396347794547,-0.60627423319599427,3
P69,M5,wavelet,0,0.084604828274083735,-0.49115377469932658,3
P69,M6,wavelet,0,2.12527414800451153e-1,-4.314690954156738e-2,3
P01,M3,wavelet,0.002,-0.44931135639758185,-0.59083728505522182,3
P01,M4,wavelet,0.002,0.17279763174743501,-0.30509018191127801,3
P01,M5,wavelet,0.002,1.6877913264956766e-2,-0.01545055987168853,3
P01,M6,wavelet,0.002,0.29822914288534741,-0.99682137864550113,3
P02,M3,wavelet,0.002,0.35375346776260919,0.22792376162793568,3
P02,M4,wavelet,0.002,-1.6754291407128931e-2,-0.059652463396431543,3
P02,M5,wavelet,0.002,-6.917352885960218e-3,0.37935522502498614,3
P02,M6,wavelet,0.002,-0.08618294219605592,-0.10042467697966624,3
P03,M3,wavelet,0.002,-0.095239564204806476,-0.072722493560141377,3
P03,M4,wavelet,0.002,-0.020270749441486071,-0.2302765549176819,3
P03,M5,wavelet,0.002,-0.13706420857803608,0.12737260708052631,3
P03,M6,wavelet,0.002,1.0985344644653394e-2,-0.04740231544756246,3
P04,M3,wavelet,0.002,0.30085066667783789,0.30483669377850708,3
P04,M4,wavelet,0.002,-0.43959912233281762,6.865512909949144e-2,3
P04,M5,wavelet,0.002,-0.38164246720577066,-0.46594847053292993,3
P04,M6,wavelet,0.002,4.939807336596775e-1,0.1586890577831713,3
P05,M3,wavelet,0.002,0.28484089588763795,0.16702932070101364,3
P05,M4,wavelet,0.002,3.5050258335297051e-2,0.09691592596818388,3
P05,M5,wavelet,0.002,-0.099305067455728646,-0.13101521216068154,3
P05,M6,wavelet,0.002,-8.125207446053772e-3,-1.5328295700321411e-2,3
P06,M3,wavelet,0.002,0.28749019162517181,-0.15456307096478866,3
P06,M4,wavelet,0.002,-0.33270818098187305,-2.41659427118189936e-1,3
P06,M5,wavelet,0.002,-0.31254820556841406,-0.34041627549949438,3
P06,M6,wavelet,0.002,-0.34187530130688226,-0.44954174157531057,3
P07,M3,wavelet,0.002,0.070261879998484406,-0.51273002368289045,3
P07,M4,wavelet,0.002,0.25879345444996121,0.073342987305850205,3
P07,M5,wavelet,0.002,2.1119964043937683e-3,-0.15447513258096779,3
P07,M6,wavelet,0.002,7.527080687468657e-2,1.507446190075992800e-2,3
P08,M3,wavelet,0.002,1.41348887153697929e-2,-2.018112446899272e-3,3
P08,M4,wavelet,0.002,-0.12954287594062253,0.018599948874265242,3
P08,M5,wavelet,0.002,1.3635521923959982e-2,-2.2562873758944222e-3,3
P08,M6,wavelet,0.002,2.456879869675192e-2,1.6893247904478762e-2,3
P09,M3,wavelet,0.002,0.39672153073354866,0.40695132351537255,3
P09,M4,wavelet,0.002,-4.40910484709242401e-1,-0.48686545509266699,3
P09,M5,wavelet,0.002,-1.1202111593770356,-0.53964451742597164,3
P09,M6,wavelet,0.002,0.21385571448651891,-0.02326379481400901,3
P10,M3,wavelet,0.002,0.29518237946152109,-0.26595296161327903,3
P10,M4,wavelet,0.002,0.20001260817223457,-0.071954777071136622,3
P10,M5,wavelet,0.002,-0.26387783437831608,1.4554424860805954e-1,3
P10,M6,wavelet,0.002,-0.36995224034416219,-0.62193331312611311,3
P11,M3,wavelet,0.002,0.068144786750435032,-9.5486943343516777e-2,3
P11,M4,wavelet,0.002,-0.12729818532055776,-2.32161796674836016e-1,3
P11,M5,wavelet,0.002,-0.38197101781441289,-8.964610857554932e-2,3
P11,M6,wavelet,0.002,4.514793698736182e-2,-0.23799390252846869,3
P13,M3,wavelet,0.002,-0.27012862136645022,-0.59417216328452427,3
P13,M4,wavelet,0.002,-2.18870087429119600e-1,-0.44882177273050977,3
P13,M5,wavelet,0.002,-0.16101328313496388,-0.34747648600770642,3
P13,M6,wavelet,0.002,0.33978231968943706,0.01836812866707568,3
P14,M3,wavelet,0.002,4.015672635091624e-2,-1.00681087999004809e-1,3
P14,M4,wavelet,0.002,0.1869958174400051,0.18995658697335727,2
P14,M5,wavelet,0.002,-2.122378396745321e-3,0.38460928421892571,3
P14,M6,wavelet,0.002,0.072545778568680386,0.18605184515021655,3
P15,M3,wavelet,0.002,-3.709369396362616650e-1,-4.12961378145055200e-1,3
P15,M4,wavelet,0.002,-0.3851397546332852,-0.53184890921062888,3
P15,M5,wavelet,0.002,-0.52158489700477184,-7.935780382408490e-1,3
P15,M6,wavelet,0.002,0.52446504690099138,5.701819963096392e-2,3
P16,M3,wavelet,0.002,-3.0744243560951731e-3,0.27141319602476371,3
P16,M4,wavelet,0.002,-1.99050250944566737e-1,-0.22641548951386675,3
P16,M5,wavelet,0.002,-0.39765818443004353,0.26248941932625919,3
P16,M6,wavelet,0.002,-9.45712013616037568e-2,-0.38659775004859592,3
P17,M3,wavelet,0.002,-5.19782350315202784e-2,-4.528444349818285e-1,3
P17,M4,wavelet,0.002,-0.52760019269895009,-0.66363158107046638,3
P17,M5,wavelet,0.002,-0.081450937461378506,0.64136544976463883,3
P17,M6,wavelet,0.002,0.138969035725304,-0.01036580651745774,3
P18,M3,wavelet,0.002,-1.1677891954637718e-1,-0.91586529431861941,3
P18,M4,wavelet,0.002,-0.22913342223425776,-1.18140076954635721e-1,3
P18,M5,wavelet,0.002,0.29333296317312502,-0.58698977399772612,3
P18,M6,wavelet,0.002,-0.30619787136166754,-0.58266128462381706,3
P19,M3,wavelet,0.002,-0.31639651990660655,-0.32853398674063244,3
P19,M4,wavelet,0.002,0.32966484043982069,0.26326402292569651,3
P19,M5,wavelet,0.002,0.52739553479252532,-0.10174179236454386,3
P19,M6,wavelet,0.002,-0.28107035944798103,-0.45703315208118073,3
P20,M3,wavelet,0.002,-0.45701238400323418,-0.15730612111865011,3
P20,M4,wavelet,0.002,0.097792255618011026,-3.827798135707254e-3,3
P20,M5,wavelet,0.002,-4.9542239578080405e-2,-0.4005194011254059,3
P20,M6,wavelet,0.002,4.7401254727469820e-2,0.16567336987011835,3
P21,M3,wavelet,0.002,-0.16419237207085152,-1.783519505664540e-2,3
P21,M4,wavelet,0.002,0.20484156546469401,0.089977167800417646,3
P21,M5,wavelet,0.002,0.042497080845200423,-0.086755415279045192,3
P21,M6,wavelet,0.002,-0.17227391486584237,-1.11365445561204809e-1,3
P22,M3,wavelet,0.002,0.55473767200460211,-0.6221558687432025,3
P22,M4,wavelet,0.002,-0.24242611911108145,-0.93881363724417644,3
P22,M5,wavelet,0.002,-0.34030968940907613,-9.056007005589734e-1,3
P22,M6,wavelet,0.002,-1.85321965099156720e-1,-0.43085498649488219,3
P23,M3,wavelet,0.002,0.1185822368787402,-0.19589240036677008,3
P23,M4,wavelet,0.002,-0.24586908115770068,-1.19251550768642040e-1,3
P23,M5,wavelet,0.002,0.066629746842884335,0.46310642828763249,3
P23,M6,wavelet,0.002,-2.1716761297185603e-2,-0.43823629866121361,3
P24,M3,wavelet,0.002,-0.18399274782121228,2.07895166311408209e-1,3
P24,M4,wavelet,0.002,0.33025287809917203,-1.83472401010319953e-1,3
P24,M5,wavelet,0.002,0.69288171155281819,0.083626318530292357,3
P24,M6,wavelet,0.002,-0.67674979421661186,3.316213979769188e-2,3
P25,M3,wavelet,0.002,-0.23392022801622117,-0.62781662326849352,3
P25,M4,wavelet,0.002,-0.2454981815317093,-0.41349512058542465,3
P25,M5,wavelet,0.002,4.980457150401174e-1,0.25756743239708668,3
P25,M6,wavelet,0.002,-0.52947002284679245,-0.28255520077351787,3
P26,M3,wavelet,0.002,0.066533107949146936,5.0042148528954645e-2,3
P26,M4,wavelet,0.002,0.2883380665560219,0.073494832891195044,3
P26,M5,wavelet,0.002,-0.070504212271431943,-0.17974963406576028,3
P26,M6,wavelet,0.002,5.821223378333549e-2,-0.11512540092553612,3
P27,M3,wavelet,0.002,-1.98815516911249520e-1,-0.51821340132593674,3
P27,M4,wavelet,0.002,-0.49323954348331528,-0.32276648255098722,3
P27,M5,wavelet,0.002,-0.28481285643762161,-9.4689621644383800e-2,3
P27,M6,wavelet,0.002,0.49025770447329881,-0.18971024171736467,3
P28,M3,wavelet,0.002,-0.029548661776990091,-1.1456663819018354e-1,3
P28,M4,wavelet,0.002,-0.13948654964665791,-0.1763456417208607,3
P28,M5,wavelet,0.002,-0.17184100696263713,-0.32726073255697813,3
P28,M6,wavelet,0.002,2.5473211679835302e-2,-4.677741838305518e-2,3
P29,M3,wavelet,0.002,-0.27739543405094919,-0.052385732392766893,3
P29,M4,wavelet,0.002,-0.065780560826571521,-0.36878289782120283,3
P29,M5,wavelet,0.002,0.05885830001126735,-2.31321813073938961e-1,3
P29,M6,wavelet,0.002,2.1955087611732203e-2,-0.4603725055491748,3
P30,M3,wavelet,0.002,-0.8953441227512895,-0.43171201969444201,3
P30,M4,wavelet,0.002,-0.61682125161789214,-0.69011823177166931,3
P30,M5,wavelet,0.002,-0.66862533277228497,-0.36807402820557072,3
P30,M6,wavelet,0.002,-0.7074842606390731,-0.30038495956913869,3
P31,M3,wavelet,0.002,-0.063055707056696123,-0.087243690517395681,3
P31,M4,wavelet,0.002,0.20020196413393468,-0.080176375125973365,3
P31,M5,wavelet,0.002,-2.6984286031200702e-2,-0.16875162877884806,3
P31,M6,wavelet,0.002,-0.18754289629481205,-7.287182304924797e-3,3
P32,M3,wavelet,0.002,-9.241484001796251e-4,0.33509532557153499,3
P32,M4,wavelet,0.002,-0.28362878962767113,-0.062186343329762021,3
P32,M5,wavelet,0.002,0.39836589419423146,0.32392806147794334,3
P32,M6,wavelet,0.002,-0.097733974914739424,-0.19018511826596624,3
P33,M3,wavelet,0.002,0.41602941668174009,0.70607062894979511,3
P33,M4,wavelet,0.002,1.6189057561871382e0,0.66312246752579229,3
P33,M5,wavelet,0.002,-0.11268989879595059,1.178760366398887,3
P33,M6,wavelet,0.002,-0.82987484703026348,-9.176588747133582e-1,3
P34,M3,wavelet,0.002,-0.26780495971096513,-0.2909326724117598,3
P34,M4,wavelet,0.002,-0.065431900961492401,-4.565518064271163e-1,3
P34,M5,wavelet,0.002,0.054622302812159483,-0.33973122831815039,3
P34,M6,wavelet,0.002,0.089074632498323383,-0.4466162453363387,3
P35,M3,wavelet,0.002,0.26002413992703005,0.51451860210449851,3
P35,M4,wavelet,0.002,-5.733318398581286e-2,0.2080718679665938,3
P35,M5,wavelet,0.002,0.24934000802400519,0.29394706689853461,3
P35,M6,wavelet,0.002,-0.23137738845800035,1.89537201442835248e-1,3
P36,M3,wavelet,0.002,3.825240521785249e-1,-0.25492208836180136,3
P36,M4,wavelet,0.002,-0.50749083624554214,-0.5708923452162179,3
P36,M5,wavelet,0.002,-0.63512972922818944,-0.46678875291145522,3
P36,M6,wavelet,0.002,0.1234290917382377,-0.17152049242893508,3
P37,M3,wavelet,0.002,1.1407779836941855e-2,0.11255096343961032,3
P37,M4,wavelet,0.002,0.07061011441103493,-0.17528822184196222,3
P37,M5,wavelet,0.002,0.071542234440659991,-0.45767604752317914,3
P37,M6,wavelet,0.002,-0.30306939808365974,-4.138503483654101e-1,3
P38,M3,wavelet,0.002,-0.31446381316542471,-0.41151839077669894,3
P38,M4,wavelet,0.002,0.44371870001349578,4.642085491149717e-1,3
P38,M5,wavelet,0.002,-0.32502680297258546,-0.30403578374186346,3
P38,M6,wavelet,0.002,-1.07801531142015704e-1,1.4001926278984462e-2,3
P39,M3,wavelet,0.002,-3.3613309983233243e-2,-0.023873678356038042,3
P39,M4,wavelet,0.002,0.18283318953271241,0.053175761113243902,3
P39,M5,wavelet,0.002,0.3624199433215714,0.42790172704936824,3
P39,M6,wavelet,0.002,-9.315116130080610e-2,0.11130059592812416,3
P40,M3,wavelet,0.002,-0.27061808684219951,-0.50590997788342151,3
P40,M4,wavelet,0.002,-0.151773095575022,-0.29193235152960428,3
P40,M5,wavelet,0.002,1.051863848878549e-1,-2.8407653794926822e-2,3
P40,M6,wavelet,0.002,3.1063312034039286e-2,-1.9622465612205651e-2,3
P41,M3,wavelet,0.002,-0.14226064704428654,-0.46979103425884583,3
P41,M4,wavelet,0.002,-1.15156036900238648e-1,-3.757858479048367040e-1,3
P41,M5,wavelet,0.002,-3.61775592658975584e-1,1.20719585971560201e-1,3
P41,M6,wavelet,0.002,1.56190363668607377e-2,-0.28013630609953466,3
P42,M3,wavelet,0.002,-0.25367325318513556,-2.256745343093334240e-1,3
P42,M4,wavelet,0.002,-0.4635018887416239,0.28359794270787569,3
P42,M5,wavelet,0.002,3.918096434302329e-2,-1.11988132527075416e-1,3
P42,M6,wavelet,0.002,0.3746995090359227,5.297317560795835e-2,3
P43,M3,wavelet,0.002,-0.24349296310492413,-0.17125928166710375,3
P43,M4,wavelet,0.002,-0.1557214099271538,-0.096208772712945437,3
P43,M5,wavelet,0.002,0.082905808186616262,3.735788763285568e-2,3
P43,M6,wavelet,0.002,0.078990739912264393,0.24202085940985721,3
P44,M3,wavelet,0.002,0.24769921561431352,-0.3540230103583325,3
P44,M4,wavelet,0.002,-0.47571611381361778,-0.75207200891670978,3
P44,M5,wavelet,0.002,-0.54770270030496371,-1.0182617003239478,3
P44,M6,wavelet,0.002,0.12195847403430192,0.070312101485470124,3
P45,M3,wavelet,0.002,0.036515187147804842,-0.13666305882592417,3
P45,M4,wavelet,0.002,0.20480365804659165,-0.12328116781519054,3
P45,M5,wavelet,0.002,-6.492133204111357e-2,-0.1794240365901224,3
P45,M6,wavelet,0.002,-1.025224960001934320e-1,1.19970882463714648e-1,3
P46,M3,wavelet,0.002,-1.3229283508431433,-0.32551088103345605,3
P46,M4,wavelet,0.002,-1.6747040028713594e-1,-1.1062313467710227,3
P46,M5,wavelet,0.002,3.698070196444693e-1,-0.12577466118261252,3
P46,M6,wavelet,0.002,4.317224024206757e-1,0.11224578938669412,3
P47,M3,wavelet,0.002,-0.37476505522823711,-0.65606043410633108,3
P47,M4,wavelet,0.002,0.27806840353346896,0.63918280015295947,3
P47,M5,wavelet,0.002,-0.33595958666272374,-9.38824932920898240e-1,3
P47,M6,wavelet,0.002,-0.18565589333772031,-0.80819696599968882,3
P48,M3,wavelet,0.002,-0.31885024870982159,-0.11844169336477112,3
P48,M4,wavelet,0.002,6.887595064421512e-2,-0.32336336453929593,3
P48,M5,wavelet,0.002,-0.07646246925851044,0.2665154029047383,3
P48,M6,wavelet,0.002,0.17206740167766055,0.071407093828381091,3
P49,M3,wavelet,0.002,-0.055621913369899523,-1.9751790683348227e-2,3
P49,M4,wavelet,0.002,8.419363023967094e-3,6.482536413324355e-3,3
P49,M5,wavelet,0.002,-0.056070913299588132,0.045040183725043433,3
P49,M6,wavelet,0.002,2.2373246275945363e-2,1.153754667282298e-3,3
P50,M3,wavelet,0.002,-1.12361216974232248e-1,-0.29828381388795555,3
P50,M4,wavelet,0.002,0.1931509007253823,-0.16938881510195067,3
P50,M5,wavelet,0.002,0.21457970093865947,0.11386852530934624,3
P50,M6,wavelet,0.002,-0.18970764984069605,-0.33050881277558397,3
P51,M3,wavelet,0.002,0.23733964156998069,0.37688019182388754,3
P51,M4,wavelet,0.002,-0.31536694737114529,-0.16167630654074563,3
P51,M5,wavelet,0.002,-0.041839869537264672,0.26460163172661377,3
P51,M6,wavelet,0.002,0.26315212670433746,0.16580533146491991,3
P52,M3,wavelet,0.002,-0.73510496553061955,4.7266929247037980e-2,3
P52,M4,wavelet,0.002,0.14135454658884922,0.07265136140222625,3
P52,M5,wavelet,0.002,0.24999024343794213,-0.071230574013353323,3
P52,M6,wavelet,0.002,4.604170744247499e-1,0.032517566651889332,3
P53,M3,wavelet,0.002,2.12388361202118801e-1,-0.25678022962691999,3
P53,M4,wavelet,0.002,-0.32765979415318164,-9.5285088101406505e-2,3
P53,M5,wavelet,0.002,-0.25045763274724375,-0.42610600306627616,3
P53,M6,wavelet,0.002,4.09529940290631520e-1,0.18333178931006916,3
P54,M3,wavelet,0.002,-0.13761171622980209,-0.52194765872904958,3
P54,M4,wavelet,0.002,0.543994827688977,0.36841015627551743,3
P54,M5,wavelet,0.002,0.43982815938807079,0.51764090467441293,3
P54,M6,wavelet,0.002,-0.80825579741461318,-0.28659046317334774,3
P55,M3,wavelet,0.002,-0.16036733185472571,-0.32666607011410315,3
P55,M4,wavelet,0.002,2.0814876205253963e-2,-0.22436365497780969,3
P55,M5,wavelet,0.002,1.1516629583065651e-2,-0.36562568199999002,3
P55,M6,wavelet,0.002,-0.0581833809917644,-4.114390624307703e-1,3
P56,M3,wavelet,0.002,-0.14486878840832115,1.9358679416355523e-2,3
P56,M4,wavelet,0.002,-0.54636486129225736,-0.50385015436296132,3
P56,M5,wavelet,0.002,-0.3292729521245209,-3.648365665710862e-1,3
P56,M6,wavelet,0.002,0.59395763963984238,-0.19461186394935345,3
P57,M3,wavelet,0.002,0.32363080077597056,-0.54383547236818097,3
P57,M4,wavelet,0.002,-0.079880959264057347,-0.30313912614433702,3
P57,M5,wavelet,0.002,-0.14397456444764864,0.27989456289551651,3
P57,M6,wavelet,0.002,4.143685253691317e-1,-0.041905252970491712,3
P58,M3,wavelet,0.002,0.22156573257498324,0.17920887789665699,3
P58,M4,wavelet,0.002,0.21513861192896136,0.039809591721768123,3
P58,M5,wavelet,0.002,-0.26085807618030366,-5.566546999199769e-2,3
P58,M6,wavelet,0.002,-0.13266492442277877,-0.21676469272283733,3
P59,M3,wavelet,0.002,-0.4570495473221326,-0.61577675031160728,3
P59,M4,wavelet,0.002,1.177600439499041e0,0.87100966713201022,3
P59,M5,wavelet,0.002,-0.48261128868928599,-0.52158262739632189,3
P59,M6,wavelet,0.002,-0.58602798375305654,-1.6793682845419675e-2,3
P60,M3,wavelet,0.002,-0.4747878556407138,-0.15897376988055542,3
P60,M4,wavelet,0.002,-2.20605926770340561e-1,-0.27291340153752547,3
P60,M5,wavelet,0.002,0.36040430679018687,-5.435965172351004e-2,3
P60,M6,wavelet,0.002,-0.16327828109415085,-0.11347323792912405,3
P61,M3,wavelet,0.002,-3.0101798076942331e-2,0.1012292428611805,3
P61,M4,wavelet,0.002,-0.27560643940248419,-0.087639711654512675,3
P61,M5,wavelet,0.002,0.1603740942950771,0.17049125428305067,3
P61,M6,wavelet,0.002,0.54348523275668481,0.18491020981641795,3
P62,M3,wavelet,0.002,-0.25572395121373032,-3.501883065961581e-2,3
P62,M4,wavelet,0.002,-0.25233897251413417,-1.6132204862833246e-1,3
P62,M5,wavelet,0.002,0.11382253519290918,3.0713522173360502e-2,3
P62,M6,wavelet,0.002,0.17093930958849282,0.26327654017263363,3
P63,M3,wavelet,0.002,0.25206365383123053,-0.22973635167353615,3
P63,M4,wavelet,0.002,-0.29096265821467926,-1.0118878711608696,3
P63,M5,wavelet,0.002,-0.60937290629201946,-1.0689016385321364,3
P63,M6,wavelet,0.002,-0.53896848292980204,-0.77473132643369125,3
P64,M3,wavelet,0.002,-4.1315737454589628e-2,-0.025764581885318001,3
P64,M4,wavelet,0.002,-0.095254242874445547,-1.1903201714740006e-1,3
P64,M5,wavelet,0.002,-1.97469315093734640e-1,0.1530470031822101,3
P64,M6,wavelet,0.002,-0.095228492644778021,-0.11647105866893576,3
P65,M3,wavelet,0.002,-0.31108812299524696,0.073181236735917893,3
P65,M4,wavelet,0.002,-0.091164679605743759,-0.12862048094352371,3
P65,M5,wavelet,0.002,-3.420847828368603e-2,-0.094229607869671703,3
P65,M6,wavelet,0.002,-1.6168594428398442e-2,-5.789798912114816e-2,3
P66,M3,wavelet,0.002,3.599471791530519e-2,-2.3906473597495787e-2,3
P66,M4,wavelet,0.002,0.29389575474522339,-2.20936841267271600e-1,3
P66,M5,wavelet,0.002,0.33347418095069431,-0.25751092975714679,3
P66,M6,wavelet,0.002,-0.4731776468987961,-3.327418167839408e-2,3
P67,M3,wavelet,0.002,-2.29425808962400048e-1,-0.30152606633749618,3
P67,M4,wavelet,0.002,-0.17167828299715951,-0.30770448530378286,3
P67,M5,wavelet,0.002,0.29509997600780979,0.12458560092559121,3
P67,M6,wavelet,0.002,0.093644530456719444,-0.19980692869981692,3
P68,M3,wavelet,0.002,0.19108031982089441,-0.083952121832968046,3
P68,M4,wavelet,0.002,-1.6776022876146406e-4,-4.05260564582610000e-2,3
P68,M5,wavelet,0.002,-0.25444536395239253,-5.648541371840419e-2,3
P68,M6,wavelet,0.002,-0.13971152199296774,-2.27629961930763537e-1,3
P69,M3,wavelet,0.002,0.024420046411143221,1.7843856591395867e-2,3
P69,M4,wavelet,0.002,-0.32040703037933349,-0.58906503032227131,3
P69,M5,wavelet,0.002,3.314457304598645e-2,-0.4409817558877448,3
P69,M6,wavelet,0.002,0.37192702549327161,-2.94066219200505761e-2,3
P01,M3,wavelet,0.005,-0.25494633888363205,-0.57895739000983004,3
P01,M4,wavelet,0.005,0.24251624500830105,-0.28909366036911394,3
P01,M5,wavelet,0.005,1.90884504150882513e-1,-0.092970270449756143,3
P01,M6,wavelet,0.005,-0.13596465293453952,-0.9931579926199916,3
P02,M3,wavelet,0.005,0.12743644108667934,0.14765686490596039,3
P02,M4,wavelet,0.005,0.068534046458020942,-0.095036927328392945,3
P02,M5,wavelet,0.005,1.2334154953515606e-1,2.30325413573515632e-1,3
P02,M6,wavelet,0.005,0.066712533833504645,1.2137360649980594e-2,3
P03,M3,wavelet,0.005,-0.14020346647621945,-0.12427248629280256,3
P03,M4,wavelet,0.005,-4.0167007850461340e-2,-0.19661134271748504,3
P03,M5,wavelet,0.005,-6.496192821193074e-2,0.19686416021522951,3
P03,M6,wavelet,0.005,-4.8886544554543228e-2,-0.073828189343440292,3
P04,M3,wavelet,0.005,0.46375793110872138,0.14315457486550867,3
P04,M4,wavelet,0.005,-0.22781634919357679,0.21772908494411788,3
P04,M5,wavelet,0.005,-0.320460931008688,-0.48331622941476177,3
P04,M6,wavelet,0.005,1.454872907600990000e-2,-5.093538280912711e-2,3
P05,M3,wavelet,0.005,2.14280140353980369e-1,0.12139347012071428,3
P05,M4,wavelet,0.005,0.22262742892061557,0.10192530634212524,3
P05,M5,wavelet,0.005,0.077294422382058303,-0.097452705621480007,3
P05,M6,wavelet,0.005,-0.14908717053643236,-2.4294241100425363e-2,3
P06,M3,wavelet,0.005,1.5003961874665803e-2,-0.17842346236820544,3
P06,M4,wavelet,0.005,-0.11437161975193412,-0.14597277589152866,3
P06,M5,wavelet,0.005,-0.20150595960627671,-0.34879006940868007,3
P06,M6,wavelet,0.005,-0.33017064997338746,-0.41951503563720538,3
P07,M3,wavelet,0.005,0.048140066129949172,-4.86903857313567137e-1,3
P07,M4,wavelet,0.005,2.28038589816727249e-1,0.12949944046441308,3
P07,M5,wavelet,0.005,-1.4677282591235306e-2,-0.20720771704779345,3
P07,M6,wavelet,0.005,1.142721619493307e-1,0.043654095265050721,3
P08,M3,wavelet,0.005,-1.0154182814851915e-2,-4.937563520037690e-3,3
P08,M4,wavelet,0.005,2.6941788917295795e-2,3.202958245013108e-2,3
P08,M5,wavelet,0.005,-1.8942123089396603e-3,-8.119296301223115e-3,3
P08,M6,wavelet,0.005,-4.2387861152779260e-3,-1.5764879452064214e-3,3
P09,M3,wavelet,0.005,0.31155815017699656,0.27491992423381983,3
P09,M4,wavelet,0.005,-0.245229049538877,-0.3880506100291079,3
P09,M5,wavelet,0.005,-0.35983840843827192,-0.35454051067579007,3
P09,M6,wavelet,0.005,-0.19267007951506629,-1.86888719623968112e-1,3
P10,M3,wavelet,0.005,-4.9190077592804709e-2,-0.34187177019868575,3
P10,M4,wavelet,0.005,0.20987790546320909,-0.089998928662824482,3
P10,M5,wavelet,0.005,0.026149790219421661,-1.0042020565550667e-2,3
P10,M6,wavelet,0.005,-0.15473757270418576,-0.35043080832773993,3
P11,M3,wavelet,0.005,0.0085567174794104403,-0.11151149549870476,3
P11,M4,wavelet,0.005,-0.11764571503696857,-0.24354514945305783,3
P11,M5,wavelet,0.005,-0.17331868907047532,-6.473825257469715e-2,3
P11,M6,wavelet,0.005,2.8278413706182883e-3,-0.20690667050721973,3
P13,M3,wavelet,0.005,-0.048541635306746191,-0.5218084677158461,3
P13,M4,wavelet,0.005,-0.14818689691139442,-4.122344604058586e-1,3
P13,M5,wavelet,0.005,-0.141241335093577,-0.3496735860524508,3
P13,M6,wavelet,0.005,0.20089048377701416,-0.086076550004356184,3
P14,M3,wavelet,0.005,-9.256234739385842e-3,-0.089344244740787226,3
P14,M4,wavelet,0.005,0.34418233462657527,0.19127097074011443,2
P14,M5,wavelet,0.005,0.27175409874221423,0.2979561907426545,3
P14,M6,wavelet,0.005,0.090384290448289037,0.2075418805576883,3
P15,M3,wavelet,0.005,-0.24827717563461188,-0.49588827905911642,3
P15,M4,wavelet,0.005,-0.088509102805067921,-0.44829735978694785,3
P15,M5,wavelet,0.005,-0.21772857852160321,-0.60506116552271227,3
P15,M6,wavelet,0.005,2.02784160340349360e-1,-0.022991269250586401,3
P16,M3,wavelet,0.005,1.9686690133395854e-3,1.300911910492625e-1,3
P16,M4,wavelet,0.005,-0.18331641774554197,-0.22931764497116053,3
P16,M5,wavelet,0.005,0.15233077648226892,0.22984793148100385,3
P16,M6,wavelet,0.005,2.1514304588796683e-2,-0.3547867860634582,3
P17,M3,wavelet,0.005,-6.385083210978035e-2,-0.454176193182036,3
P17,M4,wavelet,0.005,-4.639090823982482880e-1,-0.5987522930586977,3
P17,M5,wavelet,0.005,0.084039239671483842,0.54414582857810601,3
P17,M6,wavelet,0.005,0.30525390772403044,0.11955197437061468,3
P18,M3,wavelet,0.005,-7.866870563811368e-2,-8.319487707289239e-1,3
P18,M4,wavelet,0.005,-5.062403061184342e-2,-0.089301248210660295,3
P18,M5,wavelet,0.005,1.0792444784745086e-2,-0.66135344764603121,3
P18,M6,wavelet,0.005,-2.18655843074457712e-1,-0.55242867791784434,3
P19,M3,wavelet,0.005,-2.37554265311485713e-1,-0.17699974300174448,3
P19,M4,wavelet,0.005,0.31034688770443142,0.23392611140763572,3
P19,M5,wavelet,0.005,0.16085722975059619,-1.15807237908448937e-1,3
P19,M6,wavelet,0.005,-0.14742740036850266,-0.40471580747113695,3
P20,M3,wavelet,0.005,-0.14896927770717774,-0.13410458534310124,3
P20,M4,wavelet,0.005,-6.831035675371725e-3,0.079194294364429124,3
P20,M5,wavelet,0.005,-0.13592688186864119,-0.34901239398209283,3
P20,M6,wavelet,0.005,-5.891342670484888e-2,-1.1193367589397023e-2,3
P21,M3,wavelet,0.005,1.130404272499309e-1,-4.1758692228359340e-2,3
P21,M4,wavelet,0.005,-7.724013508756043e-3,1.37814175886300681e-2,3
P21,M5,wavelet,0.005,-4.722502988828771e-2,-4.07147431422436000e-2,3
P21,M6,wavelet,0.005,-4.043074472976903e-2,-0.089568846211773731,3
P22,M3,wavelet,0.005,-0.51220313287160713,-0.65823381568042261,3
P22,M4,wavelet,0.005,-0.22219526295587083,-7.429430894618433e-1,3
P22,M5,wavelet,0.005,-0.26229834419953535,-0.94382647060466207,3
P22,M6,wavelet,0.005,0.089025956361984002,-0.2421858710722028,3
P23,M3,wavelet,0.005,1.4513684574002966e-2,-0.19793728322633913,3
P23,M4,wavelet,0.005,-0.16621057642612108,-9.142430632510790e-2,3
P23,M5,wavelet,0.005,0.20419814517772103,0.34087105902111514,3
P23,M6,wavelet,0.005,-5.209178796306922e-3,-0.25466370067130167,3
P24,M3,wavelet,0.005,-4.30532339867624032e-2,0.31190113545624243,3
P24,M4,wavelet,0.005,4.913877961530352e-2,-0.33546681564638048,3
P24,M5,wavelet,0.005,0.35128392501355205,0.17168316394578037,3
P24,M6,wavelet,0.005,-3.62432734257267233e-2,0.063166152990412144,3
P25,M3,wavelet,0.005,-0.19737158606211533,-0.47688088727444178,3
P25,M4,wavelet,0.005,-5.0974297517689132e-2,-4.00448928605989216e-1,3
P25,M5,wavelet,0.005,0.17932845057114041,0.15852516490741844,3
P25,M6,wavelet,0.005,-4.602192549757974e-1,-0.15655769124973024,3
P26,M3,wavelet,0.005,0.037973836400562053,-4.24853636757328801e-2,3
P26,M4,wavelet,0.005,0.10695459164501686,0.032513820387456913,3
P26,M5,wavelet,0.005,-0.058980401535794591,-0.19066476162466656,3
P26,M6,wavelet,0.005,2.2533682746488451e-2,-5.527011845545576e-3,3
P27,M3,wavelet,0.005,-0.14854653171715682,-0.5359052472852821,3
P27,M4,wavelet,0.005,-0.36716556918080906,-0.29073134221714614,3
P27,M5,wavelet,0.005,-0.14421127692824612,0.04628785088704971,3
P27,M6,wavelet,0.005,0.059323179901598411,-0.24545333741164979,3
P28,M3,wavelet,0.005,-0.082828522573503066,-0.11313358429597696,3
P28,M4,wavelet,0.005,4.386018331246948e-2,-0.15650851847579919,3
P28,M5,wavelet,0.005,-3.486046445579825e-2,-0.335093048045433,3
P28,M6,wavelet,0.005,-5.315337952966004e-2,-6.0218041166034900e-2,3
P29,M3,wavelet,0.005,0.16828766961365921,-0.031281769065798382,3
P29,M4,wavelet,0.005,-0.12304902326874335,-4.11015434149977121e-1,3
P29,M5,wavelet,0.005,-0.07188752851687516,-0.13494570902336717,3
P29,M6,wavelet,0.005,-0.12092952532532888,-0.55112301813877573,3
P30,M3,wavelet,0.005,-0.82897549222883515,-0.46681187111865408,3
P30,M4,wavelet,0.005,0.10385855802483088,-7.909936673367777e-1,3
P30,M5,wavelet,0.005,-0.88716978811598879,-0.28410816144459161,3
P30,M6,wavelet,0.005,-0.7084843709533194,-0.63942599353646057,3
P31,M3,wavelet,0.005,-3.990171610243195e-2,-0.12940844516881789,3
P31,M4,wavelet,0.005,0.066390966379434951,-5.5515646671775228e-2,3
P31,M5,wavelet,0.005,-0.10695111223468828,-0.11329839101433842,3
P31,M6,wavelet,0.005,-3.878095001896541e-2,-3.232599342387806e-4,3
P32,M3,wavelet,0.005,4.0438001714366540e-2,0.42476775290428304,3
P32,M4,wavelet,0.005,-0.12576345963655872,-0.038678895601576543,3
P32,M5,wavelet,0.005,2.201760684639070250e-1,0.2627593862258728,3
P32,M6,wavelet,0.005,2.2241929585487483e-2,-0.18876490733263984,3
P33,M3,wavelet,0.005,0.68026731995582301,0.23456694132577671,3
P33,M4,wavelet,0.005,0.4761189363156717,0.3868861535687057,3
P33,M5,wavelet,0.005,-0.11544807881963429,1.0454614224267436,3
P33,M6,wavelet,0.005,0.49409860969878611,-0.40081495998071381,3
P34,M3,wavelet,0.005,-0.28409623833203457,-0.30274526524386314,3
P34,M4,wavelet,0.005,1.87182812007671313e-1,-0.29364419505767692,3
P34,M5,wavelet,0.005,-0.11824603172808798,-0.33640608503773506,3
P34,M6,wavelet,0.005,2.4486613246011603e-3,-0.44328870632944622,3
P35,M3,wavelet,0.005,0.18351680215266175,0.59710050673422055,3
P35,M4,wavelet,0.005,0.10610360746241766,0.065495130529892046,3
P35,M5,wavelet,0.005,0.12718041061909069,0.28977768033305984,3
P35,M6,wavelet,0.005,-8.068534688111409e-2,0.17060021877423714,3
P36,M3,wavelet,0.005,2.29078934430378193e-1,-0.33580199180084785,3
P36,M4,wavelet,0.005,-0.28892933324176462,-4.09934257144000417e-1,3
P36,M5,wavelet,0.005,-1.99969496434261969e-1,-0.45401343397211807,3
P36,M6,wavelet,0.005,-0.091529565132758006,-0.3708180218604914,3
P37,M3,wavelet,0.005,0.13695062307592468,0.11696015492009459,3
P37,M4,wavelet,0.005,-0.093340904745528724,-0.15875308542952951,3
P37,M5,wavelet,0.005,-0.21907769230219803,-0.32476065562876322,3
P37,M6,wavelet,0.005,-2.00652718638470417e-1,-3.896920587927571e-1,3
P38,M3,wavelet,0.005,-0.29271900446570676,-0.41786634503383552,3
P38,M4,wavelet,0.005,0.60086661837610733,0.47059523432929584,3
P38,M5,wavelet,0.005,1.2416404234125155e-3,-0.21430428489331352,3
P38,M6,wavelet,0.005,-0.25723420826775589,3.9265877298953180e-2,3
P39,M3,wavelet,0.005,0.02717077089948091,5.5857202882891141e-2,3
P39,M4,wavelet,0.005,0.17821830308414524,0.047046578084901591,3
P39,M5,wavelet,0.005,0.19193974274880693,0.39314907281653866,3
P39,M6,wavelet,0.005,9.24136408425873473e-2,0.087220698423964085,3
P40,M3,wavelet,0.005,-0.26591276241514478,-0.4802030429783663,3
P40,M4,wavelet,0.005,-0.1300160850289386,-0.27583981759058585,3
P40,M5,wavelet,0.005,7.996278851687075e-2,-2.8824753925515494e-2,3
P40,M6,wavelet,0.005,3.7094223504941420e-2,-9.3548261180348216e-2,3
P41,M3,wavelet,0.005,-0.16060941501415135,-0.51679408795162018,3
P41,M4,wavelet,0.005,-0.083920046064996145,-0.26505190913511262,3
P41,M5,wavelet,0.005,2.716051285422391e-3,1.07693406376303544e-1,3
P41,M6,wavelet,0.005,-1.06765568416722505e-1,-0.32488434076067185,3
P42,M3,wavelet,0.005,-0.13444208425308557,-0.2179558722145197,3
P42,M4,wavelet,0.005,0.16266550609010155,0.25384897008072166,3
P42,M5,wavelet,0.005,-0.076575324931747485,0.03681609682216689,3
P42,M6,wavelet,0.005,2.3716545226457995e-2,-0.093122692642562482,3
P43,M3,wavelet,0.005,-0.15490570126500411,-0.12721403428908987,3
P43,M4,wavelet,0.005,-0.086790113958566686,-1.03285691172915704e-1,3
P43,M5,wavelet,0.005,0.081474322053395637,0.084352485894738441,3
P43,M6,wavelet,0.005,4.53964695537966816e-2,1.5874385012128186e-1,3
P44,M3,wavelet,0.005,0.38793062650132282,-3.790223723925417e-1,3
P44,M4,wavelet,0.005,-0.45565405177673501,-0.60877420060278531,3
P44,M5,wavelet,0.005,-0.42566635489206328,-0.99044611453990306,3
P44,M6,wavelet,0.005,5.321071869218578e-2,3.171393723421720e-2,3
P45,M3,wavelet,0.005,0.011342762851707121,-1.05102207755776201e-1,3
P45,M4,wavelet,0.005,0.070784549264366156,-8.478255740468531e-2,3
P45,M5,wavelet,0.005,-1.2507307398765094e-2,-0.20760875924093311,3
P45,M6,wavelet,0.005,0.071709181800125671,0.13199304542442214,3
P46,M3,wavelet,0.005,-0.2805265813441109,-0.27876899582213444,3
P46,M4,wavelet,0.005,-0.34882169480573461,-0.83822937076936421,3
P46,M5,wavelet,0.005,0.29048190028637777,0.087408564088044483,3
P46,M6,wavelet,0.005,3.4181891583143590e-2,-0.40319835511333607,3
P47,M3,wavelet,0.005,-0.3569768518588935,-0.64243160930598386,3
P47,M4,wavelet,0.005,0.51433870328795639,0.6759310410587257,3
P47,M5,wavelet,0.005,-0.29831477598743111,-0.78439540724379908,3
P47,M6,wavelet,0.005,-0.30935274385635253,-0.82925921511020306,3
P48,M3,wavelet,0.005,-1.956260116141095520e-1,-0.13070534128018774,3
P48,M4,wavelet,0.005,-0.032363275982401241,-0.29396256108821411,3
P48,M5,wavelet,0.005,8.558765194453541e-2,0.26596445961050047,3
P48,M6,wavelet,0.005,0.13427099083426022,7.686870238215265e-3,3
P49,M3,wavelet,0.005,1.1579925825829966e-2,-1.29206905683606089e-2,3
P49,M4,wavelet,0.005,-5.785890762104116e-3,-7.945000651489057e-3,3
P49,M5,wavelet,0.005,1.222962336986919e-2,0.03913025937172708,3
P49,M6,wavelet,0.005,-6.550761261250707e-3,-3.0601745611154022e-3,3
P50,M3,wavelet,0.005,0.055557625310807331,-0.27902438049012646,3
P50,M4,wavelet,0.005,1.4372390221780646e-1,-0.18051790184161748,3
P50,M5,wavelet,0.005,0.04073747406086313,9.84857762462059200e-2,3
P50,M6,wavelet,0.005,-1.20388331598509944e-1,-0.27011477698786635,3
P51,M3,wavelet,0.005,0.20524430092856571,0.32471352298588202,3
P51,M4,wavelet,0.005,-0.059868815988855781,-8.654317156704114e-2,3
P51,M5,wavelet,0.005,2.1555848476724966e-3,0.18939971283151108,3
P51,M6,wavelet,0.005,0.05624829054921044,0.17210692899000088,3
P52,M3,wavelet,0.005,0.12992919162014208,1.6657457592106731e-2,3
P52,M4,wavelet,0.005,0.067519396599338893,-0.15847342617642571,3
P52,M5,wavelet,0.005,1.0059978166590635e-2,0.067539652274106216,3
P52,M6,wavelet,0.005,0.15783938859146482,-4.583433245190953e-2,3
P53,M3,wavelet,0.005,1.3814233465780318e-2,-0.35251000969231888,3
P53,M4,wavelet,0.005,0.04354572600962292,-0.086068535568649032,3
P53,M5,wavelet,0.005,-0.12164497273376318,-3.85945221837140001e-1,3
P53,M6,wavelet,0.005,0.24799779983462028,0.15367383907731602,3
P54,M3,wavelet,0.005,-4.3385308916979500e-2,-0.35104625863487254,3
P54,M4,wavelet,0.005,4.552005202685026e-1,0.41065097041277376,3
P54,M5,wavelet,0.005,0.22485386441592897,0.49268041660474465,3
P54,M6,wavelet,0.005,-0.25062794461457694,-0.25970703291895353,3
P55,M3,wavelet,0.005,0.11780696841334631,-0.26491138707500617,3
P55,M4,wavelet,0.005,-0.087961292861853835,-0.25236825117806611,3
P55,M5,wavelet,0.005,-0.1127547992170639,-3.606768319066327e-1,3
P55,M6,wavelet,0.005,0.01368936532123527,-4.514000263307771e-1,3
P56,M3,wavelet,0.005,-1.46481578296967728e-2,-0.080792862072773683,3
P56,M4,wavelet,0.005,-0.48864437751729722,-0.56264278176775018,3
P56,M5,wavelet,0.005,-0.10161169218478049,-0.20770785813255097,3
P56,M6,wavelet,0.005,0.37116054650518726,-0.23313452240579349,3
P57,M3,wavelet,0.005,0.14714260038402474,-0.48456058308848898,3
P57,M4,wavelet,0.005,-0.12557383137319583,-0.37306743838004769,3
P57,M5,wavelet,0.005,-4.453438956383895e-2,0.08372502905829074,3
P57,M6,wavelet,0.005,0.29847263024184639,0.065094929077000152,3
P58,M3,wavelet,0.005,0.11306801946495892,3.5542931991086931e-2,3
P58,M4,wavelet,0.005,0.18469456750234681,4.9467776161876885e-2,3
P58,M5,wavelet,0.005,1.954960916768234e-2,-0.042609616085777992,3
P58,M6,wavelet,0.005,-0.16908914958190474,-0.14104995859542796,3
P59,M3,wavelet,0.005,-0.33274338858291624,-0.60331628013222982,3
P59,M4,wavelet,0.005,0.88972423187705763,0.89259541044333202,3
P59,M5,wavelet,0.005,-0.20195584908809713,-0.43621924643317667,3
P59,M6,wavelet,0.005,-0.25718705827472677,0.088342175004842843,3
P60,M3,wavelet,0.005,6.241233250161682e-3,-9.2652489426386840e-2,3
P60,M4,wavelet,0.005,-0.16061933314549054,-0.29937209417205285,3
P60,M5,wavelet,0.005,1.2302176758330794e-1,-1.6030062189372263e-2,3
P60,M6,wavelet,0.005,-0.10478902933243275,-0.14531104036602183,3
P61,M3,wavelet,0.005,0.15729844605191995,-2.9836842313633902e-2,3
P61,M4,wavelet,0.005,-0.21634465579298989,-0.04085839509725759,3
P61,M5,wavelet,0.005,0.51033313113164092,0.21120341934514184,3
P61,M6,wavelet,0.005,0.42860296499598138,0.16097642430284301,3
P62,M3,wavelet,0.005,-1.2869658926419566e-1,-0.040859341144117413,3
P62,M4,wavelet,0.005,-7.548422830576597e-2,-0.11635083420909462,3
P62,M5,wavelet,0.005,0.08058291787456108,0.094672191577469561,3
P62,M6,wavelet,0.005,-0.031711010217711111,0.17176223116260808,3
P63,M3,wavelet,0.005,-0.01608431659665379,-0.30134054460613541,3
P63,M4,wavelet,0.005,-0.36725571590701506,-0.90161423899265714,3
P63,M5,wavelet,0.005,-0.53612119194268748,-1.230704349704229e0,3
P63,M6,wavelet,0.005,-3.98331781597670305e-1,-0.6518222608668427,3
P64,M3,wavelet,0.005,-4.193291030086985e-2,-0.069102455427980186,3
P64,M4,wavelet,0.005,-0.10494061480948493,-1.17195603762674249e-1,3
P64,M5,wavelet,0.005,0.03966025233695103,0.1317303830502044,3
P64,M6,wavelet,0.005,-0.020383867819667272,-0.081600002475216413,3
P65,M3,wavelet,0.005,0.12367052889404204,0.089697845614957555,3
P65,M4,wavelet,0.005,-0.08131743709008081,-0.17750820459514688,3
P65,M5,wavelet,0.005,-1.1669372230736238e-1,-3.771591689293285e-2,3
P65,M6,wavelet,0.005,-8.469290613464356e-2,-0.11040837284645534,3
P66,M3,wavelet,0.005,0.14740108934334725,0.093637808651103646,3
P66,M4,wavelet,0.005,-1.22224150653834761e-1,-0.17866780071572505,3
P66,M5,wavelet,0.005,-3.9215001838946972e-2,-0.18381123555252477,3
P66,M6,wavelet,0.005,-0.038484725415112331,1.3986214419865943e-2,3
P67,M3,wavelet,0.005,-0.065262751840610242,-0.32071672662592815,3
P67,M4,wavelet,0.005,-0.1623049413080685,-0.29651431820245988,3
P67,M5,wavelet,0.005,8.959769992038566e-2,0.17708309426433969,3
P67,M6,wavelet,0.005,9.0789842486400425e-2,-0.28735238358779303,3
P68,M3,wavelet,0.005,0.13807892260772947,-0.093809331942967436,3
P68,M4,wavelet,0.005,0.039903132448762202,5.6384110859483884e-3,3
P68,M5,wavelet,0.005,-4.6259300608772149e-2,-0.10830628208186718,3
P68,M6,wavelet,0.005,-0.15259734559251376,-0.22452703938742147,3
P69,M3,wavelet,0.005,0.25245248741416082,2.2308966654641102e-2,3
P69,M4,wavelet,0.005,-0.26116777026260468,-0.55125626059950883,3
P69,M5,wavelet,0.005,2.4504946649344846e-3,-0.34234655452580942,3
P69,M6,wavelet,0.005,0.067454688305505037,-0.15070995247399982,3
P01,M3,wavelet,0.01,-0.00575071170993349,-0.3399756586344771,3
P01,M4,wavelet,0.01,1.7280013669500111e-2,0.023150480884954361,3
P01,M5,wavelet,0.01,0.1018679836484912,-0.23066917038951695,3
P01,M6,wavelet,0.01,-0.12861924530478547,-0.71339743549202039,3
P02,M3,wavelet,0.01,0.091475732263355439,4.649964415346511e-2,3
P02,M4,wavelet,0.01,-4.12007324880079584e-2,-0.12634150329279226,3
P02,M5,wavelet,0.01,0.11518443385525336,0.083490356609454322,3
P02,M6,wavelet,0.01,0.10017043462039309,0.20352390873403095,3
P03,M3,wavelet,0.01,-2.955077216040000000e-2,-1.5059799430281091e-2,3
P03,M4,wavelet,0.01,-3.5660983905450443e-2,-0.091319860470482878,3
P03,M5,wavelet,0.01,6.311367377973938e-2,2.01215701336519216e-1,3
P03,M6,wavelet,0.01,-6.837617084189221e-2,-0.12907244795652417,3
P04,M3,wavelet,0.01,0.136630048830373,9.395650920536542e-3,3
P04,M4,wavelet,0.01,-0.10621469101533466,0.01658456935518534,3
P04,M5,wavelet,0.01,-0.14440590513866289,-0.40968298776760026,3
P04,M6,wavelet,0.01,-2.20027052839990576e-2,-0.084828630556506607,3
P05,M3,wavelet,0.01,0.086712198232541823,3.8543797658938709e-2,3
P05,M4,wavelet,0.01,6.671010460276182e-2,-9.901419822975558e-2,3
P05,M5,wavelet,0.01,4.38163803092598817e-2,-6.1423660299549941e-2,3
P05,M6,wavelet,0.01,-5.036880270855919e-2,-2.0625933523620222e-2,3
P06,M3,wavelet,0.01,-3.5918176591403254e-2,-9.8744708738304700e-2,3
P06,M4,wavelet,0.01,8.547823614529695e-3,-0.027264544803538331,3
P06,M5,wavelet,0.01,-0.12164102437602796,-0.28208113593053469,3
P06,M6,wavelet,0.01,-0.14855782134447276,-0.31267590031795606,3
P07,M3,wavelet,0.01,-1.6455781936596891e-2,-0.29344475794958252,3
P07,M4,wavelet,0.01,0.16638164975489717,0.12920935431062186,3
P07,M5,wavelet,0.01,0.069802704451566916,-2.07335437443815953e-2,3
P07,M6,wavelet,0.01,3.7917929488245724e-2,-0.022428301423153621,3
P08,M3,wavelet,0.01,-5.1900339944230540e-3,-1.5208755236863866e-2,3
P08,M4,wavelet,0.01,0.01887256068527593,4.097332035115499e-3,3
P08,M5,wavelet,0.01,-2.6111203642265595e-3,-4.900066940457186e-3,3
P08,M6,wavelet,0.01,1.2371939983488562e-3,3.5425642003070926e-3,3
P09,M3,wavelet,0.01,7.247614018646130e-2,0.16474057409069287,3
P09,M4,wavelet,0.01,-0.086938861037116774,-0.35905517257600494,3
P09,M5,wavelet,0.01,-0.071761789367211004,-0.096736737407100037,3
P09,M6,wavelet,0.01,-0.12994197344077182,-0.17784855404104347,3
P10,M3,wavelet,0.01,-0.047213583312563222,-0.13955255676711559,3
P10,M4,wavelet,0.01,0.036251974466072263,-6.065154505285616e-2,3
P10,M5,wavelet,0.01,-7.710420736989488e-3,-0.16382539325854184,3
P10,M6,wavelet,0.01,0.0051340402501631102,-0.1153553088642799,3
P11,M3,wavelet,0.01,-2.4809435089638894e-2,-2.37170212683622512e-2,3
P11,M4,wavelet,0.01,-0.070644516336562393,-0.19197483249342645,3
P11,M5,wavelet,0.01,5.462032525219892e-4,-7.301040501418215e-3,3
P11,M6,wavelet,0.01,-0.078298295035416465,-0.17645725500261969,3
P13,M3,wavelet,0.01,3.2091837026943851e-2,-0.30785578569856831,3
P13,M4,wavelet,0.01,-0.06330257830336504,-0.27833746736233395,3
P13,M5,wavelet,0.01,-1.18233759404092440e-1,-0.31414878950217368,3
P13,M6,wavelet,0.01,6.644371729933886e-2,-8.147528265800519e-2,3
P14,M3,wavelet,0.01,5.2064786292764380e-2,3.668524007032624e-2,3
P14,M4,wavelet,0.01,0.21172038360938561,5.238087879756999e-2,2
P14,M5,wavelet,0.01,9.7371598083945577e-2,-0.048161805584200683,3
P14,M6,wavelet,0.01,5.175292637616759e-2,0.23528016055948744,3
P15,M3,wavelet,0.01,0.08494808913281203,-0.19802601956207252,3
P15,M4,wavelet,0.01,0.050998372964976703,-0.43187892585522064,3
P15,M5,wavelet,0.01,-3.388666445284234e-2,-0.28548058398704212,3
P15,M6,wavelet,0.01,-0.02642795238343008,-0.077887079469451531,3
P16,M3,wavelet,0.01,0.064872514008755933,0.18293064558470304,3
P16,M4,wavelet,0.01,5.162818894969959e-3,-0.078147711432700065,3
P16,M5,wavelet,0.01,0.12057966046208096,-0.0895791003809083,3
P16,M6,wavelet,0.01,-0.066973910279821441,-0.19935614094624315,3
P17,M3,wavelet,0.01,1.0103235796527398e-2,-0.14235640539818217,3
P17,M4,wavelet,0.01,-0.09603756958339088,-0.1330738650701129,3
P17,M5,wavelet,0.01,0.16005568340646584,0.40801694491389273,3
P17,M6,wavelet,0.01,0.070888247105560395,5.446864148357792e-2,3
P18,M3,wavelet,0.01,-0.1777411459024969,-7.855313195536078e-1,3
P18,M4,wavelet,0.01,5.210464738171740e-2,1.04323357692067256e-1,3
P18,M5,wavelet,0.01,-0.14709653391978983,-0.41711169624864064,3
P18,M6,wavelet,0.01,-0.23968324247881673,-0.68923249802104847,3
P19,M3,wavelet,0.01,9.868411212369607e-3,-0.04600520898013645,3
P19,M4,wavelet,0.01,0.1994913619161649,0.18643687054143804,3
P19,M5,wavelet,0.01,-3.4015010628903590e-2,-9.133565382322490e-2,3
P19,M6,wavelet,0.01,-0.13667386878954921,-0.35588184853284127,3
P20,M3,wavelet,0.01,-7.113983284697058e-2,-0.04310085831222088,3
P20,M4,wavelet,0.01,1.5140236059900242e-2,0.1598460933877667,3
P20,M5,wavelet,0.01,-0.086514596944070904,-0.26791310710065047,3
P20,M6,wavelet,0.01,-4.631034000928515e-2,-0.081882735180646413,3
P21,M3,wavelet,0.01,0.048446457888943091,-1.11931157386869289e-1,3
P21,M4,wavelet,0.01,-2.16432755459438960e-2,1.0259720360483031e-3,3
P21,M5,wavelet,0.01,0.017063504032240561,-7.958389721683986e-3,3
P21,M6,wavelet,0.01,-0.03974513837595639,-7.598279412600130e-2,3
P22,M3,wavelet,0.01,-0.25680310761561487,-2.27684594204079569e-1,3
P22,M4,wavelet,0.01,-1.480702361174285e-1,-4.394403246436875850e-1,3
P22,M5,wavelet,0.01,-0.2756925962225053,-0.75387779670308364,3
P22,M6,wavelet,0.01,0.02796802517921303,-0.19863090533535355,3
P23,M3,wavelet,0.01,-3.627971159522181e-3,-1.2321772763105534e-1,3
P23,M4,wavelet,0.01,-0.10350522598767474,-0.13016924094909552,3
P23,M5,wavelet,0.01,8.990504800884386e-2,4.962574720829638e-2,3
P23,M6,wavelet,0.01,-7.852215288229947e-2,-0.12869496934646363,3
P24,M3,wavelet,0.01,0.092396460894884624,0.33597227366104615,3
P24,M4,wavelet,0.01,-8.283904490029386e-3,-0.15159090202592013,3
P24,M5,wavelet,0.01,0.19107270538138327,0.18627712102526917,3
P24,M6,wavelet,0.01,5.5439670120556325e-2,0.12708092736604965,3
P25,M3,wavelet,0.01,-3.179860012285897e-2,-0.21877010696483373,3
P25,M4,wavelet,0.01,-9.2805383348178616e-2,-0.3015342173532804,3
P25,M5,wavelet,0.01,4.1541809187268661e-2,0.085325132465044931,3
P25,M6,wavelet,0.01,-2.40729110790876049e-1,-0.15201177826645279,3
P26,M3,wavelet,0.01,1.543465793216875e-2,-0.091564320180012565,3
P26,M4,wavelet,0.01,6.175650719220896e-2,0.053406195225224842,3
P26,M5,wavelet,0.01,-3.8333568580380005e-2,-0.14460075309143258,3
P26,M6,wavelet,0.01,-6.232416589676273e-3,0.01639785586966162,3
P27,M3,wavelet,0.01,-5.0931043238246693e-2,-0.24937552236575031,3
P27,M4,wavelet,0.01,-0.21544629325502831,-3.63318417312583904e-1,3
P27,M5,wavelet,0.01,-0.053126350013628851,0.14410998860602209,3
P27,M6,wavelet,0.01,-0.1197958662532097,-0.37840892388160446,3
P28,M3,wavelet,0.01,-0.060284597745040892,7.4743850604622520e-3,3
P28,M4,wavelet,0.01,0.10315267319582402,-8.416931631585440e-3,3
P28,M5,wavelet,0.01,-3.1520555774753611e-2,-0.28296606865637625,3
P28,M6,wavelet,0.01,3.2703856524646835e-2,-1.7764087964257591e-2,3
P29,M3,wavelet,0.01,1.12355870730286505e-1,-4.015048278778022e-3,3
P29,M4,wavelet,0.01,-0.0114122936945144,-0.1883121018850881,3
P29,M5,wavelet,0.01,0.042318071169811691,-0.11707348764520303,3
P29,M6,wavelet,0.01,-0.12401042335172274,-0.51196206711156722,3
P30,M3,wavelet,0.01,-0.67597198350187926,-0.30928612820347101,3
P30,M4,wavelet,0.01,-7.842907996383697e-2,-1.1933898259616085,3
P30,M5,wavelet,0.01,-0.27096614072775493,8.025509921558720e-2,3
P30,M6,wavelet,0.01,-0.3700178426098546,-0.20536272501011116,3
P31,M3,wavelet,0.01,-4.672903985689364e-2,-0.1256113816067892,3
P31,M4,wavelet,0.01,0.065220825828959425,0.052793115356881512,3
P31,M5,wavelet,0.01,-6.199350420853512e-2,-0.030741073596716871,3
P31,M6,wavelet,0.01,0.022986398587787161,0.070136963965972396,3
P32,M3,wavelet,0.01,0.13401906652128184,0.32260896936687622,3
P32,M4,wavelet,0.01,0.074676638120691946,1.9067616197767963e-2,3
P32,M5,wavelet,0.01,0.051125117759678491,0.10632668149582782,3
P32,M6,wavelet,0.01,-6.618547018228481e-2,-1.13582167417441496e-1,3
P33,M3,wavelet,0.01,0.15113365945005899,-0.13186872690367701,3
P33,M4,wavelet,0.01,0.077229853456802597,-0.18899467060554281,3
P33,M5,wavelet,0.01,0.2381362767927919,0.17073119237943551,3
P33,M6,wavelet,0.01,0.27722973245808408,0.3609749361451372,3
P34,M3,wavelet,0.01,-0.15527551263554584,-0.22547022526551136,3
P34,M4,wavelet,0.01,0.10335868948101382,-0.079797917332389043,3
P34,M5,wavelet,0.01,-0.13327641301647428,-0.14483828803058493,3
P34,M6,wavelet,0.01,-0.084547804207463287,-0.3102249647306512,3
P35,M3,wavelet,0.01,0.16065404270170219,0.43324327139866792,3
P35,M4,wavelet,0.01,6.239611594319627e-3,-0.1520494208570134,3
P35,M5,wavelet,0.01,0.053427251131698231,3.671425401618729e-1,3
P35,M6,wavelet,0.01,8.900421452056176e-2,2.16320470576839313e-1,3
P36,M3,wavelet,0.01,4.4521720624017452e-2,-0.27564570428619778,3
P36,M4,wavelet,0.01,-0.14385057383440214,-0.23042275756484665,3
P36,M5,wavelet,0.01,-2.882732662555921e-2,-0.21250215910543888,3
P36,M6,wavelet,0.01,-0.16288351381270622,-4.832999955259858e-1,3
P37,M3,wavelet,0.01,0.12058487168352586,0.1374183943477717,3
P37,M4,wavelet,0.01,-5.8486921553044933e-2,8.641819343248185e-3,3
P37,M5,wavelet,0.01,-8.156639148065774e-2,-0.18329857604887592,3
P37,M6,wavelet,0.01,-0.11808668140226734,-0.32231511430941573,3
P38,M3,wavelet,0.01,-0.072529827114975215,-0.21212670250668372,3
P38,M4,wavelet,0.01,0.17932519790095602,0.17755916917794531,3
P38,M5,wavelet,0.01,-1.54245554239698032e-2,-0.16238607262285157,3
P38,M6,wavelet,0.01,0.080961334868323201,1.23907500839833688e-1,3
P39,M3,wavelet,0.01,1.149904460284690970e-1,0.1800972556634563,3
P39,M4,wavelet,0.01,0.10235019289269498,4.195234885004165e-2,3
P39,M5,wavelet,0.01,0.14204888535782118,0.29795020826339996,3
P39,M6,wavelet,0.01,0.070954952104788513,1.029632373666076720e-1,3
P40,M3,wavelet,0.01,-0.11502855960755444,-0.33186701008692426,3
P40,M4,wavelet,0.01,-0.1597392431151185,-0.26794666265908423,3
P40,M5,wavelet,0.01,0.017239397631662781,-6.661306617692546e-2,3
P40,M6,wavelet,0.01,-1.660916875893484e-2,-1.1091551242228078e-1,3
P41,M3,wavelet,0.01,-0.099953656526090826,-0.29648671339786614,3
P41,M4,wavelet,0.01,-0.083630760350264233,-0.12555417475201164,3
P41,M5,wavelet,0.01,0.042230769720290752,-0.11521708719253192,3
P41,M6,wavelet,0.01,-9.834356564183618e-2,-0.23007677591485359,3
P42,M3,wavelet,0.01,-0.068827211658860354,-0.1032602613637002,3
P42,M4,wavelet,0.01,0.10497667878770278,7.707353539472610e-2,3
P42,M5,wavelet,0.01,2.393418646384387e-2,5.670280658812356e-2,3
P42,M6,wavelet,0.01,-2.44790614460991000e-2,-0.13163292184206316,3
P43,M3,wavelet,0.01,-0.086749637549826286,-8.511092418852831e-2,3
P43,M4,wavelet,0.01,6.706519268275553e-2,0.060929879159246393,3
P43,M5,wavelet,0.01,0.087107075691886235,0.091854343145096384,3
P43,M6,wavelet,0.01,0.01922576583090874,0.066092276515010234,3
P44,M3,wavelet,0.01,0.073664522620086256,-0.31015115113912189,3
P44,M4,wavelet,0.01,-9.159058931597918e-2,-1.95875653324255728e-1,3
P44,M5,wavelet,0.01,-1.289138665385065e-1,-0.66025532252002672,3
P44,M6,wavelet,0.01,-0.030382086743898931,5.542047532331673e-3,3
P45,M3,wavelet,0.01,-2.7391686435790694e-3,-0.078998935162323772,3
P45,M4,wavelet,0.01,1.4006982931771318e-2,-0.086131550224757311,3
P45,M5,wavelet,0.01,-1.5914515204878991e-2,-0.11000768033968508,3
P45,M6,wavelet,0.01,0.08946287419064787,1.3879496749752574e-1,3
P46,M3,wavelet,0.01,3.2701556596097142e-2,-3.5042861186407310e-2,3
P46,M4,wavelet,0.01,-1.88854764058220369e-1,-0.49653276161658144,3
P46,M5,wavelet,0.01,1.18934709216325001e-1,-0.05307302062400053,3
P46,M6,wavelet,0.01,-0.12770949977814836,-0.44544670466523106,3
P47,M3,wavelet,0.01,-0.1969181546630582,-4.20932588036163552e-1,3
P47,M4,wavelet,0.01,0.2375951394740061,0.44684875084518194,3
P47,M5,wavelet,0.01,-0.27213897505262535,-0.57733593759748492,3
P47,M6,wavelet,0.01,-8.365596576953667e-2,-0.4811404230044109,3
P48,M3,wavelet,0.01,0.043355786004631441,1.3663026953977438e-2,3
P48,M4,wavelet,0.01,-0.094634754855803443,-0.25556234648866444,3
P48,M5,wavelet,0.01,5.36729135411612321e-2,0.13601756067963661,3
P48,M6,wavelet,0.01,6.898125446214007e-2,0.12531119665943241,3
P49,M3,wavelet,0.01,8.935848554398483e-3,3.3896828772518835e-3,3
P49,M4,wavelet,0.01,-2.145813940647245e-3,-6.622131953384554e-3,3
P49,M5,wavelet,0.01,7.315111153145627e-3,-1.4781385141737006e-2,3
P49,M6,wavelet,0.01,-1.1236352937638634e-3,-6.475439649465432e-4,3
P50,M3,wavelet,0.01,3.0376244175053627e-2,-0.16278627395676484,3
P50,M4,wavelet,0.01,0.084983618541189077,3.953556907258146e-3,3
P50,M5,wavelet,0.01,2.399406070634595e-3,-1.31938777375420280e-2,3
P50,M6,wavelet,0.01,-5.7267936532383205e-2,-0.19880419082247217,3
P51,M3,wavelet,0.01,0.14627107538096451,0.28685795282713572,3
P51,M4,wavelet,0.01,2.1661171169793011e-2,0.080707517220791045,3
P51,M5,wavelet,0.01,4.025836076670065e-2,1.037208869095677360e-1,3
P51,M6,wavelet,0.01,0.063423669686919246,0.16285336536796194,3
P52,M3,wavelet,0.01,0.053223178889400771,-0.17805041356405904,3
P52,M4,wavelet,0.01,-0.016607716414912311,-0.16087041375492553,3
P52,M5,wavelet,0.01,0.13432903901362392,5.868492196998105e-2,3
P52,M6,wavelet,0.01,8.095360437597163e-2,-6.993801555557676e-2,3
P53,M3,wavelet,0.01,6.441417037355203e-3,-0.36088138979684392,3
P53,M4,wavelet,0.01,0.064990618845571765,-9.7273947265007529e-2,3
P53,M5,wavelet,0.01,5.422504843857911e-2,-0.13508473025539927,3
P53,M6,wavelet,0.01,0.064557803037413625,0.12719635984278788,3
P54,M3,wavelet,0.01,-6.839506753313518e-3,-0.13080903225416787,3
P54,M4,wavelet,0.01,0.31111415345697596,0.72830319274062716,3
P54,M5,wavelet,0.01,1.917095935733027e-1,0.46734196476769385,3
P54,M6,wavelet,0.01,-0.14625809972568471,-0.29479407497740551,3
P55,M3,wavelet,0.01,0.06453844405691124,-0.16634339493436601,3
P55,M4,wavelet,0.01,-0.12721287237310488,-0.27492352634981643,3
P55,M5,wavelet,0.01,-0.098574864690084182,-0.32438468812177446,3
P55,M6,wavelet,0.01,-0.051422348520320002,-0.28088773119630928,3
P56,M3,wavelet,0.01,-1.9381226091476675e-2,-0.11166132799488704,3
P56,M4,wavelet,0.01,-9.147698222840538e-2,-0.2345077516983099,3
P56,M5,wavelet,0.01,3.638240734621943e-2,-8.032833845733344e-3,3
P56,M6,wavelet,0.01,2.5557481980928894e-2,-0.25906838019790612,3
P57,M3,wavelet,0.01,-7.469806311348672e-3,-0.17653016195642107,3
P57,M4,wavelet,0.01,-9.543689852737854e-2,-0.38006845618104601,3
P57,M5,wavelet,0.01,1.15765341145294857e-1,0.17820836065672752,3
P57,M6,wavelet,0.01,0.12649013303708811,0.090279702212508278,3
P58,M3,wavelet,0.01,3.232280707291404e-2,0.02229012392592521,3
P58,M4,wavelet,0.01,0.1296835736595808,0.14108685723387973,3
P58,M5,wavelet,0.01,-1.4610837423863951e-3,-0.20457087195280541,3
P58,M6,wavelet,0.01,-0.064814802634088772,-1.07862211816739945e-1,3
P59,M3,wavelet,0.01,-0.1326467018915814,-0.29330965460111535,3
P59,M4,wavelet,0.01,0.32884588275507731,0.741768252489305,3
P59,M5,wavelet,0.01,-0.085550632763649423,-0.24121617133007936,3
P59,M6,wavelet,0.01,-2.9403240173771683e-4,0.076764789379871884,3
P60,M3,wavelet,0.01,0.03166033089917103,-0.16846923557135504,3
P60,M4,wavelet,0.01,4.362660579902300e-2,-0.071589005871093792,3
P60,M5,wavelet,0.01,0.017540193459639961,-0.078764260490399834,3
P60,M6,wavelet,0.01,-3.717518720144271e-2,-5.75251870299859617e-2,3
P61,M3,wavelet,0.01,1.24058307076874776e-1,2.8827385897605755e-2,3
P61,M4,wavelet,0.01,0.054287989054400312,-6.156476624189833e-3,3
P61,M5,wavelet,0.01,0.26933360125160738,0.01661335501486879,3
P61,M6,wavelet,0.01,0.21891818595654339,-2.611849790145259e-3,3
P62,M3,wavelet,0.01,-4.733236324262815e-2,-1.6969299668124755e-2,3
P62,M4,wavelet,0.01,-7.964463415333309e-2,-1.07215700605739096e-1,3
P62,M5,wavelet,0.01,0.04731203969035052,1.002214749832096e-3,3
P62,M6,wavelet,0.01,2.6197891894054171e-2,1.745211892630889e-1,3
P63,M3,wavelet,0.01,-0.18428989383649269,-0.44407138905099025,3
P63,M4,wavelet,0.01,-0.20487994563149112,-4.256534026144169e-1,3
P63,M5,wavelet,0.01,-0.36181850070838578,-0.91382845441684235,3
P63,M6,wavelet,0.01,-0.2723897838621282,-0.4656018276599333,3
P64,M3,wavelet,0.01,1.9767016504113355e-3,2.3888911562957571e-3,3
P64,M4,wavelet,0.01,-4.3797434711665420e-2,-0.090257532690681999,3
P64,M5,wavelet,0.01,4.1062172669944588e-2,5.514030295137784e-3,3
P64,M6,wavelet,0.01,-2.2768101566564843e-2,-0.039527685119258402,3
P65,M3,wavelet,0.01,0.064549251724217771,-1.8613052737537195e-2,3
P65,M4,wavelet,0.01,-0.037257473528540752,-0.061844021662280341,3
P65,M5,wavelet,0.01,-2.5756618799799771e-2,2.3184803915311723e-2,3
P65,M6,wavelet,0.01,-5.22940578407119521e-2,-0.079912786889981824,3
P66,M3,wavelet,0.01,0.13049246942376536,0.2069244835511361,3
P66,M4,wavelet,0.01,-1.9667645207012835e-2,0.065265999967247135,3
P66,M5,wavelet,0.01,-2.3990288542319923e-2,-0.049104727911714233,3
P66,M6,wavelet,0.01,-9.573630412221094e-3,5.2514538831089765e-2,3
P67,M3,wavelet,0.01,0.0047236375391707802,-0.28791775558363486,3
P67,M4,wavelet,0.01,-2.43712231513793553e-2,-0.266439188845771,3
P67,M5,wavelet,0.01,2.2495302599236350e-2,0.0774813581530132,3
P67,M6,wavelet,0.01,-8.586415421870794e-2,-0.24645736147352929,3
P68,M3,wavelet,0.01,0.062965457960313276,-0.04661608845470655,3
P68,M4,wavelet,0.01,5.64788960196980832e-2,0.045364625840102812,3
P68,M5,wavelet,0.01,-4.6472926763382140e-3,-0.15970251021658899,3
P68,M6,wavelet,0.01,-0.086022004219939427,-1.21447840087920664e-1,3
P69,M3,wavelet,0.01,0.14393402042908487,-1.3368513455746003e-2,3
P69,M4,wavelet,0.01,-2.08648839601718512e-1,-0.49094344319796879,3
P69,M5,wavelet,0.01,1.3580492540734123e-2,-0.42494877100049328,3
P69,M6,wavelet,0.01,8.335359778090064e-2,-0.03201907064025987,3
